{"hc3d": [[-0.0009, -0.218195, 0.038183], [0.080716, -0.314851, 0.034297], [-0.08071, -0.314259, 0.036985], [-0.0032, -0.103734, 0.004306], [0.137568, -0.67177, 0.201934], [-0.14533, -0.715446, 0.020601], [-0.001427, 0.02388, 0.033439], [0.171866, -1.080282, 0.0819], [-0.116309, -1.129663, -0.082907], [-0.000324, 0.069293, 0.073832], [0.225112, -1.130325, 0.200188], [-0.143818, -1.181856, 0.044602], [-0.011638, 0.291169, 0.074669], [0.077949, 0.202725, 0.059593], [-0.092946, 0.193939, 0.070852], [-0.009928, 0.346179, 0.128539], [0.174885, 0.197937, 0.030156], [-0.192604, 0.19124, 0.107291], [0.277447, -0.045656, -0.035415], [-0.284318, -0.056192, 0.150691], [0.330192, -0.298392, 0.013522], [-0.293697, -0.26406, 0.318176], [0.383833, -0.362823, 0.044594], [-0.30853, -0.300394, 0.397486]], "im2d": [[0.011393, -0.091331], [-0.016876, 0.031728], [0.032319, -0.00798], [0.054903, -0.209155], [-0.233672, 0.402541], [0.045146, 0.406101], [0.031744, -0.348656], [-0.144286, 0.862365], [0.118515, 0.868469], [-0.008188, -0.402305], [-0.288819, 0.91221], [-0.009835, 0.899974], [0.008508, -0.641468], [-0.010058, -0.52371], [0.032594, -0.556875], [-0.045172, -0.707042], [-0.010652, -0.491327], [0.026241, -0.582897], [0.0099, -0.19827], [-0.005348, -0.347288], [-0.074354, 0.07687], [-0.191299, -0.1511], [-0.128309, 0.154099], [-0.272109, -0.126835]], "theta": [1.100408, 0.011254, 0.135198, 1.923989, 0.376673, -2.582969, -0.450443, -0.122694, 0.087437, 0.00048, -0.02499, -0.064792, 0.262549, 0.034452, 0.017722, 0.614372, -0.034323, -0.04337, 0.108854, 0.231644, 0.133481, -0.089603, 0.010584, 0.022924, -0.152556, 0.269366, 0.109331, -0.13905, -0.202969, 0.019041, 0.048073, 0.063608, -0.015982, -0.006488, 0.005357, 0.00537, 0.000127, 0.005872, -0.008714, -0.145248, -0.08979, 0.004079, 0.030938, 0.05921, -0.500988, 0.000509, 0.357031, 0.28888, -0.154471, 0.05462, 0.139979, 0.061851, -0.225758, -0.644616, 0.219595, 0.345168, 0.708643, 0.29096, -0.337145, -0.205559, -0.048358, 0.454019, -0.107228, 0.568617, -0.057847, 0.592008, 0.410735, 0.198369, -0.565547, 0.104089, 0.042184, -0.404366, 0.107253, -0.039226, 0.413999, 0.679903, -0.678427, -0.002026, -2.297861, 0.326061, 0.125679, 1.249514, -2.027628, 0.10875, 0.876962]}