{"hc3d": [[-0.0009, -0.218195, 0.038183], [0.080716, -0.314851, 0.034297], [-0.08071, -0.314259, 0.036985], [-0.0032, -0.103734, 0.004306], [0.124055, -0.670997, 0.207523], [-0.1494, -0.713215, -0.001881], [-0.002465, 0.023009, 0.037061], [0.186825, -1.076723, 0.089567], [-0.13074, -1.13275, -0.084187], [-0.002572, 0.068065, 0.077868], [0.223871, -1.117367, 0.217265], [-0.139122, -1.167102, 0.051787], [-0.017732, 0.289666, 0.082402], [0.073407, 0.203051, 0.066066], [-0.097334, 0.191122, 0.076751], [-0.014131, 0.347061, 0.133624], [0.170268, 0.201297, 0.036049], [-0.194404, 0.183814, 0.119068], [0.264756, -0.036703, -0.056601], [-0.27659, -0.058337, 0.197337], [0.332049, -0.288664, -0.024358], [-0.202646, -0.21657, 0.399433], [0.386001, -0.35812, -0.008256], [-0.183827, -0.225769, 0.485407]], "im2d": [[0.012723, -0.091615], [-0.015293, 0.032488], [0.034186, -0.007856], [0.056056, -0.210412], [-0.233611, 0.401837], [0.074073, 0.408593], [0.028619, -0.350593], [-0.15301, 0.868214], [0.130423, 0.874244], [-0.011876, -0.404432], [-0.302536, 0.903695], [-0.012774, 0.89079], [0.001286, -0.646456], [-0.016049, -0.529131], [0.027247, -0.559389], [-0.050706, -0.714027], [-0.015762, -0.499608], [0.013477, -0.580893], [0.037662, -0.208822], [-0.056985, -0.351674], [-0.033091, 0.073537], [-0.304115, -0.19105], [-0.071696, 0.159033], [-0.401731, -0.188142]], "theta": [1.108246, 0.012381, 0.135529, 1.926352, 0.374551, -2.586224, -0.461039, -0.178694, 0.065234, 0.060997, 0.010298, -0.073409, 0.290577, 0.015282, 0.024175, 0.63031, -0.142649, -0.029319, -0.010769, 0.313758, 0.122087, -0.108828, 0.024287, 0.034434, -0.197126, 0.274592, 0.196393, -0.211553, -0.166478, 0.000865, 0.056276, 0.070128, -0.017705, -0.003107, 0.001619, 0.004918, 0.0024, 0.004126, -0.009959, -0.2035, -0.02457, -0.003965, 0.025567, 0.068243, -0.494011, 0.025931, 0.419526, 0.29595, -0.083845, 0.090168, 0.10857, 0.076457, -0.135312, -0.691712, 0.189091, 0.437455, 0.595551, 0.235648, -0.355393, -0.149532, 0.060571, 0.707656, -0.126031, 0.510019, -0.045091, 0.486278, 0.447794, 0.257104, -0.618617, 0.109726, 0.043418, -0.409505, 0.111071, -0.036183, 0.420853, 0.679903, -0.678427, -0.002026, -2.297861, 0.326061, 0.125679, 1.249514, -2.027628, 0.10875, 0.876962]}