{"hc3d": [[-0.0009, -0.218195, 0.038183], [0.080716, -0.314851, 0.034297], [-0.08071, -0.314259, 0.036985], [-0.0032, -0.103734, 0.004306], [0.188862, -0.693325, 0.095841], [-0.152133, -0.687192, 0.182636], [-0.005245, 0.021764, 0.041497], [-0.014748, -0.928157, -0.197184], [-0.208635, -1.103299, 0.100202], [-0.004687, 0.067039, 0.082057], [0.103681, -0.965717, -0.134773], [-0.149239, -1.128419, 0.225023], [-0.019226, 0.288719, 0.079942], [0.071819, 0.201416, 0.067119], [-0.099061, 0.190267, 0.07633], [-0.018057, 0.349101, 0.127729], [0.16403, 0.194164, 0.025518], [-0.195771, 0.171278, 0.115741], [0.231872, -0.039431, -0.096904], [-0.284343, -0.052308, 0.232712], [0.302621, -0.290605, -0.127864], [-0.152409, -0.129701, 0.451691], [0.355449, -0.358451, -0.152361], [-0.118582, -0.135962, 0.533219]], "im2d": [[0.014287, -0.092032], [-0.013484, 0.033312], [0.036346, -0.00776], [0.057471, -0.211987], [-0.135191, 0.461542], [-0.11627, 0.358847], [0.025299, -0.353153], [0.231238, 0.703534], [-0.032599, 0.805822], [-0.015709, -0.407324], [0.123909, 0.765375], [-0.18662, 0.831352], [0.003426, -0.650486], [-0.017366, -0.531746], [0.027941, -0.56332], [-0.044671, -0.721798], [-0.003432, -0.495543], [0.016377, -0.571963], [0.092354, -0.2099], [-0.09185, -0.367422], [0.088578, 0.083471], [-0.372927, -0.279696], [0.093784, 0.173206], [-0.471351, -0.27523]], "theta": [1.117744, 0.013682, 0.135858, 1.928866, 0.372339, -2.58968, -0.228105, 0.236656, 0.176023, -0.372762, 0.232904, -0.121383, 0.325229, -0.036271, 0.039517, 1.09275, 0.1353, -0.354113, 0.429754, 0.381944, 0.171858, -0.14931, 0.031473, -0.021354, -0.761504, 0.466508, 0.568432, -0.329989, 0.053737, 0.096764, 0.031622, 0.102017, 0.01756, -0.007615, 0.004693, 0.008832, 0.00351, 0.006783, -0.015411, -0.236373, -0.045693, 0.010734, 0.01003, 0.189557, -0.566782, 0.102583, 0.414022, 0.415665, 0.005675, 0.092756, 0.028363, 0.132465, -0.041721, -0.680771, 0.167133, 0.51762, 0.332052, -0.108755, -0.213353, -0.145102, 0.04025, 0.993566, -0.160486, 0.295851, -0.023752, 0.509316, 0.453572, 0.100643, -0.352805, 0.105821, 0.039785, -0.406707, 0.107459, -0.029645, 0.416934, 0.679903, -0.678427, -0.002026, -2.297861, 0.326061, 0.125679, 1.249514, -2.027628, 0.10875, 0.876962]}