{"hc3d": [[-0.0009, -0.218195, 0.038183], [0.080716, -0.314851, 0.034297], [-0.08071, -0.314259, 0.036985], [-0.0032, -0.103734, 0.004306], [0.097517, -0.705937, 0.108427], [-0.169268, -0.704505, 0.109515], [-0.000785, 0.025552, 0.024715], [0.053464, -1.128851, 0.067564], [-0.10903, -0.938879, -0.243433], [0.002178, 0.073624, 0.061802], [0.10572, -1.149965, 0.194666], [-0.173753, -1.054621, -0.197025], [0.007085, 0.29545, 0.050536], [0.090342, 0.200131, 0.042921], [-0.080978, 0.20422, 0.049384], [0.009224, 0.350544, 0.104304], [0.188151, 0.183725, 0.021698], [-0.182313, 0.212234, 0.079942], [0.260041, -0.071968, -0.038378], [-0.281132, -0.03614, 0.087868], [0.312845, -0.323635, 0.01573], [-0.377697, -0.259711, 0.19759], [0.349978, -0.402285, 0.036453], [-0.420944, -0.321851, 0.243401]], "im2d": [[0.014658, -0.092163], [-0.013077, 0.033487], [0.036847, -0.00775], [0.057833, -0.212404], [-0.118986, 0.451993], [-0.032865, 0.383788], [0.04218, -0.354643], [-0.083672, 0.904879], [0.312472, 0.699083], [0.004119, -0.410876], [-0.237897, 0.924173], [0.277726, 0.802366], [0.026536, -0.648683], [0.002328, -0.523586], [0.051633, -0.571575], [-0.028726, -0.714916], [-0.00782, -0.478638], [0.052492, -0.609524], [0.019173, -0.175635], [0.062916, -0.365909], [-0.06956, 0.103309], [-0.034986, -0.16194], [-0.108115, 0.195128], [-0.073221, -0.111342]], "theta": [1.120158, 0.013986, 0.135919, 1.929361, 0.371918, -2.590359, -0.211563, -0.058114, -0.036433, -0.239675, -0.132806, -0.114414, 0.194599, 0.027697, 0.011165, 0.175203, -0.086666, -0.068815, 1.116722, 0.062908, 0.10163, -0.091723, -0.006137, -0.020822, -0.253969, 0.32151, 0.161377, -0.182526, -0.261313, 0.095917, 0.066323, 0.046724, -0.032519, 0.000655, -3.9e-05, -0.001536, 0.001258, 0.000935, -0.003339, -0.095545, -0.097739, 0.032871, 0.047837, 0.005741, -0.522138, -0.084014, 0.344199, 0.282408, 0.050298, -0.015426, 0.07974, 0.093909, -0.179003, -0.680506, 0.200282, 0.13818, 0.882104, 0.203053, -0.304124, -0.070883, -0.050079, 0.216019, -0.149937, 0.363812, -0.096806, 0.335755, 0.199738, 0.121718, -0.318504, 0.111231, 0.04567, -0.412811, 0.111753, -0.040036, 0.41786, 0.679903, -0.678427, -0.002026, -2.297861, 0.326061, 0.125679, 1.249514, -2.027628, 0.10875, 0.876962]}