{"hc3d": [[-0.000898, -0.218993, 0.038556], [0.080985, -0.315849, 0.034854], [-0.080986, -0.315244, 0.037521], [-0.003195, -0.104173, 0.004245], [0.094506, -0.671323, 0.214136], [-0.149074, -0.711564, 0.098388], [-0.000608, 0.024774, 0.028268], [0.068461, -1.000888, -0.056657], [-0.10183, -1.122952, -0.010423], [0.000946, 0.067434, 0.071848], [0.116717, -1.074135, 0.051483], [-0.169071, -1.17651, 0.101037], [0.000874, 0.289386, 0.089308], [0.086869, 0.197357, 0.072459], [-0.085197, 0.197161, 0.073388], [-0.001602, 0.336721, 0.150053], [0.187285, 0.181502, 0.068694], [-0.18546, 0.184021, 0.106827], [0.246179, -0.074814, -0.002493], [-0.249957, -0.064054, 0.183956], [0.236142, -0.304996, 0.124583], [-0.268436, -0.254259, 0.370966], [0.263908, -0.373043, 0.175912], [-0.287934, -0.308679, 0.438269]], "im2d": [[-0.002899, -0.081118], [-0.093757, 0.029675], [0.082162, 0.025393], [0.013296, -0.204071], [-0.173336, 0.398095], [0.126886, 0.458041], [0.006628, -0.352631], [-0.070757, 0.812827], [0.097493, 0.938525], [-0.007287, -0.407793], [-0.15864, 0.877583], [0.135145, 0.9784], [-0.006488, -0.659552], [-0.097662, -0.551865], [0.089785, -0.555152], [-0.021152, -0.722937], [-0.206501, -0.531501], [0.188545, -0.54803], [-0.255915, -0.230988], [0.228419, -0.284244], [-0.290316, 0.005352], [0.18591, -0.103018], [-0.338246, 0.073491], [0.185015, -0.053778]], "theta": [1.133839, -0.001659, 0.147451, 0.430891, 0.236214, -3.099331, -0.480976, -0.217381, -0.001959, -0.198546, -0.07316, -0.06864, 0.223146, 0.040362, 0.011398, 1.032553, 0.169165, -0.136459, 0.351197, -0.044679, 0.105596, 0.01812, -0.014576, 0.013389, -0.425019, 0.225737, 0.06303, -0.159635, -0.200596, 0.035737, 0.056118, 0.012792, -0.034027, -9.7e-05, -0.0004, 0.000556, 0.001774, 0.001754, -0.006665, -0.08699, -0.205446, -0.024807, -0.011817, -0.167711, -0.506118, -0.034654, 0.426371, 0.404133, 0.156773, -0.103445, 0.036577, 0.165905, -0.159936, -0.788504, 0.02919, 0.454526, 0.614724, 0.018448, -0.6778, -0.048804, -0.412129, 0.389768, -0.052484, 0.118653, -0.144368, 0.522011, -0.225409, 0.174966, -0.311492, 0.111804, 0.04539, -0.412122, 0.111551, -0.038224, 0.42192, 0.70649, -0.725241, 0.006129, -2.286234, 0.343778, 0.099444, 1.253319, -2.066784, 0.107953, 0.853404]}