{"hc3d": [[-0.000898, -0.218993, 0.038556], [0.080985, -0.315849, 0.034854], [-0.080986, -0.315244, 0.037521], [-0.003195, -0.104173, 0.004245], [0.073645, -0.712706, 0.001133], [-0.119944, -0.61606, 0.308451], [0.004102, 0.024055, 0.030994], [0.051365, -0.957045, -0.348756], [-0.09191, -1.038022, 0.241559], [0.003535, 0.066286, 0.075014], [0.082244, -1.052195, -0.251901], [-0.148781, -1.09127, 0.358791], [0.005145, 0.287345, 0.101425], [0.090966, 0.194261, 0.090545], [-0.080091, 0.197629, 0.072221], [0.002463, 0.338198, 0.159248], [0.191236, 0.188611, 0.106758], [-0.184576, 0.1873, 0.090101], [0.239055, -0.071586, 0.041604], [-0.235991, -0.067809, 0.027448], [0.106665, -0.090504, 0.268205], [-0.293546, -0.279699, 0.180034], [0.095775, -0.095732, 0.357031], [-0.325089, -0.345406, 0.23062]], "im2d": [[-0.001798, -0.081406], [-0.092952, 0.030354], [0.084084, 0.025611], [0.014215, -0.205257], [-0.084232, 0.483771], [0.035308, 0.318547], [0.001067, -0.354323], [0.042825, 0.818049], [0.014866, 0.806679], [-0.010933, -0.409423], [-0.023504, 0.909788], [0.039598, 0.845734], [-0.015438, -0.663329], [-0.108595, -0.554526], [0.085004, -0.559049], [-0.029189, -0.730534], [-0.223868, -0.548649], [0.193925, -0.552737], [-0.262576, -0.242937], [0.263527, -0.255399], [-0.18803, -0.262756], [0.274113, -0.043279], [-0.20378, -0.272081], [0.291418, 0.021642]], "theta": [1.14135, -0.000677, 0.147669, 0.432621, 0.234719, -3.101706, 0.059455, -0.081793, -0.106061, -0.765157, 0.050072, -0.018578, 0.242026, -0.035766, -0.030691, 0.769336, -0.05436, -0.058221, 0.808741, -0.155527, -0.005047, 0.009265, -0.012827, 0.037202, -0.516388, 0.222038, 0.0521, -0.032035, -0.103535, -0.005598, 0.086746, -0.021351, -0.015944, -0.003776, 0.002643, 0.003092, 0.002151, 0.004143, -0.009518, -0.190949, -0.175488, -0.078397, 0.046366, -0.20699, -0.363135, 0.003679, 0.381152, 0.392847, 0.147519, -0.03934, 0.00333, 0.241352, -0.347165, -0.953088, 0.120018, 0.15122, 0.923357, 0.037155, -1.63358, 0.240131, -0.359575, 0.687247, -0.253421, 0.035513, -0.087872, 0.547086, -0.448747, 0.132816, -0.294233, 0.108687, 0.043014, -0.408959, 0.108775, -0.034811, 0.416889, 0.70649, -0.725241, 0.006129, -2.286234, 0.343778, 0.099444, 1.253319, -2.066784, 0.107953, 0.853404]}