{"hc3d": [[-0.00091, -0.218449, 0.038187], [0.080729, -0.315098, 0.034316], [-0.080747, -0.314496, 0.036985], [-0.003211, -0.103963, 0.004257], [0.102482, -0.695572, 0.149518], [-0.140207, -0.714786, -0.000514], [-0.000901, 0.024159, 0.031526], [0.054059, -1.118918, 0.174625], [-0.116267, -0.920805, -0.37447], [-6.5e-05, 0.072399, 0.068581], [0.135061, -1.138609, 0.285896], [-0.153709, -1.050151, -0.33435], [-0.007316, 0.293364, 0.046035], [0.081409, 0.202697, 0.045527], [-0.090096, 0.197205, 0.047235], [-0.003716, 0.358858, 0.086561], [0.178196, 0.193778, 0.016234], [-0.191346, 0.194033, 0.079284], [0.235939, -0.061119, -0.059985], [-0.254325, -0.057998, 0.142536], [0.318884, -0.310397, -0.055355], [-0.251074, -0.253881, 0.324019], [0.371231, -0.382547, -0.062834], [-0.252632, -0.288321, 0.405553]], "im2d": [[0.018454, -0.082743], [0.029842, 0.043726], [-0.005069, 0.004365], [0.066429, -0.208045], [-0.129509, 0.463391], [-0.012885, 0.434316], [0.048671, -0.350432], [-0.206797, 0.918256], [0.387563, 0.686707], [0.012245, -0.405417], [-0.316102, 0.95368], [0.323443, 0.818621], [0.056618, -0.650119], [0.066239, -0.528738], [0.029833, -0.563711], [0.01851, -0.723683], [0.117098, -0.494279], [-0.026107, -0.586019], [0.189167, -0.194997], [-0.132505, -0.325841], [0.177019, 0.099973], [-0.351729, -0.117908], [0.188909, 0.192566], [-0.445778, -0.084388]], "theta": [1.131451, 0.01722, 0.145319, 2.483189, 0.312159, -2.061365, -0.325695, 0.054649, -0.036077, 0.04327, -0.105161, -0.058017, 0.247273, 0.012113, 0.011519, 0.150632, 0.023623, -0.038238, 0.904241, 0.144037, 0.042125, -0.146693, -0.012486, 0.005566, -0.169237, 0.359953, 0.111156, -0.105639, -0.128743, 0.109533, 0.01577, 0.048753, -0.001195, -0.001953, 0.000751, 0.003615, 0.002162, 0.002711, -0.00803, -0.260137, -0.009603, -0.008758, 0.019306, 0.123504, -0.508723, -0.065423, 0.390344, 0.343525, -0.073696, 0.00707, 0.027738, 0.079993, -0.080142, -0.790232, 0.333889, 0.391222, 0.794791, -0.006727, -0.171278, -0.010725, 0.061832, 0.388891, -0.176252, 0.251904, -0.050517, 0.427272, 0.306853, 0.262618, -0.499491, 0.110083, 0.044493, -0.40973, 0.111427, -0.038436, 0.420308, 0.680165, -0.688669, -0.007138, -2.271636, 0.349755, 0.096262, 1.242045, -2.035654, 0.112677, 0.875332]}