{"hc3d": [[-0.00091, -0.218449, 0.038187], [0.080729, -0.315098, 0.034316], [-0.080747, -0.314496, 0.036985], [-0.003211, -0.103963, 0.004257], [0.0994, -0.712786, 0.033473], [-0.138146, -0.699112, 0.155095], [0.001196, 0.023482, 0.034301], [0.044193, -1.132014, -0.024814], [-0.102365, -1.044139, -0.094976], [0.001802, 0.069729, 0.073819], [0.121938, -1.164087, 0.0859], [-0.145382, -1.14767, -0.010284], [0.002556, 0.291447, 0.058753], [0.08824, 0.197901, 0.058089], [-0.083308, 0.198155, 0.053801], [0.005948, 0.353652, 0.104183], [0.187716, 0.18309, 0.044291], [-0.185438, 0.189977, 0.08193], [0.256, -0.079127, 0.017922], [-0.244473, -0.068209, 0.045301], [0.313493, -0.314491, 0.119604], [-0.312216, -0.324527, 0.077383], [0.354956, -0.386922, 0.151797], [-0.333343, -0.410327, 0.082709]], "im2d": [[0.019428, -0.082963], [0.031094, 0.044204], [-0.003968, 0.00452], [0.067381, -0.208988], [-0.000888, 0.490333], [-0.182627, 0.41202], [0.046473, -0.350905], [0.014543, 0.945388], [0.071764, 0.815937], [0.006756, -0.404037], [-0.096483, 0.994329], [-0.040844, 0.916413], [0.044145, -0.649317], [0.053322, -0.524778], [0.023987, -0.566161], [-0.000144, -0.719785], [0.087154, -0.483704], [-0.028483, -0.583045], [0.106012, -0.174811], [-0.023146, -0.308788], [-0.017696, 0.095427], [-0.096043, -0.04205], [-0.05204, 0.18427], [-0.114096, 0.047875]], "theta": [1.137253, 0.017994, 0.145499, 2.484609, 0.310925, -2.063314, -0.031657, 0.093475, -0.03472, -0.338372, -0.036858, -0.041746, 0.268256, -0.016601, -0.007262, 0.058515, 0.024304, -0.047394, 0.849328, 0.003696, 0.064027, -0.11574, -0.002627, 0.016056, -0.255798, 0.28815, 0.093756, -0.078471, -0.142748, 0.153626, -0.00172, 0.029649, -0.022443, -0.002139, 0.001602, 0.001832, 0.002169, 0.00318, -0.008109, -0.220284, -0.019794, -0.001314, 0.044454, -0.005321, -0.521971, -0.016434, 0.386849, 0.409836, -0.065344, -0.102246, 0.075323, 0.069596, -0.266604, -0.719678, 0.280113, 0.092434, 0.945848, 0.03695, -0.352397, -0.001835, 0.000826, 0.086399, -0.090978, 0.279132, -0.069789, 0.365993, 0.057703, 0.084594, -0.061399, 0.109078, 0.043818, -0.409686, 0.109753, -0.037903, 0.416923, 0.680165, -0.688669, -0.007138, -2.271636, 0.349755, 0.096262, 1.242045, -2.035654, 0.112677, 0.875332]}