{"hc3d": [[-0.00091, -0.218449, 0.038187], [0.080729, -0.315098, 0.034316], [-0.080747, -0.314496, 0.036985], [-0.003211, -0.103963, 0.004257], [0.096878, -0.711867, 0.005706], [-0.132541, -0.68875, 0.186735], [0.001547, 0.02345, 0.034382], [0.040606, -1.124858, -0.08632], [-0.121021, -1.069789, -0.007009], [0.000727, 0.069075, 0.074613], [0.114752, -1.159748, 0.025998], [-0.158091, -1.152953, 0.100002], [0.001768, 0.291171, 0.066951], [0.087532, 0.197698, 0.066372], [-0.083737, 0.198095, 0.055714], [0.004502, 0.354027, 0.111521], [0.187833, 0.183802, 0.059156], [-0.186009, 0.185123, 0.081421], [0.270774, -0.075498, 0.058782], [-0.244852, -0.073213, 0.04555], [0.306804, -0.296213, 0.196721], [-0.312296, -0.329864, 0.075526], [0.341651, -0.35984, 0.249058], [-0.334813, -0.415346, 0.080244]], "im2d": [[0.019535, -0.082992], [0.031228, 0.044253], [-0.003852, 0.004534], [0.06749, -0.209099], [0.029905, 0.490361], [-0.215788, 0.400598], [0.046517, -0.350975], [0.083478, 0.940112], [-0.0322, 0.836123], [0.005628, -0.403816], [-0.030377, 0.991299], [-0.166715, 0.914395], [0.034812, -0.649951], [0.043942, -0.525399], [0.021774, -0.566604], [-0.008629, -0.721289], [0.070695, -0.485435], [-0.028489, -0.578089], [0.063786, -0.177332], [-0.023908, -0.30351], [-0.103355, 0.069884], [-0.094408, -0.03607], [-0.160704, 0.146437], [-0.112021, 0.053247]], "theta": [1.137919, 0.018078, 0.145516, 2.484744, 0.31081, -2.0635, 0.039297, 0.081279, -0.038456, -0.41549, 0.011294, -0.034731, 0.268211, -0.036493, -0.011913, 0.065679, -6.8e-05, -0.048579, 0.76477, 0.040775, 0.052383, -0.099649, -0.007568, 0.03167, -0.296249, 0.283096, 0.120496, -0.116063, -0.138441, 0.131706, 0.015771, 0.018621, -0.027908, -0.001868, 0.001543, 0.001296, 0.002103, 0.002942, -0.007614, -0.26865, -0.006428, -0.007864, 0.036232, -0.038227, -0.509161, 0.000339, 0.407158, 0.442513, -0.063892, -0.103966, 0.069448, 0.064595, -0.355179, -0.656121, 0.251343, 0.115458, 0.887336, 0.105815, -0.434989, -0.025617, -0.043503, 0.085423, -0.078641, 0.31153, -0.104185, 0.407517, 0.001598, 0.069735, -0.08396, 0.10931, 0.04387, -0.410132, 0.109965, -0.037711, 0.416684, 0.680165, -0.688669, -0.007138, -2.271636, 0.349755, 0.096262, 1.242045, -2.035654, 0.112677, 0.875332]}