{"hc3d": [[-0.00091, -0.218449, 0.038187], [0.080729, -0.315098, 0.034316], [-0.080747, -0.314496, 0.036985], [-0.003211, -0.103963, 0.004257], [0.095495, -0.708773, -0.023193], [-0.132501, -0.670601, 0.22589], [0.001185, 0.023619, 0.033714], [0.035542, -1.114503, -0.141454], [-0.127931, -1.0827, 0.111815], [-0.000299, 0.069649, 0.073461], [0.108945, -1.152122, -0.029529], [-0.160206, -1.142983, 0.234559], [0.001077, 0.291855, 0.070453], [0.086765, 0.198312, 0.069917], [-0.084211, 0.199136, 0.0553], [0.004246, 0.353524, 0.116624], [0.187838, 0.189963, 0.06547], [-0.187542, 0.185826, 0.076138], [0.279934, -0.064993, 0.090608], [-0.248533, -0.070627, 0.03143], [0.2948, -0.272512, 0.251094], [-0.317428, -0.326062, 0.067812], [0.323041, -0.325848, 0.317121], [-0.341052, -0.411257, 0.072297]], "im2d": [[0.019599, -0.083012], [0.031308, 0.044282], [-0.003783, 0.004542], [0.067557, -0.209168], [0.062325, 0.488171], [-0.257808, 0.378707], [0.047249, -0.351333], [0.14521, 0.930378], [-0.167331, 0.843351], [0.006784, -0.404774], [0.031357, 0.984474], [-0.316402, 0.896629], [0.030829, -0.651264], [0.039904, -0.526606], [0.02225, -0.568047], [-0.014447, -0.721275], [0.064238, -0.492736], [-0.022832, -0.579181], [0.031084, -0.188376], [-0.0086, -0.306696], [-0.164278, 0.038086], [-0.086425, -0.041172], [-0.237303, 0.100981], [-0.103966, 0.047602]], "theta": [1.138326, 0.018128, 0.145525, 2.484821, 0.310746, -2.063605, 0.11303, 0.073695, -0.039749, -0.518038, 0.048371, -0.044241, 0.262497, -0.052111, -0.010513, 0.055051, -0.011707, -0.057648, 0.665182, 0.040869, 0.062256, -0.103912, -0.007238, 0.033514, -0.331831, 0.291485, 0.136157, -0.107495, -0.128216, 0.113055, 0.046622, 0.010579, -0.029764, -0.00081, 0.000902, 7.7e-05, 0.001855, 0.001798, -0.005684, -0.264608, 0.012672, -0.017936, 0.035343, -0.03295, -0.45401, 0.013932, 0.38383, 0.444421, -0.064504, -0.078578, 0.060107, 0.058089, -0.464232, -0.63858, 0.242992, 0.120651, 0.87241, 0.167707, -0.48536, -0.048716, -0.080088, 0.144669, -0.098692, 0.366564, -0.116691, 0.466689, -0.025748, 0.039846, -0.082904, 0.110513, 0.044157, -0.412208, 0.110983, -0.037578, 0.417093, 0.680165, -0.688669, -0.007138, -2.271636, 0.349755, 0.096262, 1.242045, -2.035654, 0.112677, 0.875332]}