{"hc3d": [[-0.00091, -0.218449, 0.038187], [0.080729, -0.315098, 0.034316], [-0.080747, -0.314496, 0.036985], [-0.003211, -0.103963, 0.004257], [0.097069, -0.703622, -0.051052], [-0.119004, -0.666658, 0.236214], [0.002135, 0.023281, 0.034991], [0.031932, -1.096165, -0.205531], [-0.113682, -1.094192, 0.243035], [-0.001202, 0.068411, 0.075648], [0.11373, -1.138827, -0.101514], [-0.132548, -1.12172, 0.37952], [-0.000834, 0.290598, 0.080039], [0.085267, 0.197435, 0.08044], [-0.084839, 0.198125, 0.057849], [0.000931, 0.352565, 0.125883], [0.186675, 0.193655, 0.083188], [-0.189055, 0.185476, 0.074215], [0.288405, -0.054104, 0.131998], [-0.254884, -0.066097, 0.012052], [0.271942, -0.239652, 0.317312], [-0.327165, -0.319717, 0.054116], [0.284549, -0.279617, 0.396342], [-0.355755, -0.40323, 0.06079]], "im2d": [[0.019638, -0.083024], [0.031356, 0.0443], [-0.003742, 0.004547], [0.067598, -0.20921], [0.09432, 0.484279], [-0.266282, 0.37718], [0.046007, -0.35086], [0.217896, 0.912413], [-0.312091, 0.853413], [0.004061, -0.4038], [0.114065, 0.974545], [-0.470864, 0.872868], [0.019627, -0.650923], [0.02778, -0.526604], [0.019193, -0.567316], [-0.025552, -0.7216], [0.044567, -0.498072], [-0.021017, -0.579186], [-0.012443, -0.200462], [0.012223, -0.312396], [-0.239798, -0.00712], [-0.072456, -0.049922], [-0.32925, 0.036531], [-0.093275, 0.035698]], "theta": [1.138575, 0.018158, 0.14553, 2.484864, 0.31071, -2.063664, 0.182551, 0.098232, -0.030295, -0.542544, 0.090433, -0.020515, 0.271446, -0.076484, -0.020533, 0.082948, 0.033608, -0.061478, 0.401046, 0.08492, 0.048796, -0.089617, -0.017283, 0.055649, -0.36158, 0.287566, 0.16615, -0.075126, -0.126817, 0.118062, 0.057489, 0.000544, -0.031882, -0.000854, 0.000924, 9.5e-05, 0.001917, 0.001733, -0.00568, -0.306106, 0.005816, -0.034729, 0.016198, -0.052, -0.40643, 0.027459, 0.386237, 0.425594, -0.07138, -0.076352, 0.068151, 0.022967, -0.517719, -0.608585, 0.233677, 0.092622, 0.865761, 0.265505, -0.60025, -0.055194, -0.113327, 0.236839, -0.120885, 0.41753, -0.145349, 0.495136, -0.037556, 0.021348, -0.133284, 0.110654, 0.043931, -0.41268, 0.111022, -0.037036, 0.4171, 0.680165, -0.688669, -0.007138, -2.271636, 0.349755, 0.096262, 1.242045, -2.035654, 0.112677, 0.875332]}