{"hc3d": [[-0.00091, -0.218449, 0.038187], [0.080729, -0.315098, 0.034316], [-0.080747, -0.314496, 0.036985], [-0.003211, -0.103963, 0.004257], [0.130266, -0.704235, 0.102313], [-0.126799, -0.71574, 0.082337], [0.004977, 0.024097, 0.030672], [0.019298, -1.107536, 0.017273], [-0.086707, -1.037292, -0.196691], [0.004024, 0.068628, 0.072109], [0.124282, -1.138053, 0.103165], [-0.130406, -1.133865, -0.104462], [0.011673, 0.290414, 0.060323], [0.094705, 0.194629, 0.065223], [-0.075871, 0.199514, 0.04714], [0.006999, 0.351951, 0.106541], [0.192344, 0.167132, 0.061231], [-0.179313, 0.1842, 0.065955], [0.257107, -0.097064, 0.072287], [-0.226619, -0.076274, 0.028508], [0.295374, -0.330121, 0.187441], [-0.296507, -0.333037, 0.050988], [0.328168, -0.404395, 0.22499], [-0.317863, -0.418909, 0.048489]], "im2d": [[0.019694, -0.083043], [0.031424, 0.044324], [-0.003684, 0.004554], [0.067659, -0.209274], [-0.070398, 0.485737], [-0.100359, 0.437451], [0.051518, -0.350981], [-0.034471, 0.911544], [0.189978, 0.818169], [0.009103, -0.40273], [-0.112343, 0.966674], [0.069333, 0.910565], [0.044146, -0.646951], [0.04643, -0.520631], [0.033094, -0.566359], [-0.002794, -0.718741], [0.067828, -0.466295], [-0.009954, -0.575203], [0.04414, -0.157401], [-0.001426, -0.295156], [-0.098314, 0.105449], [-0.064035, -0.027577], [-0.140557, 0.194147], [-0.073376, 0.062883]], "theta": [1.138953, 0.018201, 0.145537, 2.484919, 0.310665, -2.063739, -0.213351, 0.126606, 0.032622, -0.155132, -0.055945, -0.015731, 0.239919, -0.013573, -0.03583, 0.364076, 0.2836, -0.148115, 0.749843, 0.071802, 0.073594, -0.044071, -0.050106, 0.045698, -0.3894, 0.261223, 0.186593, -0.236885, -0.180444, 0.113548, -0.031164, -0.007441, -0.034462, -0.003319, 0.002579, 0.00259, 0.001735, 0.004027, -0.008277, -0.21549, -0.090363, 0.044701, 0.016299, -0.046881, -0.616734, -0.0262, 0.392338, 0.501655, 0.066929, -0.23559, 0.075607, 0.005437, -0.318865, -0.593257, 0.325212, 0.132456, 0.907139, 0.14383, -0.283381, -0.038241, -0.039762, 0.037133, -0.108105, 0.258294, -0.054407, 0.321734, 0.040173, 0.04075, -0.030997, 0.107818, 0.042709, -0.408617, 0.108351, -0.038015, 0.415198, 0.680165, -0.688669, -0.007138, -2.271636, 0.349755, 0.096262, 1.242045, -2.035654, 0.112677, 0.875332]}