{"hc3d": [[-0.00091, -0.218449, 0.038187], [0.080729, -0.315098, 0.034316], [-0.080747, -0.314496, 0.036985], [-0.003211, -0.103963, 0.004257], [0.142498, -0.683946, 0.170846], [-0.146744, -0.707755, -0.04154], [-0.002942, 0.023327, 0.035265], [0.113393, -1.10883, 0.142143], [-0.130836, -1.114829, -0.171531], [-0.005046, 0.070116, 0.074088], [0.193741, -1.123132, 0.254703], [-0.151899, -1.16296, -0.041217], [-0.014683, 0.291976, 0.06563], [0.075452, 0.202712, 0.064862], [-0.0957, 0.194873, 0.055244], [-0.013256, 0.350726, 0.115541], [0.173022, 0.201872, 0.036848], [-0.198294, 0.1865, 0.081569], [0.23489, -0.050077, -0.045673], [-0.27758, -0.063463, 0.133711], [0.341727, -0.28999, -0.053946], [-0.247856, -0.245663, 0.32668], [0.399457, -0.357087, -0.066865], [-0.241296, -0.282383, 0.40696]], "im2d": [[0.019695, -0.083044], [0.031426, 0.044325], [-0.003683, 0.004554], [0.067661, -0.209276], [-0.142693, 0.462825], [0.034849, 0.429738], [0.044737, -0.35226], [-0.155393, 0.929677], [0.145955, 0.892536], [0.005221, -0.406673], [-0.266494, 0.959544], [-0.008301, 0.93469], [0.033106, -0.655311], [0.043739, -0.534254], [0.01966, -0.566381], [-0.017002, -0.722708], [0.094416, -0.508419], [-0.030977, -0.583101], [0.175861, -0.209325], [-0.127985, -0.32678], [0.184389, 0.083654], [-0.354444, -0.1263], [0.204177, 0.172827], [-0.44623, -0.087756]], "theta": [1.138964, 0.018202, 0.145537, 2.48492, 0.310664, -2.06374, -0.38154, 0.007315, 0.072952, 0.15351, -0.043008, -0.072945, 0.275609, -0.040223, 0.022132, 0.332606, 0.059714, -0.093751, 0.022427, 0.261064, 0.099698, -0.137155, -0.008887, 0.021258, -0.272522, 0.332713, 0.15725, -0.245067, -0.164293, 0.071104, 0.043522, 0.036052, -0.004736, -0.00264, 0.002135, 0.002571, 0.001987, 0.003642, -0.007933, -0.176615, 0.007221, -0.020934, -0.009576, 0.174444, -0.465778, -0.005259, 0.392565, 0.35434, 0.018755, -0.026569, 0.040017, 0.075818, -0.101596, -0.84756, 0.278782, 0.402396, 0.68403, -0.055526, -0.146314, 0.071972, 0.099846, 0.590884, -0.149701, 0.262421, -0.040565, 0.409383, 0.270723, 0.23312, -0.409228, 0.108733, 0.04334, -0.409846, 0.110255, -0.038221, 0.416331, 0.680165, -0.688669, -0.007138, -2.271636, 0.349755, 0.096262, 1.242045, -2.035654, 0.112677, 0.875332]}