{"hc3d": [[-0.000746, -0.218765, 0.039957], [0.082213, -0.315738, 0.036806], [-0.081897, -0.315194, 0.039567], [-0.003003, -0.104003, 0.004953], [0.094275, -0.659615, 0.231584], [-0.157509, -0.70849, -0.011833], [-0.003525, 0.025157, 0.019817], [0.133421, -1.069165, 0.126642], [-0.115695, -1.112228, -0.139523], [-0.002976, 0.072597, 0.05847], [0.155501, -1.112113, 0.256589], [-0.16968, -1.158749, -0.018808], [-0.014425, 0.295375, 0.050216], [0.076352, 0.206415, 0.042607], [-0.096171, 0.19768, 0.047323], [-0.005777, 0.346358, 0.106191], [0.177482, 0.205283, 0.029815], [-0.195829, 0.185543, 0.083137], [0.274707, -0.035143, -0.048732], [-0.279572, -0.056983, 0.155244], [0.271725, -0.286974, 0.022123], [-0.326094, -0.273378, 0.302428], [0.283021, -0.369512, 0.054597], [-0.346909, -0.339498, 0.357506]], "im2d": [[0.014255, -0.11464], [-0.040266, 0.001764], [0.057738, -0.016571], [0.056241, -0.236463], [-0.253407, 0.353871], [0.125216, 0.417836], [0.0515, -0.381496], [-0.207269, 0.826385], [0.191397, 0.88762], [0.018256, -0.439669], [-0.345295, 0.856686], [0.108366, 0.915228], [0.048245, -0.685855], [-0.006347, -0.576814], [0.094348, -0.586074], [-0.005923, -0.749688], [-0.05642, -0.562971], [0.121076, -0.588551], [-0.058978, -0.275205], [0.088327, -0.340165], [-0.140676, -0.007823], [-0.035668, -0.127994], [-0.183626, 0.079718], [-0.078965, -0.065377]], "theta": [1.120328, 0.013471, 0.116438, 1.504083, 0.257894, -2.767646, -0.522805, -0.3327, 0.030194, 0.072383, -0.119962, -0.104593, 0.159709, 0.051807, 0.032332, 0.651018, -0.014184, -0.082328, 0.110613, 0.179932, 0.167066, -0.044889, -0.014033, 0.017821, -0.205176, 0.24641, 0.117455, -0.258844, -0.250426, 0.030686, 0.073113, 0.029932, -0.0146, 0.000333, 0.000372, -0.001382, 0.001427, 0.001478, -0.004301, -0.05525, 0.008255, -0.071189, 0.029266, -0.062624, -0.429248, -0.007818, 0.410984, 0.380234, 0.080885, 0.07183, -0.004572, 0.299933, -0.16374, -0.774266, 0.022711, 0.302889, 0.605228, 0.372368, -0.562985, -0.134421, -0.06748, 0.220969, 0.008255, 0.37244, -0.12832, 0.284373, 0.09008, 0.151231, -0.222569, 0.111284, 0.044889, -0.413442, 0.111373, -0.038537, 0.417819, 0.647772, -0.92648, 0.020249, -2.34253, 0.38475, 0.092683, 1.23144, -2.098494, 0.098045, 0.866035]}