{"hc3d": [[-0.000746, -0.218765, 0.039957], [0.082213, -0.315738, 0.036806], [-0.081897, -0.315194, 0.039567], [-0.003003, -0.104003, 0.004953], [0.067321, -0.653837, 0.241263], [-0.168413, -0.705003, -0.020473], [-0.003775, 0.024887, 0.021991], [0.140271, -1.069939, 0.198662], [-0.144498, -1.100905, -0.174574], [-0.001833, 0.072713, 0.06012], [0.11957, -1.094831, 0.333458], [-0.191114, -1.140254, -0.048363], [-0.011575, 0.295719, 0.058513], [0.078015, 0.206287, 0.044817], [-0.094256, 0.198799, 0.056181], [-0.001874, 0.348937, 0.112189], [0.178787, 0.205667, 0.02943], [-0.192116, 0.191924, 0.097869], [0.277283, -0.029628, -0.062012], [-0.284672, -0.044722, 0.17826], [0.27293, -0.283334, 0.001729], [-0.328276, -0.250484, 0.340788], [0.281811, -0.36685, 0.0324], [-0.352185, -0.306192, 0.405314]], "im2d": [[0.01426, -0.114643], [-0.040262, 0.001765], [0.057745, -0.016572], [0.056246, -0.23647], [-0.24555, 0.343202], [0.140231, 0.41414], [0.049605, -0.381562], [-0.278886, 0.817186], [0.242627, 0.87735], [0.016022, -0.439937], [-0.394003, 0.82229], [0.150429, 0.896986], [0.038763, -0.6872], [-0.009441, -0.576845], [0.08497, -0.588456], [-0.013749, -0.753047], [-0.056835, -0.563216], [0.105461, -0.597441], [-0.047755, -0.279043], [0.070765, -0.357718], [-0.122086, -0.008658], [-0.068645, -0.159286], [-0.161938, 0.079983], [-0.118172, -0.109919]], "theta": [1.120363, 0.013474, 0.116439, 1.504087, 0.25789, -2.767652, -0.555484, -0.453504, -0.003287, 0.092402, -0.122021, -0.133932, 0.176679, 0.072567, 0.035603, 0.573773, -0.210125, -0.061599, 0.146677, 0.259554, 0.164673, -0.070677, 0.001295, 0.00935, -0.213121, 0.221396, 0.180654, -0.356687, -0.243696, 5.8e-05, 0.111701, 0.0313, -0.020532, -0.000554, 0.000969, -0.000319, 0.001772, 0.0026, -0.006059, -0.123262, 0.006706, -0.052048, 0.035937, -0.07387, -0.417084, -0.001854, 0.422321, 0.324818, 0.090502, 0.101969, 0.02304, 0.297965, -0.148065, -0.761738, -0.035002, 0.305075, 0.593569, 0.400548, -0.591534, -0.144562, -0.062138, 0.270334, 0.006159, 0.435721, -0.14639, 0.269841, 0.160122, 0.166064, -0.319253, 0.110494, 0.044653, -0.411986, 0.110735, -0.037725, 0.417561, 0.647772, -0.92648, 0.020249, -2.34253, 0.38475, 0.092683, 1.23144, -2.098494, 0.098045, 0.866035]}