{"hc3d": [[-0.000746, -0.218765, 0.039957], [0.082213, -0.315738, 0.036806], [-0.081897, -0.315194, 0.039567], [-0.003003, -0.104003, 0.004953], [0.041066, -0.646433, 0.249605], [-0.184626, -0.703499, -0.001745], [-0.003886, 0.024948, 0.021519], [0.12353, -1.059024, 0.192637], [-0.166923, -1.041541, -0.259566], [-0.000614, 0.072732, 0.05961], [0.085294, -1.071732, 0.325282], [-0.215802, -1.097258, -0.140582], [-0.007704, 0.295819, 0.062893], [0.080477, 0.205667, 0.045323], [-0.091577, 0.199933, 0.060384], [0.00164, 0.349418, 0.116252], [0.181387, 0.20488, 0.03087], [-0.188016, 0.200371, 0.105781], [0.277534, -0.022706, -0.080426], [-0.288879, -0.032092, 0.188353], [0.244577, -0.265087, 0.012384], [-0.326843, -0.225026, 0.36721], [0.242237, -0.344853, 0.052714], [-0.351727, -0.269501, 0.439609]], "im2d": [[0.014265, -0.114645], [-0.040259, 0.001766], [0.057751, -0.016572], [0.056251, -0.236477], [-0.23676, 0.331008], [0.132759, 0.407968], [0.050123, -0.381581], [-0.262244, 0.804286], [0.339959, 0.822146], [0.015756, -0.439765], [-0.363773, 0.794396], [0.254786, 0.860719], [0.032302, -0.68758], [-0.011466, -0.575993], [0.079477, -0.590075], [-0.01967, -0.75384], [-0.059829, -0.562304], [0.096129, -0.607549], [-0.030206, -0.283912], [0.064771, -0.373646], [-0.11343, -0.033416], [-0.092496, -0.191241], [-0.155186, 0.04845], [-0.148023, -0.155572]], "theta": [1.120396, 0.013478, 0.116439, 1.504091, 0.257887, -2.767657, -0.594914, -0.510759, -0.049806, 0.038964, -0.143357, -0.173591, 0.173086, 0.085632, 0.036863, 0.664046, -0.273086, -0.090306, 0.481058, 0.281363, 0.175796, -0.06516, 0.007929, -0.004551, -0.330031, 0.228396, 0.283836, -0.480431, -0.226348, -0.041217, 0.13243, 0.031384, -0.019663, 0.00069, 9.3e-05, -0.001707, 0.001289, 0.001689, -0.004006, -0.153825, -0.038686, -0.052506, 0.027037, -0.105053, -0.401796, -0.007559, 0.426466, 0.256298, 0.115507, 0.108702, 0.029974, 0.309799, -0.069602, -0.775523, -0.047407, 0.304523, 0.620834, 0.437043, -0.821508, -0.125108, -0.060346, 0.347064, -0.022045, 0.431701, -0.157765, 0.258374, 0.22352, 0.165413, -0.403081, 0.111465, 0.045865, -0.413061, 0.111554, -0.03955, 0.418209, 0.647772, -0.92648, 0.020249, -2.34253, 0.38475, 0.092683, 1.23144, -2.098494, 0.098045, 0.866035]}