{"hc3d": [[-0.000881, -0.218464, 0.03844], [0.081029, -0.315223, 0.034686], [-0.080989, -0.314631, 0.037354], [-0.003176, -0.103859, 0.004304], [0.093024, -0.711051, 0.077756], [-0.095422, -0.719731, 0.069445], [0.003331, 0.024016, 0.031491], [0.051899, -1.112337, -0.062629], [-0.071144, -1.129078, -0.052868], [0.004406, 0.071068, 0.070157], [0.111745, -1.166562, 0.050618], [-0.101949, -1.199603, 0.064785], [0.00814, 0.292215, 0.046739], [0.092742, 0.197613, 0.050494], [-0.078992, 0.199833, 0.044464], [0.008809, 0.351779, 0.095604], [0.191575, 0.181404, 0.033396], [-0.182507, 0.189631, 0.066522], [0.213563, -0.086089, -0.012411], [-0.227821, -0.072531, 0.039197], [0.267392, -0.332304, 0.062092], [-0.267352, -0.324379, 0.118891], [0.307396, -0.408713, 0.085988], [-0.275603, -0.406946, 0.149839]], "im2d": [[0.011239, -0.109617], [0.081453, 0.00914], [-0.063316, -0.015533], [0.038256, -0.2405], [0.043325, 0.453179], [-0.117639, 0.433518], [0.031397, -0.377658], [0.084548, 0.874146], [-0.031554, 0.87529], [0.007947, -0.425022], [0.05667, 0.956077], [-0.143239, 0.962125], [0.038012, -0.671463], [0.105527, -0.55382], [-0.04174, -0.582752], [0.007773, -0.731537], [0.203743, -0.523045], [-0.148775, -0.584483], [0.241874, -0.229514], [-0.182514, -0.304818], [0.226175, 0.059147], [-0.284439, -0.023354], [0.241328, 0.152315], [-0.317023, 0.070186]], "theta": [1.120807, 0.010909, 0.120662, 3.102388, 0.154327, -1.062217, -0.137336, 0.012013, -0.053287, -0.116087, 0.003394, 0.060076, 0.246951, -0.017518, -0.023542, 0.352618, 0.0337, -0.003034, 0.286099, 0.047005, -0.022291, -0.115621, 0.010063, 0.02935, -0.270767, 0.242437, 0.005862, -0.052648, -0.109159, 0.11179, -0.017695, 0.007281, -0.031018, -0.003145, 0.002359, 0.003024, 0.002272, 0.004151, -0.009195, -0.127452, -0.054265, 0.019496, 0.007316, 0.038942, -0.522344, -0.010466, 0.337984, 0.454964, -0.00197, -0.103098, 0.027009, 0.142325, -0.182705, -0.895064, 0.259019, 0.12881, 0.950295, -0.069447, -0.300439, 0.096334, -0.006882, 0.247189, -0.121046, 0.1128, -0.135808, 0.398016, -0.157342, 0.189096, -0.108319, 0.108463, 0.04263, -0.409868, 0.109314, -0.036967, 0.416462, 0.689003, -0.712389, 0.01041, -2.305214, 0.354935, 0.075698, 1.269375, -2.053756, 0.101233, 0.887609]}