{"hc3d": [[-0.000881, -0.218464, 0.03844], [0.081029, -0.315223, 0.034686], [-0.080989, -0.314631, 0.037354], [-0.003176, -0.103859, 0.004304], [0.105452, -0.685567, 0.179349], [-0.094212, -0.713204, -0.042073], [0.003011, 0.021866, 0.0402], [0.016446, -1.099899, 0.232612], [-0.133669, -1.060589, -0.288817], [0.005618, 0.069262, 0.078369], [0.106108, -1.079182, 0.336911], [-0.13307, -1.124021, -0.163355], [0.003879, 0.29102, 0.061381], [0.090348, 0.198113, 0.057835], [-0.081474, 0.196965, 0.060971], [0.011464, 0.352109, 0.107714], [0.186459, 0.185693, 0.027318], [-0.184235, 0.193872, 0.08811], [0.204372, -0.042976, -0.119394], [-0.292531, -0.049981, 0.06975], [0.340995, -0.223057, 0.014676], [-0.200846, -0.172413, 0.288715], [0.412703, -0.269321, 0.041644], [-0.17301, -0.197357, 0.369002]], "im2d": [[0.01137, -0.109684], [0.081654, 0.009165], [-0.063223, -0.015525], [0.038391, -0.240677], [-0.014352, 0.43899], [-0.039182, 0.413969], [0.025105, -0.3746], [-0.14955, 0.889847], [0.079611, 0.763602], [0.003338, -0.422199], [-0.14136, 0.892462], [-0.009479, 0.848314], [0.024149, -0.669595], [0.098498, -0.554297], [-0.055442, -0.578481], [0.001799, -0.730642], [0.203831, -0.529649], [-0.165057, -0.587367], [0.309938, -0.291092], [-0.259697, -0.33616], [0.329431, -0.055984], [-0.335707, -0.161733], [0.371924, 0.009054], [-0.367727, -0.120699]], "theta": [1.121708, 0.011018, 0.120681, 3.102545, 0.154196, -1.062433, -0.407267, 0.092717, -0.038062, 0.162115, 0.034448, 0.067618, 0.318013, 0.048201, -0.013863, 0.179088, 0.073406, -0.121995, 0.350146, 0.205221, -0.114114, -0.196063, -0.021552, 0.01292, -0.483883, 0.322612, 0.155185, -0.423662, -0.02235, 0.050917, 0.020173, 0.027806, -0.009608, -0.001265, 0.001154, 0.001523, 0.001139, 0.001646, -0.004394, -0.193467, -0.035204, -0.055298, -0.002448, 0.118806, -0.523231, -0.039661, 0.330239, 0.363451, -0.131578, -0.155275, 0.070156, 0.225444, 0.179254, -0.857327, 0.367455, 0.091686, 0.796716, -0.27965, -1.046079, 0.280148, 0.001619, 1.225068, -0.163983, -0.123481, -0.135597, 0.554067, -0.244101, 0.26185, -0.267161, 0.109972, 0.043215, -0.412372, 0.110889, -0.038104, 0.417048, 0.689003, -0.712389, 0.01041, -2.305214, 0.354935, 0.075698, 1.269375, -2.053756, 0.101233, 0.887609]}