{"hc3d": [[-0.000891, -0.218457, 0.038431], [0.080937, -0.315198, 0.034708], [-0.080917, -0.314606, 0.037362], [-0.003187, -0.103827, 0.004264], [0.078623, -0.71392, 0.024516], [-0.123507, -0.689155, 0.191173], [0.003558, 0.023483, 0.03391], [0.016345, -1.133314, -0.031996], [-0.094181, -1.038348, -0.055528], [0.008132, 0.07025, 0.072615], [0.078474, -1.167274, 0.087897], [-0.130246, -1.148921, 0.023709], [0.009384, 0.291584, 0.049198], [0.0941, 0.196969, 0.044593], [-0.077543, 0.199032, 0.055217], [0.013411, 0.349778, 0.099688], [0.189354, 0.174986, 0.016607], [-0.179174, 0.185404, 0.083687], [0.249244, -0.08983, -0.007978], [-0.224332, -0.076844, 0.054026], [0.291274, -0.335708, 0.075758], [-0.257484, -0.336402, 0.109147], [0.341179, -0.404871, 0.103125], [-0.260815, -0.423646, 0.124417]], "im2d": [[0.006443, -0.101127], [0.064382, 0.018349], [-0.061355, -0.01148], [0.040581, -0.228172], [0.039616, 0.449512], [-0.244468, 0.397442], [0.032247, -0.362936], [0.003979, 0.889022], [-0.054517, 0.76439], [0.008832, -0.410148], [-0.04582, 0.945357], [-0.15323, 0.883172], [0.045504, -0.651496], [0.106513, -0.533861], [-0.032881, -0.566513], [0.01326, -0.710386], [0.199684, -0.494667], [-0.13408, -0.568223], [0.24424, -0.198383], [-0.165595, -0.294134], [0.191123, 0.081574], [-0.254646, -0.014954], [0.202275, 0.167496], [-0.276036, 0.080079]], "theta": [1.101401, 0.00674, 0.126641, 3.002355, 0.209576, -1.261957, -0.005973, 0.093984, -0.086329, -0.425127, 0.01403, -0.011716, 0.268437, 0.050132, -0.018894, 0.02312, -0.080065, -0.028297, 0.925455, -0.09456, 0.001879, -0.12996, 0.011962, 0.000955, -0.268795, 0.290038, 0.013471, 0.025083, -0.021662, 0.119496, -0.025523, 0.031962, -0.019326, -0.00698, 0.005752, 0.005579, -0.000447, 0.005921, -0.00825, -0.097878, -0.115558, -0.003685, 0.044125, 0.050157, -0.588173, 0.002349, 0.304949, 0.48891, -0.122868, -0.141937, 0.081651, 0.070755, -0.282037, -0.668398, 0.315242, 0.155648, 0.934518, -0.02232, -0.285321, -0.123468, -0.092471, 0.177455, -0.078149, 0.23986, -0.123906, 0.563724, -0.083679, 0.138535, -0.030868, 0.103449, 0.041441, -0.404299, 0.106004, -0.041012, 0.41292, 0.704737, -0.703698, -0.00353, -2.309456, 0.335736, 0.072406, 1.248061, -2.026669, 0.083246, 0.905585]}