{"hc3d": [[-0.000891, -0.218457, 0.038431], [0.080937, -0.315198, 0.034708], [-0.080917, -0.314606, 0.037362], [-0.003187, -0.103827, 0.004264], [0.085425, -0.690874, -0.099216], [-0.079013, -0.663706, 0.246848], [0.003002, 0.024675, 0.028371], [-0.008556, -1.052817, -0.306889], [-0.08939, -1.089388, 0.295268], [0.003143, 0.072525, 0.066007], [0.082881, -1.088926, -0.208284], [-0.083317, -1.109022, 0.434491], [0.013709, 0.294697, 0.057839], [0.095651, 0.197687, 0.062774], [-0.074864, 0.204984, 0.041568], [0.013944, 0.353761, 0.107472], [0.195741, 0.182296, 0.053557], [-0.180292, 0.193154, 0.049937], [0.253131, -0.083659, 0.070684], [-0.225438, -0.056085, -0.036867], [0.293781, -0.279772, 0.241333], [-0.27094, -0.317734, -0.005603], [0.331572, -0.334371, 0.301449], [-0.275953, -0.406219, -0.006582]], "im2d": [[0.009428, -0.102047], [0.068838, 0.019341], [-0.058742, -0.010963], [0.04347, -0.23144], [0.152805, 0.423584], [-0.25121, 0.390409], [0.038202, -0.369987], [0.220775, 0.788756], [-0.329143, 0.86128], [0.0115, -0.419734], [0.209691, 0.853129], [-0.437902, 0.894932], [0.042403, -0.663202], [0.094916, -0.540816], [-0.01969, -0.581975], [0.006934, -0.724345], [0.178816, -0.506115], [-0.109024, -0.587737], [0.190209, -0.201171], [-0.092276, -0.328264], [0.070149, 0.035758], [-0.171719, -0.04594], [0.047104, 0.10759], [-0.181246, 0.050547]], "theta": [1.119829, 0.009309, 0.12733, 3.007471, 0.205036, -1.268997, 0.307933, 0.137987, -0.047409, -0.566527, 0.213405, 0.049946, 0.219946, -0.082538, -0.025456, 0.108916, -0.001449, -0.098736, 0.343207, 0.086496, -0.048992, -0.109702, -0.004407, 0.00187, -0.566667, 0.364207, 0.190256, -0.018307, -0.021064, 0.07861, 0.068921, -0.006003, -0.018113, -0.002986, 0.002106, 0.002934, 0.002278, 0.003311, -0.008494, -0.182385, -0.014317, 0.012126, 0.019035, 0.04506, -0.49992, 0.038749, 0.302305, 0.487192, 0.006153, -0.085925, 0.043675, 0.053012, -0.448237, -0.716127, 0.323885, 0.059031, 0.963267, -0.089049, -0.487056, 0.075061, -0.045729, 0.297718, -0.119301, 0.244872, -0.147834, 0.433438, -0.100802, 0.04952, 0.035468, 0.108603, 0.042989, -0.409531, 0.109193, -0.037331, 0.416591, 0.704737, -0.703698, -0.00353, -2.309456, 0.335736, 0.072406, 1.248061, -2.026669, 0.083246, 0.905585]}