{"hc3d": [[-0.000891, -0.218457, 0.038431], [0.080937, -0.315198, 0.034708], [-0.080917, -0.314606, 0.037362], [-0.003187, -0.103827, 0.004264], [0.146833, -0.708027, 0.055475], [-0.091955, -0.693164, 0.186795], [0.001722, 0.024582, 0.029148], [0.044328, -0.896096, -0.314776], [-0.083251, -1.118386, 0.134176], [0.002251, 0.071528, 0.067903], [0.133073, -0.991051, -0.264822], [-0.089618, -1.180512, 0.260292], [0.011298, 0.293041, 0.048187], [0.093889, 0.196676, 0.054709], [-0.07737, 0.202328, 0.039983], [0.009141, 0.353236, 0.096394], [0.192602, 0.176813, 0.040536], [-0.181942, 0.187887, 0.053444], [0.242391, -0.091214, 0.039355], [-0.228128, -0.066395, -0.016558], [0.290084, -0.312577, 0.173363], [-0.274686, -0.327639, 0.016485], [0.322928, -0.384204, 0.215953], [-0.286235, -0.415453, 0.019822]], "im2d": [[0.009623, -0.102133], [0.069127, 0.019395], [-0.058591, -0.010946], [0.043672, -0.231689], [0.075094, 0.466502], [-0.214984, 0.416348], [0.036729, -0.370459], [0.280272, 0.625833], [-0.196616, 0.882835], [0.009309, -0.419089], [0.302021, 0.7509], [-0.307683, 0.960124], [0.048258, -0.663305], [0.100127, -0.541242], [-0.020519, -0.580272], [0.012096, -0.726301], [0.186725, -0.502215], [-0.113575, -0.5826], [0.206912, -0.197473], [-0.111425, -0.316169], [0.119915, 0.066065], [-0.193104, -0.034008], [0.105901, 0.154493], [-0.211115, 0.060981]], "theta": [1.121151, 0.009473, 0.127361, 3.007726, 0.204821, -1.269347, -0.090967, 0.082957, 0.081856, -0.406263, 0.112429, 0.050863, 0.227402, -0.052842, -0.013597, 1.096694, 0.144863, -0.111681, 0.406991, 0.104611, 0.006451, -0.093332, -0.007038, -0.001691, -0.475097, 0.306585, 0.112603, 0.051543, -0.082162, 0.125099, -0.006018, 0.004868, -0.0226, -0.002195, 0.001883, 0.00146, 0.001671, 0.002583, -0.006514, -0.151775, -0.09877, 0.013514, 0.052802, 0.059153, -0.551152, 0.04569, 0.308131, 0.511874, -0.003879, -0.10194, 0.086674, 0.063576, -0.375054, -0.720372, 0.332686, 0.07286, 0.941532, -0.094378, -0.389788, 0.038448, 0.024956, 0.22735, -0.119184, 0.195036, -0.109149, 0.316089, -0.08298, 0.068903, -0.03771, 0.108987, 0.043711, -0.41019, 0.109727, -0.039015, 0.4161, 0.704737, -0.703698, -0.00353, -2.309456, 0.335736, 0.072406, 1.248061, -2.026669, 0.083246, 0.905585]}