{"hc3d": [[-0.000891, -0.218457, 0.038431], [0.080937, -0.315198, 0.034708], [-0.080917, -0.314606, 0.037362], [-0.003187, -0.103827, 0.004264], [0.131212, -0.698381, 0.133357], [-0.098551, -0.716357, 0.100955], [0.00254, 0.024251, 0.030631], [0.047271, -0.982879, -0.174828], [-0.07685, -1.127747, -0.01713], [0.004616, 0.07204, 0.06829], [0.130398, -1.061484, -0.095464], [-0.101788, -1.195768, 0.103521], [0.01073, 0.292703, 0.039844], [0.094324, 0.197127, 0.045068], [-0.077543, 0.201237, 0.040263], [0.010291, 0.351467, 0.089829], [0.190712, 0.171561, 0.025182], [-0.180085, 0.184609, 0.063366], [0.233331, -0.095866, -0.006207], [-0.229427, -0.075638, 0.02425], [0.281124, -0.339103, 0.082031], [-0.274512, -0.33587, 0.066136], [0.314298, -0.417949, 0.108595], [-0.282418, -0.423924, 0.072447]], "im2d": [[0.009657, -0.10215], [0.069178, 0.019404], [-0.058566, -0.010943], [0.043709, -0.231736], [0.000961, 0.459223], [-0.152588, 0.434048], [0.036173, -0.369901], [0.163606, 0.733277], [-0.070339, 0.882611], [0.01089, -0.419269], [0.158481, 0.841618], [-0.191868, 0.962564], [0.054535, -0.663831], [0.108301, -0.54253], [-0.020948, -0.579198], [0.018159, -0.724801], [0.197305, -0.498084], [-0.120377, -0.577976], [0.236334, -0.197645], [-0.14599, -0.30306], [0.18471, 0.086497], [-0.233585, -0.020983], [0.183346, 0.18171], [-0.251182, 0.075199]], "theta": [1.121396, 0.009502, 0.127366, 3.007765, 0.20479, -1.269399, -0.281501, 0.019902, 0.041486, -0.191948, 0.032507, 0.050688, 0.240796, 0.000288, -0.015805, 1.000885, 0.172775, -0.100217, 0.348894, 0.088587, 0.006186, -0.128577, -0.005294, 0.005654, -0.455624, 0.281007, 0.127864, -0.07226, -0.145275, 0.136283, -0.022028, 0.009044, -0.026582, -0.002429, 0.002163, 0.001542, 0.001751, 0.003108, -0.007193, -0.085032, -0.072366, 0.039904, 0.037853, 0.058209, -0.608482, 0.025713, 0.341187, 0.530376, 0.022346, -0.143527, 0.051883, 0.110564, -0.225564, -0.713703, 0.326681, 0.101849, 0.901381, -0.075572, -0.317439, -0.007457, -0.002577, 0.152896, -0.080126, 0.18172, -0.115914, 0.324917, -0.050009, 0.097994, -0.003279, 0.108415, 0.043305, -0.409243, 0.109607, -0.038735, 0.415524, 0.704737, -0.703698, -0.00353, -2.309456, 0.335736, 0.072406, 1.248061, -2.026669, 0.083246, 0.905585]}