{"hc3d": [[-0.000891, -0.218457, 0.038431], [0.080937, -0.315198, 0.034708], [-0.080917, -0.314606, 0.037362], [-0.003187, -0.103827, 0.004264], [0.110896, -0.684414, 0.182596], [-0.10694, -0.714617, -0.03386], [0.00074, 0.023445, 0.034572], [0.047296, -1.107381, 0.186736], [-0.122802, -1.095199, -0.230234], [0.003348, 0.07269, 0.070269], [0.123572, -1.107893, 0.303224], [-0.132686, -1.15126, -0.101529], [0.000836, 0.294213, 0.048818], [0.087717, 0.20148, 0.047274], [-0.084235, 0.19977, 0.050081], [0.008323, 0.353812, 0.097232], [0.182879, 0.193869, 0.012261], [-0.187482, 0.19221, 0.07474], [0.195647, -0.056432, -0.095002], [-0.257145, -0.066312, 0.077343], [0.321355, -0.258503, 0.017242], [-0.235786, -0.262126, 0.258198], [0.39015, -0.311713, 0.038665], [-0.232212, -0.314041, 0.329946]], "im2d": [[0.009674, -0.102159], [0.069203, 0.019409], [-0.058554, -0.010943], [0.043728, -0.23176], [-0.053469, 0.443999], [-0.050293, 0.41999], [0.031555, -0.369071], [-0.136792, 0.899265], [0.06815, 0.821487], [0.008369, -0.420108], [-0.171512, 0.923118], [-0.04733, 0.891673], [0.039741, -0.666688], [0.101727, -0.548437], [-0.03416, -0.578102], [0.010839, -0.727244], [0.203283, -0.525217], [-0.134744, -0.586892], [0.281548, -0.255147], [-0.209635, -0.314314], [0.274041, -0.0001], [-0.35301, -0.080037], [0.306333, 0.073013], [-0.411829, -0.016433]], "theta": [1.121521, 0.009516, 0.127368, 3.007781, 0.204777, -1.269421, -0.410844, 0.022349, -0.012059, 0.140741, 0.016744, 0.033832, 0.272796, 0.043261, 0.002261, 0.286314, 0.076836, -0.086413, 0.219914, 0.184719, -0.056278, -0.199357, -0.006906, 0.000506, -0.377251, 0.292433, 0.100577, -0.335081, -0.05384, 0.042089, 0.048047, 0.015813, -0.010534, -0.001431, 0.001466, 0.00121, 0.001091, 0.001907, -0.004573, -0.136987, -0.0007, -0.032303, 0.00997, 0.178281, -0.483291, -0.04424, 0.311585, 0.409388, -0.033605, -0.093857, 0.013556, 0.224117, -0.022297, -0.944321, 0.320468, 0.205979, 0.852247, -0.267683, -0.775231, 0.283024, -0.028032, 0.670905, -0.15219, -0.002432, -0.130089, 0.540844, -0.098892, 0.245694, -0.279786, 0.109793, 0.043395, -0.412021, 0.11068, -0.039316, 0.416585, 0.704737, -0.703698, -0.00353, -2.309456, 0.335736, 0.072406, 1.248061, -2.026669, 0.083246, 0.905585]}