{"hc3d": [[-0.000891, -0.218457, 0.038431], [0.080937, -0.315198, 0.034708], [-0.080917, -0.314606, 0.037362], [-0.003187, -0.103827, 0.004264], [0.107289, -0.682805, 0.187218], [-0.104508, -0.709865, -0.057361], [0.001352, 0.022636, 0.037708], [0.035287, -1.098362, 0.258569], [-0.126298, -1.067865, -0.291921], [0.003856, 0.071276, 0.074234], [0.119427, -1.083347, 0.368489], [-0.133262, -1.130394, -0.166035], [0.001058, 0.292956, 0.05452], [0.088116, 0.200395, 0.05274], [-0.083845, 0.198353, 0.05455], [0.008411, 0.353176, 0.102179], [0.183425, 0.191956, 0.018318], [-0.186824, 0.191441, 0.080488], [0.196454, -0.05312, -0.100371], [-0.267376, -0.06365, 0.092039], [0.339034, -0.248522, 0.003181], [-0.235643, -0.239563, 0.290925], [0.411588, -0.298415, 0.0196], [-0.228062, -0.284416, 0.366994]], "im2d": [[0.009675, -0.10216], [0.069205, 0.019409], [-0.058554, -0.010943], [0.043729, -0.231761], [-0.059877, 0.441926], [-0.029114, 0.413344], [0.029446, -0.367821], [-0.203368, 0.892771], [0.117142, 0.785818], [0.005465, -0.418143], [-0.225564, 0.900426], [0.005733, 0.863459], [0.035226, -0.664815], [0.097554, -0.546738], [-0.037562, -0.576118], [0.006875, -0.726141], [0.198687, -0.522531], [-0.138922, -0.585473], [0.286744, -0.259078], [-0.229233, -0.317984], [0.299827, -0.008956], [-0.37765, -0.102324], [0.339311, 0.060798], [-0.43633, -0.04543]], "theta": [1.121529, 0.009517, 0.127368, 3.007782, 0.204777, -1.269422, -0.425532, 0.055445, -0.02761, 0.198896, 0.004815, 0.038893, 0.297776, 0.048213, -0.001379, 0.148814, 0.095997, -0.092465, 0.267201, 0.200446, -0.07073, -0.207644, -0.014141, 0.005287, -0.379132, 0.300136, 0.111684, -0.388376, -0.037933, 0.038823, 0.039074, 0.012853, -0.009016, -0.00095, 0.001105, 0.000691, 0.000928, 0.001491, -0.003815, -0.158414, -0.008788, -0.042847, -0.006761, 0.173366, -0.492448, -0.057325, 0.331593, 0.398635, -0.043088, -0.119111, 0.015838, 0.218896, 0.047061, -0.926018, 0.311981, 0.199169, 0.807634, -0.336379, -0.818809, 0.304939, -0.024012, 0.767448, -0.153034, -0.02893, -0.140157, 0.545354, -0.099056, 0.241203, -0.27183, 0.10996, 0.044104, -0.411752, 0.111008, -0.03991, 0.416965, 0.704737, -0.703698, -0.00353, -2.309456, 0.335736, 0.072406, 1.248061, -2.026669, 0.083246, 0.905585]}