{"hc3d": [[-0.000786, -0.219198, 0.039673], [0.081962, -0.316229, 0.036449], [-0.081733, -0.315674, 0.039171], [-0.003051, -0.104264, 0.004702], [0.139564, -0.698352, 0.124183], [-0.13144, -0.71039, 0.113185], [0.002227, 0.023659, 0.029674], [0.011374, -1.079614, -0.014386], [-0.087155, -1.039238, -0.154534], [0.004222, 0.071161, 0.068277], [0.115899, -1.113802, 0.070387], [-0.125849, -1.131706, -0.056194], [-0.001506, 0.29275, 0.041138], [0.087051, 0.201123, 0.041554], [-0.085757, 0.197134, 0.045902], [0.004325, 0.349138, 0.092498], [0.183345, 0.184229, 0.012485], [-0.187353, 0.181212, 0.07435], [0.270954, -0.071069, -0.015536], [-0.253386, -0.077303, 0.074854], [0.321681, -0.302556, 0.096177], [-0.302317, -0.328689, 0.14746], [0.369545, -0.369826, 0.130751], [-0.319473, -0.413636, 0.165965]], "im2d": [[0.014564, -0.092127], [0.020578, 0.033988], [-0.004205, -0.003549], [0.063593, -0.217646], [-0.103833, 0.464285], [-0.128661, 0.41742], [0.047698, -0.359496], [0.000352, 0.865714], [0.147655, 0.807472], [0.008978, -0.41395], [-0.083636, 0.921833], [0.024254, 0.895077], [0.058243, -0.658708], [0.061435, -0.537489], [0.033217, -0.572144], [0.006547, -0.722909], [0.105282, -0.495407], [-0.013552, -0.579078], [0.125652, -0.191608], [-0.045836, -0.307959], [-0.013145, 0.069046], [-0.155898, -0.045285], [-0.051433, 0.152101], [-0.186425, 0.043704]], "theta": [1.130429, 0.01367, 0.1377, 2.414892, 0.300468, -2.128417, -0.271756, 0.150278, 0.05011, -0.227698, -0.034698, -0.026234, 0.23644, 0.036788, -0.010683, 0.561182, 0.218744, -0.179281, 0.78808, 0.050058, 0.102363, -0.118847, -0.014944, 0.019412, -0.47905, 0.305131, 0.216448, -0.249558, -0.13737, 0.105047, -0.016223, 0.041513, -0.003497, -0.002783, 0.001341, 0.003992, 0.00171, 0.003315, -0.008264, -0.063539, -0.002263, -0.012998, 0.025105, 0.096544, -0.572304, 0.010753, 0.33974, 0.473118, -0.054388, -0.102312, 0.03437, 0.118937, -0.277286, -0.61929, 0.327623, 0.196276, 0.795235, 0.062692, -0.421196, -0.130986, -0.039114, 0.142578, -0.049879, 0.269002, -0.051697, 0.478813, 0.126662, 0.071669, -0.067599, 0.109782, 0.043084, -0.410136, 0.11024, -0.037845, 0.419877, 0.673381, -0.884915, 0.042465, -2.318956, 0.383681, 0.090753, 1.253808, -2.071408, 0.079015, 0.876348]}