{"hc3d": [[-0.000786, -0.219198, 0.039673], [0.081962, -0.316229, 0.036449], [-0.081733, -0.315674, 0.039171], [-0.003051, -0.104264, 0.004702], [0.102142, -0.711485, 0.016464], [-0.141168, -0.694891, 0.167278], [-0.000491, 0.023649, 0.030149], [0.035899, -1.12178, -0.074444], [-0.123647, -1.062112, -0.048633], [-0.001613, 0.070954, 0.069028], [0.11935, -1.148905, 0.033171], [-0.158791, -1.143001, 0.06064], [-0.010803, 0.293332, 0.050728], [0.079578, 0.203507, 0.051637], [-0.093118, 0.19598, 0.04754], [-0.000591, 0.346895, 0.104376], [0.178754, 0.202176, 0.027861], [-0.195325, 0.182183, 0.074887], [0.272472, -0.049355, -0.011975], [-0.273248, -0.072806, 0.064917], [0.334496, -0.262726, 0.126824], [-0.331527, -0.324678, 0.128354], [0.375173, -0.326697, 0.174414], [-0.349965, -0.409422, 0.146554]], "im2d": [[0.016608, -0.092676], [0.02318, 0.034942], [-0.001822, -0.003303], [0.065571, -0.219744], [0.015177, 0.482639], [-0.186749, 0.399918], [0.047902, -0.363614], [0.074572, 0.931354], [0.028981, 0.826665], [0.007742, -0.418949], [-0.038302, 0.974742], [-0.106217, 0.902929], [0.045968, -0.668676], [0.049495, -0.547601], [0.03032, -0.578486], [-0.008857, -0.729244], [0.0896, -0.522075], [-0.015507, -0.587991], [0.12605, -0.217135], [-0.036182, -0.320152], [-0.040694, 0.027848], [-0.137031, -0.055424], [-0.094485, 0.106016], [-0.167247, 0.03409]], "theta": [1.142724, 0.015319, 0.138097, 2.417957, 0.29779, -2.132628, 0.012333, 0.122078, -0.025536, -0.365133, -0.012729, -0.051916, 0.238075, -0.032743, 0.004978, 0.096299, -0.004768, -0.076778, 0.77197, 0.081264, 0.088673, -0.114765, 0.010417, 0.034054, -0.353842, 0.318805, 0.163694, -0.200264, -0.136221, 0.125281, 0.01991, 0.040927, -0.008648, -0.003054, 0.002403, 0.002298, 0.002217, 0.004272, -0.009109, -0.053371, 0.082516, -0.079546, 0.008567, 0.100353, -0.444608, 0.022067, 0.374514, 0.417663, 0.050828, -0.016761, -0.017985, 0.169856, -0.27604, -0.751602, 0.240897, 0.139156, 0.779472, 0.028252, -0.568658, -0.008448, 0.060904, 0.160179, -0.02601, 0.243569, -0.115329, 0.364369, 0.059105, 0.106097, -0.081362, 0.108534, 0.043024, -0.409424, 0.108976, -0.037088, 0.415762, 0.673381, -0.884915, 0.042465, -2.318956, 0.383681, 0.090753, 1.253808, -2.071408, 0.079015, 0.876348]}