{"hc3d": [[-0.000786, -0.219198, 0.039673], [0.081962, -0.316229, 0.036449], [-0.081733, -0.315674, 0.039171], [-0.003051, -0.104264, 0.004702], [0.104316, -0.690231, -0.092611], [-0.108047, -0.660867, 0.248692], [-0.000754, 0.024115, 0.027711], [0.055786, -1.028242, -0.346359], [-0.088289, -1.082186, 0.310947], [-0.004957, 0.069574, 0.068532], [0.132233, -1.096105, -0.252384], [-0.107608, -1.101705, 0.448658], [-0.014, 0.292662, 0.06394], [0.076561, 0.203046, 0.066306], [-0.095204, 0.19565, 0.047878], [-0.00682, 0.342735, 0.121321], [0.178166, 0.203962, 0.057447], [-0.198821, 0.174898, 0.062618], [0.301466, -0.037712, 0.052046], [-0.281179, -0.076309, 0.026521], [0.292522, -0.223962, 0.236084], [-0.31749, -0.32519, 0.113701], [0.305667, -0.274062, 0.309083], [-0.335422, -0.40758, 0.140961]], "im2d": [[0.016608, -0.092677], [0.023181, 0.034942], [-0.001821, -0.003303], [0.065571, -0.219746], [0.140702, 0.465501], [-0.27157, 0.364886], [0.050666, -0.36406], [0.392852, 0.846593], [-0.374896, 0.837015], [0.007738, -0.418145], [0.291039, 0.934695], [-0.53498, 0.846683], [0.030531, -0.669405], [0.032451, -0.548603], [0.02963, -0.578617], [-0.029221, -0.726974], [0.05619, -0.525871], [-0.002706, -0.57996], [0.058472, -0.227114], [0.005911, -0.315895], [-0.166706, -0.03124], [-0.118608, -0.050815], [-0.251778, 0.023689], [-0.158811, 0.035674]], "theta": [1.14273, 0.01532, 0.138097, 2.417958, 0.29779, -2.132629, 0.292561, 0.134972, -0.000719, -0.574936, 0.115083, 0.000995, 0.217375, -0.10132, 0.002669, 0.234416, -0.068446, -0.036363, 0.297238, 0.092076, 0.052798, -0.047741, 0.002579, 0.042987, -0.388149, 0.326859, 0.096697, -0.004249, -0.173856, 0.106185, 0.038388, 0.036238, -0.006384, -0.000453, 0.000633, -0.000346, 0.001889, 0.001574, -0.005037, -0.05891, 0.079093, -0.109472, 0.026125, 0.036404, -0.424863, 0.037257, 0.350522, 0.470535, 0.04815, 0.0295, -0.013822, 0.148891, -0.391867, -0.635114, 0.22508, 0.116235, 0.700811, 0.174334, -0.790043, -0.060296, 0.078094, 0.384848, -0.028311, 0.312998, -0.150938, 0.388733, 0.019652, 0.064401, -0.15632, 0.111044, 0.044458, -0.413061, 0.111115, -0.038142, 0.417627, 0.673381, -0.884915, 0.042465, -2.318956, 0.383681, 0.090753, 1.253808, -2.071408, 0.079015, 0.876348]}