{"hc3d": [[-0.000786, -0.219198, 0.039673], [0.081962, -0.316229, 0.036449], [-0.081733, -0.315674, 0.039171], [-0.003051, -0.104264, 0.004702], [0.108826, -0.688267, -0.097342], [-0.102457, -0.66184, 0.247711], [-0.000847, 0.024504, 0.02543], [0.074651, -1.001636, -0.383045], [-0.085709, -1.086838, 0.277251], [-0.005748, 0.069562, 0.066617], [0.148584, -1.082402, -0.297654], [-0.107154, -1.120899, 0.411781], [-0.013767, 0.292682, 0.061668], [0.076366, 0.202681, 0.065424], [-0.095147, 0.196001, 0.044542], [-0.00732, 0.343842, 0.11817], [0.178157, 0.201552, 0.059084], [-0.199285, 0.176647, 0.057394], [0.297274, -0.042242, 0.062809], [-0.281667, -0.073915, 0.017114], [0.297389, -0.236082, 0.239062], [-0.329558, -0.325349, 0.090245], [0.310734, -0.292967, 0.306868], [-0.353616, -0.406804, 0.115524]], "im2d": [[0.016609, -0.092677], [0.023181, 0.034943], [-0.001821, -0.003303], [0.065572, -0.219746], [0.146827, 0.464603], [-0.269792, 0.367309], [0.053268, -0.364389], [0.439144, 0.823223], [-0.336808, 0.844699], [0.009798, -0.418206], [0.34562, 0.92566], [-0.494805, 0.87032], [0.033135, -0.669246], [0.033393, -0.548191], [0.033443, -0.578809], [-0.025629, -0.728149], [0.054133, -0.523271], [0.003291, -0.581729], [0.045347, -0.223613], [0.016693, -0.318156], [-0.170445, -0.016741], [-0.093696, -0.052083], [-0.250186, 0.046112], [-0.1324, 0.03207]], "theta": [1.142731, 0.01532, 0.138097, 2.417958, 0.29779, -2.132629, 0.304777, 0.132281, 0.01127, -0.572775, 0.113332, 0.016107, 0.19919, -0.12045, 0.003155, 0.314391, -0.085759, -0.010614, 0.373479, 0.107913, 0.047913, -0.01974, 0.004528, 0.042334, -0.345749, 0.329527, 0.063992, 0.023997, -0.204672, 0.107543, 0.027273, 0.038146, -0.010422, -0.000454, 0.000638, -0.000423, 0.001885, 0.001696, -0.005089, -0.077293, 0.077707, -0.107647, 0.028176, 0.022812, -0.437996, 0.027468, 0.345917, 0.46302, 0.04723, 0.056031, 0.000142, 0.122896, -0.404022, -0.626747, 0.226724, 0.101511, 0.715752, 0.189385, -0.697917, -0.055703, 0.084852, 0.332411, -0.028335, 0.300269, -0.141731, 0.325296, 0.01289, 0.074876, -0.2012, 0.110982, 0.04463, -0.412863, 0.111042, -0.03867, 0.417549, 0.673381, -0.884915, 0.042465, -2.318956, 0.383681, 0.090753, 1.253808, -2.071408, 0.079015, 0.876348]}