{"hc3d": [[-0.000677, -0.219095, 0.040777], [0.082896, -0.316212, 0.037989], [-0.082443, -0.315699, 0.040795], [-0.00291, -0.104216, 0.005247], [0.116669, -0.706825, 0.005163], [-0.126657, -0.677346, 0.210377], [0.00072, 0.020389, 0.040656], [0.007284, -1.097141, -0.114606], [-0.144911, -1.055731, 0.02066], [-0.00272, 0.065989, 0.081651], [0.113025, -1.108589, -0.026286], [-0.145029, -1.104936, 0.151552], [-0.013385, 0.288846, 0.067081], [0.077967, 0.200147, 0.073578], [-0.094187, 0.190707, 0.055845], [-0.001682, 0.346661, 0.114682], [0.179267, 0.203018, 0.06149], [-0.196791, 0.173486, 0.079358], [0.286279, -0.042788, 0.031093], [-0.286822, -0.072538, 0.036084], [0.296248, -0.154217, 0.266349], [-0.280525, -0.306579, 0.159438], [0.333346, -0.180797, 0.343053], [-0.281628, -0.384246, 0.201637]], "im2d": [[0.014785, -0.09234], [0.054013, 0.032194], [-0.031475, -0.000558], [0.056104, -0.222154], [0.08255, 0.473291], [-0.24577, 0.400136], [0.028891, -0.359175], [0.127772, 0.883048], [-0.083324, 0.811913], [-0.011909, -0.409261], [0.090362, 0.91957], [-0.218968, 0.871379], [0.009909, -0.660414], [0.044071, -0.543423], [-0.02453, -0.567127], [-0.029347, -0.720936], [0.107149, -0.527274], [-0.100654, -0.567123], [0.177872, -0.2333], [-0.115393, -0.311827], [-0.06211, -0.098791], [-0.250432, -0.045223], [-0.12289, -0.059201], [-0.298124, 0.042673]], "theta": [1.132829, 0.013728, 0.137582, 2.765041, 0.21329, -1.712286, 0.031628, 0.237089, 0.019963, -0.468994, 0.088613, -0.035339, 0.32245, -0.080611, -0.01152, 0.204886, 0.108209, -0.158739, 0.804655, 0.135103, 0.08549, -0.163822, -0.003079, 0.056313, -0.564962, 0.291653, 0.270145, -0.369501, 0.015358, 0.037402, 0.011716, 0.030554, 0.011177, -0.000888, 0.000192, 0.001438, 0.002042, 0.001973, -0.006857, -0.186169, 0.134295, -0.150886, -0.0166, 0.059059, -0.410071, 0.071115, 0.416604, 0.420301, -0.141865, -0.01077, -0.004749, 0.173201, -0.264049, -0.757803, 0.348826, 0.090607, 0.755338, -0.060259, -1.112134, 0.087875, 0.158981, 0.608509, -0.129609, 0.283066, -0.027789, 0.506822, 0.192695, 0.101549, -0.135575, 0.111198, 0.045182, -0.410956, 0.111281, -0.038386, 0.420859, 0.611537, -1.048305, 0.072607, -2.34485, 0.402982, 0.075288, 1.25734, -2.112961, 0.085463, 0.867857]}