{"hc3d": [[-0.000677, -0.219095, 0.040777], [0.082896, -0.316212, 0.037989], [-0.082443, -0.315699, 0.040795], [-0.00291, -0.104216, 0.005247], [0.131735, -0.683862, -0.09333], [-0.081, -0.644928, 0.271248], [-0.000658, 0.022031, 0.034404], [0.052111, -0.988205, -0.375627], [-0.096268, -1.059273, 0.358343], [-0.006188, 0.066906, 0.075965], [0.151785, -1.050909, -0.303198], [-0.069725, -1.072993, 0.494949], [-0.001159, 0.290437, 0.076133], [0.083263, 0.195318, 0.085089], [-0.086501, 0.19912, 0.050355], [5.7e-05, 0.34878, 0.124507], [0.184629, 0.184, 0.088659], [-0.192223, 0.185819, 0.055158], [0.282716, -0.062084, 0.139825], [-0.304476, -0.03788, -0.03352], [0.286018, -0.242181, 0.328014], [-0.335262, -0.248135, 0.1242], [0.307565, -0.286572, 0.402388], [-0.353327, -0.31638, 0.177402]], "im2d": [[0.015846, -0.092644], [0.055493, 0.032619], [-0.030415, -0.000396], [0.057143, -0.223278], [0.194483, 0.449544], [-0.282603, 0.377919], [0.035246, -0.363309], [0.42648, 0.764418], [-0.401348, 0.842932], [-0.007574, -0.41314], [0.399248, 0.857127], [-0.528238, 0.868759], [0.006724, -0.662836], [0.034912, -0.539198], [-0.01471, -0.578206], [-0.038944, -0.726182], [0.08159, -0.506415], [-0.073442, -0.583917], [0.065476, -0.209167], [-0.05124, -0.358518], [-0.134654, 0.000649], [-0.238995, -0.122754], [-0.202145, 0.057514], [-0.306044, -0.047741]], "theta": [1.139297, 0.014586, 0.137778, 2.766596, 0.21194, -1.714422, 0.288269, 0.197474, 0.083001, -0.637537, 0.249386, 0.029124, 0.270657, -0.167767, -0.006613, 0.371451, 0.068748, -0.096748, 0.319316, 0.224251, -0.008198, -0.094324, -0.009127, 0.026803, -0.451986, 0.325328, 0.155925, 0.019323, -0.046616, 0.116947, 0.052957, 0.010481, -0.026299, -0.001257, 0.001084, 0.000524, 0.001931, 0.001656, -0.005761, -0.254734, 0.017889, -0.068364, -0.009227, -0.013409, -0.472216, 0.03685, 0.35504, 0.456035, -0.088318, 0.036364, 0.049925, -0.014474, -0.474832, -0.560296, 0.329373, -0.028863, 0.68401, 0.131705, -0.550744, -0.052862, 0.079996, 0.880477, -0.198047, 0.387965, -0.133555, 0.441764, 0.032868, 0.073243, -0.193636, 0.109846, 0.044473, -0.411002, 0.110897, -0.037628, 0.417414, 0.611537, -1.048305, 0.072607, -2.34485, 0.402982, 0.075288, 1.25734, -2.112961, 0.085463, 0.867857]}