{"hc3d": [[-0.000677, -0.219095, 0.040777], [0.082896, -0.316212, 0.037989], [-0.082443, -0.315699, 0.040795], [-0.00291, -0.104216, 0.005247], [0.174894, -0.696155, -0.006469], [-0.088856, -0.679827, 0.210712], [0.000624, 0.022311, 0.03303], [0.029998, -0.903953, -0.34482], [-0.09629, -1.098411, 0.145653], [-0.004857, 0.066234, 0.075603], [0.136459, -0.981658, -0.303098], [-0.083331, -1.141744, 0.277971], [-0.004966, 0.289228, 0.059333], [0.081883, 0.196763, 0.072075], [-0.089039, 0.194545, 0.043414], [0.000549, 0.350412, 0.103734], [0.182907, 0.182398, 0.070151], [-0.192685, 0.17277, 0.056087], [0.270096, -0.072228, 0.089123], [-0.276636, -0.074571, 0.008336], [0.311737, -0.266759, 0.257305], [-0.300938, -0.31642, 0.112976], [0.345616, -0.329287, 0.311237], [-0.315726, -0.394852, 0.150975]], "im2d": [[0.015969, -0.09269], [0.055661, 0.032664], [-0.030301, -0.000382], [0.057271, -0.223423], [0.127112, 0.475487], [-0.226551, 0.413545], [0.037394, -0.363659], [0.38896, 0.667136], [-0.186094, 0.879351], [-0.006527, -0.412396], [0.395709, 0.776925], [-0.317102, 0.935626], [0.021919, -0.663308], [0.047636, -0.541932], [-0.009122, -0.574224], [-0.017424, -0.729179], [0.099626, -0.505978], [-0.075338, -0.569721], [0.110513, -0.202305], [-0.081919, -0.31051], [-0.050775, 0.030688], [-0.213946, -0.03985], [-0.092184, 0.109613], [-0.264387, 0.046721]], "theta": [1.140105, 0.014684, 0.137796, 2.76674, 0.21182, -1.714619, 0.044615, 0.233101, 0.173268, -0.467608, 0.164234, 0.046456, 0.259634, -0.149149, -0.014071, 0.935836, 0.168976, -0.144674, 0.496011, 0.223126, 0.051748, -0.060229, -0.00809, 0.042005, -0.526226, 0.297671, 0.157962, -0.122526, -0.099942, 0.116571, -0.038763, 0.033079, -0.008378, -0.002554, 0.002128, 0.001807, 0.002047, 0.003195, -0.007468, -0.2454, 0.098557, -0.078596, 0.007915, 0.004553, -0.531719, 0.068441, 0.390614, 0.513087, -0.080376, 0.028403, 0.044033, 0.042169, -0.360194, -0.63277, 0.321386, 0.084763, 0.709502, -0.005411, -0.492095, 0.018504, 0.158262, 0.493786, -0.104436, 0.213719, -0.04945, 0.324098, 0.087819, 0.092699, -0.194985, 0.108818, 0.043108, -0.410138, 0.109389, -0.037602, 0.416178, 0.611537, -1.048305, 0.072607, -2.34485, 0.402982, 0.075288, 1.25734, -2.112961, 0.085463, 0.867857]}