{"hc3d": [[-0.000677, -0.219095, 0.040777], [0.082896, -0.316212, 0.037989], [-0.082443, -0.315699, 0.040795], [-0.00291, -0.104216, 0.005247], [0.181098, -0.697091, 0.047161], [-0.097805, -0.692362, 0.180047], [0.001634, 0.021259, 0.037321], [0.027366, -0.906455, -0.28629], [-0.091613, -1.099511, 0.063037], [-0.003965, 0.064228, 0.080842], [0.132408, -0.984487, -0.24168], [-0.086161, -1.149724, 0.193433], [-0.009263, 0.287048, 0.063102], [0.079804, 0.196602, 0.074998], [-0.09148, 0.190433, 0.04922], [-0.002867, 0.347331, 0.108603], [0.18119, 0.185241, 0.072214], [-0.195077, 0.169978, 0.064268], [0.276523, -0.066546, 0.054573], [-0.285172, -0.073076, 0.006708], [0.310878, -0.23602, 0.249406], [-0.28408, -0.306735, 0.130938], [0.341889, -0.295121, 0.308665], [-0.289877, -0.381732, 0.177371]], "im2d": [[0.015982, -0.092695], [0.05568, 0.032668], [-0.030289, -0.000381], [0.057286, -0.22344], [0.075405, 0.479864], [-0.200376, 0.424709], [0.033471, -0.362142], [0.327746, 0.671724], [-0.099355, 0.878403], [-0.011533, -0.409798], [0.330814, 0.781721], [-0.232548, 0.940853], [0.015794, -0.661613], [0.043602, -0.542089], [-0.016498, -0.569911], [-0.024282, -0.726262], [0.096817, -0.509465], [-0.085052, -0.566788], [0.149374, -0.208757], [-0.084463, -0.313958], [-0.04149, -0.004275], [-0.223312, -0.046707], [-0.089605, 0.07045], [-0.277673, 0.038112]], "theta": [1.140198, 0.014694, 0.137797, 2.766754, 0.211809, -1.714638, -0.091732, 0.212978, 0.172773, -0.386943, 0.115329, 0.037771, 0.293947, -0.125343, -0.022078, 1.064314, 0.199428, -0.15234, 0.532212, 0.214491, 0.087574, -0.072006, -0.013429, 0.064423, -0.535249, 0.279188, 0.19643, -0.193429, -0.110334, 0.100003, -0.064536, 0.038089, 0.000259, -0.003809, 0.002981, 0.002999, 0.002321, 0.004375, -0.009472, -0.219988, 0.102383, -0.101737, 0.005819, -0.001534, -0.522343, 0.083707, 0.388038, 0.477763, -0.110187, 0.021565, 0.053492, 0.081645, -0.223819, -0.670019, 0.350917, 0.05221, 0.720996, -0.020059, -0.770564, 0.057354, 0.218844, 0.651187, -0.14159, 0.194865, -0.003334, 0.287334, 0.162037, 0.101747, -0.201497, 0.107681, 0.042354, -0.40825, 0.108266, -0.03648, 0.415649, 0.611537, -1.048305, 0.072607, -2.34485, 0.402982, 0.075288, 1.25734, -2.112961, 0.085463, 0.867857]}