{"hc3d": [[-0.000677, -0.219095, 0.040777], [0.082896, -0.316212, 0.037989], [-0.082443, -0.315699, 0.040795], [-0.00291, -0.104216, 0.005247], [0.207871, -0.680633, 0.117833], [-0.110016, -0.703732, 0.141652], [-0.001263, 0.018404, 0.047142], [-0.049888, -0.975393, -0.041331], [-0.274278, -0.991873, -0.121963], [-0.006468, 0.062706, 0.089354], [0.082582, -0.991479, -0.005198], [-0.18549, -1.04161, -0.026063], [-0.01616, 0.28565, 0.075443], [0.074619, 0.19684, 0.086702], [-0.096229, 0.187642, 0.059013], [-0.015169, 0.346494, 0.120635], [0.174556, 0.187918, 0.068022], [-0.200163, 0.170927, 0.076204], [0.222598, -0.055489, -0.038004], [-0.28472, -0.080343, 0.091013], [0.341137, -0.252975, 0.08369], [-0.228735, -0.227184, 0.303931], [0.408008, -0.310971, 0.09513], [-0.21576, -0.265123, 0.382713]], "im2d": [[0.016003, -0.092704], [0.055707, 0.032675], [-0.030271, -0.000379], [0.057309, -0.223466], [0.017547, 0.469453], [-0.167871, 0.433646], [0.021841, -0.359171], [0.034935, 0.743393], [0.003642, 0.714561], [-0.021564, -0.408302], [0.063758, 0.788951], [-0.052379, 0.791586], [-0.000356, -0.661007], [0.029058, -0.54299], [-0.029039, -0.567405], [-0.04281, -0.72737], [0.097928, -0.513997], [-0.099761, -0.568465], [0.217502, -0.235384], [-0.170787, -0.302504], [0.142213, 0.014348], [-0.368075, -0.118436], [0.161059, 0.093071], [-0.444093, -0.070257]], "theta": [1.140342, 0.01471, 0.1378, 2.766772, 0.211795, -1.714662, -0.31611, 0.374536, 0.20842, -0.27056, 0.275973, -0.004966, 0.374594, -0.113936, -0.002863, 0.97045, 0.356486, -0.388007, 0.953404, 0.488586, 0.065654, -0.184852, -0.028851, 0.046198, -0.84308, 0.367365, 0.491914, -0.703608, 0.21887, -0.001463, -0.013725, 0.033201, 0.026497, -0.0065, 0.004633, 0.006432, 0.002561, 0.005414, -0.012001, -0.247718, 0.01637, -0.098394, -0.023399, 0.161268, -0.548442, 0.121936, 0.405514, 0.410658, -0.025743, -0.047823, 0.003053, 0.191944, -0.000132, -0.86254, 0.31463, 0.371536, 0.633993, -0.38886, -0.772697, 0.220607, 0.058634, 0.879987, -0.261704, 0.072996, 0.060809, 0.550663, 0.23207, 0.154743, -0.267958, 0.105623, 0.040558, -0.405983, 0.107036, -0.032354, 0.414908, 0.611537, -1.048305, 0.072607, -2.34485, 0.402982, 0.075288, 1.25734, -2.112961, 0.085463, 0.867857]}