{"hc3d": [[-0.000922, -0.21858, 0.03819], [0.080684, -0.315371, 0.034344], [-0.080728, -0.314765, 0.036993], [-0.003229, -0.103836, 0.004134], [0.061651, -0.714696, 0.024071], [-0.154225, -0.673808, 0.216786], [0.001352, 0.025681, 0.024681], [0.013016, -1.126281, -0.086524], [-0.115024, -1.049451, 0.011774], [0.001758, 0.070918, 0.065403], [0.030539, -1.172217, 0.044045], [-0.187683, -1.131816, 0.100206], [0.001979, 0.293401, 0.072823], [0.088162, 0.200378, 0.064483], [-0.083521, 0.200772, 0.056444], [0.004259, 0.343104, 0.132039], [0.188945, 0.187006, 0.064297], [-0.186563, 0.188068, 0.079898], [0.255609, -0.069365, -0.002987], [-0.256595, -0.070901, 0.087779], [0.236831, -0.300642, 0.122574], [-0.332813, -0.312083, 0.176789], [0.255609, -0.36798, 0.178817], [-0.3596, -0.39042, 0.20886]], "im2d": [[0.003184, -0.115166], [-0.074606, -0.005885], [0.073694, -0.015995], [0.029819, -0.232754], [-0.068646, 0.424168], [0.023437, 0.334747], [0.019533, -0.375312], [0.02153, 0.883151], [0.087599, 0.776361], [-0.002106, -0.430989], [-0.071308, 0.910871], [0.100905, 0.845526], [0.003239, -0.671465], [-0.076066, -0.565201], [0.087859, -0.573801], [-0.030502, -0.735046], [-0.170072, -0.545172], [0.169528, -0.569956], [-0.204793, -0.254149], [0.218622, -0.296798], [-0.26924, -0.028318], [0.227915, -0.05718], [-0.321743, 0.035372], [0.231013, 0.019988]], "theta": [1.090471, 0.003841, 0.112969, 0.859028, 0.263681, -3.016212, 0.000972, -0.143755, -0.134765, -0.504004, -0.042661, -0.078551, 0.193625, -0.007801, -0.007021, 0.124838, -0.155982, -0.01835, 0.898881, -0.103842, 0.036614, -0.012544, -0.004991, 0.022921, -0.27565, 0.279869, -0.008373, -0.112507, -0.212849, 0.057345, 0.068958, 0.001374, -0.023965, -0.001598, 0.001324, 0.000698, 0.001764, 0.002914, -0.007112, -0.080525, -0.077884, -0.051427, 0.021391, -0.132026, -0.485966, -0.033735, 0.377548, 0.429382, 0.146458, -0.019165, -0.005401, 0.250121, -0.200649, -0.796116, 0.042433, 0.20539, 0.760052, 0.046561, -0.676091, -0.008275, -0.334437, 0.18431, -0.060561, 0.078025, -0.185841, 0.491078, -0.367887, 0.141616, -0.160698, 0.110016, 0.043847, -0.411445, 0.109896, -0.037493, 0.41753, 0.734352, -0.656921, -0.014586, -2.314079, 0.315648, 0.089029, 1.242634, -2.022285, 0.105523, 0.883088]}