{"hc3d": [[-0.000922, -0.21858, 0.03819], [0.080684, -0.315371, 0.034344], [-0.080728, -0.314765, 0.036993], [-0.003229, -0.103836, 0.004134], [0.082996, -0.682053, 0.193927], [-0.136136, -0.719199, 0.035548], [-0.003523, 0.025884, 0.023896], [0.102995, -1.077863, 0.029813], [-0.089398, -1.137233, -0.052419], [-0.002664, 0.071177, 0.064548], [0.129359, -1.141574, 0.151103], [-0.152504, -1.18397, 0.064699], [-0.009617, 0.293597, 0.070447], [0.079088, 0.203461, 0.057914], [-0.092689, 0.198003, 0.05951], [-0.007112, 0.341158, 0.131386], [0.180276, 0.196262, 0.051187], [-0.191716, 0.184582, 0.096153], [0.226995, -0.049331, -0.059262], [-0.254948, -0.062653, 0.179268], [0.219011, -0.309, -0.013268], [-0.294468, -0.272743, 0.341136], [0.23299, -0.394743, 0.00916], [-0.309739, -0.33969, 0.397418]], "im2d": [[0.003234, -0.115199], [-0.074573, -0.005872], [0.073777, -0.015999], [0.029869, -0.232832], [-0.183983, 0.360958], [0.108278, 0.41614], [0.024548, -0.375795], [-0.12618, 0.816247], [0.096786, 0.883617], [0.002518, -0.431513], [-0.222737, 0.865206], [0.08641, 0.910047], [0.01537, -0.672144], [-0.063774, -0.568071], [0.094535, -0.572073], [-0.019679, -0.733728], [-0.154179, -0.55351], [0.164939, -0.569525], [-0.145239, -0.2676], [0.165301, -0.321562], [-0.175503, 0.003259], [0.100295, -0.125885], [-0.205058, 0.09237], [0.07938, -0.064496]], "theta": [1.090861, 0.003886, 0.112976, 0.859084, 0.263635, -3.016289, -0.423121, -0.278831, -0.025244, -0.040479, -0.062972, -0.041296, 0.188106, 0.029126, 0.032397, 0.693049, 0.037085, -0.050109, 0.134542, 0.024944, 0.10601, -0.00773, -0.000373, 0.00569, -0.219618, 0.216426, 0.030471, -0.168345, -0.241912, 0.024652, 0.062425, 0.017915, -0.020144, -0.000126, 0.000517, -0.001013, 0.001278, 0.001645, -0.004816, -0.035653, -0.115793, -0.059193, 0.023444, -0.11549, -0.462038, -0.036696, 0.445638, 0.392799, 0.135615, 0.002782, -0.023542, 0.322317, -0.100813, -0.941404, -0.084896, 0.355836, 0.634035, 0.164262, -0.493216, -0.020625, -0.199285, 0.227055, -0.014613, 0.216097, -0.129111, 0.330906, -0.081069, 0.143516, -0.162831, 0.110913, 0.044931, -0.412818, 0.11082, -0.038949, 0.418019, 0.734352, -0.656921, -0.014586, -2.314079, 0.315648, 0.089029, 1.242634, -2.022285, 0.105523, 0.883088]}