{"hc3d": [[-0.000838, -0.21887, 0.038996], [0.081421, -0.315794, 0.035484], [-0.081295, -0.315212, 0.038167], [-0.003124, -0.104028, 0.004442], [0.090285, -0.651596, 0.24912], [-0.156551, -0.713821, 0.063359], [-0.002713, 0.024935, 0.025969], [0.080793, -0.98472, -0.018233], [-0.102619, -1.131453, -0.013735], [-0.00039, 0.067921, 0.069285], [0.126851, -1.055904, 0.092201], [-0.173924, -1.176886, 0.098811], [-0.005145, 0.290476, 0.083407], [0.0826, 0.20007, 0.065169], [-0.089694, 0.195912, 0.071763], [-0.004548, 0.331899, 0.148241], [0.183246, 0.186511, 0.056946], [-0.187522, 0.177293, 0.109873], [0.245975, -0.062322, -0.034604], [-0.244442, -0.061237, 0.217384], [0.212009, -0.2981, 0.076951], [-0.242023, -0.250585, 0.406045], [0.229186, -0.370843, 0.126504], [-0.251067, -0.305696, 0.475046]], "im2d": [[0.000929, -0.077758], [-0.088641, 0.032337], [0.084379, 0.029787], [0.019375, -0.202617], [-0.185877, 0.383866], [0.143773, 0.473786], [0.014956, -0.350076], [-0.088404, 0.790229], [0.101684, 0.952741], [-0.002005, -0.403566], [-0.179957, 0.857315], [0.135618, 0.989511], [0.004588, -0.655315], [-0.085295, -0.550713], [0.096402, -0.548503], [-0.018401, -0.709662], [-0.190319, -0.533516], [0.186579, -0.533132], [-0.231513, -0.242347], [0.201197, -0.278705], [-0.242826, 0.008722], [0.124313, -0.088741], [-0.281394, 0.084624], [0.107231, -0.035244]], "theta": [1.12982, 0.001661, 0.150047, 0.512821, 0.167405, -3.085719, -0.577718, -0.277762, 0.013655, -0.114836, -0.100245, -0.089689, 0.20618, 0.068059, 0.028881, 1.117593, 0.19256, -0.148193, 0.197707, -0.041307, 0.148275, 0.025608, -0.011233, 0.005535, -0.414986, 0.220605, 0.084959, -0.168575, -0.216345, 0.045219, 0.051593, 0.017422, -0.025164, 0.001667, -0.001506, -0.001473, 0.001438, 0.000129, -0.004108, 0.017458, -0.201007, -0.064746, -0.001125, -0.154205, -0.510315, -0.018428, 0.446336, 0.433697, 0.214, -0.08193, -0.005362, 0.26254, -0.12809, -0.801953, -0.019869, 0.505002, 0.508322, 0.094378, -0.736662, -0.105888, -0.343494, 0.321731, 0.03189, 0.176458, -0.143524, 0.495485, -0.124298, 0.173162, -0.274184, 0.113016, 0.046647, -0.413681, 0.112856, -0.039346, 0.422675, 0.708624, -0.781583, -0.002346, -2.322707, 0.367715, 0.070069, 1.241134, -2.048133, 0.09974, 0.865918]}