{"hc3d": [[-0.000838, -0.21887, 0.038996], [0.081421, -0.315794, 0.035484], [-0.081295, -0.315212, 0.038167], [-0.003124, -0.104028, 0.004442], [0.046175, -0.619369, 0.290595], [-0.182835, -0.70743, 0.070448], [-0.003567, 0.024466, 0.028614], [0.050617, -0.940313, 0.008612], [-0.1296, -1.00522, -0.232464], [0.00059, 0.066409, 0.072806], [0.088164, -0.990257, 0.133031], [-0.193269, -1.080951, -0.132332], [0.001391, 0.287829, 0.099731], [0.086714, 0.196579, 0.07527], [-0.085549, 0.196117, 0.083709], [-0.001215, 0.33214, 0.162574], [0.18772, 0.183938, 0.07091], [-0.181755, 0.185115, 0.128348], [0.247301, -0.057825, -0.039702], [-0.238967, -0.047855, 0.247289], [0.220845, -0.266425, 0.118334], [-0.21773, -0.183106, 0.47687], [0.233421, -0.331723, 0.178503], [-0.225589, -0.218502, 0.557898]], "im2d": [[0.002001, -0.078009], [-0.087827, 0.033005], [0.086234, 0.030016], [0.020266, -0.203732], [-0.151832, 0.345213], [0.172952, 0.468316], [0.015357, -0.351901], [-0.061786, 0.741892], [0.218826, 0.841928], [-0.004202, -0.404563], [-0.149216, 0.783914], [0.248489, 0.914764], [-0.008937, -0.658105], [-0.094213, -0.550958], [0.087975, -0.553574], [-0.028005, -0.715762], [-0.201605, -0.534897], [0.174772, -0.547672], [-0.231646, -0.247585], [0.186313, -0.299243], [-0.266882, -0.031012], [0.075496, -0.173578], [-0.304276, 0.035757], [0.053236, -0.143366]], "theta": [1.136944, 0.002598, 0.150258, 0.514496, 0.165956, -3.088018, -0.720481, -0.370611, -0.054512, -0.139487, -0.116866, -0.154647, 0.226705, 0.091558, 0.037882, 1.289519, 0.189005, -0.1952, 0.829906, 0.03573, 0.139756, 0.029678, -0.014501, -0.021453, -0.591654, 0.275085, 0.249889, -0.441618, -0.127321, -0.050914, 0.086697, 0.001615, -0.025689, -0.000587, 0.000558, -0.000504, 0.001115, 0.00184, -0.005596, -0.079911, -0.301335, -0.055119, -0.008999, -0.201648, -0.464518, -0.03907, 0.490618, 0.349844, 0.27777, -0.122504, 0.017859, 0.220773, -0.062727, -0.838257, -0.066782, 0.545823, 0.518317, 0.014185, -0.98116, -0.00815, -0.415426, 0.525404, -0.067691, 0.104437, -0.166552, 0.404591, -0.132619, 0.159512, -0.329094, 0.110497, 0.045665, -0.411092, 0.11073, -0.03912, 0.41861, 0.708624, -0.781583, -0.002346, -2.322707, 0.367715, 0.070069, 1.241134, -2.048133, 0.09974, 0.865918]}