{"hc3d": [[-0.000838, -0.21887, 0.038996], [0.081421, -0.315794, 0.035484], [-0.081295, -0.315212, 0.038167], [-0.003124, -0.104028, 0.004442], [0.057955, -0.712343, 0.009402], [-0.164556, -0.623589, 0.28948], [0.005925, 0.023322, 0.03264], [0.003665, -1.110284, -0.136316], [-0.1426, -1.045634, 0.221187], [0.007012, 0.065449, 0.07684], [0.027823, -1.157343, -0.007529], [-0.215621, -1.096898, 0.330069], [0.015828, 0.286125, 0.108096], [0.098745, 0.190681, 0.093261], [-0.072899, 0.199512, 0.078907], [0.011221, 0.331994, 0.169694], [0.198886, 0.173998, 0.101894], [-0.177633, 0.188712, 0.095751], [0.270399, -0.078664, 0.029214], [-0.241847, -0.063099, 0.031225], [0.134481, -0.109406, 0.252307], [-0.291365, -0.281861, 0.17663], [0.126947, -0.110387, 0.341663], [-0.315876, -0.352954, 0.223801]], "im2d": [[0.002051, -0.078027], [-0.087796, 0.033031], [0.086321, 0.030028], [0.020313, -0.203794], [-0.063701, 0.484331], [0.075244, 0.347639], [0.003666, -0.351083], [0.037471, 0.951155], [0.06528, 0.833395], [-0.0126, -0.404006], [-0.037107, 0.989248], [0.102467, 0.877419], [-0.027593, -0.65721], [-0.113949, -0.546461], [0.076257, -0.556864], [-0.044021, -0.716521], [-0.225326, -0.527382], [0.182473, -0.54797], [-0.282417, -0.232044], [0.268454, -0.25626], [-0.218951, -0.225692], [0.262401, -0.02689], [-0.243694, -0.23538], [0.269522, 0.047555]], "theta": [1.137322, 0.002642, 0.150265, 0.514551, 0.165911, -3.088093, 0.038049, -0.111074, -0.146638, -0.721381, -0.039249, -0.106557, 0.257212, -0.005764, -0.042395, 0.176697, -0.087671, -0.012512, 0.780043, -0.17064, 0.00781, -0.007039, -0.014729, 0.037244, -0.347181, 0.218609, 0.023654, -0.050408, -0.119631, 0.029624, 0.110273, -0.033789, -0.034989, -0.000387, 0.000733, -0.000901, 0.001099, 0.001701, -0.004306, -0.12449, -0.242334, -0.066116, 0.016678, -0.192202, -0.452421, -0.015033, 0.365559, 0.431835, 0.251096, -0.189891, 0.0072, 0.253037, -0.231969, -0.766746, 0.193009, 0.171996, 0.875177, 0.073973, -1.679815, 0.135192, -0.41173, 0.67796, -0.206086, 0.077253, -0.140307, 0.620782, -0.429146, 0.102565, -0.238759, 0.110685, 0.044781, -0.411762, 0.11054, -0.040462, 0.417962, 0.708624, -0.781583, -0.002346, -2.322707, 0.367715, 0.070069, 1.241134, -2.048133, 0.09974, 0.865918]}