{"hc3d": [[-0.000838, -0.21887, 0.038996], [0.081421, -0.315794, 0.035484], [-0.081295, -0.315212, 0.038167], [-0.003124, -0.104028, 0.004442], [0.0731, -0.711691, 0.076444], [-0.134157, -0.684538, 0.199386], [0.000751, 0.024701, 0.027], [0.048806, -0.983419, -0.25236], [-0.069357, -1.097485, 0.106952], [0.001829, 0.066406, 0.071599], [0.079734, -1.068331, -0.146446], [-0.142712, -1.145032, 0.217286], [0.000102, 0.288942, 0.08667], [0.087326, 0.19697, 0.074924], [-0.084992, 0.19606, 0.067742], [-0.00394, 0.338146, 0.145681], [0.186196, 0.176997, 0.089304], [-0.183218, 0.173121, 0.10231], [0.218831, -0.064577, -0.032399], [-0.186186, -0.091604, 0.142404], [0.089497, -0.268289, 0.072307], [-0.156809, -0.32267, 0.27354], [0.069675, -0.342799, 0.118105], [-0.153048, -0.397395, 0.321313]], "im2d": [[0.002053, -0.078027], [-0.087795, 0.033032], [0.086323, 0.030028], [0.020314, -0.203796], [-0.104606, 0.475758], [0.073983, 0.427743], [0.011344, -0.352035], [0.034964, 0.822151], [0.027031, 0.906639], [-0.005071, -0.404529], [-0.039522, 0.905878], [0.064145, 0.946283], [-0.002724, -0.658032], [-0.094755, -0.551524], [0.093279, -0.551778], [-0.018721, -0.720797], [-0.206966, -0.529428], [0.185654, -0.531199], [-0.203915, -0.241239], [0.166952, -0.236651], [-0.108726, -0.025004], [0.080914, 0.009327], [-0.106238, 0.053529], [0.057294, 0.088161]], "theta": [1.137334, 0.002643, 0.150265, 0.514552, 0.16591, -3.088094, -0.127628, -0.135956, -0.098248, -0.450756, -0.018666, -0.032569, 0.213157, -0.004281, -0.002269, 0.868404, -0.003498, -0.097499, 0.5709, -0.199166, 0.067739, 0.046682, 0.000954, 0.011684, -0.533528, 0.22278, 0.065737, -0.174332, -0.151936, -0.023083, 0.028371, -0.000798, -0.008909, -0.002188, 0.001533, 0.001623, 0.00166, 0.002656, -0.007, -0.112333, -0.20951, -0.05081, 0.031557, -0.304872, -0.512528, 0.017235, 0.502257, 0.475218, 0.199051, -0.120819, -0.007621, 0.377618, -0.070051, -0.995061, -0.029134, 0.431674, 0.805806, 0.232023, -0.970053, 0.004939, -0.136332, 0.272056, -0.018268, -0.068535, -0.060179, 0.436601, -0.253954, 0.13708, -0.216668, 0.109393, 0.043255, -0.410877, 0.109084, -0.036503, 0.417013, 0.708624, -0.781583, -0.002346, -2.322707, 0.367715, 0.070069, 1.241134, -2.048133, 0.09974, 0.865918]}