{"hc3d": [[-0.000838, -0.21887, 0.038996], [0.081421, -0.315794, 0.035484], [-0.081295, -0.315212, 0.038167], [-0.003124, -0.104028, 0.004442], [0.08655, -0.708343, 0.10152], [-0.135835, -0.706652, 0.132971], [-0.00061, 0.025081, 0.024927], [0.04474, -1.024605, -0.182679], [-0.060818, -1.123067, 0.067865], [0.000483, 0.066513, 0.069779], [0.082797, -1.104504, -0.075197], [-0.139224, -1.166867, 0.176259], [-0.006767, 0.28923, 0.079631], [0.082495, 0.199312, 0.067307], [-0.089876, 0.193717, 0.065609], [-0.008071, 0.336937, 0.13998], [0.182417, 0.182303, 0.077672], [-0.184814, 0.167705, 0.106592], [0.216072, -0.053615, -0.054404], [-0.177002, -0.091002, 0.175184], [0.108158, -0.288344, -0.004943], [-0.145269, -0.333475, 0.283125], [0.091525, -0.373348, 0.018292], [-0.136695, -0.41354, 0.320491]], "im2d": [[0.002053, -0.078027], [-0.087795, 0.033032], [0.086323, 0.030028], [0.020314, -0.203796], [-0.1282, 0.469134], [0.099587, 0.460687], [0.01358, -0.352233], [0.012627, 0.860332], [0.031509, 0.94036], [-0.002951, -0.404449], [-0.06997, 0.938291], [0.074872, 0.975935], [0.007261, -0.657599], [-0.086696, -0.55332], [0.099254, -0.548934], [-0.012214, -0.718799], [-0.198483, -0.534083], [0.185651, -0.525607], [-0.192566, -0.251033], [0.145044, -0.241144], [-0.100971, 0.007163], [0.064683, 0.020542], [-0.09391, 0.100307], [0.039563, 0.106722]], "theta": [1.137334, 0.002643, 0.150265, 0.514552, 0.16591, -3.088094, -0.189961, -0.116392, -0.061682, -0.281473, -0.056843, -0.033957, 0.197507, 0.014507, 0.009318, 0.783512, 0.046635, -0.104359, 0.344439, -0.183152, 0.110154, 0.068836, 0.000944, 0.016003, -0.436882, 0.202671, 0.046128, -0.180784, -0.196307, 0.024453, -0.00206, 0.016152, -0.004507, -0.0022, 0.001637, 0.001734, 0.001907, 0.003072, -0.007629, -0.065985, -0.187305, -0.07393, 0.04047, -0.290828, -0.515597, 0.013915, 0.534695, 0.483121, 0.210073, -0.109992, -0.025303, 0.412257, -0.03691, -1.01807, -0.087648, 0.463108, 0.750209, 0.308625, -0.759944, -0.049264, -0.068293, 0.083338, 0.066354, -0.029621, -0.049291, 0.363287, -0.160648, 0.120132, -0.156171, 0.109284, 0.04293, -0.411477, 0.108882, -0.036369, 0.416855, 0.708624, -0.781583, -0.002346, -2.322707, 0.367715, 0.070069, 1.241134, -2.048133, 0.09974, 0.865918]}