{"hc3d": [[-0.000862, -0.218734, 0.03886], [0.081249, -0.315555, 0.035321], [-0.081175, -0.314975, 0.037997], [-0.003148, -0.10401, 0.004403], [0.105817, -0.71083, -0.003372], [-0.145724, -0.674048, 0.216685], [0.000239, 0.023633, 0.032375], [0.03822, -1.124054, -0.086737], [-0.124895, -1.086016, 0.103343], [0.000892, 0.070827, 0.071022], [0.117434, -1.149415, 0.024783], [-0.162127, -1.14273, 0.226538], [-0.00551, 0.293547, 0.066616], [0.08338, 0.202742, 0.060383], [-0.088866, 0.197712, 0.058362], [0.000757, 0.343182, 0.125144], [0.182182, 0.205853, 0.035991], [-0.194261, 0.199159, 0.073854], [0.302974, -0.036258, 0.005952], [-0.27753, -0.041012, -0.009355], [0.329614, -0.257445, 0.145298], [-0.376192, -0.289136, -0.011401], [0.374774, -0.305845, 0.205642], [-0.414609, -0.368609, -0.019585]], "im2d": [[0.013856, -0.104001], [0.014017, 0.022988], [0.005935, -0.01942], [0.059984, -0.227914], [0.032054, 0.463201], [-0.220107, 0.345993], [0.037168, -0.368052], [0.096072, 0.901951], [-0.119618, 0.807745], [-0.003013, -0.421637], [-0.028107, 0.943575], [-0.262626, 0.853104], [0.016435, -0.666272], [0.020226, -0.543963], [0.016728, -0.582494], [-0.045693, -0.72222], [0.050888, -0.520649], [-0.003864, -0.611968], [0.072375, -0.223553], [0.070916, -0.366244], [-0.097586, 0.016882], [0.053709, -0.120418], [-0.166998, 0.077867], [0.056422, -0.042996]], "theta": [1.12328, 0.013197, 0.126147, 2.336267, 0.328432, -2.256171, 0.059082, 0.134924, -0.012223, -0.49623, 0.009416, -0.068395, 0.255107, -0.000245, 0.001864, 0.032166, -0.042619, -0.099776, 0.639425, 0.059429, 0.114919, -0.126823, 0.001297, 0.018454, -0.367652, 0.308415, 0.128651, -0.141778, -0.157861, 0.097232, 0.071879, 0.027567, -0.004015, -0.006328, 0.005086, 0.004883, -0.000157, 0.005406, -0.008031, -0.036155, -0.043015, -0.085815, 0.038095, 0.108125, -0.405877, 0.010219, 0.226119, 0.298205, -0.118514, -0.00115, 0.082893, 0.117948, -0.378957, -0.655392, 0.266645, 0.005534, 0.953254, 0.160156, -0.612127, -0.181634, -0.219951, 0.165691, -0.084481, 0.340947, -0.112877, 0.652267, 0.016063, 0.01692, -0.158269, 0.105011, 0.041345, -0.40712, 0.106419, -0.040146, 0.413567, 0.695329, -0.769099, 0.003314, -2.303643, 0.351764, 0.058486, 1.24561, -2.026406, 0.092025, 0.893555]}