{"hc3d": [[-0.000862, -0.218734, 0.03886], [0.081249, -0.315555, 0.035321], [-0.081175, -0.314975, 0.037997], [-0.003148, -0.10401, 0.004403], [0.144646, -0.677331, 0.18843], [-0.148862, -0.712081, -0.014487], [-0.002913, 0.024793, 0.026682], [0.141142, -1.083802, 0.057883], [-0.123065, -1.127864, -0.111733], [-0.002284, 0.073085, 0.063948], [0.211749, -1.121518, 0.171667], [-0.150098, -1.173763, 0.018429], [-0.008893, 0.295419, 0.050225], [0.079878, 0.20439, 0.045849], [-0.092368, 0.199359, 0.047939], [-0.004198, 0.344729, 0.109174], [0.175639, 0.197908, 0.011876], [-0.195287, 0.1947, 0.075069], [0.246383, -0.055085, -0.059547], [-0.292384, -0.05432, 0.085118], [0.331672, -0.302883, -0.040253], [-0.352282, -0.292955, 0.188894], [0.378824, -0.378965, -0.036848], [-0.37866, -0.362454, 0.237195]], "im2d": [[0.017268, -0.105027], [0.018368, 0.024465], [0.010149, -0.019295], [0.063123, -0.231442], [-0.175171, 0.43582], [0.045055, 0.406611], [0.045107, -0.37559], [-0.049646, 0.89291], [0.132972, 0.880187], [0.005367, -0.430896], [-0.179434, 0.947983], [-0.019104, 0.917715], [0.033605, -0.679041], [0.036205, -0.554181], [0.028019, -0.594278], [-0.030695, -0.735455], [0.077675, -0.519984], [-0.006509, -0.617656], [0.146915, -0.216664], [-0.035406, -0.367125], [0.113373, 0.080329], [-0.169499, -0.122841], [0.106619, 0.177186], [-0.229471, -0.054939]], "theta": [1.143331, 0.015965, 0.126873, 2.341685, 0.323639, -2.263624, -0.416126, -0.086003, 0.095507, 0.085921, -0.052398, -0.076751, 0.210773, 0.007494, 0.026595, 0.603366, 0.04659, -0.093493, 0.00705, 0.276321, 0.128342, -0.111104, 0.004595, 0.001401, -0.274526, 0.323898, 0.163245, -0.199574, -0.233454, 0.097298, 0.058574, 0.038, -0.015117, -0.000933, 0.001126, 0.00022, 0.00192, 0.00269, -0.006495, 0.01675, -0.016083, -0.013177, 0.015944, 0.16449, -0.500819, 0.00076, 0.3282, 0.34907, 0.100464, 0.001978, 0.049264, 0.092651, -0.175866, -0.752154, 0.248082, 0.213002, 0.754345, 0.079794, -0.203324, -0.03101, 0.060132, 0.255563, -0.049884, 0.36476, -0.093149, 0.329176, 0.257522, 0.160371, -0.301844, 0.109936, 0.044232, -0.411435, 0.110965, -0.039384, 0.416843, 0.695329, -0.769099, 0.003314, -2.303643, 0.351764, 0.058486, 1.24561, -2.026406, 0.092025, 0.893555]}