{"hc3d": [[-0.000862, -0.218734, 0.03886], [0.081249, -0.315555, 0.035321], [-0.081175, -0.314975, 0.037997], [-0.003148, -0.10401, 0.004403], [0.122176, -0.68696, 0.172166], [-0.150075, -0.70444, -0.054731], [-0.002723, 0.023663, 0.032439], [0.081012, -1.111684, 0.185878], [-0.167755, -1.015479, -0.347887], [-0.004678, 0.070079, 0.071975], [0.159408, -1.111083, 0.300807], [-0.181958, -1.112164, -0.246745], [-0.019631, 0.292256, 0.063134], [0.072828, 0.204906, 0.060429], [-0.099015, 0.193089, 0.05508], [-0.013582, 0.342996, 0.120729], [0.167975, 0.2088, 0.024397], [-0.201569, 0.189325, 0.08369], [0.225128, -0.028619, -0.095922], [-0.315406, -0.048986, 0.125984], [0.333299, -0.261804, -0.150458], [-0.237645, -0.176598, 0.347281], [0.383559, -0.329503, -0.180693], [-0.217396, -0.178874, 0.433557]], "im2d": [[0.01728, -0.105033], [0.018381, 0.024469], [0.010162, -0.019295], [0.063135, -0.231457], [-0.157873, 0.441399], [0.091416, 0.399782], [0.038485, -0.374588], [-0.199262, 0.901832], [0.407612, 0.75499], [-0.00404, -0.428607], [-0.327911, 0.916334], [0.286143, 0.853767], [0.018347, -0.67904], [0.019372, -0.557366], [0.0193, -0.589456], [-0.044288, -0.736623], [0.063772, -0.534759], [-0.016857, -0.613807], [0.189298, -0.249948], [-0.08248, -0.381156], [0.241606, 0.040468], [-0.339943, -0.229504], [0.273837, 0.130472], [-0.437912, -0.225803]], "theta": [1.143412, 0.015974, 0.126874, 2.341695, 0.323632, -2.263637, -0.383512, 0.022596, 0.017216, 0.187358, -0.053353, -0.083146, 0.255356, -0.013085, 0.023542, 0.226497, -0.052952, -0.095082, 0.437854, 0.337911, 0.074359, -0.108041, -0.022803, 0.025439, -0.285252, 0.401635, 0.232792, -0.270981, -0.142895, 0.068522, 0.03416, 0.051157, 0.009242, -0.002739, 0.001992, 0.003164, 0.002232, 0.003751, -0.008411, -0.032858, 0.001775, -0.09831, 0.008409, 0.237426, -0.456188, -0.001741, 0.378882, 0.288628, 0.094583, 0.009578, 0.026568, 0.093685, 0.009363, -0.848272, 0.294369, 0.301366, 0.635775, -0.148421, -0.141545, 0.051414, 0.134448, 0.980135, -0.224995, 0.197569, -0.064637, 0.34472, 0.303671, 0.270897, -0.559621, 0.109146, 0.042294, -0.4116, 0.110442, -0.036516, 0.417085, 0.695329, -0.769099, 0.003314, -2.303643, 0.351764, 0.058486, 1.24561, -2.026406, 0.092025, 0.893555]}