{"hc3d": [[-0.000998, -0.218148, 0.037196], [0.079823, -0.314667, 0.032994], [-0.08002, -0.314031, 0.035564], [-0.00333, -0.10364, 0.00374], [0.14876, -0.707055, 0.084961], [-0.115893, -0.712424, 0.125396], [-0.000837, 0.026967, 0.019447], [0.098832, -0.954002, -0.264218], [-0.084251, -1.136933, 0.056086], [-0.000517, 0.073264, 0.058515], [0.183149, -1.042706, -0.196565], [-0.119633, -1.189316, 0.182442], [-0.003736, 0.295035, 0.04639], [0.083537, 0.202938, 0.044552], [-0.087692, 0.200135, 0.039429], [-0.004274, 0.348582, 0.102867], [0.182667, 0.188144, 0.028298], [-0.189246, 0.179066, 0.063049], [0.258685, -0.07408, 0.001883], [-0.239081, -0.085391, 0.05784], [0.293762, -0.308723, 0.119324], [-0.294467, -0.34309, 0.112147], [0.31723, -0.386439, 0.15775], [-0.316671, -0.427927, 0.126484]], "im2d": [[0.026144, -0.104656], [0.020933, 0.016373], [0.022477, -0.014331], [0.07245, -0.227615], [-0.069833, 0.45428], [-0.107945, 0.407467], [0.065337, -0.37137], [0.299445, 0.744171], [-0.065643, 0.883635], [0.025649, -0.425212], [0.215007, 0.851338], [-0.209095, 0.923874], [0.056834, -0.667478], [0.049176, -0.550281], [0.059295, -0.578706], [-0.001576, -0.730859], [0.063345, -0.514266], [0.034163, -0.576542], [0.069739, -0.210966], [0.020264, -0.296017], [-0.080231, 0.042583], [-0.059006, -0.028862], [-0.1297, 0.12881], [-0.081064, 0.058642]], "theta": [1.113107, 0.024486, 0.124127, 2.239988, 0.274934, -2.281569, -0.15843, 0.013867, 0.087006, -0.254287, 0.030257, 0.006781, 0.151715, -0.007532, 0.010062, 1.005574, 0.088062, -0.088306, 0.290057, 0.106315, 0.070499, 0.006654, -0.015133, 0.002097, -0.408536, 0.325041, 0.110555, -0.081068, -0.228136, 0.079359, -0.001158, 0.028544, -0.00816, -0.001545, 0.001328, 0.000995, 0.001823, 0.00231, -0.006357, -0.042452, -0.080508, -0.002982, 0.067656, 0.024378, -0.548858, 0.004126, 0.358005, 0.517929, 0.080177, -0.066319, 0.055558, 0.147992, -0.336726, -0.675688, 0.220565, 0.196585, 0.788071, 0.128517, -0.437116, -0.022493, -0.034744, 0.075116, -0.053978, 0.309279, -0.097417, 0.223601, 0.030388, 0.058938, -0.126353, 0.109955, 0.043626, -0.411908, 0.110381, -0.038067, 0.416923, 0.761267, -0.524689, -0.073804, -2.286917, 0.295071, 0.095701, 1.213034, -1.968636, 0.072602, 0.897655]}