{"hc3d": [[-0.000998, -0.218148, 0.037196], [0.079823, -0.314667, 0.032994], [-0.08002, -0.314031, 0.035564], [-0.00333, -0.10364, 0.00374], [0.13457, -0.671303, 0.209729], [-0.156293, -0.709293, -0.042047], [-0.003084, 0.025494, 0.028951], [0.14092, -1.099563, 0.165516], [-0.120165, -1.118268, -0.174139], [-0.002656, 0.073058, 0.066464], [0.203784, -1.130619, 0.286506], [-0.168679, -1.173286, -0.053386], [-0.010837, 0.294984, 0.061785], [0.078144, 0.204892, 0.05356], [-0.093062, 0.198572, 0.054934], [-0.009482, 0.344704, 0.121645], [0.174933, 0.20247, 0.022966], [-0.19537, 0.191455, 0.083174], [0.240765, -0.048724, -0.065383], [-0.267643, -0.063913, 0.128035], [0.315522, -0.301067, -0.03685], [-0.27888, -0.285984, 0.279639], [0.362467, -0.377394, -0.030721], [-0.288029, -0.341868, 0.348116]], "im2d": [[0.026199, -0.104682], [0.020994, 0.016388], [0.02254, -0.014332], [0.072509, -0.227683], [-0.205066, 0.402316], [0.07937, 0.410532], [0.054774, -0.371078], [-0.190187, 0.875939], [0.192543, 0.875886], [0.016893, -0.426172], [-0.328699, 0.911625], [0.05542, 0.917048], [0.039948, -0.670229], [0.0395, -0.554338], [0.042129, -0.579464], [-0.022599, -0.729364], [0.070642, -0.531098], [0.012992, -0.593096], [0.14698, -0.236538], [-0.055148, -0.330771], [0.093211, 0.051253], [-0.240817, -0.102359], [0.079064, 0.143048], [-0.321039, -0.048573]], "theta": [1.113465, 0.024527, 0.124133, 2.240041, 0.274891, -2.281641, -0.471202, -0.111147, 0.077982, 0.141825, -0.1045, -0.102569, 0.225255, 0.015237, 0.028823, 0.45312, 0.040655, -0.054314, 0.04758, 0.196849, 0.153023, -0.09939, -0.004329, 0.002213, -0.156531, 0.302261, 0.096805, -0.195087, -0.238474, 0.020614, 0.064439, 0.035825, -0.010142, -0.00082, 0.001087, 0.000266, 0.001698, 0.001977, -0.00542, -0.009075, -0.070972, -0.007121, 0.022191, 0.14132, -0.472704, -0.022455, 0.34591, 0.358469, 0.109936, -0.055694, 0.061646, 0.124042, -0.145224, -0.80574, 0.241017, 0.380579, 0.736296, 0.180781, -0.300161, -0.018712, 0.096276, 0.34909, -0.084293, 0.363351, -0.045299, 0.347157, 0.33905, 0.185823, -0.379366, 0.110052, 0.044668, -0.411272, 0.111255, -0.039546, 0.417012, 0.761267, -0.524689, -0.073804, -2.286917, 0.295071, 0.095701, 1.213034, -1.968636, 0.072602, 0.897655]}