{"hc3d": [[-0.000998, -0.218148, 0.037196], [0.079823, -0.314667, 0.032994], [-0.08002, -0.314031, 0.035564], [-0.00333, -0.10364, 0.00374], [0.109956, -0.68309, 0.190405], [-0.126792, -0.685602, -0.131232], [-0.001498, 0.025395, 0.029387], [0.103545, -1.104459, 0.278769], [-0.102896, -1.03352, -0.384995], [-0.002944, 0.070572, 0.069719], [0.171301, -1.115599, 0.400588], [-0.135387, -1.12457, -0.281962], [-0.018948, 0.29212, 0.070413], [0.073409, 0.205459, 0.062542], [-0.09743, 0.193092, 0.058703], [-0.018249, 0.343018, 0.129286], [0.170307, 0.210634, 0.032648], [-0.198735, 0.186146, 0.09039], [0.232137, -0.032969, -0.077226], [-0.26252, -0.067226, 0.155064], [0.341432, -0.27344, -0.094783], [-0.247922, -0.269937, 0.331476], [0.388865, -0.348403, -0.108848], [-0.248278, -0.299751, 0.415182]], "im2d": [[0.026202, -0.104685], [0.020999, 0.016389], [0.022544, -0.014332], [0.072514, -0.227689], [-0.183877, 0.412242], [0.179482, 0.397506], [0.054242, -0.370719], [-0.315304, 0.864961], [0.43294, 0.803845], [0.01309, -0.423785], [-0.45329, 0.879691], [0.312187, 0.888908], [0.030363, -0.669339], [0.029703, -0.556599], [0.037629, -0.574607], [-0.030979, -0.729805], [0.060671, -0.541713], [0.00465, -0.588525], [0.161623, -0.254416], [-0.085561, -0.328438], [0.159032, 0.03065], [-0.297941, -0.118451], [0.167402, 0.122719], [-0.393242, -0.092823]], "theta": [1.113493, 0.02453, 0.124134, 2.240044, 0.274889, -2.281645, -0.42623, -0.040835, -0.002276, 0.374039, -0.108699, -0.043009, 0.228683, 0.012011, 0.016471, 0.099184, -0.013497, 0.015404, 0.13069, 0.308274, 0.0711, -0.042584, -0.025543, 0.037021, -0.042247, 0.349435, 0.078474, -0.197508, -0.226679, 0.028001, 0.028947, 0.038818, 0.007354, -0.002427, 0.001932, 0.002607, 0.002013, 0.003232, -0.007727, -0.05532, -0.079868, -0.06241, 0.017449, 0.170261, -0.444345, -0.051877, 0.409655, 0.308455, 0.148286, -0.078275, 0.056883, 0.087557, -0.056369, -0.874287, 0.237439, 0.429192, 0.724459, 0.021121, -0.215594, 0.069296, 0.12028, 0.414009, -0.110092, 0.258602, -0.071215, 0.249492, 0.361892, 0.257867, -0.590864, 0.108914, 0.043834, -0.409954, 0.110249, -0.03806, 0.416728, 0.761267, -0.524689, -0.073804, -2.286917, 0.295071, 0.095701, 1.213034, -1.968636, 0.072602, 0.897655]}