{"hc3d": [[-0.000998, -0.218148, 0.037196], [0.079823, -0.314667, 0.032994], [-0.08002, -0.314031, 0.035564], [-0.00333, -0.10364, 0.00374], [0.085821, -0.713014, 0.085003], [-0.13993, -0.71684, 0.082779], [-0.000386, 0.025926, 0.026438], [0.052366, -1.140605, 0.046947], [-0.106387, -0.922918, -0.294607], [0.000671, 0.071747, 0.066049], [0.115645, -1.173128, 0.167333], [-0.15665, -1.04871, -0.254461], [-0.004425, 0.293658, 0.057711], [0.083345, 0.202232, 0.051413], [-0.087937, 0.198284, 0.052009], [-0.003224, 0.343081, 0.11782], [0.18186, 0.192468, 0.028851], [-0.189176, 0.189908, 0.083562], [0.244896, -0.0651, -0.041313], [-0.238414, -0.074391, 0.07052], [0.299955, -0.315198, 0.025765], [-0.300037, -0.334328, 0.103099], [0.3232, -0.40072, 0.040354], [-0.325143, -0.417499, 0.121754]], "im2d": [[0.026203, -0.104685], [0.020999, 0.01639], [0.022545, -0.014332], [0.072514, -0.22769], [-0.068569, 0.449239], [-0.060263, 0.411505], [0.057529, -0.370849], [-0.059387, 0.914208], [0.341468, 0.674634], [0.017161, -0.424094], [-0.197361, 0.951629], [0.288263, 0.799626], [0.044194, -0.667264], [0.041533, -0.550294], [0.045216, -0.577967], [-0.018651, -0.726124], [0.063129, -0.51936], [0.012271, -0.590297], [0.118848, -0.219844], [0.007086, -0.30909], [0.022996, 0.058628], [-0.04807, -0.03875], [-0.000631, 0.155369], [-0.07471, 0.046062]], "theta": [1.113497, 0.02453, 0.124134, 2.240044, 0.274888, -2.281646, -0.156235, 0.01251, -0.070795, -0.161968, -0.084867, -0.046109, 0.206328, 0.027326, 0.008906, 0.124403, -0.061593, 0.013438, 1.117174, 0.07828, 0.04061, -0.035564, -0.015674, 0.012151, -0.182139, 0.324769, 0.08597, -0.137924, -0.191233, 0.086328, 0.003063, 0.029163, -0.012944, -0.003715, 0.002767, 0.003359, 0.002406, 0.004792, -0.010292, 0.010665, -0.131797, -0.049361, 0.067038, 0.059916, -0.515791, -0.059272, 0.3934, 0.385821, 0.202365, -0.165734, 0.071117, 0.09355, -0.189806, -0.769734, 0.248161, 0.154682, 0.94139, 0.130475, -0.381696, -0.028756, 0.042173, 0.005221, -0.049081, 0.181807, -0.077971, 0.147576, 0.111275, 0.141941, -0.213588, 0.107947, 0.042584, -0.408632, 0.108291, -0.037534, 0.415583, 0.761267, -0.524689, -0.073804, -2.286917, 0.295071, 0.095701, 1.213034, -1.968636, 0.072602, 0.897655]}