{"hc3d": [[-0.000998, -0.218148, 0.037196], [0.079823, -0.314667, 0.032994], [-0.08002, -0.314031, 0.035564], [-0.00333, -0.10364, 0.00374], [0.091122, -0.714938, 0.065812], [-0.149848, -0.706434, 0.131569], [-0.000442, 0.025041, 0.031019], [0.056106, -1.137552, -0.008836], [-0.098652, -0.956645, -0.215976], [-4.4e-05, 0.070093, 0.071514], [0.120656, -1.177785, 0.108508], [-0.151867, -1.077627, -0.166043], [-0.004038, 0.292137, 0.066978], [0.083357, 0.200414, 0.059844], [-0.08794, 0.197276, 0.058916], [-0.004083, 0.341338, 0.127281], [0.182673, 0.190802, 0.041036], [-0.189321, 0.188584, 0.089923], [0.254976, -0.066669, -0.019947], [-0.242977, -0.07478, 0.075463], [0.301373, -0.318343, 0.047783], [-0.310664, -0.333233, 0.107813], [0.326626, -0.403031, 0.063824], [-0.336751, -0.417284, 0.120083]], "im2d": [[0.026203, -0.104685], [0.020999, 0.01639], [0.022545, -0.014332], [0.072515, -0.22769], [-0.047558, 0.453924], [-0.113339, 0.39422], [0.052374, -0.370271], [0.002691, 0.91619], [0.25127, 0.706475], [0.010981, -0.42287], [-0.132552, 0.962539], [0.187661, 0.82484], [0.033773, -0.666295], [0.032028, -0.549001], [0.037468, -0.577438], [-0.029271, -0.72516], [0.049445, -0.518396], [0.005106, -0.589402], [0.094726, -0.218019], [0.00169, -0.309925], [-0.001739, 0.060509], [-0.052927, -0.042321], [-0.026968, 0.156591], [-0.072522, 0.043801]], "theta": [1.113497, 0.02453, 0.124134, 2.240044, 0.274888, -2.281646, -0.109426, 0.033633, -0.057769, -0.28541, -0.085039, -0.065872, 0.241379, 0.010459, 0.008345, 0.164441, -0.051444, 0.002528, 1.121199, 0.026812, 0.073537, -0.051352, -0.007661, 0.01874, -0.203025, 0.305808, 0.087189, -0.123, -0.191431, 0.100939, 0.001297, 0.029016, -0.023315, -0.002978, 0.002285, 0.002439, 0.002255, 0.004154, -0.009306, -0.00252, -0.143276, -0.042167, 0.058119, 0.028771, -0.504589, -0.045284, 0.396117, 0.386593, 0.174307, -0.166732, 0.082161, 0.076, -0.209108, -0.744237, 0.208016, 0.150879, 0.917596, 0.176214, -0.363778, -0.075398, 0.013288, 0.011312, -0.053716, 0.213777, -0.065422, 0.192935, 0.109841, 0.103588, -0.153358, 0.108484, 0.043181, -0.409117, 0.108821, -0.037807, 0.41597, 0.761267, -0.524689, -0.073804, -2.286917, 0.295071, 0.095701, 1.213034, -1.968636, 0.072602, 0.897655]}