{"hc3d": [[-0.000998, -0.218148, 0.037196], [0.079823, -0.314667, 0.032994], [-0.08002, -0.314031, 0.035564], [-0.00333, -0.10364, 0.00374], [0.091088, -0.715814, 0.013621], [-0.148042, -0.691002, 0.181642], [-0.000256, 0.024869, 0.031799], [0.052085, -1.126176, -0.110812], [-0.099121, -1.065064, -0.0274], [-0.001263, 0.069269, 0.072998], [0.117318, -1.178201, 0.001407], [-0.154122, -1.155702, 0.065989], [-0.008942, 0.291261, 0.073688], [0.080121, 0.201195, 0.066092], [-0.091048, 0.19525, 0.061708], [-0.006899, 0.33834, 0.135627], [0.180468, 0.19848, 0.050834], [-0.192448, 0.179102, 0.089499], [0.272674, -0.056776, 0.011082], [-0.241658, -0.085356, 0.080067], [0.30736, -0.29558, 0.119938], [-0.301442, -0.344864, 0.11889], [0.335486, -0.371768, 0.158298], [-0.32389, -0.430405, 0.127532]], "im2d": [[0.026203, -0.104685], [0.020999, 0.01639], [0.022545, -0.014332], [0.072515, -0.22769], [0.010322, 0.459205], [-0.167759, 0.373513], [0.051489, -0.370112], [0.116931, 0.911443], [0.033287, 0.80943], [0.009302, -0.422319], [-0.013577, 0.971252], [-0.076113, 0.890643], [0.026387, -0.666807], [0.025241, -0.550977], [0.034292, -0.576031], [-0.0387, -0.723097], [0.039237, -0.528024], [0.004909, -0.579571], [0.060579, -0.228119], [-0.004298, -0.298484], [-0.080208, 0.030726], [-0.066402, -0.028788], [-0.129621, 0.116188], [-0.082185, 0.059944]], "theta": [1.113498, 0.024531, 0.124134, 2.240044, 0.274888, -2.281646, 0.019072, 0.06403, -0.054519, -0.409693, -0.048773, -0.062772, 0.24691, -0.010351, 0.00505, 0.156926, -0.053606, -0.000573, 0.809385, -0.023683, 0.096934, -0.040948, -0.002658, 0.03767, -0.230005, 0.293424, 0.068383, -0.095895, -0.19097, 0.098031, 0.009465, 0.029112, -0.020318, -0.002595, 0.001977, 0.002068, 0.002251, 0.003605, -0.008608, 0.006799, -0.086428, -0.063496, 0.051739, 0.021751, -0.45299, -0.009037, 0.390165, 0.432579, 0.14202, -0.139429, 0.054207, 0.118609, -0.322496, -0.730744, 0.163442, 0.197367, 0.8386, 0.15571, -0.475424, -0.079974, -0.040129, 0.030734, -0.043412, 0.267415, -0.094213, 0.29785, 0.035405, 0.06151, -0.111317, 0.109145, 0.043355, -0.41006, 0.109452, -0.036681, 0.416428, 0.761267, -0.524689, -0.073804, -2.286917, 0.295071, 0.095701, 1.213034, -1.968636, 0.072602, 0.897655]}