{"hc3d": [[-0.000767, -0.219231, 0.040016], [0.082243, -0.316431, 0.036942], [-0.081981, -0.31588, 0.039674], [-0.003028, -0.104077, 0.004739], [0.132785, -0.695488, 0.143427], [-0.098679, -0.714061, 0.113829], [0.005788, 0.023218, 0.031363], [0.032614, -0.929963, -0.198373], [-0.070788, -1.118156, -0.022447], [0.009422, 0.070236, 0.07059], [0.107417, -1.012937, -0.11548], [-0.101527, -1.175814, 0.102166], [0.01375, 0.291721, 0.040203], [0.098428, 0.196375, 0.043785], [-0.074761, 0.199766, 0.044357], [0.011074, 0.342899, 0.09706], [0.195403, 0.170962, 0.024273], [-0.177866, 0.18082, 0.064972], [0.246273, -0.088411, -0.039348], [-0.245741, -0.075706, 0.032255], [0.263997, -0.307756, 0.103889], [-0.263091, -0.323524, 0.129444], [0.286816, -0.378436, 0.15421], [-0.257863, -0.406108, 0.161722]], "im2d": [[0.0141, -0.093828], [0.109953, 0.023284], [-0.078072, 0.015972], [0.022666, -0.234706], [0.133999, 0.487324], [-0.1201, 0.494307], [0.023722, -0.379338], [0.131467, 0.702767], [-0.042974, 0.947487], [0.014998, -0.427991], [0.190017, 0.816735], [-0.118308, 1.033936], [0.029197, -0.692519], [0.124785, -0.576434], [-0.072763, -0.587814], [0.007547, -0.743475], [0.241695, -0.545582], [-0.196896, -0.56672], [0.321023, -0.24942], [-0.262923, -0.274041], [0.295306, 0.031799], [-0.313579, 0.031614], [0.305161, 0.12383], [-0.317879, 0.133929]], "theta": [1.184886, 0.012667, 0.140044, 3.250534, 0.028512, -0.454335, -0.30852, 0.045942, 0.0413, -0.222919, 0.008887, 0.052802, 0.251742, 0.042125, -0.037492, 1.164926, 0.12904, -0.145087, 0.424373, 0.066297, 0.00852, -0.12296, -0.01104, 0.020059, -0.593883, 0.25172, 0.10586, -0.188783, -0.118671, 0.083597, -0.040806, 0.005554, -0.018293, -0.002312, 0.001882, 0.001924, 0.00228, 0.00296, -0.007891, 0.046938, -0.14118, 0.034304, 0.028719, 0.019304, -0.602572, 0.029892, 0.288973, 0.550082, 0.045481, -0.194335, 0.053806, 0.194174, -0.101692, -0.701815, 0.27013, 0.074002, 0.796634, 0.002058, -0.683618, -0.045458, -0.053267, 0.41703, -0.021664, -0.048241, -0.170235, 0.351427, -0.391406, 0.158102, -0.02697, 0.108998, 0.043118, -0.410611, 0.109732, -0.036256, 0.416764, 0.702811, -0.909649, 0.036998, -2.366562, 0.367083, 0.042034, 1.281114, -2.085742, 0.106717, 0.859119]}