{"hc3d": [[-0.000914, -0.218244, 0.038023], [0.080576, -0.31493, 0.034167], [-0.080603, -0.314326, 0.036789], [-0.003222, -0.10363, 0.004061], [0.029126, -0.695806, -0.077085], [-0.068842, -0.645161, 0.275844], [0.009855, 0.023472, 0.033122], [-0.020028, -1.037322, -0.332042], [-0.057312, -1.074038, 0.301411], [0.015048, 0.070298, 0.0715], [0.010476, -1.102469, -0.212499], [-0.088303, -1.100255, 0.436442], [0.030256, 0.292179, 0.07062], [0.110055, 0.19341, 0.069637], [-0.060583, 0.204996, 0.053752], [0.026516, 0.347749, 0.124369], [0.210814, 0.180378, 0.067808], [-0.166934, 0.202691, 0.051251], [0.24603, -0.078188, -0.013565], [-0.204382, -0.009024, -0.10943], [0.219384, -0.215861, 0.209908], [-0.237896, -0.152054, 0.114952], [0.245849, -0.257347, 0.284918], [-0.250221, -0.190718, 0.193914]], "im2d": [[-0.002192, -0.133781], [0.089696, -0.030785], [-0.087541, -0.025871], [-0.010128, -0.263242], [0.034713, 0.376516], [-0.048773, 0.363286], [0.003129, -0.399922], [-0.029191, 0.724617], [-0.023264, 0.836364], [0.010438, -0.44722], [0.014736, 0.80836], [-0.046896, 0.881122], [0.021444, -0.691295], [0.111732, -0.585638], [-0.077542, -0.594517], [0.019812, -0.746191], [0.222839, -0.574844], [-0.194728, -0.588777], [0.262297, -0.301288], [-0.242213, -0.373043], [0.252722, -0.124562], [-0.259144, -0.190113], [0.288364, -0.07159], [-0.265985, -0.138526]], "theta": [1.10341, -0.001072, 0.097001, 3.241187, -0.043009, 0.104937, 0.256458, 0.054952, -0.207248, -0.656211, 0.160173, 0.084328, 0.259649, -0.006144, -0.07254, 0.268155, -0.253558, 0.060931, 0.479968, -0.134943, -0.100474, -0.126419, -0.006244, -0.002933, -0.490931, 0.283166, 0.061424, -0.000253, 0.014333, -0.052523, 0.07905, -0.052876, 0.009656, -0.003016, 0.001523, 0.004727, 0.002271, 0.002504, -0.008543, -0.13294, -0.178333, -0.003796, 0.053912, -0.044891, -0.43561, 0.050141, 0.156655, 0.447233, -0.05611, -0.117106, 0.0987, 0.218426, -0.181025, -0.916224, 0.380181, -0.15606, 1.06159, -0.091146, -1.182763, 0.170937, -0.168069, 1.46964, -0.39026, 0.002945, -0.108292, 0.550899, -0.534482, 0.215657, -0.170534, 0.10974, 0.042629, -0.410004, 0.110573, -0.036129, 0.420517, 0.73068, -0.642487, -0.036458, -2.315624, 0.316169, 0.066801, 1.252566, -1.993722, 0.079795, 0.877214]}