{"hc3d": [[-0.000914, -0.218244, 0.038023], [0.080576, -0.31493, 0.034167], [-0.080603, -0.314326, 0.036789], [-0.003222, -0.10363, 0.004061], [0.02656, -0.691753, -0.089031], [-0.062172, -0.643601, 0.277571], [0.009806, 0.023615, 0.032511], [-0.022506, -1.008738, -0.373926], [-0.047827, -1.072475, 0.30171], [0.013877, 0.070283, 0.071216], [0.010667, -1.086759, -0.263122], [-0.072991, -1.103178, 0.437008], [0.028416, 0.292198, 0.068849], [0.108516, 0.193691, 0.070948], [-0.061645, 0.204571, 0.0502], [0.024179, 0.348457, 0.121839], [0.209354, 0.181406, 0.073469], [-0.167944, 0.20025, 0.048199], [0.239633, -0.078272, -0.006335], [-0.205005, -0.013787, -0.109467], [0.21793, -0.231771, 0.207139], [-0.235333, -0.15665, 0.115474], [0.240306, -0.279535, 0.279704], [-0.245224, -0.194126, 0.195346]], "im2d": [[-0.0015, -0.134186], [0.090857, -0.030823], [-0.087149, -0.025777], [-0.009515, -0.264223], [0.032223, 0.372331], [-0.040782, 0.363535], [0.003578, -0.401665], [-0.034142, 0.691177], [-0.01188, 0.838336], [0.00963, -0.448865], [0.012553, 0.788508], [-0.029161, 0.888247], [0.01968, -0.694143], [0.110978, -0.588056], [-0.078909, -0.596662], [0.017323, -0.750024], [0.222956, -0.577625], [-0.19645, -0.588555], [0.257538, -0.301496], [-0.243111, -0.369221], [0.252941, -0.107593], [-0.256699, -0.185456], [0.284153, -0.047544], [-0.260904, -0.134836]], "theta": [1.108121, -0.00044, 0.097151, 3.242366, -0.044038, 0.103317, 0.288363, 0.068641, -0.211282, -0.662439, 0.170614, 0.098168, 0.253254, -0.030667, -0.074382, 0.326697, -0.228391, 0.06819, 0.489148, -0.128237, -0.101643, -0.114446, -0.002801, 0.00641, -0.470177, 0.28301, 0.055368, 0.026051, 0.033204, -0.038379, 0.066103, -0.058832, 0.009468, -0.003897, 0.002577, 0.004573, 0.002339, 0.003253, -0.009311, -0.139458, -0.157952, -0.006675, 0.036183, -0.060483, -0.426676, 0.060766, 0.190862, 0.45508, -0.038991, -0.100842, 0.088357, 0.2247, -0.164454, -0.959436, 0.351685, -0.165704, 1.043041, -0.115455, -1.094369, 0.193264, -0.12086, 1.457535, -0.387736, -0.020165, -0.12316, 0.48772, -0.563784, 0.231039, -0.159248, 0.108082, 0.042321, -0.408403, 0.109404, -0.035584, 0.417945, 0.73068, -0.642487, -0.036458, -2.315624, 0.316169, 0.066801, 1.252566, -1.993722, 0.079795, 0.877214]}