{"hc3d": [[-0.000914, -0.218244, 0.038023], [0.080576, -0.31493, 0.034167], [-0.080603, -0.314326, 0.036789], [-0.003222, -0.10363, 0.004061], [0.072143, -0.714265, 0.057645], [-0.14269, -0.710261, 0.115008], [0.002631, 0.025732, 0.024104], [0.033212, -1.135903, -0.011337], [-0.13623, -0.887271, -0.276588], [0.008296, 0.073609, 0.061094], [0.070491, -1.176496, 0.116833], [-0.161917, -1.017363, -0.228653], [0.007343, 0.2944, 0.03438], [0.092699, 0.200486, 0.030037], [-0.078605, 0.201221, 0.042611], [0.010832, 0.352646, 0.085234], [0.190941, 0.186659, 0.008062], [-0.179908, 0.187595, 0.072179], [0.212046, -0.058423, -0.111133], [-0.214845, -0.07704, 0.10031], [0.235351, -0.276446, 0.035588], [-0.241074, -0.318727, 0.213569], [0.248285, -0.348709, 0.08715], [-0.24309, -0.393584, 0.261258]], "im2d": [[-0.001116, -0.13445], [0.091509, -0.03086], [-0.086952, -0.02575], [-0.009171, -0.264827], [0.094528, 0.413192], [-0.139571, 0.422582], [-0.004711, -0.405643], [0.057725, 0.872425], [-0.155702, 0.57345], [0.002934, -0.454523], [0.1093, 0.930541], [-0.177259, 0.723461], [-0.005941, -0.701406], [0.09086, -0.601064], [-0.098115, -0.594626], [7e-06, -0.760092], [0.198538, -0.591623], [-0.207907, -0.572776], [0.219955, -0.335151], [-0.237534, -0.276082], [0.262117, -0.078469], [-0.252031, 0.004626], [0.282076, 0.006764], [-0.24885, 0.092792]], "theta": [1.110923, -9.1e-05, 0.097219, 3.242918, -0.044504, 0.102561, -0.08669, 0.023852, -0.105234, -0.236053, -0.040919, -0.053407, 0.192761, 0.092784, -0.010722, 0.126343, -0.220742, 0.00653, 1.264099, 0.0514, -0.015042, -0.081285, -0.003886, -0.010345, -0.225338, 0.316829, -0.01801, -0.200499, 0.068769, 0.058041, -0.016307, 0.017161, -0.00612, -0.004453, 0.003622, 0.003982, 0.002232, 0.004389, -0.010324, -0.075536, -0.161289, -0.027299, 0.073531, -0.006403, -0.50258, -0.038794, 0.304881, 0.487494, 0.115842, -0.091069, 0.006522, 0.320524, 0.009536, -0.918565, 0.128149, 0.229753, 0.867138, 0.016052, -0.882757, 0.135383, -0.052451, 0.194855, -0.068191, -0.094604, -0.188097, 0.220316, -0.433323, 0.255984, -0.121614, 0.107354, 0.041961, -0.408444, 0.10756, -0.037247, 0.415339, 0.73068, -0.642487, -0.036458, -2.315624, 0.316169, 0.066801, 1.252566, -1.993722, 0.079795, 0.877214]}