{"hc3d": [[-0.000914, -0.218244, 0.038023], [0.080576, -0.31493, 0.034167], [-0.080603, -0.314326, 0.036789], [-0.003222, -0.10363, 0.004061], [0.057394, -0.71243, -0.005161], [-0.106704, -0.710048, 0.134051], [0.0071, 0.024923, 0.027257], [0.01216, -1.13048, -0.090257], [-0.10936, -1.106632, -0.031588], [0.010655, 0.071893, 0.065647], [0.053439, -1.175102, 0.035321], [-0.13537, -1.17989, 0.086048], [0.019212, 0.29337, 0.047253], [0.101761, 0.196911, 0.04963], [-0.06972, 0.20283, 0.041692], [0.016733, 0.35048, 0.099437], [0.2018, 0.180488, 0.042711], [-0.174287, 0.18891, 0.055629], [0.236284, -0.083668, -0.018531], [-0.223512, -0.072364, 0.018797], [0.247915, -0.320784, 0.096556], [-0.261315, -0.32076, 0.112597], [0.264968, -0.395838, 0.142643], [-0.257544, -0.401185, 0.150008]], "im2d": [[-0.001115, -0.13445], [0.09151, -0.03086], [-0.086952, -0.02575], [-0.00917, -0.264828], [0.073638, 0.404541], [-0.098331, 0.423285], [0.00049, -0.404544], [0.0286, 0.858196], [-0.102519, 0.842642], [0.00592, -0.452192], [0.084531, 0.920332], [-0.120966, 0.937795], [0.008162, -0.699211], [0.102401, -0.5952], [-0.088377, -0.59681], [0.007621, -0.756289], [0.213219, -0.581245], [-0.202897, -0.576297], [0.254121, -0.297582], [-0.253099, -0.290202], [0.281592, -0.023003], [-0.281636, -0.003898], [0.305799, 0.064552], [-0.272627, 0.089055]], "theta": [1.110924, -9e-05, 0.097219, 3.242918, -0.044504, 0.102561, 0.070955, 0.031426, -0.140035, -0.275962, 0.022485, 0.030288, 0.215126, 0.019149, -0.049185, 0.009813, -0.155989, 0.04855, 0.553935, 0.035887, -0.04647, -0.080884, -0.008554, 0.018933, -0.236981, 0.274958, -0.025013, -0.110397, -0.023221, 0.062847, -0.000944, -0.024888, -0.012945, -0.004995, 0.003881, 0.004689, 0.002399, 0.005398, -0.011587, -0.088695, -0.130203, 0.022636, 0.019811, -0.049406, -0.49225, -0.0054, 0.277395, 0.514251, 0.075954, -0.145795, 0.009929, 0.226751, -0.149641, -0.878655, 0.196387, 0.092553, 0.888652, 0.040227, -0.530023, 0.064562, -0.107475, 0.371404, -0.078273, -0.010491, -0.207764, 0.327165, -0.546456, 0.205076, 0.023252, 0.106722, 0.04146, -0.407181, 0.107698, -0.036931, 0.414983, 0.73068, -0.642487, -0.036458, -2.315624, 0.316169, 0.066801, 1.252566, -1.993722, 0.079795, 0.877214]}