{"hc3d": [[-0.000592, -0.218669, 0.041054], [0.083344, -0.315791, 0.03835], [-0.082698, -0.315298, 0.041171], [-0.002812, -0.103912, 0.005483], [0.12507, -0.690078, -0.073571], [-0.096967, -0.634695, 0.283638], [-0.002108, 0.020559, 0.039708], [-0.003129, -1.025231, -0.295759], [-0.125449, -1.055766, 0.313233], [-0.00527, 0.065697, 0.081214], [0.110055, -1.061304, -0.225396], [-0.088077, -1.065001, 0.447488], [-0.013361, 0.289075, 0.073104], [0.076977, 0.199172, 0.076483], [-0.095503, 0.192282, 0.059919], [-0.004462, 0.34873, 0.118409], [0.178069, 0.196029, 0.062793], [-0.196142, 0.163993, 0.080997], [0.288784, -0.049655, 0.059563], [-0.285234, -0.085184, 0.061338], [0.319068, -0.245506, 0.228057], [-0.289348, -0.315258, 0.191361], [0.361619, -0.290418, 0.292268], [-0.296561, -0.39475, 0.229223]], "im2d": [[0.017345, -0.094118], [0.032069, 0.029564], [-0.004799, -0.003955], [0.062301, -0.220324], [0.143061, 0.452202], [-0.291814, 0.340627], [0.031651, -0.357928], [0.342849, 0.800053], [-0.353265, 0.798289], [-0.012148, -0.409039], [0.286546, 0.860947], [-0.49377, 0.813417], [0.007385, -0.656568], [0.01712, -0.53968], [-0.000151, -0.565988], [-0.037338, -0.721349], [0.052574, -0.515921], [-0.04536, -0.555166], [0.06517, -0.223263], [-0.05556, -0.297979], [-0.124666, -0.004592], [-0.211979, -0.047724], [-0.189067, 0.052146], [-0.259438, 0.037722]], "theta": [1.119455, 0.016087, 0.134594, 2.490273, 0.239322, -2.062685, 0.228685, 0.28293, 0.073615, -0.670509, 0.258625, -0.020193, 0.316113, -0.101099, 0.008632, 0.315043, 0.10843, -0.182819, 0.480541, 0.185915, 0.055479, -0.151857, 0.013757, 0.027807, -0.580936, 0.341888, 0.256956, -0.159071, 0.05114, 0.122525, 0.035853, 0.037014, 0.002807, -0.003602, 0.002541, 0.003556, 0.002692, 0.003502, -0.009585, -0.254557, 0.128574, -0.094529, -0.003396, 0.058575, -0.465703, 0.090705, 0.413709, 0.533401, -0.091892, 0.023545, -0.001946, 0.119349, -0.384957, -0.647449, 0.245504, 0.147422, 0.594585, 0.026337, -0.619224, -0.066993, 0.06337, 0.545448, -0.060965, 0.343341, -0.099991, 0.570727, 0.16314, 0.031669, -0.095868, 0.108433, 0.042007, -0.409986, 0.109082, -0.03407, 0.416785, 0.593161, -1.090746, 0.060807, -2.391733, 0.446184, 0.104806, 1.246096, -2.136193, 0.053241, 0.860918]}