{"hc3d": [[-0.000592, -0.218669, 0.041054], [0.083344, -0.315791, 0.03835], [-0.082698, -0.315298, 0.041171], [-0.002812, -0.103912, 0.005483], [0.119194, -0.683819, -0.09442], [-0.08894, -0.646077, 0.268228], [-0.002915, 0.020678, 0.039279], [0.038677, -0.977214, -0.386939], [-0.101473, -1.068687, 0.283429], [-0.010613, 0.063238, 0.082862], [0.133411, -1.047391, -0.315082], [-0.077791, -1.090983, 0.419254], [-0.023018, 0.286521, 0.078384], [0.068781, 0.198454, 0.086871], [-0.101775, 0.188342, 0.057215], [-0.014745, 0.3477, 0.121732], [0.170706, 0.200974, 0.091542], [-0.203377, 0.161483, 0.075338], [0.281979, -0.044377, 0.098601], [-0.281615, -0.091208, 0.054393], [0.289636, -0.249756, 0.258056], [-0.312134, -0.333125, 0.156384], [0.313933, -0.309673, 0.319459], [-0.330096, -0.413033, 0.1895]], "im2d": [[0.017512, -0.09418], [0.032282, 0.029629], [-0.004617, -0.003942], [0.062472, -0.220519], [0.165603, 0.444936], [-0.273827, 0.355474], [0.032061, -0.358523], [0.455101, 0.757704], [-0.316185, 0.818699], [-0.015147, -0.407763], [0.391487, 0.852609], [-0.462054, 0.845549], [-0.000554, -0.656347], [0.003996, -0.541161], [0.00134, -0.563353], [-0.043234, -0.722941], [0.019754, -0.52378], [-0.040766, -0.554241], [0.021254, -0.231273], [-0.04745, -0.290776], [-0.163882, -0.006155], [-0.179116, -0.03192], [-0.229778, 0.063636], [-0.223583, 0.052027]], "theta": [1.120529, 0.016221, 0.13462, 2.490485, 0.239143, -2.062976, 0.291765, 0.228414, 0.056229, -0.629114, 0.217428, 0.01904, 0.311698, -0.168367, 0.007801, 0.396888, 0.020808, -0.065439, 0.468316, 0.207231, 0.053664, -0.086641, 0.014213, 0.063751, -0.434666, 0.312458, 0.139193, -0.084571, -0.039983, 0.107737, -0.001871, 0.035819, -0.003102, -0.000967, 0.000998, 0.000179, 0.002008, 0.001808, -0.005878, -0.315714, 0.144318, -0.146422, 0.005734, -0.037592, -0.410015, 0.065056, 0.457184, 0.488644, -0.101406, 0.081201, 0.005958, 0.10765, -0.367622, -0.706365, 0.182704, 0.135184, 0.64233, 0.114491, -0.58859, -0.053193, 0.118862, 0.38265, -0.045009, 0.290006, -0.074071, 0.392287, 0.124141, 0.05672, -0.168356, 0.110415, 0.044285, -0.412296, 0.110722, -0.037613, 0.417346, 0.593161, -1.090746, 0.060807, -2.391733, 0.446184, 0.104806, 1.246096, -2.136193, 0.053241, 0.860918]}