{"hc3d": [[-0.000592, -0.218669, 0.041054], [0.083344, -0.315791, 0.03835], [-0.082698, -0.315298, 0.041171], [-0.002812, -0.103912, 0.005483], [0.132195, -0.689502, -0.072608], [-0.086628, -0.656844, 0.25174], [-0.002449, 0.02109, 0.037718], [0.035198, -0.943343, -0.395543], [-0.099508, -1.078128, 0.21511], [-0.011068, 0.063195, 0.081571], [0.133431, -1.020147, -0.336263], [-0.076904, -1.110127, 0.349168], [-0.024472, 0.286339, 0.074068], [0.067572, 0.198855, 0.085435], [-0.102322, 0.187504, 0.052599], [-0.016789, 0.34866, 0.11587], [0.169165, 0.201499, 0.094853], [-0.204605, 0.162939, 0.07014], [0.276956, -0.045473, 0.091038], [-0.283415, -0.088827, 0.041586], [0.263758, -0.244407, 0.25812], [-0.312777, -0.329043, 0.147846], [0.279729, -0.308326, 0.318202], [-0.331355, -0.40685, 0.185336]], "im2d": [[0.01755, -0.094195], [0.032329, 0.029643], [-0.004577, -0.00394], [0.062511, -0.220564], [0.144035, 0.453492], [-0.255791, 0.368201], [0.03392, -0.358931], [0.465902, 0.71995], [-0.241072, 0.830923], [-0.013811, -0.407864], [0.416473, 0.823113], [-0.385777, 0.868309], [0.003888, -0.656494], [0.005356, -0.541925], [0.00627, -0.562574], [-0.037161, -0.724448], [0.015831, -0.524826], [-0.035216, -0.556117], [0.02852, -0.23096], [-0.033573, -0.293595], [-0.168936, -0.017169], [-0.169623, -0.036399], [-0.235304, 0.055426], [-0.218919, 0.045053]], "theta": [1.120778, 0.016251, 0.134625, 2.490528, 0.239107, -2.063035, 0.229794, 0.230083, 0.083263, -0.58188, 0.202259, 0.034067, 0.298658, -0.179847, 0.004028, 0.589573, 0.064688, -0.074623, 0.541855, 0.227131, 0.071235, -0.063029, 0.008276, 0.071214, -0.45122, 0.308882, 0.150046, -0.132467, -0.056258, 0.088468, -0.023589, 0.036699, 0.002245, -0.002899, 0.002253, 0.002174, 0.002416, 0.003575, -0.008732, -0.330872, 0.146931, -0.152405, 0.003214, -0.066391, -0.408016, 0.069026, 0.461668, 0.461587, -0.112561, 0.107565, 0.011812, 0.13792, -0.307779, -0.749652, 0.190913, 0.108367, 0.673684, 0.143695, -0.694322, -0.024733, 0.165129, 0.423156, -0.069661, 0.249085, -0.033751, 0.320534, 0.15594, 0.070013, -0.199238, 0.108974, 0.04285, -0.41053, 0.109064, -0.036317, 0.416342, 0.593161, -1.090746, 0.060807, -2.391733, 0.446184, 0.104806, 1.246096, -2.136193, 0.053241, 0.860918]}