{"hc3d": [[-0.000592, -0.218669, 0.041054], [0.083344, -0.315791, 0.03835], [-0.082698, -0.315298, 0.041171], [-0.002812, -0.103912, 0.005483], [0.133923, -0.703159, 0.080134], [-0.149917, -0.705243, 0.107752], [-0.001026, 0.021005, 0.038001], [0.033552, -1.100192, -0.021946], [-0.114311, -1.081392, -0.082595], [-0.005025, 0.065796, 0.079809], [0.136578, -1.120807, 0.067627], [-0.142961, -1.138749, 0.041484], [-0.019385, 0.288395, 0.063291], [0.073438, 0.201177, 0.068935], [-0.098969, 0.18897, 0.054864], [-0.010543, 0.343788, 0.113728], [0.174786, 0.20283, 0.056991], [-0.200223, 0.175802, 0.085634], [0.285559, -0.035709, -0.001807], [-0.300721, -0.069551, 0.096346], [0.332791, -0.244168, 0.146447], [-0.324029, -0.29524, 0.231914], [0.371665, -0.306865, 0.196533], [-0.335149, -0.368675, 0.279749]], "im2d": [[0.017603, -0.094218], [0.032395, 0.029663], [-0.004521, -0.003936], [0.06257, -0.220632], [-0.024408, 0.466335], [-0.112774, 0.411722], [0.033931, -0.358668], [0.045915, 0.886223], [0.083588, 0.837168], [-0.010479, -0.409623], [-0.032844, 0.927852], [-0.062002, 0.892546], [0.016907, -0.657763], [0.024858, -0.543191], [0.004553, -0.563743], [-0.033811, -0.718015], [0.058754, -0.524655], [-0.050681, -0.56989], [0.133078, -0.238424], [-0.09632, -0.319374], [-0.031898, -0.001692], [-0.262641, -0.077429], [-0.082542, 0.074314], [-0.321579, 0.000526]], "theta": [1.121148, 0.016293, 0.134632, 2.490582, 0.239063, -2.063109, -0.157273, 0.166036, 0.043692, -0.216453, -0.054654, -0.07212, 0.302868, -0.065587, 0.00451, 0.337591, 0.163737, -0.155178, 0.553328, 0.159445, 0.156965, -0.130727, -0.006418, 0.05799, -0.444163, 0.292853, 0.268955, -0.34317, -0.123739, 0.111576, -0.008142, 0.042502, 0.005286, -0.000928, 0.001066, -0.000202, 0.001651, 0.00223, -0.005756, -0.128649, 0.099123, -0.129143, -0.028225, 0.030131, -0.432019, 0.047214, 0.461195, 0.365688, -0.051376, 0.001803, -0.00532, 0.176393, -0.116656, -0.744468, 0.224376, 0.158983, 0.669143, 0.0908, -0.710683, -0.035566, 0.167423, 0.441026, -0.066036, 0.288433, -0.057422, 0.375996, 0.257816, 0.110312, -0.152, 0.109854, 0.044791, -0.41085, 0.110497, -0.038637, 0.416914, 0.593161, -1.090746, 0.060807, -2.391733, 0.446184, 0.104806, 1.246096, -2.136193, 0.053241, 0.860918]}