{"hc3d": [[-0.000592, -0.218669, 0.041054], [0.083344, -0.315791, 0.03835], [-0.082698, -0.315298, 0.041171], [-0.002812, -0.103912, 0.005483], [0.145298, -0.689927, 0.141022], [-0.172045, -0.706081, 0.058904], [-0.001916, 0.021899, 0.034393], [0.05682, -1.095995, 0.067464], [-0.157715, -1.065545, -0.163733], [-0.004233, 0.068336, 0.074497], [0.150742, -1.097653, 0.168649], [-0.182911, -1.121913, -0.038457], [-0.020147, 0.290717, 0.056539], [0.073205, 0.203943, 0.059768], [-0.099525, 0.190889, 0.051704], [-0.011693, 0.34808, 0.104793], [0.172946, 0.20197, 0.038213], [-0.200858, 0.175512, 0.081165], [0.279361, -0.028957, -0.051103], [-0.306473, -0.065616, 0.114561], [0.339103, -0.244577, 0.081578], [-0.28999, -0.256008, 0.297143], [0.382521, -0.309466, 0.124647], [-0.286825, -0.311526, 0.365789]], "im2d": [[0.017604, -0.094219], [0.032397, 0.029663], [-0.00452, -0.003936], [0.062571, -0.220633], [-0.088413, 0.452919], [-0.063541, 0.40912], [0.037773, -0.35977], [-0.047565, 0.884634], [0.164953, 0.812507], [-0.00433, -0.412176], [-0.139934, 0.903333], [0.018802, 0.867458], [0.024314, -0.660361], [0.035056, -0.546128], [0.008025, -0.565919], [-0.023972, -0.722824], [0.07901, -0.523742], [-0.045905, -0.569622], [0.186466, -0.24623], [-0.117335, -0.325185], [0.040796, 0.001167], [-0.325394, -0.115106], [-0.001315, 0.080622], [-0.403361, -0.054447]], "theta": [1.121156, 0.016294, 0.134632, 2.490583, 0.239063, -2.06311, -0.308989, 0.079737, 0.070586, -0.097253, -0.069823, -0.131418, 0.275102, -0.021125, 0.016323, 0.390375, 0.106895, -0.19885, 0.514858, 0.242995, 0.173744, -0.14358, -0.015108, 0.039333, -0.483079, 0.328931, 0.349347, -0.419284, -0.120803, 0.070233, 0.023072, 0.038578, 0.012228, -0.001588, 0.001645, 0.000499, 0.001453, 0.002574, -0.006111, -0.153398, 0.109599, -0.092124, -0.016731, 0.087602, -0.482425, 0.05174, 0.415194, 0.390381, -0.018021, 0.046655, -0.021613, 0.216804, -0.051195, -0.698034, 0.265423, 0.242438, 0.580516, 0.107903, -0.747222, -0.034494, 0.141621, 0.63845, -0.121856, 0.315229, -0.04785, 0.374013, 0.328979, 0.149574, -0.225667, 0.109081, 0.044225, -0.410072, 0.109898, -0.039166, 0.416361, 0.593161, -1.090746, 0.060807, -2.391733, 0.446184, 0.104806, 1.246096, -2.136193, 0.053241, 0.860918]}