{"hc3d": [[-0.000592, -0.218669, 0.041054], [0.083344, -0.315791, 0.03835], [-0.082698, -0.315298, 0.041171], [-0.002812, -0.103912, 0.005483], [0.167906, -0.666384, 0.194209], [-0.173092, -0.705504, 0.017148], [-0.001737, 0.021243, 0.037106], [0.052309, -1.068826, 0.141221], [-0.189851, -1.058536, -0.215392], [-0.002481, 0.068357, 0.076474], [0.157467, -1.057511, 0.22997], [-0.191668, -1.10944, -0.085346], [-0.01284, 0.290938, 0.056995], [0.078248, 0.201768, 0.059536], [-0.094865, 0.193195, 0.054117], [-0.007619, 0.348275, 0.105735], [0.174259, 0.190407, 0.026829], [-0.195872, 0.176648, 0.084059], [0.253716, -0.048868, -0.068368], [-0.295388, -0.06261, 0.1412], [0.351288, -0.286231, -0.025897], [-0.241445, -0.218863, 0.347433], [0.41054, -0.352685, -0.021017], [-0.226102, -0.256862, 0.425697]], "im2d": [[0.017605, -0.094219], [0.032397, 0.029664], [-0.004519, -0.003936], [0.062572, -0.220634], [-0.141089, 0.430494], [-0.017743, 0.409019], [0.034787, -0.35906], [-0.12822, 0.852455], [0.215671, 0.799308], [-0.006149, -0.411887], [-0.203898, 0.859297], [0.06933, 0.852794], [0.025313, -0.659164], [0.036221, -0.542725], [0.006442, -0.567582], [-0.024169, -0.72225], [0.091183, -0.510524], [-0.048013, -0.569937], [0.199168, -0.229054], [-0.144245, -0.326773], [0.159356, 0.051457], [-0.368855, -0.147331], [0.162437, 0.136464], [-0.453977, -0.103751]], "theta": [1.12116, 0.016295, 0.134632, 2.490584, 0.239062, -2.06311, -0.462691, 0.108512, 0.120346, 0.015757, -0.022577, -0.135577, 0.297087, 0.000726, 0.016892, 0.523556, 0.178612, -0.274728, 0.423901, 0.320155, 0.144236, -0.182323, -0.022099, 0.01903, -0.576514, 0.355084, 0.422258, -0.490651, -0.059783, 0.077515, 0.03138, 0.034066, 0.004836, 0.000391, 0.000403, -0.001332, 0.000709, 0.000467, -0.0022, -0.145443, 0.059768, -0.037891, -0.024942, 0.176872, -0.563836, 0.063557, 0.408669, 0.429067, 0.030973, -0.028845, -0.00044, 0.148341, -0.040069, -0.668085, 0.297414, 0.346933, 0.528297, -0.065365, -0.387149, -0.031128, 0.069832, 0.757071, -0.159605, 0.265063, -0.053899, 0.464616, 0.335774, 0.174327, -0.288452, 0.110721, 0.044792, -0.413161, 0.111836, -0.040752, 0.417098, 0.593161, -1.090746, 0.060807, -2.391733, 0.446184, 0.104806, 1.246096, -2.136193, 0.053241, 0.860918]}