{"hc3d": [[-0.000871, -0.21862, 0.038765], [0.081192, -0.315474, 0.035179], [-0.081139, -0.31489, 0.037857], [-0.00316, -0.103857, 0.004348], [0.09868, -0.68071, -0.122861], [-0.074173, -0.651019, 0.266639], [0.005506, 0.024772, 0.026514], [-0.001733, -1.028812, -0.34948], [-0.079691, -1.07563, 0.321423], [0.006694, 0.072424, 0.064553], [0.085112, -1.059503, -0.245142], [-0.077024, -1.074538, 0.462084], [0.020064, 0.294556, 0.057559], [0.100774, 0.196633, 0.064528], [-0.06914, 0.20599, 0.038427], [0.021216, 0.351799, 0.109025], [0.201735, 0.184494, 0.066958], [-0.175461, 0.203998, 0.033521], [0.230313, -0.082791, 0.023269], [-0.239859, -0.01197, -0.110684], [0.203463, -0.17422, 0.268326], [-0.241563, -0.147406, 0.119638], [0.231916, -0.201413, 0.348801], [-0.246133, -0.185678, 0.199475]], "im2d": [[0.012053, -0.108843], [0.100705, 0.00145], [-0.072216, -0.005958], [0.021317, -0.240984], [0.177003, 0.383427], [-0.144494, 0.399743], [0.022039, -0.379739], [0.152661, 0.731245], [-0.167835, 0.877456], [0.009577, -0.426882], [0.207769, 0.784255], [-0.21494, 0.896876], [0.025204, -0.673172], [0.108681, -0.560217], [-0.062099, -0.581866], [0.007894, -0.728975], [0.214829, -0.541979], [-0.172981, -0.58506], [0.261837, -0.251255], [-0.189027, -0.369887], [0.146835, -0.115509], [-0.271959, -0.186475], [0.148538, -0.072424], [-0.304962, -0.132674]], "theta": [1.117252, 0.011659, 0.1212, 3.234245, 0.029458, -0.527865, 0.365183, 0.213478, 0.007625, -0.624223, 0.231112, 0.05219, 0.204493, -0.105678, -0.045522, 0.119, -0.071168, -0.144093, 0.383516, 0.02493, -0.051295, -0.092854, -0.01608, -0.020669, -0.690723, 0.302002, 0.134829, -0.121582, 0.031188, -0.051678, 0.073367, -0.00034, 0.015379, -0.001477, 0.000501, 0.002426, 0.00195, 0.001996, -0.006448, -0.160982, -0.056995, -0.050675, 0.032171, -0.031279, -0.438895, 0.02987, 0.193154, 0.424625, -0.106707, 0.037575, 0.036066, 0.204779, -0.296164, -0.929857, 0.418124, -0.133705, 0.956333, -0.09454, -1.196908, 0.305663, 0.049982, 1.447098, -0.411469, 0.139116, -0.039988, 0.546099, -0.192742, 0.168894, -0.209377, 0.111368, 0.043976, -0.41282, 0.111466, -0.037976, 0.421385, 0.699743, -0.747383, 0.012955, -2.320537, 0.331235, 0.065199, 1.2786, -2.049852, 0.101092, 0.881022]}