{"hc3d": [[-0.000989, -0.218213, 0.037349], [0.079963, -0.314791, 0.03319], [-0.080141, -0.314156, 0.035769], [-0.00332, -0.103643, 0.003801], [0.104537, -0.693644, -0.098636], [-0.093934, -0.672023, 0.235587], [3.5e-05, 0.025505, 0.028655], [0.095999, -1.02162, -0.377835], [-0.063578, -1.090905, 0.33473], [-0.003338, 0.069574, 0.070145], [0.162647, -1.117881, -0.301266], [-0.082729, -1.121765, 0.471332], [-0.014861, 0.291358, 0.080197], [0.076084, 0.202951, 0.073912], [-0.094512, 0.194721, 0.059152], [-0.01321, 0.339244, 0.141528], [0.176997, 0.206697, 0.06279], [-0.199893, 0.186239, 0.071275], [0.300528, -0.033522, 0.014469], [-0.265037, -0.066649, 0.005502], [0.30945, -0.237317, 0.183405], [-0.34491, -0.323747, 0.003285], [0.327302, -0.294851, 0.250086], [-0.388718, -0.401046, 0.000333]], "im2d": [[0.024121, -0.106429], [0.021799, 0.01617], [0.021099, -0.016318], [0.068669, -0.230957], [0.145849, 0.446428], [-0.224083, 0.362562], [0.048695, -0.374058], [0.438315, 0.823314], [-0.360946, 0.823633], [0.005011, -0.42584], [0.345892, 0.937703], [-0.515393, 0.84531], [0.007442, -0.672964], [0.007864, -0.557256], [0.026161, -0.580972], [-0.058273, -0.729195], [0.019183, -0.540753], [0.013494, -0.593206], [0.056938, -0.248815], [0.07253, -0.323501], [-0.144603, -0.033178], [0.060403, -0.056033], [-0.22295, 0.029542], [0.059579, 0.020615]], "theta": [1.120482, 0.022516, 0.123228, 2.266593, 0.265642, -2.282793, 0.298806, 0.136002, 0.000744, -0.537502, 0.11233, 0.038892, 0.220783, -0.078729, -0.002514, 0.28516, -0.132788, 0.048767, 0.177809, 0.133211, 0.028448, -0.006609, 0.003771, 0.046459, -0.176713, 0.323179, -0.015626, 0.146879, -0.240919, 0.136481, 0.047391, 0.035147, -0.00227, -0.003772, 0.002357, 0.004257, 0.003269, 0.004569, -0.011631, -0.052577, -0.035552, -0.085853, 0.067557, 0.052971, -0.419717, 0.013879, 0.278151, 0.354316, 0.05012, 0.019473, 0.07078, 0.14022, -0.329259, -0.666632, 0.166713, 0.093941, 0.885149, 0.181725, -0.826512, -0.02038, -0.139711, 0.106949, -0.049101, 0.330609, -0.153932, 0.356923, -0.007631, 0.025823, -0.312543, 0.108769, 0.042501, -0.409371, 0.109005, -0.035226, 0.417674, 0.768843, -0.535692, -0.068902, -2.301416, 0.293275, 0.08597, 1.203234, -1.98345, 0.081377, 0.904139]}