{"hc3d": [[-0.00077, -0.21848, 0.039496], [0.081917, -0.315351, 0.036138], [-0.081642, -0.314799, 0.038888], [-0.003035, -0.103886, 0.004844], [0.097008, -0.706668, -0.021743], [-0.136286, -0.674286, 0.215418], [-0.000238, 0.02415, 0.027835], [0.037238, -1.114986, -0.122726], [-0.120939, -1.092483, 0.137198], [-0.000797, 0.072269, 0.065462], [0.11006, -1.150794, -0.010342], [-0.153925, -1.146376, 0.262285], [-0.006813, 0.294451, 0.048602], [0.08212, 0.203605, 0.05045], [-0.090011, 0.198364, 0.043269], [0.002746, 0.35154, 0.098488], [0.181944, 0.1998, 0.031189], [-0.192542, 0.179128, 0.064103], [0.279138, -0.052672, 0.013493], [-0.256347, -0.079175, 0.04804], [0.314486, -0.271607, 0.152354], [-0.311325, -0.332516, 0.107164], [0.349441, -0.331694, 0.208463], [-0.322688, -0.419794, 0.115911]], "im2d": [[0.016806, -0.096169], [0.019489, 0.029769], [-0.000461, -0.006522], [0.067033, -0.221403], [0.047293, 0.472836], [-0.240833, 0.367637], [0.054168, -0.365012], [0.114235, 0.921962], [-0.192761, 0.842252], [0.016504, -0.421606], [-0.008441, 0.968765], [-0.342489, 0.885234], [0.057011, -0.668717], [0.055072, -0.548535], [0.04485, -0.579462], [0.007473, -0.734056], [0.086715, -0.521149], [0.008859, -0.581928], [0.091555, -0.217868], [-0.005363, -0.307197], [-0.083069, 0.022422], [-0.102902, -0.041968], [-0.148665, 0.092434], [-0.122626, 0.051961]], "theta": [1.135926, 0.015565, 0.133819, 2.375927, 0.304141, -2.150296, 0.112186, 0.078081, -0.036397, -0.489292, 0.039899, -0.050903, 0.219862, -0.03833, 0.002557, 0.012369, -0.039153, -0.066443, 0.549155, 0.024765, 0.080064, -0.122832, 0.011458, 0.024128, -0.31337, 0.316435, 0.122984, -0.082608, -0.13254, 0.133213, 0.053191, 0.025242, -0.006616, -0.003318, 0.002532, 0.002871, 0.002284, 0.003985, -0.009391, -0.128485, 0.112839, -0.053403, 0.029193, 0.074363, -0.457807, 0.033237, 0.339166, 0.486064, 0.002178, 0.010771, -0.030709, 0.193757, -0.377193, -0.700548, 0.237049, 0.170578, 0.770921, 0.093009, -0.519032, -0.048939, -0.022378, 0.150676, -0.046371, 0.329512, -0.136646, 0.446031, -0.012447, 0.06464, 0.020088, 0.108531, 0.042358, -0.409881, 0.109051, -0.036653, 0.415825, 0.643202, -0.867097, 0.023052, -2.33197, 0.387708, 0.080532, 1.242262, -2.076569, 0.110274, 0.869539]}