{"hc3d": [[-0.00077, -0.21848, 0.039496], [0.081917, -0.315351, 0.036138], [-0.081642, -0.314799, 0.038888], [-0.003035, -0.103886, 0.004844], [0.19202, -0.692145, 0.087225], [-0.116261, -0.703533, 0.144087], [1.9e-05, 0.023585, 0.030754], [-0.03689, -1.002183, -0.091579], [-0.212233, -1.073913, -0.042597], [-0.005663, 0.068845, 0.071384], [0.095844, -1.017675, -0.054739], [-0.142759, -1.104758, 0.075137], [-0.015339, 0.291173, 0.058644], [0.075017, 0.202403, 0.069658], [-0.094687, 0.193335, 0.040906], [-0.018555, 0.35039, 0.106832], [0.176375, 0.194096, 0.066895], [-0.198258, 0.176577, 0.058482], [0.284912, -0.049917, 0.020207], [-0.301547, -0.069143, 0.057024], [0.226834, -0.210026, 0.218843], [-0.234558, -0.223127, 0.263183], [0.234768, -0.2574, 0.294164], [-0.21791, -0.269672, 0.336528]], "im2d": [[0.016964, -0.096233], [0.019677, 0.02983], [-0.000289, -0.006513], [0.067203, -0.221593], [-0.064004, 0.469229], [-0.16116, 0.410525], [0.050965, -0.36487], [0.083172, 0.778674], [0.002658, 0.81663], [0.00905, -0.419669], [0.053811, 0.821861], [-0.126011, 0.856848], [0.044516, -0.668293], [0.032617, -0.550707], [0.04659, -0.575211], [-0.004282, -0.738685], [0.045391, -0.519235], [0.014387, -0.580416], [0.085025, -0.220357], [-0.019076, -0.329168], [-0.160935, -0.07025], [-0.259975, -0.159312], [-0.249777, -0.021675], [-0.345604, -0.109614]], "theta": [1.136972, 0.01569, 0.133841, 2.376103, 0.303995, -2.150537, -0.211078, 0.270154, 0.185887, -0.280753, 0.231017, -0.017392, 0.241028, -0.097496, -0.004534, 0.845813, 0.420118, -0.346294, 0.654329, 0.448189, 0.089172, -0.070921, -0.062668, 0.0438, -0.757984, 0.382437, 0.51719, -0.553432, 0.091559, 0.003655, 0.005718, 0.040008, 0.023168, -0.006175, 0.004325, 0.005739, 0.002657, 0.005238, -0.011848, -0.19712, -0.036711, -0.074599, -0.015117, 0.016545, -0.514882, 0.087605, 0.419533, 0.415732, -0.003379, -0.034001, -0.006001, 0.247721, -0.168154, -0.67712, 0.367396, 0.256724, 0.614143, 0.240686, -1.099256, 0.003742, 0.132328, 0.975803, -0.236608, 0.367077, -0.001099, 0.404012, 0.302716, 0.100594, -0.193368, 0.106383, 0.040608, -0.407328, 0.107487, -0.032044, 0.41479, 0.643202, -0.867097, 0.023052, -2.33197, 0.387708, 0.080532, 1.242262, -2.076569, 0.110274, 0.869539]}