{"hc3d": [[-0.00093, -0.2186, 0.038158], [0.080634, -0.315373, 0.0343], [-0.080697, -0.314764, 0.036947], [-0.003239, -0.103867, 0.004122], [0.050903, -0.61066, 0.302296], [-0.176084, -0.711191, 0.055982], [-0.005031, 0.024391, 0.031973], [0.180374, -0.970881, 0.108818], [-0.133716, -1.103828, -0.11334], [-1.1e-05, 0.069253, 0.072787], [0.182099, -1.025597, 0.237136], [-0.205384, -1.155191, -0.003319], [-0.00305, 0.290527, 0.096581], [0.082277, 0.201196, 0.066815], [-0.088167, 0.196518, 0.088143], [-0.003846, 0.336863, 0.158509], [0.182412, 0.193586, 0.051008], [-0.182993, 0.196698, 0.136473], [0.248555, -0.031339, -0.089398], [-0.271049, -0.02681, 0.256056], [0.18689, -0.255807, 0.03474], [-0.238685, -0.075949, 0.517635], [0.200992, -0.322736, 0.092791], [-0.249904, -0.06865, 0.60539]], "im2d": [[7.5e-05, -0.11338], [-0.076812, -0.0062], [0.06756, -0.015777], [0.028114, -0.228406], [-0.220566, 0.254795], [0.120872, 0.394383], [0.020812, -0.369073], [-0.246218, 0.677581], [0.158269, 0.842398], [-0.004734, -0.423695], [-0.324675, 0.711853], [0.156887, 0.872652], [-0.003419, -0.661911], [-0.068382, -0.557629], [0.073184, -0.565536], [-0.035778, -0.722278], [-0.150239, -0.541441], [0.131108, -0.57958], [-0.141685, -0.274616], [0.129497, -0.370146], [-0.169832, -0.063624], [-0.053062, -0.364668], [-0.219708, -0.002881], [-0.093028, -0.389105]], "theta": [1.073248, 0.001, 0.112958, 0.881418, 0.280878, -3.000736, -0.747715, -0.483576, 0.009466, -0.10347, -0.115305, -0.13897, 0.250814, 0.114977, 0.052549, 1.163695, -0.048296, -0.095296, 0.406497, 0.030124, 0.153881, -0.055884, 0.010425, -0.029893, -0.368595, 0.193811, 0.15224, -0.261741, -0.201717, -0.093949, 0.13042, 0.032471, -0.025499, -0.004868, 0.004397, 0.00277, -0.00094, 0.004214, -0.005972, -0.089562, -0.288053, -0.013329, 0.039673, -0.146173, -0.455698, -0.019166, 0.411353, 0.241766, 0.011859, 0.075834, 0.077236, 0.306199, -0.034188, -0.815295, -0.097239, 0.478872, 0.520566, 0.228435, -1.032253, -0.139024, -0.4304, 0.862905, -0.206973, 0.389746, -0.10459, 0.560366, 0.185502, 0.199893, -0.461316, 0.105552, 0.043553, -0.406276, 0.1076, -0.042022, 0.415541, 0.732801, -0.653111, -0.014347, -2.307822, 0.310841, 0.092612, 1.238354, -2.025484, 0.104755, 0.886912]}