{"hc3d": [[-0.00093, -0.2186, 0.038158], [0.080634, -0.315373, 0.0343], [-0.080697, -0.314764, 0.036947], [-0.003239, -0.103867, 0.004122], [0.062114, -0.714632, 0.046505], [-0.150784, -0.686775, 0.189627], [-0.000258, 0.026299, 0.020762], [0.023937, -1.128287, -0.060213], [-0.10958, -1.005575, -0.0955], [0.000549, 0.071944, 0.061005], [0.042006, -1.179772, 0.068182], [-0.177851, -1.108613, -0.027666], [0.000703, 0.294514, 0.061567], [0.086775, 0.201315, 0.054334], [-0.085003, 0.201401, 0.049804], [0.003577, 0.345395, 0.119753], [0.18698, 0.184534, 0.050878], [-0.187242, 0.188518, 0.076431], [0.243775, -0.073742, -0.018027], [-0.251055, -0.070804, 0.102686], [0.235786, -0.325514, 0.060364], [-0.313258, -0.310991, 0.204308], [0.252363, -0.405076, 0.098359], [-0.335072, -0.388123, 0.24245]], "im2d": [[0.003083, -0.114692], [-0.074205, -0.00486], [0.072633, -0.015835], [0.03065, -0.232155], [-0.083136, 0.421527], [0.029659, 0.352632], [0.024227, -0.375087], [-0.004611, 0.88375], [0.144735, 0.749921], [0.001925, -0.431456], [-0.099282, 0.917009], [0.162718, 0.844371], [0.011918, -0.671102], [-0.06736, -0.564231], [0.093289, -0.573981], [-0.022609, -0.73623], [-0.158268, -0.53943], [0.171023, -0.571175], [-0.182054, -0.245499], [0.20205, -0.300712], [-0.232723, 0.010799], [0.1881, -0.064399], [-0.27409, 0.09056], [0.182066, 0.010381]], "theta": [1.09315, 0.003751, 0.113681, 0.886815, 0.276103, -3.00816, -0.054646, -0.161812, -0.129375, -0.429779, -0.043027, -0.070544, 0.163594, -2.7e-05, 0.005741, 0.173849, -0.150505, -0.009672, 1.052262, -0.0796, 0.027898, 0.007597, -0.004279, 0.009078, -0.218857, 0.297592, -0.009637, -0.10049, -0.203702, 0.062239, 0.047912, 0.011949, -0.025381, -0.002875, 0.002168, 0.002195, 0.002083, 0.003907, -0.008933, -0.069006, -0.086184, -0.049066, 0.032593, -0.122721, -0.523582, -0.046151, 0.387524, 0.437295, 0.158248, -0.01978, -0.004317, 0.249443, -0.184416, -0.795217, 0.053004, 0.23575, 0.759526, 0.121723, -0.475691, -0.049781, -0.233585, 0.165924, -0.044418, 0.114819, -0.167095, 0.402276, -0.264594, 0.163987, -0.161948, 0.108774, 0.042898, -0.409775, 0.10898, -0.036563, 0.416564, 0.732801, -0.653111, -0.014347, -2.307822, 0.310841, 0.092612, 1.238354, -2.025484, 0.104755, 0.886912]}