{"hc3d": [[-0.00093, -0.2186, 0.038158], [0.080634, -0.315373, 0.0343], [-0.080697, -0.314764, 0.036947], [-0.003239, -0.103867, 0.004122], [0.061656, -0.663409, 0.230286], [-0.147534, -0.717064, 0.019535], [-0.004144, 0.025686, 0.025199], [0.112263, -1.070623, 0.105498], [-0.106389, -1.131401, -0.086581], [-0.001943, 0.071573, 0.065112], [0.120268, -1.120251, 0.235633], [-0.177793, -1.17699, 0.026124], [-0.00459, 0.293838, 0.076458], [0.082072, 0.202445, 0.059614], [-0.089655, 0.200066, 0.065306], [-0.002771, 0.339889, 0.138578], [0.182979, 0.193789, 0.050814], [-0.188523, 0.191718, 0.103818], [0.231124, -0.049264, -0.064455], [-0.266528, -0.048002, 0.195794], [0.21673, -0.307052, -0.010267], [-0.302667, -0.223555, 0.395195], [0.228509, -0.391583, 0.017376], [-0.321946, -0.275169, 0.464797]], "im2d": [[0.003113, -0.114712], [-0.074186, -0.004852], [0.072683, -0.015837], [0.030681, -0.232203], [-0.188554, 0.333165], [0.125524, 0.416331], [0.02518, -0.375546], [-0.180707, 0.797245], [0.130739, 0.88412], [0.001794, -0.432042], [-0.26708, 0.827587], [0.127871, 0.908423], [0.007984, -0.673538], [-0.0661, -0.566806], [0.088398, -0.575761], [-0.028127, -0.734255], [-0.154141, -0.549733], [0.156257, -0.579787], [-0.141927, -0.264254], [0.162556, -0.343141], [-0.172724, 0.002573], [0.070063, -0.192477], [-0.203817, 0.089286], [0.044362, -0.150697]], "theta": [1.093388, 0.003778, 0.113685, 0.886846, 0.276077, -3.008203, -0.526551, -0.393608, -0.037578, -0.006065, -0.09462, -0.072114, 0.198216, 0.050375, 0.038603, 0.718715, -0.004496, -0.038831, 0.146782, 0.033528, 0.114706, -0.031612, 0.002339, -0.01094, -0.23234, 0.204212, 0.069934, -0.202782, -0.269099, 0.002352, 0.101511, 0.013804, -0.029133, 0.00024, 0.000332, -0.001501, 0.001248, 0.001409, -0.004489, -0.034007, -0.153011, -0.038425, 0.025195, -0.120223, -0.458371, -0.0521, 0.436364, 0.356057, 0.172395, -0.004223, -0.010093, 0.313276, -0.096769, -0.911503, -0.101496, 0.367917, 0.602966, 0.17324, -0.554606, -0.033711, -0.241781, 0.382258, -0.054845, 0.262414, -0.150792, 0.344067, -0.025754, 0.148442, -0.231853, 0.111138, 0.045256, -0.412857, 0.1111, -0.039333, 0.418316, 0.732801, -0.653111, -0.014347, -2.307822, 0.310841, 0.092612, 1.238354, -2.025484, 0.104755, 0.886912]}