{"hc3d": [[-0.000854, -0.219154, 0.039133], [0.081351, -0.316061, 0.035727], [-0.081266, -0.315475, 0.03841], [-0.003138, -0.104259, 0.004427], [0.067292, -0.713042, 0.020996], [-0.166485, -0.649903, 0.252024], [-0.000901, 0.025514, 0.021053], [0.008123, -1.120904, -0.0894], [-0.117092, -1.022401, 0.048097], [0.000835, 0.073165, 0.059238], [0.036879, -1.166896, 0.038736], [-0.192795, -1.110452, 0.127511], [0.006619, 0.296121, 0.061538], [0.090608, 0.200783, 0.05397], [-0.081771, 0.205244, 0.049144], [0.009202, 0.338139, 0.125842], [0.191125, 0.187915, 0.043366], [-0.186697, 0.19948, 0.067356], [0.276859, -0.066667, 0.00047], [-0.275698, -0.051909, 0.048171], [0.258796, -0.303664, 0.112445], [-0.360891, -0.290272, 0.132996], [0.278281, -0.370287, 0.169157], [-0.388301, -0.370003, 0.160647]], "im2d": [[0.012853, -0.087864], [-0.057125, 0.033768], [0.078242, 0.009281], [0.045748, -0.210646], [-0.046655, 0.481957], [-0.028135, 0.330844], [0.035059, -0.359875], [0.076594, 0.955204], [0.077842, 0.798622], [0.005208, -0.420996], [-0.049681, 0.985342], [0.076689, 0.870995], [0.005797, -0.671812], [-0.062374, -0.550854], [0.087259, -0.579593], [-0.045432, -0.731724], [-0.139441, -0.519829], [0.161479, -0.591791], [-0.186588, -0.212106], [0.243538, -0.317458], [-0.266856, 0.029767], [0.241255, -0.078193], [-0.329966, 0.096199], [0.24014, 0.002141]], "theta": [1.153364, 0.011998, 0.142974, 1.164577, 0.334008, -2.954666, 0.010964, -0.111754, -0.121384, -0.609173, -0.054306, -0.107722, 0.167384, -0.003049, 0.010646, 0.112578, -0.128075, -0.042947, 1.010582, -0.119526, 0.061583, -0.050224, 0.004069, -0.010452, -0.272591, 0.29411, 0.034602, -0.070007, -0.247059, 0.08822, 0.114087, 0.001565, -0.03461, -0.002109, 0.001361, 0.002072, 0.002295, 0.003264, -0.008391, 0.055758, -0.109972, -0.060047, 0.030566, -0.040775, -0.47847, -0.051116, 0.302542, 0.404395, 0.204831, -0.069443, -0.002071, 0.212743, -0.296199, -0.677142, 0.133872, 0.12926, 0.796259, 0.141971, -0.582856, -0.154268, -0.333138, 0.276953, -0.051332, 0.157383, -0.203452, 0.52967, -0.395729, 0.102395, -0.130889, 0.110253, 0.04281, -0.412443, 0.109885, -0.036303, 0.417563, 0.697543, -0.802165, 0.014442, -2.292757, 0.328764, 0.082281, 1.230722, -2.0552, 0.078545, 0.859453]}