{"hc3d": [[-0.000854, -0.219154, 0.039133], [0.081351, -0.316061, 0.035727], [-0.081266, -0.315475, 0.03841], [-0.003138, -0.104259, 0.004427], [0.067648, -0.700732, -0.063515], [-0.132004, -0.625205, 0.295758], [0.003233, 0.024745, 0.025398], [0.021723, -1.034015, -0.325914], [-0.090472, -1.017568, 0.460402], [0.003377, 0.070126, 0.066292], [0.052999, -1.126903, -0.227148], [-0.170246, -1.054657, 0.570178], [0.009309, 0.292421, 0.083537], [0.093459, 0.197398, 0.074041], [-0.078437, 0.202961, 0.060673], [0.005228, 0.333533, 0.148347], [0.194961, 0.190547, 0.068391], [-0.184494, 0.196089, 0.069566], [0.306498, -0.05679, 0.048736], [-0.264632, -0.054137, 0.020064], [0.273422, -0.24616, 0.227837], [-0.373232, -0.288895, 0.086132], [0.282751, -0.288772, 0.306142], [-0.407173, -0.368975, 0.103688]], "im2d": [[0.013079, -0.087937], [-0.056929, 0.033883], [0.078596, 0.009302], [0.045959, -0.210892], [0.020213, 0.485808], [-0.090496, 0.299627], [0.028253, -0.359719], [0.254382, 0.907955], [-0.267539, 0.715082], [-0.002519, -0.419117], [0.147378, 0.997365], [-0.287418, 0.723367], [-0.013927, -0.672495], [-0.080739, -0.551295], [0.075401, -0.579595], [-0.060038, -0.732496], [-0.162418, -0.527836], [0.157947, -0.58888], [-0.249329, -0.228836], [0.25658, -0.308174], [-0.368058, -0.056003], [0.289053, -0.07226], [-0.438806, -0.022346], [0.301414, 0.009663]], "theta": [1.154838, 0.01218, 0.143008, 1.164857, 0.333773, -2.95505, 0.224277, -0.020891, -0.121226, -0.732849, -0.026019, -0.023751, 0.199808, -0.033599, -0.022961, 0.311977, -0.123049, -0.02031, 0.234225, -0.221806, 0.036676, -0.024769, -0.002207, 0.026909, -0.279676, 0.262928, -0.032365, 0.214325, -0.357235, 0.149306, 0.122543, -0.010436, -0.035615, -0.000437, 0.000429, -0.00012, 0.001379, 0.001319, -0.004274, 0.008511, -0.167534, -0.043591, 0.031846, -0.028351, -0.422675, -0.046995, 0.270549, 0.416577, 0.220482, -0.121584, 0.026575, 0.139033, -0.388774, -0.601742, 0.09246, 0.102053, 0.819773, 0.088437, -0.851625, -0.092611, -0.484536, 0.320246, -0.116282, 0.236165, -0.244211, 0.519361, -0.533513, 0.045386, -0.140198, 0.111762, 0.044217, -0.414856, 0.111057, -0.038684, 0.417672, 0.697543, -0.802165, 0.014442, -2.292757, 0.328764, 0.082281, 1.230722, -2.0552, 0.078545, 0.859453]}