{"hc3d": [[-0.000854, -0.219154, 0.039133], [0.081351, -0.316061, 0.035727], [-0.081266, -0.315475, 0.03841], [-0.003138, -0.104259, 0.004427], [0.083889, -0.701172, -0.062721], [-0.130289, -0.634253, 0.284809], [0.001859, 0.025408, 0.021275], [0.036743, -0.967217, -0.392928], [-0.082235, -1.048988, 0.376822], [0.000884, 0.070025, 0.06299], [0.078765, -1.074182, -0.314482], [-0.156208, -1.098405, 0.485802], [0.003213, 0.292649, 0.076442], [0.088912, 0.198792, 0.069568], [-0.08288, 0.201462, 0.054123], [-0.001472, 0.336074, 0.139684], [0.190421, 0.190617, 0.066313], [-0.188962, 0.193874, 0.062082], [0.296175, -0.058547, 0.039187], [-0.269693, -0.058007, 0.023041], [0.266576, -0.249271, 0.217458], [-0.377073, -0.292982, 0.090319], [0.274399, -0.298568, 0.291911], [-0.417217, -0.370085, 0.108108]], "im2d": [[0.013101, -0.087946], [-0.056912, 0.033893], [0.07863, 0.009304], [0.045981, -0.210917], [0.005873, 0.488546], [-0.083619, 0.312329], [0.032688, -0.359879], [0.296532, 0.848347], [-0.209873, 0.768635], [0.002189, -0.418748], [0.195927, 0.959287], [-0.234435, 0.791824], [-0.003191, -0.672284], [-0.07334, -0.552686], [0.084268, -0.577298], [-0.047494, -0.734672], [-0.156959, -0.528209], [0.167556, -0.585597], [-0.233168, -0.226435], [0.258446, -0.30518], [-0.35424, -0.051381], [0.288942, -0.06906], [-0.420912, -0.009616], [0.306471, 0.008576]], "theta": [1.154988, 0.012197, 0.14301, 1.164878, 0.333755, -2.955079, 0.220773, 0.023211, -0.073646, -0.697222, -0.021041, -0.021033, 0.167673, -0.045659, -0.012403, 0.541722, -0.109772, -0.059047, 0.373029, -0.161987, 0.049931, 0.025969, -0.011782, 0.022525, -0.333346, 0.289126, -0.022931, 0.173038, -0.346365, 0.134567, 0.087254, 0.001742, -0.026027, -0.002204, 0.001483, 0.001912, 0.001841, 0.00283, -0.006857, -0.012142, -0.159187, -0.046753, 0.043497, -0.045521, -0.446626, -0.038426, 0.269084, 0.40901, 0.184189, -0.05218, 0.033088, 0.159588, -0.355864, -0.628401, 0.075386, 0.12695, 0.799744, 0.071165, -0.850779, -0.047406, -0.430803, 0.283362, -0.106921, 0.168992, -0.218731, 0.445185, -0.494511, 0.072953, -0.213751, 0.110387, 0.043399, -0.412696, 0.10975, -0.036807, 0.417192, 0.697543, -0.802165, 0.014442, -2.292757, 0.328764, 0.082281, 1.230722, -2.0552, 0.078545, 0.859453]}