{"hc3d": [[-0.000854, -0.219154, 0.039133], [0.081351, -0.316061, 0.035727], [-0.081266, -0.315475, 0.03841], [-0.003138, -0.104259, 0.004427], [0.034126, -0.644699, 0.254303], [-0.173343, -0.700879, -0.049457], [-0.004044, 0.025623, 0.020311], [0.064617, -1.069935, 0.237438], [-0.148794, -1.053291, -0.290255], [0.001133, 0.071927, 0.059818], [0.046953, -1.076682, 0.375291], [-0.230472, -1.119828, -0.197024], [0.008818, 0.294413, 0.073567], [0.090985, 0.199414, 0.052958], [-0.081042, 0.204568, 0.064719], [0.005714, 0.341682, 0.134091], [0.190476, 0.182732, 0.038651], [-0.18032, 0.206832, 0.103617], [0.244628, -0.059725, -0.072185], [-0.284023, -0.022914, 0.192772], [0.240031, -0.32145, -0.049588], [-0.320383, -0.183544, 0.402881], [0.245297, -0.409288, -0.032518], [-0.349342, -0.218813, 0.478976]], "im2d": [[0.013113, -0.087951], [-0.056903, 0.033899], [0.078648, 0.009305], [0.045994, -0.210932], [-0.199147, 0.35393], [0.213209, 0.448584], [0.038457, -0.360803], [-0.225368, 0.841498], [0.370221, 0.898181], [0.004536, -0.420251], [-0.318896, 0.818837], [0.363997, 0.942748], [-0.00562, -0.672939], [-0.062032, -0.549788], [0.074501, -0.582715], [-0.049007, -0.738895], [-0.135542, -0.513776], [0.128053, -0.607375], [-0.102119, -0.210127], [0.138432, -0.381009], [-0.124381, 0.079968], [-0.000962, -0.247271], [-0.145066, 0.176398], [-0.037346, -0.226953]], "theta": [1.155076, 0.012207, 0.143012, 1.164888, 0.333747, -2.955093, -0.611422, -0.493743, -0.067919, 0.151382, -0.189195, -0.159394, 0.162603, 0.098009, 0.038816, 0.545037, -0.114848, -0.055916, 0.334786, 0.143532, 0.109961, -0.008897, -0.011029, -0.042978, -0.275276, 0.24101, 0.166767, -0.299114, -0.33038, 0.01215, 0.133776, 0.006914, -0.040063, -0.001217, 0.001141, 0.000482, 0.001715, 0.00328, -0.007193, -0.069155, -0.281921, 0.0103, 0.027868, -0.115024, -0.497627, -0.101896, 0.40183, 0.301136, 0.301779, -0.091594, 0.044728, 0.232373, -0.076891, -0.7815, -0.049101, 0.335219, 0.618913, 0.274991, -0.428033, -0.112792, -0.206629, 0.472235, -0.060584, 0.277739, -0.216175, 0.255907, 0.053238, 0.156851, -0.400602, 0.109756, 0.044811, -0.410739, 0.109763, -0.040181, 0.417724, 0.697543, -0.802165, 0.014442, -2.292757, 0.328764, 0.082281, 1.230722, -2.0552, 0.078545, 0.859453]}