{"hc3d": [[-0.000753, -0.219105, 0.039995], [0.082325, -0.316251, 0.036888], [-0.08203, -0.315701, 0.039621], [-0.003012, -0.104072, 0.0048], [0.105854, -0.68629, 0.177177], [-0.08507, -0.720055, 0.020273], [0.003463, 0.021603, 0.038348], [0.022849, -1.085043, 0.053181], [-0.072386, -1.086943, -0.197199], [0.005966, 0.069134, 0.077015], [0.095901, -1.110878, 0.168516], [-0.09401, -1.142653, -0.069999], [0.001394, 0.291492, 0.054997], [0.08964, 0.199453, 0.053805], [-0.083434, 0.196142, 0.056987], [0.003821, 0.343523, 0.110973], [0.187129, 0.187252, 0.026029], [-0.186839, 0.185445, 0.081402], [0.206754, -0.056074, -0.092937], [-0.242686, -0.075706, 0.077499], [0.269232, -0.243062, 0.079993], [-0.253795, -0.288716, 0.237147], [0.326014, -0.294758, 0.12621], [-0.267525, -0.348338, 0.301412]], "im2d": [[0.009089, -0.111053], [0.099471, 0.003796], [-0.078884, -0.005568], [0.021112, -0.247074], [0.067628, 0.445974], [-0.076411, 0.452249], [0.015418, -0.385267], [0.025264, 0.878567], [0.021556, 0.840975], [0.003048, -0.433952], [0.058324, 0.927931], [-0.052336, 0.920756], [0.007869, -0.690553], [0.103092, -0.58097], [-0.084863, -0.586358], [-0.011407, -0.741986], [0.219174, -0.56549], [-0.206104, -0.576543], [0.286249, -0.303581], [-0.266025, -0.282668], [0.284369, -0.063283], [-0.342148, -0.018636], [0.327094, 0.005123], [-0.382653, 0.057375]], "theta": [1.148854, 0.008664, 0.122441, 3.217845, 0.043625, -0.570898, -0.397191, 0.056601, -0.031617, 0.009081, 0.006999, 0.087157, 0.306808, 0.051959, -0.017558, 0.586649, 0.114051, -0.073579, 0.405398, 0.086468, -0.052457, -0.191286, -0.000234, 0.032067, -0.4891, 0.220684, 0.065342, -0.384084, -0.038572, -0.007686, 0.009377, 0.006342, -0.014458, -0.000546, 0.000154, 0.001597, 0.000807, 0.001012, -0.003979, -0.009882, -0.127384, -0.059687, 0.005121, 0.088076, -0.52372, -0.044078, 0.311471, 0.427013, -0.048337, -0.175345, 0.032376, 0.288754, 0.033361, -0.91254, 0.233163, 0.160158, 0.880772, -0.1392, -1.031874, 0.164812, -0.192713, 0.541403, -0.121765, -0.035387, -0.126398, 0.601576, -0.241303, 0.240997, -0.305533, 0.110862, 0.04508, -0.411264, 0.111259, -0.041318, 0.421165, 0.685247, -0.918126, 0.03421, -2.360569, 0.39718, 0.04052, 1.276052, -2.100427, 0.106919, 0.864588]}