{"hc3d": [[-0.000753, -0.219105, 0.039995], [0.082325, -0.316251, 0.036888], [-0.08203, -0.315701, 0.039621], [-0.003012, -0.104072, 0.0048], [0.091343, -0.676115, 0.202959], [-0.090333, -0.719503, 0.012044], [0.003017, 0.022395, 0.035318], [-0.031407, -1.069094, 0.094474], [-0.128624, -0.933904, -0.354873], [0.006586, 0.070372, 0.073345], [0.050755, -1.083904, 0.205543], [-0.138058, -1.038826, -0.261851], [0.008353, 0.292375, 0.047646], [0.094056, 0.197965, 0.049012], [-0.079069, 0.199411, 0.050177], [0.010906, 0.348012, 0.100032], [0.191607, 0.177118, 0.02725], [-0.182103, 0.188691, 0.076102], [0.207584, -0.066029, -0.092625], [-0.248779, -0.069614, 0.063192], [0.249757, -0.252655, 0.086723], [-0.243614, -0.255264, 0.25422], [0.291267, -0.308294, 0.143414], [-0.246981, -0.305918, 0.326995]], "im2d": [[0.010947, -0.111707], [0.102417, 0.00413], [-0.077567, -0.005158], [0.022858, -0.249152], [0.04481, 0.442233], [-0.076372, 0.45477], [0.017431, -0.389873], [-0.046055, 0.871823], [0.028815, 0.646631], [0.006147, -0.439397], [-0.001252, 0.90929], [-0.019017, 0.780092], [0.01885, -0.698265], [0.111385, -0.584789], [-0.077512, -0.595815], [0.000712, -0.754597], [0.226256, -0.558565], [-0.200087, -0.585445], [0.291268, -0.295264], [-0.268012, -0.293937], [0.264779, -0.052643], [-0.33947, -0.052802], [0.287083, 0.021746], [-0.372458, 0.015688]], "theta": [1.160109, 0.010189, 0.122816, 3.220735, 0.041092, -0.574869, -0.465433, 0.03811, -0.067822, 0.029737, 0.010593, 0.074447, 0.283669, 0.081567, -0.011828, 0.621552, 0.168777, -0.129874, 0.898993, 0.134117, -0.103075, -0.180085, -0.025678, 0.010611, -0.567932, 0.261993, 0.18211, -0.452238, 0.014479, 0.01371, 0.006274, -0.014467, -0.023628, -0.001544, 0.001373, 0.001425, 0.001445, 0.001463, -0.00524, -0.060817, -0.157869, -0.069844, 0.016359, 0.035988, -0.573156, -0.07171, 0.342685, 0.45699, 0.062942, -0.207167, 0.007034, 0.292823, 0.069039, -0.872908, 0.268436, 0.069498, 0.868669, -0.092255, -1.051489, 0.181812, -0.111351, 0.745965, -0.166744, -0.145634, -0.170356, 0.487853, -0.3147, 0.240662, -0.256788, 0.10916, 0.043234, -0.411149, 0.109672, -0.037668, 0.416831, 0.685247, -0.918126, 0.03421, -2.360569, 0.39718, 0.04052, 1.276052, -2.100427, 0.106919, 0.864588]}