{"hc3d": [[-0.000753, -0.219105, 0.039995], [0.082325, -0.316251, 0.036888], [-0.08203, -0.315701, 0.039621], [-0.003012, -0.104072, 0.0048], [0.05666, -0.711841, 0.040499], [-0.117072, -0.688353, 0.193854], [0.002395, 0.022596, 0.034593], [-0.021325, -1.126972, -0.012918], [-0.094077, -0.878576, -0.187392], [0.00478, 0.069414, 0.074126], [0.043451, -1.16442, 0.104163], [-0.122479, -1.011952, -0.153406], [0.009473, 0.291078, 0.045983], [0.094103, 0.195788, 0.050165], [-0.078984, 0.19908, 0.047762], [0.013946, 0.344803, 0.100205], [0.192976, 0.174919, 0.035567], [-0.181041, 0.184447, 0.075571], [0.225421, -0.089823, -0.015467], [-0.234925, -0.076595, 0.058616], [0.253657, -0.332063, 0.080947], [-0.270041, -0.3194, 0.162522], [0.285928, -0.407511, 0.116986], [-0.268016, -0.399181, 0.201307]], "im2d": [[0.011082, -0.111771], [0.102634, 0.004149], [-0.077484, -0.005138], [0.02299, -0.249328], [0.07246, 0.45849], [-0.178362, 0.443924], [0.017151, -0.390518], [0.008181, 0.924249], [-0.00046, 0.609337], [0.00395, -0.438586], [0.031608, 0.987725], [-0.045313, 0.766141], [0.020802, -0.697455], [0.111118, -0.582539], [-0.07644, -0.5962], [0.003987, -0.751247], [0.22464, -0.555178], [-0.198808, -0.580983], [0.279978, -0.256063], [-0.251192, -0.285983], [0.271515, 0.038103], [-0.331673, 0.006422], [0.292034, 0.13188], [-0.345209, 0.103914]], "theta": [1.16101, 0.010298, 0.122835, 3.220893, 0.04096, -0.575085, -0.04039, 0.084182, -0.1449, -0.431708, 0.001108, 0.007595, 0.275536, 0.013509, -0.013628, 0.051234, -0.011656, -5.1e-05, 1.421155, -0.072665, -0.04989, -0.142135, 0.007775, 0.013302, -0.251768, 0.268402, 0.017192, -0.078626, 0.050295, 0.129761, -0.03451, -0.001702, -0.033835, -0.000984, 0.001244, 0.000216, 0.001428, 0.001798, -0.004862, -0.017241, -0.102332, -0.069171, 0.011038, -0.012502, -0.552703, -0.031084, 0.379834, 0.503072, 0.033023, -0.163015, -0.002745, 0.173582, -0.135429, -0.825686, 0.22047, 0.062938, 0.87874, -0.045575, -0.420518, 0.003743, -0.054307, 0.324041, -0.105941, -0.016342, -0.187819, 0.424069, -0.351984, 0.220307, -0.017787, 0.109799, 0.043499, -0.411947, 0.110455, -0.037983, 0.416536, 0.685247, -0.918126, 0.03421, -2.360569, 0.39718, 0.04052, 1.276052, -2.100427, 0.106919, 0.864588]}