{"hc3d": [[-0.000753, -0.219105, 0.039995], [0.082325, -0.316251, 0.036888], [-0.08203, -0.315701, 0.039621], [-0.003012, -0.104072, 0.0048], [0.064361, -0.703938, -0.04398], [-0.111221, -0.666758, 0.239101], [0.003846, 0.024011, 0.027369], [-0.036464, -1.086533, -0.201217], [-0.106849, -1.091247, 0.196063], [0.008048, 0.072803, 0.064277], [0.036144, -1.112431, -0.085617], [-0.127541, -1.116554, 0.332746], [0.017928, 0.295198, 0.044488], [0.100514, 0.198093, 0.047683], [-0.072321, 0.205041, 0.04022], [0.019319, 0.343801, 0.103498], [0.200487, 0.184139, 0.03235], [-0.177086, 0.190915, 0.055306], [0.238203, -0.081324, -0.010696], [-0.226891, -0.067013, 0.00707], [0.256449, -0.293037, 0.142985], [-0.253775, -0.315379, 0.099674], [0.291355, -0.353344, 0.199352], [-0.241763, -0.399815, 0.124161]], "im2d": [[0.0111, -0.111781], [0.102662, 0.004151], [-0.077474, -0.005136], [0.023007, -0.249353], [0.114852, 0.437732], [-0.190132, 0.425946], [0.021653, -0.393143], [0.067486, 0.849922], [-0.168887, 0.908547], [0.011488, -0.443764], [0.100065, 0.900331], [-0.246418, 0.95617], [0.030634, -0.702017], [0.119126, -0.585255], [-0.066136, -0.603837], [0.008523, -0.749401], [0.234167, -0.565894], [-0.186352, -0.591179], [0.292045, -0.264483], [-0.221714, -0.304001], [0.249739, 0.00226], [-0.288701, -0.006333], [0.26499, 0.081687], [-0.285621, 0.095023]], "theta": [1.161135, 0.010312, 0.122837, 3.220909, 0.040948, -0.575107, 0.173243, 0.092427, -0.116427, -0.547286, 0.102437, -0.001907, 0.218227, -0.005959, -0.02643, 0.096244, -0.072957, -0.084293, 0.526786, -0.041353, -0.001268, -0.139911, 0.01174, -0.017281, -0.569963, 0.322155, 0.152056, -0.178784, 0.023544, 0.023946, 0.057884, -0.0184, -0.006469, -2.6e-05, 0.000589, -0.000824, 0.001091, 0.001096, -0.0034, 0.03991, -0.071048, -0.005864, 0.010294, 0.028696, -0.474537, 0.043453, 0.285626, 0.5157, 0.071818, -0.140104, -0.009893, 0.234271, -0.262552, -0.862357, 0.224126, 0.113043, 0.89994, -0.085032, -0.6326, 0.07454, -0.085235, 0.411734, -0.090487, 0.107012, -0.178848, 0.497849, -0.352505, 0.114748, 0.109232, 0.111019, 0.044415, -0.413507, 0.111576, -0.040015, 0.417502, 0.685247, -0.918126, 0.03421, -2.360569, 0.39718, 0.04052, 1.276052, -2.100427, 0.106919, 0.864588]}