{"hc3d": [[-0.000753, -0.219105, 0.039995], [0.082325, -0.316251, 0.036888], [-0.08203, -0.315701, 0.039621], [-0.003012, -0.104072, 0.0048], [0.08966, -0.693238, -0.085546], [-0.07619, -0.665566, 0.243204], [0.005401, 0.024333, 0.024877], [-0.013069, -1.003016, -0.358956], [-0.066546, -1.092142, 0.244448], [0.007703, 0.072836, 0.06233], [0.066394, -1.051197, -0.25566], [-0.078498, -1.102764, 0.384073], [0.015995, 0.295311, 0.042714], [0.099431, 0.199164, 0.050072], [-0.072903, 0.20412, 0.034189], [0.016745, 0.343788, 0.101839], [0.199727, 0.18363, 0.038939], [-0.178355, 0.189289, 0.04211], [0.23411, -0.080976, -0.01153], [-0.221706, -0.067027, -0.019183], [0.265807, -0.288261, 0.145954], [-0.233315, -0.311498, 0.086093], [0.298767, -0.354294, 0.196806], [-0.224767, -0.394178, 0.117147]], "im2d": [[0.011102, -0.111782], [0.102666, 0.004151], [-0.077473, -0.005136], [0.023009, -0.249356], [0.159145, 0.420845], [-0.153618, 0.427098], [0.024351, -0.393792], [0.156542, 0.732438], [-0.144433, 0.918761], [0.011898, -0.444107], [0.201491, 0.807105], [-0.213598, 0.950388], [0.029243, -0.702519], [0.116992, -0.586212], [-0.064347, -0.603683], [0.006387, -0.749776], [0.230694, -0.564412], [-0.182435, -0.591281], [0.287928, -0.265232], [-0.205514, -0.307476], [0.258756, -0.002294], [-0.260948, -0.011624], [0.274093, 0.082824], [-0.264278, 0.088465]], "theta": [1.161152, 0.010314, 0.122837, 3.22091, 0.040946, -0.575109, 0.274184, 0.177163, -0.032734, -0.558598, 0.174859, 0.069773, 0.196294, -0.060167, -0.041341, 0.338065, -0.096247, -0.121127, 0.434139, 0.008386, -0.030697, -0.109858, -0.000549, -0.007387, -0.696666, 0.332844, 0.120575, -0.171536, -0.030728, -0.022532, 0.049743, 0.001692, 0.015111, -0.002797, 0.002301, 0.002364, 0.002012, 0.003358, -0.007471, 0.041748, -0.004875, 0.003825, 0.037392, 0.034728, -0.506019, 0.053396, 0.264413, 0.51376, 0.063578, -0.087883, 0.002474, 0.217381, -0.245808, -0.864475, 0.251359, 0.101726, 0.915259, -0.151669, -0.65995, 0.150079, -0.000823, 0.519078, -0.09971, 0.028158, -0.114257, 0.399879, -0.326517, 0.11711, 0.0095, 0.108604, 0.04288, -0.410178, 0.109275, -0.037634, 0.416397, 0.685247, -0.918126, 0.03421, -2.360569, 0.39718, 0.04052, 1.276052, -2.100427, 0.106919, 0.864588]}