{"hc3d": [[-0.000753, -0.219105, 0.039995], [0.082325, -0.316251, 0.036888], [-0.08203, -0.315701, 0.039621], [-0.003012, -0.104072, 0.0048], [0.143905, -0.696169, 0.131933], [-0.096883, -0.715405, 0.102086], [0.004087, 0.023198, 0.031512], [0.029478, -0.931765, -0.20373], [-0.07015, -1.126781, -0.007992], [0.006986, 0.070583, 0.070329], [0.108203, -1.01754, -0.127894], [-0.094788, -1.178034, 0.120526], [0.010942, 0.291595, 0.037356], [0.095911, 0.196738, 0.043863], [-0.077179, 0.199326, 0.040896], [0.007348, 0.342919, 0.093918], [0.193987, 0.176301, 0.024167], [-0.179493, 0.178799, 0.063555], [0.221204, -0.088809, -0.028001], [-0.224662, -0.083793, 0.045143], [0.260918, -0.332149, 0.06134], [-0.256836, -0.335975, 0.124851], [0.290141, -0.411674, 0.090572], [-0.257023, -0.421237, 0.149421]], "im2d": [[0.011102, -0.111782], [0.102666, 0.004151], [-0.077473, -0.005136], [0.02301, -0.249357], [0.130813, 0.45845], [-0.119531, 0.463047], [0.020251, -0.391606], [0.140633, 0.675079], [-0.046953, 0.922163], [0.007896, -0.440406], [0.195745, 0.789028], [-0.125551, 0.998259], [0.025885, -0.699291], [0.115649, -0.584506], [-0.07171, -0.597439], [-0.000668, -0.750432], [0.230366, -0.558416], [-0.192315, -0.576191], [0.280476, -0.259293], [-0.234624, -0.279101], [0.287358, 0.035792], [-0.302198, 0.02082], [0.307289, 0.133127], [-0.312442, 0.122469]], "theta": [1.161155, 0.010314, 0.122837, 3.220911, 0.040946, -0.575109, -0.283989, 0.078484, 0.067084, -0.192607, 0.028157, 0.056133, 0.251909, 0.025094, -0.025907, 1.142996, 0.155961, -0.14726, 0.329547, 0.066874, 0.004186, -0.133716, -0.010768, 0.01247, -0.569691, 0.237838, 0.057095, -0.170037, -0.087343, 0.076533, -0.041306, 0.002095, -0.015598, -0.002564, 0.002243, 0.002005, 0.00204, 0.003204, -0.007483, 0.054341, -0.134137, 0.031711, 0.026459, 0.047783, -0.558205, 0.027948, 0.328707, 0.560554, 0.055963, -0.193754, 0.032551, 0.176948, -0.15203, -0.837915, 0.214598, 0.11269, 0.843107, -0.078854, -0.392412, 0.033557, -0.059874, 0.241353, -0.06439, -0.014158, -0.153903, 0.334076, -0.334026, 0.13408, -0.019028, 0.10855, 0.042992, -0.409921, 0.109494, -0.037284, 0.416203, 0.685247, -0.918126, 0.03421, -2.360569, 0.39718, 0.04052, 1.276052, -2.100427, 0.106919, 0.864588]}