{"hc3d": [[-0.000892, -0.219271, 0.038913], [0.081194, -0.316219, 0.03538], [-0.081193, -0.315622, 0.038062], [-0.003184, -0.104313, 0.004312], [0.058724, -0.704349, -0.049856], [-0.130442, -0.614569, 0.308936], [0.006258, 0.023976, 0.029674], [0.030452, -1.06265, -0.280742], [-0.122045, -1.038742, 0.365636], [0.005578, 0.0673, 0.072782], [0.048308, -1.138777, -0.165505], [-0.193087, -1.079169, 0.480279], [0.008091, 0.288442, 0.100925], [0.093691, 0.195103, 0.088544], [-0.077845, 0.199123, 0.071727], [0.005757, 0.333616, 0.16333], [0.195076, 0.186305, 0.093086], [-0.183225, 0.188879, 0.084368], [0.306019, -0.059715, 0.056224], [-0.258542, -0.059016, 0.017257], [0.210191, -0.11869, 0.294027], [-0.34903, -0.286694, 0.124126], [0.211048, -0.115092, 0.383659], [-0.39067, -0.357479, 0.157858]], "im2d": [[-0.001944, -0.071683], [-0.097032, 0.043173], [0.085896, 0.039854], [0.016031, -0.200084], [-0.056893, 0.510254], [0.041982, 0.342614], [0.00141, -0.353969], [0.038878, 0.966922], [-0.000868, 0.828322], [-0.010541, -0.411796], [-0.021965, 1.036651], [0.040334, 0.85529], [-0.015031, -0.674626], [-0.111054, -0.562448], [0.088778, -0.566608], [-0.03141, -0.737877], [-0.227605, -0.551587], [0.203526, -0.558183], [-0.34951, -0.256736], [0.302344, -0.258548], [-0.321512, -0.229151], [0.361653, -0.01196], [-0.351917, -0.248406], [0.395213, 0.064438]], "theta": [1.179389, -0.000756, 0.158491, 0.444648, 0.22407, -3.09268, 0.188473, -0.081158, -0.150186, -0.77169, 0.008622, -0.031724, 0.233239, -0.019297, -0.045721, 0.258097, -0.197208, 0.011482, 0.525221, -0.14988, -0.041753, -0.006531, -0.022223, 0.060235, -0.336357, 0.275393, -0.013549, 0.119202, -0.220633, 0.087441, 0.11948, -0.019587, -0.028243, -0.001056, 0.000631, 0.000855, 0.002172, 0.002329, -0.007131, -0.104783, -0.121323, -0.049376, 0.022124, -0.119844, -0.424434, 0.000193, 0.326557, 0.411013, 0.181094, -0.081497, 0.025926, 0.141819, -0.296989, -0.630063, 0.164262, 0.138673, 0.829996, 0.004519, -1.495108, 0.093099, -0.572403, 0.539177, -0.17196, 0.161415, -0.208085, 0.612047, -0.534591, 0.138972, -0.290975, 0.110705, 0.044476, -0.411153, 0.111025, -0.037522, 0.41959, 0.711448, -0.770463, 0.015764, -2.284574, 0.338308, 0.056815, 1.25926, -2.056371, 0.127617, 0.854861]}