{"hc3d": [[-0.000892, -0.219271, 0.038913], [0.081194, -0.316219, 0.03538], [-0.081193, -0.315622, 0.038062], [-0.003184, -0.104313, 0.004312], [0.058381, -0.704875, -0.047331], [-0.123527, -0.612885, 0.311942], [0.006144, 0.024205, 0.028531], [0.036704, -1.042528, -0.308115], [-0.117875, -1.039279, 0.348881], [0.005376, 0.067627, 0.071539], [0.057039, -1.123028, -0.196311], [-0.185056, -1.079963, 0.465739], [0.006805, 0.288815, 0.099399], [0.092863, 0.195861, 0.08729], [-0.07866, 0.199057, 0.070165], [0.005235, 0.333818, 0.161951], [0.194513, 0.191303, 0.092119], [-0.18405, 0.189446, 0.083219], [0.306598, -0.053987, 0.053881], [-0.259358, -0.055076, 0.004692], [0.191177, -0.071259, 0.289658], [-0.346307, -0.275507, 0.128371], [0.184028, -0.056986, 0.377934], [-0.387497, -0.343307, 0.168231]], "im2d": [[-0.00178, -0.071715], [-0.096912, 0.043282], [0.086179, 0.039897], [0.016169, -0.200247], [-0.057024, 0.510962], [0.033532, 0.340612], [0.001993, -0.354345], [0.042131, 0.948989], [0.00037, 0.832674], [-0.009859, -0.412316], [-0.020579, 1.024538], [0.03649, 0.859648], [-0.013126, -0.675409], [-0.109789, -0.563585], [0.090281, -0.566803], [-0.03047, -0.738521], [-0.226692, -0.557671], [0.205029, -0.559217], [-0.349412, -0.26311], [0.307926, -0.261365], [-0.297119, -0.284136], [0.358049, -0.025796], [-0.317688, -0.315743], [0.389231, 0.046155]], "theta": [1.18048, -0.000616, 0.15852, 0.444888, 0.223864, -3.09301, 0.181955, -0.081763, -0.150792, -0.778855, 0.027049, -0.019898, 0.224378, -0.018819, -0.044697, 0.351081, -0.19096, 0.007372, 0.576939, -0.128415, -0.050279, 6.8e-05, -0.024871, 0.059616, -0.373125, 0.28327, 0.017254, 0.095756, -0.200434, 0.060241, 0.12072, -0.018053, -0.023892, -0.000939, 0.000687, 0.000418, 0.001934, 0.002023, -0.006294, -0.102548, -0.11908, -0.065909, 0.033113, -0.105818, -0.390155, 0.003124, 0.328009, 0.399172, 0.166847, -0.06836, 0.024648, 0.154127, -0.320342, -0.663377, 0.187052, 0.104027, 0.852238, 0.016738, -1.672317, 0.139102, -0.533221, 0.645819, -0.207056, 0.150951, -0.191926, 0.577458, -0.524526, 0.143663, -0.298986, 0.110871, 0.044458, -0.41182, 0.111111, -0.037317, 0.419044, 0.711448, -0.770463, 0.015764, -2.284574, 0.338308, 0.056815, 1.25926, -2.056371, 0.127617, 0.854861]}