{"hc3d": [[-0.000892, -0.219271, 0.038913], [0.081194, -0.316219, 0.03538], [-0.081193, -0.315622, 0.038062], [-0.003184, -0.104313, 0.004312], [0.103085, -0.673968, 0.208444], [-0.135976, -0.71455, 0.093042], [0.000139, 0.025493, 0.022467], [0.054507, -1.000833, -0.062272], [-0.081213, -1.132889, 0.020917], [0.000672, 0.069759, 0.06461], [0.110338, -1.083016, 0.035313], [-0.145607, -1.18585, 0.134376], [0.002516, 0.292574, 0.071833], [0.088197, 0.198919, 0.062874], [-0.084083, 0.200483, 0.0565], [0.000707, 0.333134, 0.137348], [0.188583, 0.181725, 0.06089], [-0.185878, 0.185521, 0.084492], [0.244756, -0.078177, 0.001831], [-0.265262, -0.064719, 0.136518], [0.236472, -0.325871, 0.090095], [-0.31111, -0.29965, 0.255479], [0.255863, -0.402923, 0.131743], [-0.322307, -0.377134, 0.297349]], "im2d": [[-0.001542, -0.071771], [-0.096752, 0.043429], [0.086587, 0.039961], [0.016379, -0.200499], [-0.190904, 0.433258], [0.117106, 0.496712], [0.010971, -0.355382], [-0.05721, 0.860488], [0.06477, 0.99909], [-0.002091, -0.414247], [-0.155604, 0.941052], [0.098485, 1.041079], [0.000928, -0.67614], [-0.096454, -0.56383], [0.101138, -0.567049], [-0.017337, -0.734628], [-0.210251, -0.541945], [0.206843, -0.555699], [-0.263176, -0.227122], [0.271251, -0.272777], [-0.291328, 0.04775], [0.275981, -0.018531], [-0.329701, 0.131186], [0.272217, 0.064937]], "theta": [1.182139, -0.000413, 0.158558, 0.445194, 0.223609, -3.093428, -0.46401, -0.199362, 0.014365, -0.182057, -0.067558, -0.036659, 0.178799, 0.021958, 0.00385, 1.023899, 0.244835, -0.143551, 0.245247, -0.043293, 0.103582, 0.024875, -0.023977, 0.019991, -0.369944, 0.223728, 0.002089, -0.111765, -0.22281, 0.087992, 0.047837, -0.002313, -0.037063, 0.000101, 0.000396, -0.001557, 0.00114, 0.001596, -0.004645, 0.062892, -0.167265, -0.058063, -0.02562, -0.139403, -0.514261, -0.025766, 0.418183, 0.446415, 0.268152, -0.116811, -0.014785, 0.192264, -0.166686, -0.793589, 0.025675, 0.320564, 0.627276, 0.033684, -0.478715, -0.095646, -0.368015, 0.188768, 0.070349, 0.030069, -0.203735, 0.441613, -0.448864, 0.138556, -0.10137, 0.110925, 0.045161, -0.412616, 0.110733, -0.039555, 0.417941, 0.711448, -0.770463, 0.015764, -2.284574, 0.338308, 0.056815, 1.25926, -2.056371, 0.127617, 0.854861]}