{"hc3d": [[-0.000869, -0.218245, 0.038407], [0.081045, -0.314986, 0.034666], [-0.080976, -0.314395, 0.037317], [-0.003164, -0.103663, 0.004278], [0.043405, -0.711861, 0.047336], [-0.102195, -0.710726, 0.127857], [0.004611, 0.024032, 0.031399], [-0.019223, -1.132251, 0.000105], [-0.098906, -0.868173, -0.270596], [0.008022, 0.07124, 0.069663], [0.028997, -1.176009, 0.12314], [-0.125993, -1.005359, -0.255018], [0.008476, 0.291328, 0.03749], [0.093958, 0.197455, 0.039794], [-0.077871, 0.198378, 0.043981], [0.014911, 0.353681, 0.082384], [0.191722, 0.178507, 0.019513], [-0.179939, 0.186215, 0.071319], [0.203645, -0.079498, -0.06757], [-0.222491, -0.07811, 0.073581], [0.264847, -0.314827, 0.032862], [-0.258441, -0.313793, 0.194665], [0.302129, -0.3889, 0.066688], [-0.266243, -0.385364, 0.246353]], "im2d": [[0.006774, -0.099661], [0.093885, 0.010852], [-0.07847, 0.004207], [0.017632, -0.230184], [0.045871, 0.452267], [-0.137011, 0.452232], [0.017313, -0.369738], [-0.007332, 0.913835], [0.007804, 0.593925], [0.007645, -0.418921], [-0.00081, 0.974799], [-0.027698, 0.746914], [0.02168, -0.666619], [0.110426, -0.558652], [-0.072852, -0.565912], [0.012974, -0.731984], [0.220949, -0.535526], [-0.190743, -0.553973], [0.262394, -0.255233], [-0.239005, -0.261175], [0.288986, 0.017567], [-0.322598, 0.010041], [0.315626, 0.104313], [-0.350033, 0.093784]], "theta": [1.117031, 0.006933, 0.129026, 3.179006, 0.0348, -0.523224, -0.05957, 0.052042, -0.177579, -0.26263, -0.008073, 0.044678, 0.249007, 0.042068, -0.028225, 0.051787, -0.109461, 0.050626, 1.338479, -0.017603, -0.08802, -0.122951, 0.008111, 0.024821, -0.172701, 0.279834, -0.021573, -0.022031, 0.02099, 0.12844, -0.053054, 0.009155, -0.022724, -0.000618, 0.001093, -0.000531, 0.001081, 0.001528, -0.004099, -0.150077, -0.068165, -0.045004, 0.029388, 0.018297, -0.549847, -0.052811, 0.331528, 0.478907, 0.001784, -0.078147, -0.021157, 0.219137, -0.013049, -0.906687, 0.22547, 0.129375, 0.912248, -0.155399, -0.573096, 0.147475, -0.041741, 0.293677, -0.153489, -0.109682, -0.198821, 0.356513, -0.354646, 0.266582, -0.163827, 0.110187, 0.044101, -0.412545, 0.110571, -0.039356, 0.416892, 0.699666, -0.70331, -0.007672, -2.325804, 0.353971, 0.058053, 1.269767, -2.044595, 0.087281, 0.888214]}