{"hc3d": [[-0.000869, -0.218245, 0.038407], [0.081045, -0.314986, 0.034666], [-0.080976, -0.314395, 0.037317], [-0.003164, -0.103663, 0.004278], [0.08401, -0.691453, -0.097058], [-0.068512, -0.66497, 0.243878], [0.006715, 0.024824, 0.026537], [-0.017385, -1.000337, -0.374889], [-0.055988, -1.092554, 0.267984], [0.008067, 0.072236, 0.064677], [0.059699, -1.056952, -0.273744], [-0.062629, -1.109455, 0.407506], [0.018292, 0.293884, 0.049129], [0.100321, 0.197322, 0.057601], [-0.070024, 0.203591, 0.035534], [0.020308, 0.352153, 0.099582], [0.200787, 0.182094, 0.055907], [-0.175793, 0.193206, 0.0398], [0.231078, -0.086406, 0.0201], [-0.208888, -0.050271, -0.066535], [0.249176, -0.259153, 0.217692], [-0.213295, -0.295772, 0.039341], [0.279621, -0.315063, 0.280686], [-0.203544, -0.377721, 0.071657]], "im2d": [[0.006781, -0.099665], [0.093896, 0.010853], [-0.078467, 0.004208], [0.017638, -0.230194], [0.140775, 0.418913], [-0.142531, 0.412424], [0.021295, -0.370967], [0.130224, 0.735382], [-0.141854, 0.890936], [0.009494, -0.420468], [0.17501, 0.809916], [-0.199037, 0.921299], [0.027923, -0.668134], [0.110785, -0.556779], [-0.061474, -0.572153], [0.012512, -0.728655], [0.217545, -0.536118], [-0.175002, -0.564286], [0.259954, -0.239088], [-0.17415, -0.303506], [0.206701, -0.029375], [-0.219013, -0.021424], [0.215823, 0.03936], [-0.221033, 0.07291]], "theta": [1.117084, 0.006939, 0.129027, 3.179012, 0.034795, -0.523231, 0.301051, 0.159695, -0.047528, -0.562433, 0.188272, 0.084204, 0.205125, -0.079919, -0.053274, 0.320109, -0.077931, -0.107863, 0.387405, 0.012065, -0.04423, -0.0861, -0.00746, 0.003995, -0.638827, 0.321141, 0.11254, -0.075934, -0.010764, -0.008773, 0.028644, -0.008905, 0.012424, -0.00319, 0.002514, 0.00286, 0.001992, 0.00347, -0.007697, -0.137699, 0.00195, -0.015646, 0.032228, -0.018334, -0.486929, 0.066624, 0.258324, 0.480224, -0.051033, -0.057361, 0.034252, 0.178294, -0.271031, -0.885417, 0.337098, 0.003476, 1.022884, -0.159973, -0.800002, 0.215707, 0.050658, 0.677455, -0.185671, 0.047418, -0.082054, 0.411135, -0.312417, 0.128581, -0.007134, 0.108606, 0.042648, -0.410271, 0.109037, -0.037233, 0.416369, 0.699666, -0.70331, -0.007672, -2.325804, 0.353971, 0.058053, 1.269767, -2.044595, 0.087281, 0.888214]}