{"hc3d": [[-0.000869, -0.218245, 0.038407], [0.081045, -0.314986, 0.034666], [-0.080976, -0.314395, 0.037317], [-0.003164, -0.103663, 0.004278], [0.135142, -0.703943, 0.104472], [-0.088863, -0.707594, 0.142475], [0.004707, 0.024328, 0.029938], [0.032523, -0.904428, -0.259061], [-0.071967, -1.125503, 0.049563], [0.007536, 0.071976, 0.0677], [0.107434, -0.99821, -0.188558], [-0.086947, -1.181383, 0.177818], [0.018113, 0.292054, 0.037231], [0.09985, 0.19522, 0.045418], [-0.071655, 0.202173, 0.036411], [0.016363, 0.353402, 0.083901], [0.198034, 0.171774, 0.033655], [-0.175618, 0.187781, 0.053669], [0.218331, -0.098246, 0.002517], [-0.212432, -0.068644, -0.013966], [0.248617, -0.327321, 0.128291], [-0.237876, -0.326013, 0.053957], [0.277918, -0.402777, 0.166616], [-0.235352, -0.412563, 0.07287]], "im2d": [[0.006781, -0.099665], [0.093897, 0.010853], [-0.078467, 0.004208], [0.017639, -0.230195], [0.122536, 0.451825], [-0.128114, 0.450517], [0.017948, -0.370204], [0.1424, 0.640325], [-0.080787, 0.908529], [0.007846, -0.419944], [0.195526, 0.75356], [-0.143113, 0.98101], [0.031981, -0.66711], [0.114634, -0.555488], [-0.063527, -0.570564], [0.013969, -0.731523], [0.222512, -0.526618], [-0.179837, -0.557068], [0.25266, -0.227883], [-0.196906, -0.278744], [0.237521, 0.038927], [-0.250537, 0.012535], [0.254094, 0.127291], [-0.25544, 0.11058]], "theta": [1.117085, 0.006939, 0.129027, 3.179012, 0.034795, -0.523231, -0.21104, 0.053219, 0.049317, -0.294535, 0.072994, 0.068891, 0.235451, -0.007478, -0.033155, 1.168347, 0.12615, -0.145738, 0.391646, 0.068472, -0.013416, -0.122364, -0.008, 0.002219, -0.565965, 0.252045, 0.089853, -0.084579, -0.057607, 0.068809, -0.03231, -0.007027, -0.019893, -0.000751, 0.001085, -0.000132, 0.001122, 0.001301, -0.003749, -0.128133, -0.116013, 0.028723, 0.046417, 0.007702, -0.561992, 0.057117, 0.304123, 0.529542, -0.030391, -0.138664, 0.063038, 0.159712, -0.234957, -0.832561, 0.315602, 0.050419, 0.985548, -0.132298, -0.456823, 0.082537, -0.004237, 0.356271, -0.148812, 0.049104, -0.103957, 0.356932, -0.319796, 0.125534, -0.006803, 0.110518, 0.043997, -0.413321, 0.110847, -0.039296, 0.416835, 0.699666, -0.70331, -0.007672, -2.325804, 0.353971, 0.058053, 1.269767, -2.044595, 0.087281, 0.888214]}