{"hc3d": [[-0.000913, -0.218314, 0.038141], [0.080647, -0.314985, 0.034248], [-0.08067, -0.31439, 0.036931], [-0.003214, -0.103804, 0.004254], [0.190279, -0.695013, 0.083201], [-0.145334, -0.688591, 0.182907], [-0.004913, 0.022632, 0.038577], [-0.02837, -0.940557, -0.189733], [-0.206312, -1.106282, 0.111671], [-0.003304, 0.068411, 0.078557], [0.095551, -0.97443, -0.136451], [-0.144995, -1.133734, 0.235112], [-0.016237, 0.290176, 0.074901], [0.073758, 0.202057, 0.060246], [-0.096886, 0.192309, 0.074421], [-0.015049, 0.34784, 0.125998], [0.162709, 0.191991, 0.01256], [-0.192157, 0.169281, 0.115215], [0.226469, -0.043637, -0.108251], [-0.269646, -0.046608, 0.25276], [0.298792, -0.294476, -0.138789], [-0.127171, -0.103852, 0.471395], [0.351939, -0.36168, -0.164398], [-0.090022, -0.104886, 0.551714]], "im2d": [[0.015876, -0.099985], [-0.009553, 0.026064], [0.03482, -0.016587], [0.059891, -0.219946], [-0.117018, 0.458761], [-0.125875, 0.352214], [0.030899, -0.361489], [0.226663, 0.703083], [-0.056049, 0.797147], [-0.009955, -0.415738], [0.130923, 0.764784], [-0.20872, 0.826641], [0.010955, -0.658287], [-0.00483, -0.537906], [0.029267, -0.573278], [-0.041054, -0.726931], [0.019941, -0.497869], [0.011809, -0.578285], [0.11752, -0.211065], [-0.126631, -0.382805], [0.114359, 0.08268], [-0.407467, -0.312502], [0.122414, 0.172361], [-0.505, -0.31221]], "theta": [1.118771, 0.015104, 0.128943, 1.972101, 0.382567, -2.560846, -0.203087, 0.276443, 0.180973, -0.371617, 0.255347, -0.107857, 0.301907, -0.021559, 0.038997, 1.042765, 0.165049, -0.356655, 0.411791, 0.375246, 0.143903, -0.137543, 0.028601, -0.033037, -0.753753, 0.476915, 0.571154, -0.296728, 0.054779, 0.112687, 0.034449, 0.116258, 0.017877, -0.007039, 0.004314, 0.00819, 0.003113, 0.006161, -0.014003, -0.173795, -0.075805, 0.026707, 0.017121, 0.225491, -0.595027, 0.08524, 0.413631, 0.468508, 0.059175, 0.060121, 0.009768, 0.151953, -0.083402, -0.648169, 0.171696, 0.563178, 0.264007, -0.192695, -0.209111, -0.1371, 0.013187, 0.991766, -0.158706, 0.316724, -0.044522, 0.522409, 0.439567, 0.096686, -0.335556, 0.106355, 0.04021, -0.407583, 0.107831, -0.030962, 0.417145, 0.684468, -0.671078, 0.005002, -2.291104, 0.31788, 0.130482, 1.254608, -2.02499, 0.10541, 0.879402]}