{"hc3d": [[-0.000913, -0.218314, 0.038141], [0.080647, -0.314985, 0.034248], [-0.08067, -0.31439, 0.036931], [-0.003214, -0.103804, 0.004254], [0.105065, -0.705418, 0.110425], [-0.162203, -0.705595, 0.113268], [-0.000615, 0.025587, 0.024706], [0.076066, -1.129419, 0.065995], [-0.110326, -0.965145, -0.223187], [0.002715, 0.073618, 0.061836], [0.131612, -1.159767, 0.189835], [-0.168971, -1.082311, -0.172354], [0.003028, 0.295416, 0.048951], [0.087677, 0.20158, 0.038545], [-0.083304, 0.20257, 0.051968], [0.00824, 0.346907, 0.106037], [0.183959, 0.190381, 0.008678], [-0.183984, 0.206978, 0.085357], [0.260332, -0.063616, -0.053237], [-0.280316, -0.042445, 0.091664], [0.32071, -0.309365, 0.017795], [-0.367151, -0.273849, 0.193101], [0.361129, -0.384815, 0.043686], [-0.406359, -0.33948, 0.237682]], "im2d": [[0.016251, -0.100133], [-0.009137, 0.026222], [0.035317, -0.016595], [0.060259, -0.220379], [-0.121515, 0.445597], [-0.046201, 0.376124], [0.044988, -0.362493], [-0.089873, 0.90306], [0.28691, 0.714162], [0.006708, -0.41845], [-0.241761, 0.934334], [0.242312, 0.819295], [0.03355, -0.656936], [0.014461, -0.53201], [0.050167, -0.579148], [-0.026642, -0.718731], [0.017834, -0.491058], [0.04388, -0.61434], [0.047434, -0.188149], [0.05069, -0.369978], [-0.061445, 0.084504], [-0.047021, -0.154959], [-0.105704, 0.17336], [-0.087542, -0.099798]], "theta": [1.121184, 0.015408, 0.129004, 1.972596, 0.382146, -2.561525, -0.217635, -0.038399, -0.018804, -0.244, -0.108075, -0.097972, 0.194922, 0.048802, 0.011188, 0.194146, -0.082079, -0.046591, 1.046045, 0.066935, 0.105772, -0.089015, -0.000538, -0.011836, -0.18658, 0.322587, 0.13282, -0.123538, -0.248556, 0.105016, 0.055175, 0.062785, -0.028538, -0.000972, 0.001028, 0.000391, 0.001823, 0.002397, -0.006004, -0.022044, -0.077438, 0.021435, 0.060191, 0.062192, -0.499036, -0.064055, 0.329171, 0.301457, 0.064169, -0.00903, 0.078851, 0.101591, -0.226034, -0.691055, 0.212432, 0.133739, 0.864241, 0.194541, -0.374646, -0.064931, -0.010293, 0.20147, -0.119954, 0.417355, -0.095841, 0.342785, 0.236889, 0.121785, -0.313481, 0.110142, 0.044396, -0.411405, 0.110794, -0.037856, 0.417193, 0.684468, -0.671078, 0.005002, -2.291104, 0.31788, 0.130482, 1.254608, -2.02499, 0.10541, 0.879402]}