{"hc3d": [[-0.000913, -0.218314, 0.038141], [0.080647, -0.314985, 0.034248], [-0.08067, -0.31439, 0.036931], [-0.003214, -0.103804, 0.004254], [0.109308, -0.71055, 0.073542], [-0.165887, -0.69833, 0.141068], [-0.001316, 0.024996, 0.028212], [0.075178, -1.131266, 0.007022], [-0.107224, -1.018233, -0.137284], [0.000242, 0.071987, 0.066762], [0.133829, -1.166402, 0.128134], [-0.170207, -1.124046, -0.069551], [0.001545, 0.294034, 0.059438], [0.08648, 0.200254, 0.051076], [-0.084964, 0.201381, 0.055687], [0.003793, 0.34641, 0.115911], [0.185343, 0.190048, 0.030841], [-0.186782, 0.203145, 0.085703], [0.268034, -0.065427, -0.014719], [-0.281358, -0.047, 0.08948], [0.325017, -0.312925, 0.052965], [-0.369646, -0.277988, 0.19061], [0.364014, -0.389092, 0.078937], [-0.407413, -0.34885, 0.227818]], "im2d": [[0.016274, -0.100143], [-0.009114, 0.026231], [0.035346, -0.016596], [0.060283, -0.220407], [-0.083176, 0.457089], [-0.074703, 0.363762], [0.041385, -0.362534], [-0.02594, 0.912576], [0.190146, 0.761466], [0.002022, -0.418013], [-0.176092, 0.950204], [0.129221, 0.851007], [0.022573, -0.657264], [0.001195, -0.532568], [0.046573, -0.578846], [-0.036045, -0.720712], [-0.006538, -0.49326], [0.044108, -0.61104], [0.003463, -0.189184], [0.053106, -0.365082], [-0.100909, 0.084957], [-0.043825, -0.150821], [-0.144882, 0.174224], [-0.077111, -0.088659]], "theta": [1.121336, 0.015426, 0.129007, 1.972621, 0.382126, -2.561558, -0.126147, -0.006757, -0.010969, -0.31548, -0.106386, -0.104133, 0.221097, 0.007507, 0.014203, 0.157391, -0.06146, -0.054036, 0.925473, 0.020866, 0.120815, -0.087945, -0.002343, -0.007256, -0.215477, 0.305013, 0.106313, -0.111245, -0.259049, 0.121262, 0.052711, 0.05418, -0.032133, -0.001815, 0.001517, 0.00121, 0.002052, 0.003172, -0.007531, -0.062587, -0.089755, 0.012776, 0.051064, 0.013049, -0.480672, -0.061741, 0.348872, 0.318606, 0.0432, -0.03351, 0.079767, 0.081648, -0.258146, -0.69538, 0.180037, 0.14139, 0.839611, 0.201669, -0.306652, -0.073726, -0.018848, 0.211941, -0.11957, 0.377539, -0.091033, 0.34246, 0.166611, 0.090609, -0.224799, 0.10934, 0.044239, -0.409917, 0.109993, -0.037473, 0.416785, 0.684468, -0.671078, 0.005002, -2.291104, 0.31788, 0.130482, 1.254608, -2.02499, 0.10541, 0.879402]}