{"hc3d": [[-0.000913, -0.218314, 0.038141], [0.080647, -0.314985, 0.034248], [-0.08067, -0.31439, 0.036931], [-0.003214, -0.103804, 0.004254], [0.140065, -0.705914, -0.015564], [-0.150289, -0.668332, 0.225067], [0.001633, 0.025891, 0.022222], [0.089953, -0.968338, -0.349052], [-0.120358, -1.095205, 0.236963], [-0.002525, 0.069698, 0.064178], [0.15855, -1.066698, -0.278607], [-0.181245, -1.141535, 0.354851], [-0.004083, 0.291394, 0.078622], [0.082676, 0.198926, 0.077446], [-0.086578, 0.199512, 0.049731], [-0.011458, 0.346858, 0.1316], [0.183535, 0.195761, 0.087688], [-0.192729, 0.198434, 0.051038], [0.3078, -0.045475, 0.111024], [-0.281263, -0.040077, -0.031457], [0.226105, -0.196421, 0.310084], [-0.419543, -0.266086, 0.002837], [0.209241, -0.231914, 0.390412], [-0.481763, -0.328983, 0.00503]], "im2d": [[0.016307, -0.10016], [-0.00908, 0.026243], [0.035388, -0.016597], [0.060318, -0.22045], [0.004428, 0.471656], [-0.168279, 0.324537], [0.047072, -0.362036], [0.364234, 0.786055], [-0.214926, 0.793278], [0.005507, -0.415997], [0.262199, 0.901325], [-0.327202, 0.812455], [0.003339, -0.658471], [-0.026264, -0.535625], [0.053391, -0.576588], [-0.048513, -0.727321], [-0.067114, -0.507353], [0.083061, -0.603127], [-0.142931, -0.216753], [0.184237, -0.357018], [-0.342971, -0.100105], [0.174502, -0.152442], [-0.426931, -0.076397], [0.186703, -0.100719]], "theta": [1.12157, 0.015452, 0.129011, 1.972652, 0.382101, -2.561601, 0.093396, 0.04307, 0.070014, -0.529743, -0.052157, -0.067027, 0.172612, -0.061137, -0.012022, 0.693987, -0.007305, -0.118487, 0.381922, 0.066459, 0.11334, 0.040149, -0.060377, 0.041532, -0.341726, 0.296538, 0.048227, 0.027762, -0.350921, 0.12248, 0.071912, -0.003258, -0.020851, -0.002607, 0.001878, 0.001725, 0.00203, 0.003324, -0.007967, -0.217696, -0.153164, -0.038663, 0.043861, -0.090989, -0.394214, -0.028487, 0.257784, 0.336915, 0.040013, 0.009551, 0.104244, 0.081101, -0.431752, -0.555762, 0.174697, 0.026566, 0.842881, 0.297513, -0.995627, -0.003534, -0.339611, 0.302303, -0.198268, 0.358121, -0.158229, 0.380569, -0.224971, 0.036763, -0.373866, 0.109556, 0.044132, -0.410295, 0.109423, -0.036692, 0.417023, 0.684468, -0.671078, 0.005002, -2.291104, 0.31788, 0.130482, 1.254608, -2.02499, 0.10541, 0.879402]}