{"hc3d": [[-0.000895, -0.219208, 0.038795], [0.08108, -0.316138, 0.035238], [-0.081084, -0.315541, 0.037905], [-0.003188, -0.104241, 0.004243], [0.130996, -0.691152, 0.160214], [-0.145328, -0.71416, 0.087522], [-0.000859, 0.026381, 0.015794], [0.05112, -1.035188, -0.0808], [-0.092153, -1.135302, 0.02955], [-0.001224, 0.071255, 0.057223], [0.116934, -1.120481, 0.007567], [-0.157107, -1.196188, 0.138728], [-0.00185, 0.294147, 0.057215], [0.084962, 0.201227, 0.053], [-0.087159, 0.200674, 0.043201], [-0.004894, 0.337164, 0.121089], [0.1854, 0.184606, 0.049551], [-0.190754, 0.186917, 0.064496], [0.252936, -0.07254, -0.010453], [-0.276165, -0.064336, 0.100362], [0.250482, -0.326666, 0.058155], [-0.344376, -0.30868, 0.185156], [0.267627, -0.406782, 0.094741], [-0.36372, -0.390213, 0.214564]], "im2d": [[0.001534, -0.087795], [-0.084811, 0.029738], [0.080969, 0.017889], [0.027384, -0.213074], [-0.219642, 0.438668], [0.104411, 0.461853], [0.023706, -0.365454], [-0.01803, 0.878138], [0.065097, 0.961347], [0.003031, -0.425521], [-0.137842, 0.962484], [0.069631, 1.004823], [0.012349, -0.681818], [-0.078467, -0.568444], [0.104397, -0.577081], [-0.017987, -0.744504], [-0.180787, -0.542053], [0.198971, -0.572393], [-0.227414, -0.229751], [0.25754, -0.296436], [-0.27252, 0.048262], [0.271715, -0.037277], [-0.313449, 0.134031], [0.27231, 0.049196]], "theta": [1.169489, 0.002207, 0.144136, 0.766522, 0.289468, -3.045057, -0.338955, -0.095093, 0.05747, -0.172869, -0.09494, -0.059109, 0.12676, 0.006112, 0.010668, 0.834989, 0.240646, -0.174388, 0.204075, -0.010777, 0.12597, 0.062819, -0.036306, 0.010985, -0.291385, 0.243997, -0.026873, -0.039064, -0.276272, 0.14692, 0.028859, 0.007667, -0.022949, -0.000394, 0.000576, -0.000664, 0.001413, 0.001883, -0.005216, 0.057543, -0.164288, -0.062864, -0.005588, -0.098973, -0.52875, -0.026202, 0.365156, 0.442005, 0.225577, -0.088966, -0.017264, 0.246414, -0.175546, -0.758417, 0.057936, 0.2718, 0.653651, 0.105605, -0.421905, -0.108962, -0.31372, 0.097302, 0.06282, 0.059052, -0.202627, 0.40638, -0.426001, 0.122786, -0.105856, 0.110961, 0.044599, -0.413335, 0.110403, -0.039287, 0.417562, 0.718911, -0.752431, 0.009415, -2.290283, 0.328205, 0.084171, 1.260116, -2.045653, 0.100231, 0.856324]}