{"hc3d": [[-0.000895, -0.219208, 0.038795], [0.08108, -0.316138, 0.035238], [-0.081084, -0.315541, 0.037905], [-0.003188, -0.104241, 0.004243], [0.085654, -0.65282, 0.248241], [-0.14613, -0.717106, 0.038815], [-0.002828, 0.026112, 0.018691], [0.101879, -1.020543, 0.030651], [-0.100371, -1.129462, -0.068038], [-0.000483, 0.072711, 0.058103], [0.140631, -1.08694, 0.146861], [-0.168491, -1.18521, 0.041951], [0.001443, 0.295569, 0.061526], [0.086676, 0.201835, 0.049798], [-0.085704, 0.203219, 0.052135], [0.001021, 0.340529, 0.12412], [0.186648, 0.186216, 0.038067], [-0.187704, 0.196079, 0.082458], [0.242721, -0.064955, -0.051678], [-0.274304, -0.048219, 0.149754], [0.226663, -0.321252, 0.006176], [-0.318824, -0.258088, 0.309502], [0.239795, -0.404394, 0.037259], [-0.33512, -0.324901, 0.36569]], "im2d": [[0.001555, -0.087803], [-0.084798, 0.029748], [0.081003, 0.017892], [0.027403, -0.2131], [-0.219827, 0.373732], [0.131981, 0.475183], [0.024146, -0.36591], [-0.131097, 0.842006], [0.127571, 0.974124], [0.001848, -0.427377], [-0.237601, 0.897187], [0.135126, 1.011327], [0.006637, -0.684202], [-0.078454, -0.568445], [0.098094, -0.581809], [-0.025629, -0.748695], [-0.17571, -0.541542], [0.186325, -0.586468], [-0.193908, -0.230752], [0.229108, -0.324965], [-0.219147, 0.051097], [0.178948, -0.11915], [-0.253028, 0.141218], [0.162235, -0.054855]], "theta": [1.169638, 0.002224, 0.144139, 0.766544, 0.289451, -3.045086, -0.572592, -0.323445, 0.014375, -0.051804, -0.093252, -0.066725, 0.14956, 0.050925, 0.027384, 0.97524, 0.142833, -0.12175, 0.194659, 0.032814, 0.119645, -0.001694, -0.014696, -0.012556, -0.314111, 0.237184, 0.069223, -0.149093, -0.275773, 0.060576, 0.087163, 0.008214, -0.034107, 0.000588, 0.000106, -0.001913, 0.001193, 0.001146, -0.003988, 0.013407, -0.169045, -0.022495, 0.01073, -0.083431, -0.513033, -0.036523, 0.374135, 0.384387, 0.218701, -0.060815, 0.004379, 0.275191, -0.12899, -0.799312, 0.00989, 0.351671, 0.643502, 0.169136, -0.493094, -0.119036, -0.307345, 0.301973, 0.017434, 0.163281, -0.174439, 0.387253, -0.231314, 0.153178, -0.163672, 0.111841, 0.044851, -0.414608, 0.111463, -0.039406, 0.418076, 0.718911, -0.752431, 0.009415, -2.290283, 0.328205, 0.084171, 1.260116, -2.045653, 0.100231, 0.856324]}