{"hc3d": [[-0.000895, -0.219208, 0.038795], [0.08108, -0.316138, 0.035238], [-0.081084, -0.315541, 0.037905], [-0.003188, -0.104241, 0.004243], [0.037679, -0.64619, 0.254163], [-0.172663, -0.711688, 0.050859], [-0.00496, 0.025744, 0.021608], [0.084247, -1.016033, 0.044695], [-0.133794, -0.999095, -0.264474], [-0.00072, 0.071074, 0.06232], [0.102578, -1.06282, 0.174657], [-0.203482, -1.092545, -0.185375], [0.006149, 0.293393, 0.076748], [0.088896, 0.198684, 0.057481], [-0.083242, 0.203396, 0.06575], [0.002465, 0.343396, 0.135278], [0.189102, 0.181964, 0.050044], [-0.182023, 0.205102, 0.105923], [0.23256, -0.063526, -0.0601], [-0.274621, -0.023068, 0.211156], [0.207416, -0.316084, 0.009722], [-0.28079, -0.130838, 0.455889], [0.211941, -0.399335, 0.042888], [-0.297566, -0.149918, 0.540984]], "im2d": [[0.001565, -0.087808], [-0.084791, 0.029753], [0.081021, 0.017893], [0.027414, -0.213113], [-0.173345, 0.361787], [0.152956, 0.464789], [0.024733, -0.366246], [-0.120451, 0.832862], [0.275263, 0.862159], [-0.000287, -0.426399], [-0.212706, 0.861355], [0.299973, 0.948916], [-0.006677, -0.684543], [-0.085097, -0.56628], [0.088079, -0.584668], [-0.03315, -0.754224], [-0.185005, -0.538967], [0.167916, -0.601299], [-0.178741, -0.231355], [0.196638, -0.366456], [-0.201049, 0.043178], [0.064113, -0.292855], [-0.227204, 0.132441], [0.033838, -0.289372]], "theta": [1.169719, 0.002233, 0.14414, 0.766553, 0.289443, -3.045099, -0.609652, -0.422012, -0.079696, -0.089761, -0.121636, -0.13176, 0.1716, 0.06119, 0.044743, 1.003725, 0.053298, -0.108061, 0.812335, 0.05477, 0.085512, 0.008485, -0.001048, -0.048421, -0.430023, 0.277938, 0.193551, -0.27811, -0.204742, -0.006586, 0.107123, 0.012316, -0.038594, 0.000316, 2.1e-05, -0.001422, 0.000889, 0.001012, -0.003781, -0.111914, -0.297479, -0.008438, 0.009872, -0.164127, -0.48528, -0.090612, 0.432595, 0.29619, 0.250593, -0.041235, 0.016138, 0.248122, -0.057288, -0.855613, -0.043673, 0.413195, 0.60206, 0.161665, -0.604181, -0.06774, -0.335123, 0.656509, -0.135706, 0.138894, -0.196673, 0.322637, -0.103926, 0.19976, -0.365223, 0.111688, 0.045527, -0.413637, 0.111618, -0.040898, 0.418627, 0.718911, -0.752431, 0.009415, -2.290283, 0.328205, 0.084171, 1.260116, -2.045653, 0.100231, 0.856324]}