{"hc3d": [[-0.000895, -0.219208, 0.038795], [0.08108, -0.316138, 0.035238], [-0.081084, -0.315541, 0.037905], [-0.003188, -0.104241, 0.004243], [0.06645, -0.702702, 0.130635], [-0.172906, -0.706795, 0.100954], [-0.003165, 0.026701, 0.011658], [0.026009, -1.114428, 0.022584], [-0.126186, -0.952348, -0.246997], [-0.000653, 0.073308, 0.05105], [0.056701, -1.156235, 0.15191], [-0.193692, -1.067363, -0.201605], [0.002396, 0.296153, 0.047588], [0.087197, 0.201679, 0.039128], [-0.085182, 0.203992, 0.040685], [0.004244, 0.345223, 0.106987], [0.187611, 0.186461, 0.031292], [-0.187063, 0.196874, 0.07141], [0.247997, -0.071851, -0.031272], [-0.269048, -0.053006, 0.121892], [0.240603, -0.328032, 0.028808], [-0.324399, -0.279922, 0.252247], [0.247036, -0.4125, 0.058387], [-0.347315, -0.348416, 0.303919]], "im2d": [[0.001566, -0.087808], [-0.084791, 0.029753], [0.081021, 0.017894], [0.027415, -0.213114], [-0.137225, 0.453857], [0.125826, 0.44893], [0.028396, -0.365201], [-0.052035, 0.946706], [0.259614, 0.80534], [0.005934, -0.426666], [-0.156498, 0.970411], [0.299789, 0.923914], [0.013351, -0.682016], [-0.073127, -0.566093], [0.103898, -0.58037], [-0.019342, -0.750439], [-0.172973, -0.540413], [0.191792, -0.58513], [-0.210854, -0.226652], [0.238859, -0.313457], [-0.246247, 0.055199], [0.215386, -0.082738], [-0.272444, 0.14672], [0.207921, -0.016016]], "theta": [1.169724, 0.002233, 0.14414, 0.766554, 0.289443, -3.0451, -0.263904, -0.227715, -0.095705, -0.215105, -0.12099, -0.125159, 0.095594, 0.044322, 0.028495, 0.373908, -0.032072, -0.073151, 1.065404, 0.012937, 0.046568, 0.051547, -0.021619, -0.025039, -0.287279, 0.328044, 0.04791, -0.136103, -0.205414, 0.10328, 0.05692, 0.016629, -0.028392, -0.000941, 0.000893, 0.000145, 0.00156, 0.002519, -0.006381, -0.02512, -0.176036, -0.06404, 0.028683, -0.108036, -0.495314, -0.080168, 0.389477, 0.399648, 0.26537, -0.049858, -0.011692, 0.235734, -0.195345, -0.784366, 0.073253, 0.255222, 0.715523, 0.195427, -0.398944, -0.119059, -0.243895, 0.221139, 0.004859, 0.078889, -0.205843, 0.289145, -0.318427, 0.210567, -0.225285, 0.110531, 0.044367, -0.412603, 0.110192, -0.039669, 0.417485, 0.718911, -0.752431, 0.009415, -2.290283, 0.328205, 0.084171, 1.260116, -2.045653, 0.100231, 0.856324]}