{"hc3d": [[-0.000895, -0.219208, 0.038795], [0.08108, -0.316138, 0.035238], [-0.081084, -0.315541, 0.037905], [-0.003188, -0.104241, 0.004243], [0.06964, -0.711498, 0.083254], [-0.177364, -0.689627, 0.165484], [-0.001725, 0.026489, 0.01465], [0.014413, -1.12616, -0.005262], [-0.122771, -0.946056, -0.173356], [-0.000244, 0.072994, 0.054214], [0.043698, -1.166892, 0.124731], [-0.190859, -1.06008, -0.126364], [0.004915, 0.295825, 0.053179], [0.089123, 0.200657, 0.046831], [-0.08317, 0.204554, 0.042136], [0.006521, 0.344429, 0.112967], [0.189493, 0.183664, 0.043206], [-0.186202, 0.196944, 0.068612], [0.249855, -0.078109, -0.002803], [-0.265706, -0.056856, 0.099826], [0.244345, -0.331399, 0.06866], [-0.329471, -0.29473, 0.204213], [0.257976, -0.412097, 0.105446], [-0.352699, -0.369448, 0.246218]], "im2d": [[0.001566, -0.087808], [-0.084791, 0.029753], [0.081022, 0.017894], [0.027415, -0.213114], [-0.114778, 0.473848], [0.095573, 0.415733], [0.025255, -0.365473], [-0.025204, 0.965117], [0.215804, 0.783307], [0.003758, -0.426924], [-0.128541, 0.987359], [0.255737, 0.900378], [0.007663, -0.682615], [-0.079393, -0.566365], [0.101047, -0.581182], [-0.025013, -0.750598], [-0.18158, -0.539505], [0.192446, -0.584585], [-0.228682, -0.225141], [0.247409, -0.304309], [-0.272172, 0.051187], [0.246481, -0.056244], [-0.309613, 0.137374], [0.244416, 0.019586]], "theta": [1.169725, 0.002234, 0.14414, 0.766554, 0.289443, -3.0451, -0.143942, -0.17821, -0.103225, -0.379115, -0.102624, -0.130747, 0.118073, 0.010974, 0.017343, 0.207739, -0.067274, -0.064558, 1.201808, -0.044054, 0.041934, 0.031208, -0.015584, -0.014522, -0.269212, 0.315773, 0.00686, -0.129008, -0.179316, 0.105055, 0.06489, 0.007138, -0.034105, -0.001913, 0.001545, 0.00116, 0.001804, 0.003429, -0.007878, -0.029537, -0.144894, -0.062973, 0.013121, -0.118736, -0.501757, -0.064981, 0.384672, 0.409867, 0.255505, -0.055992, -0.007417, 0.207684, -0.230104, -0.764723, 0.082196, 0.235694, 0.750142, 0.145759, -0.37786, -0.110537, -0.285541, 0.179436, 0.003496, 0.051923, -0.203071, 0.377683, -0.419093, 0.199117, -0.182893, 0.109756, 0.043639, -0.41136, 0.109517, -0.038662, 0.417063, 0.718911, -0.752431, 0.009415, -2.290283, 0.328205, 0.084171, 1.260116, -2.045653, 0.100231, 0.856324]}