{"hc3d": [[-0.00087, -0.218246, 0.038522], [0.080984, -0.314937, 0.034822], [-0.080917, -0.314351, 0.0375], [-0.003164, -0.103729, 0.004383], [0.142096, -0.708384, 0.023146], [-0.100985, -0.697609, 0.171819], [0.000288, 0.024828, 0.027508], [0.084025, -0.942987, -0.329176], [-0.073758, -1.122888, 0.131424], [-0.003313, 0.069448, 0.068708], [0.169445, -1.034464, -0.268438], [-0.094686, -1.172072, 0.261463], [-0.007706, 0.291761, 0.059959], [0.080512, 0.200493, 0.064087], [-0.090223, 0.196337, 0.044983], [-0.00736, 0.349026, 0.111505], [0.181262, 0.188539, 0.058573], [-0.193873, 0.178554, 0.060633], [0.277574, -0.066117, 0.049322], [-0.263287, -0.077317, 0.024287], [0.318626, -0.29585, 0.170383], [-0.341266, -0.331267, 0.053117], [0.345601, -0.369629, 0.213302], [-0.373575, -0.413564, 0.058876]], "im2d": [[0.017127, -0.085073], [0.020358, 0.042817], [0.003172, 0.003562], [0.065488, -0.211587], [0.005827, 0.49845], [-0.183975, 0.41909], [0.050284, -0.356152], [0.382424, 0.770015], [-0.171434, 0.904164], [0.006785, -0.409611], [0.312978, 0.888752], [-0.325597, 0.945844], [0.035124, -0.658916], [0.030449, -0.536091], [0.03691, -0.570729], [-0.018753, -0.72626], [0.04455, -0.498443], [0.008497, -0.576437], [0.042047, -0.189957], [0.022248, -0.304174], [-0.111687, 0.069098], [-0.038859, -0.040307], [-0.164454, 0.155306], [-0.055194, 0.043766]], "theta": [1.145982, 0.015815, 0.14401, 2.375093, 0.311119, -2.182952, -0.007562, 0.073822, 0.073302, -0.369631, 0.067908, 0.036791, 0.214202, -0.082315, -0.004361, 0.883399, 0.067855, -0.060322, 0.333735, 0.162174, 0.060728, -0.022573, -0.010145, 0.042802, -0.387847, 0.315874, 0.112896, -0.042585, -0.234699, 0.127326, -0.009146, 0.022352, -0.016219, -0.001536, 0.001392, 0.000637, 0.001856, 0.002609, -0.006539, -0.152062, -0.008549, -0.041628, 0.041663, -0.007164, -0.523924, 0.025186, 0.359277, 0.468639, 0.006934, -0.002723, 0.058177, 0.10101, -0.329237, -0.631417, 0.199326, 0.098942, 0.777116, 0.114323, -0.408662, -0.050302, -0.050478, 0.103706, -0.051661, 0.289083, -0.111346, 0.265676, 0.002507, 0.047164, -0.166573, 0.109655, 0.043914, -0.411069, 0.110011, -0.038772, 0.416566, 0.689658, -0.72064, -0.017111, -2.311122, 0.331624, 0.072068, 1.22922, -2.017118, 0.097297, 0.881936]}