{"hc3d": [[-0.000897, -0.218814, 0.038624], [0.081009, -0.31561, 0.034947], [-0.08101, -0.31501, 0.037628], [-0.003191, -0.104096, 0.00432], [0.107332, -0.696772, 0.146038], [-0.14443, -0.710826, 0.103522], [-0.000549, 0.025252, 0.025066], [0.053674, -1.040222, -0.101666], [-0.095348, -1.131396, 0.043553], [0.000196, 0.06764, 0.068886], [0.106838, -1.114374, 0.003338], [-0.165403, -1.182639, 0.154178], [-0.002651, 0.289786, 0.081475], [0.084608, 0.198458, 0.068184], [-0.087348, 0.196318, 0.066078], [-0.004457, 0.340296, 0.139548], [0.18523, 0.183848, 0.069258], [-0.187701, 0.182171, 0.098578], [0.236387, -0.072114, -0.007902], [-0.245031, -0.07003, 0.16652], [0.22, -0.307385, 0.10817], [-0.27207, -0.275651, 0.334829], [0.243404, -0.379809, 0.155385], [-0.292803, -0.336596, 0.395763]], "im2d": [[-0.003622, -0.070757], [-0.096775, 0.040037], [0.080725, 0.037802], [0.014701, -0.194578], [-0.177322, 0.452085], [0.112625, 0.473856], [0.010797, -0.34469], [-0.05466, 0.884492], [0.059471, 0.960992], [-0.002066, -0.400444], [-0.1496, 0.950194], [0.099357, 0.998939], [0.00665, -0.654214], [-0.089116, -0.547874], [0.100718, -0.546223], [-0.007565, -0.721707], [-0.200832, -0.530852], [0.200274, -0.536633], [-0.243741, -0.227028], [0.231008, -0.263507], [-0.272573, 0.018672], [0.198645, -0.060707], [-0.316393, 0.09246], [0.199554, -0.00264]], "theta": [1.146036, -0.002264, 0.157073, 0.439218, 0.241278, -3.085064, -0.302932, -0.115654, -0.001872, -0.211405, -0.077758, -0.056553, 0.198189, 0.018212, 0.008924, 0.79665, 0.139236, -0.127171, 0.250711, -0.079505, 0.099185, 0.04741, -0.017306, 0.013605, -0.386329, 0.224446, 0.01539, -0.088881, -0.217211, 0.075963, 0.030248, 0.02343, -0.020199, -0.000667, -0.000128, 0.001393, 0.001964, 0.00218, -0.007377, -0.122058, -0.17622, -0.037472, 0.003219, -0.192021, -0.497834, -0.039465, 0.434634, 0.408653, 0.106914, -0.06094, 0.021267, 0.21984, -0.154062, -0.854389, 0.019212, 0.408605, 0.6655, 0.017216, -0.649792, -0.000363, -0.341916, 0.316373, -0.054362, 0.103748, -0.121348, 0.487955, -0.220671, 0.165512, -0.290314, 0.111481, 0.04505, -0.411812, 0.111048, -0.037915, 0.421703, 0.690854, -0.738405, 0.00266, -2.283446, 0.336296, 0.086194, 1.250226, -2.067702, 0.118217, 0.860556]}