{"hc3d": [[-0.000897, -0.218814, 0.038624], [0.081009, -0.31561, 0.034947], [-0.08101, -0.31501, 0.037628], [-0.003191, -0.104096, 0.00432], [0.056665, -0.619183, 0.291013], [-0.15714, -0.711078, 0.086302], [-0.002845, 0.023404, 0.03452], [0.109971, -0.945132, 0.020625], [-0.106042, -1.112542, -0.051899], [0.000398, 0.06705, 0.076969], [0.140165, -1.009819, 0.140018], [-0.17632, -1.160843, 0.059901], [0.00368, 0.287973, 0.103387], [0.087523, 0.196077, 0.077755], [-0.084094, 0.197237, 0.088902], [0.000737, 0.339242, 0.160743], [0.188167, 0.182663, 0.072266], [-0.177944, 0.193478, 0.138953], [0.236606, -0.063554, -0.033178], [-0.248538, -0.019228, 0.284832], [0.242027, -0.299881, 0.081773], [-0.182703, -0.005348, 0.543312], [0.272167, -0.369455, 0.129451], [-0.177801, 0.01328, 0.629835]], "im2d": [[-0.00275, -0.070908], [-0.096123, 0.040643], [0.082239, 0.03804], [0.015426, -0.195429], [-0.163325, 0.340666], [0.134707, 0.479541], [0.010621, -0.34588], [-0.149332, 0.759925], [0.105874, 0.961358], [-0.004726, -0.403032], [-0.223471, 0.81271], [0.14595, 0.995939], [-0.007751, -0.659117], [-0.09606, -0.549246], [0.090238, -0.554069], [-0.020701, -0.727636], [-0.20617, -0.532111], [0.177912, -0.559476], [-0.236166, -0.232804], [0.200739, -0.343804], [-0.288508, 0.015897], [0.046012, -0.404712], [-0.339902, 0.086924], [0.013742, -0.441167]], "theta": [1.151837, -0.001491, 0.157253, 0.440637, 0.240044, -3.087013, -0.714874, -0.410134, -0.01067, -0.169543, -0.07542, -0.09002, 0.271902, 0.041799, 0.029584, 1.285897, 0.167977, -0.119434, 0.39761, -0.047353, 0.12812, -0.053831, 0.020789, -0.015665, -0.440579, 0.185311, 0.186725, -0.249002, -0.188048, -0.030756, 0.122839, 0.030186, -0.044875, 0.000151, 0.000145, -0.001303, 0.001253, 0.001057, -0.004772, -0.195758, -0.220189, 0.041488, -0.03019, -0.207196, -0.461065, -0.050218, 0.514889, 0.283082, 0.136578, -0.007547, 0.031802, 0.195379, -0.057739, -0.864419, -0.102261, 0.555603, 0.447586, -0.019012, -0.726806, 0.011052, -0.425958, 0.997404, -0.264318, 0.27208, -0.167187, 0.484937, 0.024185, 0.172084, -0.359132, 0.110994, 0.046036, -0.411435, 0.1121, -0.03818, 0.419767, 0.690854, -0.738405, 0.00266, -2.283446, 0.336296, 0.086194, 1.250226, -2.067702, 0.118217, 0.860556]}