{"hc3d": [[-0.000897, -0.218814, 0.038624], [0.081009, -0.31561, 0.034947], [-0.08101, -0.31501, 0.037628], [-0.003191, -0.104096, 0.00432], [0.041412, -0.606317, 0.303722], [-0.169605, -0.709315, 0.078964], [-0.004026, 0.022548, 0.037918], [0.079605, -0.92617, 0.023669], [-0.11597, -1.056128, -0.16543], [-0.000295, 0.064499, 0.082005], [0.112494, -0.982312, 0.146621], [-0.183303, -1.12157, -0.060765], [0.003958, 0.284117, 0.117574], [0.087329, 0.19306, 0.087754], [-0.08423, 0.194386, 0.099735], [-0.00232, 0.335689, 0.174388], [0.188171, 0.180224, 0.08539], [-0.176109, 0.193208, 0.153436], [0.232156, -0.05877, -0.037227], [-0.241559, -0.006666, 0.318588], [0.241113, -0.296279, 0.075035], [-0.154936, 0.050304, 0.564738], [0.267656, -0.370062, 0.118321], [-0.144456, 0.081582, 0.647012]], "im2d": [[-0.002564, -0.070953], [-0.096, 0.04076], [0.082561, 0.03809], [0.01559, -0.195631], [-0.149848, 0.32414], [0.151467, 0.479265], [0.010906, -0.345888], [-0.115578, 0.738469], [0.156148, 0.918156], [-0.005618, -0.401448], [-0.19357, 0.781016], [0.194594, 0.973597], [-0.012798, -0.65795], [-0.099267, -0.548142], [0.086912, -0.553371], [-0.021918, -0.726817], [-0.210687, -0.532156], [0.171431, -0.562378], [-0.229877, -0.23774], [0.18301, -0.364427], [-0.285302, 0.01314], [0.010725, -0.472046], [-0.331518, 0.089812], [-0.02591, -0.522132]], "theta": [1.15316, -0.001327, 0.157284, 0.440892, 0.239829, -3.087363, -0.766452, -0.417736, -0.040772, -0.154901, -0.089038, -0.121535, 0.298458, 0.044226, 0.039566, 1.354574, 0.200015, -0.145369, 0.666005, -0.01738, 0.134263, -0.040965, 0.020095, -0.031165, -0.521277, 0.221385, 0.251839, -0.358573, -0.152909, -0.058372, 0.125537, 0.030303, -0.042203, -0.001823, 0.001405, 0.000641, 0.001457, 0.00274, -0.007432, -0.237321, -0.323228, 0.034255, -0.037933, -0.244902, -0.440067, -0.081908, 0.544517, 0.237027, 0.157895, -0.044109, 0.048081, 0.17653, 0.002883, -0.902171, -0.148593, 0.596416, 0.402664, -0.050968, -0.777691, 0.029249, -0.443294, 1.097609, -0.281458, 0.174477, -0.166524, 0.419546, 0.016988, 0.157421, -0.36305, 0.109367, 0.045364, -0.408696, 0.110562, -0.037732, 0.418458, 0.690854, -0.738405, 0.00266, -2.283446, 0.336296, 0.086194, 1.250226, -2.067702, 0.118217, 0.860556]}