{"hc3d": [[-0.000897, -0.218814, 0.038624], [0.081009, -0.31561, 0.034947], [-0.08101, -0.31501, 0.037628], [-0.003191, -0.104096, 0.00432], [0.039586, -0.622686, 0.284562], [-0.172913, -0.7063, 0.096624], [-0.004086, 0.023372, 0.034643], [0.060781, -0.940727, 0.00067], [-0.115847, -1.00835, -0.200686], [-0.000328, 0.065472, 0.078585], [0.095223, -0.994232, 0.124371], [-0.183148, -1.088104, -0.106446], [0.003091, 0.285541, 0.111346], [0.08693, 0.194321, 0.08339], [-0.084725, 0.195361, 0.093945], [-0.002614, 0.337095, 0.168236], [0.187761, 0.181457, 0.080748], [-0.178195, 0.193367, 0.144802], [0.232536, -0.058482, -0.039717], [-0.245259, -0.012958, 0.301137], [0.235158, -0.293894, 0.077191], [-0.172143, 0.016193, 0.556369], [0.258964, -0.367572, 0.122216], [-0.166291, 0.039056, 0.64181]], "im2d": [[-0.002544, -0.070959], [-0.095987, 0.040773], [0.082596, 0.038096], [0.015609, -0.195654], [-0.142352, 0.346219], [0.149665, 0.472738], [0.012065, -0.346291], [-0.087935, 0.759054], [0.169296, 0.870058], [-0.004441, -0.402002], [-0.167789, 0.798487], [0.210465, 0.94366], [-0.009792, -0.658562], [-0.097388, -0.548877], [0.089366, -0.553536], [-0.019576, -0.727425], [-0.208722, -0.532805], [0.176531, -0.56113], [-0.229504, -0.237645], [0.192462, -0.354254], [-0.279314, 0.010001], [0.031076, -0.431907], [-0.323053, 0.086232], [-0.001795, -0.47301]], "theta": [1.153312, -0.001309, 0.157287, 0.440917, 0.239809, -3.087396, -0.705434, -0.386629, -0.068617, -0.199572, -0.08751, -0.128195, 0.272684, 0.045009, 0.039461, 1.294187, 0.183781, -0.15425, 0.875083, -0.021708, 0.122369, -0.018881, 0.014571, -0.033719, -0.558512, 0.254884, 0.261442, -0.380324, -0.144577, -0.059263, 0.115833, 0.027981, -0.03486, -0.001625, 0.001222, 0.000491, 0.001361, 0.002555, -0.007045, -0.224245, -0.31554, 0.019882, -0.033195, -0.233025, -0.4467, -0.083532, 0.5263, 0.255247, 0.173087, -0.042752, 0.034274, 0.193081, -0.009886, -0.899745, -0.120243, 0.584551, 0.434131, -0.044958, -0.793931, 0.023018, -0.440672, 1.018138, -0.259293, 0.124921, -0.170138, 0.416103, -0.02071, 0.166124, -0.370802, 0.10976, 0.04528, -0.409549, 0.110672, -0.038097, 0.418441, 0.690854, -0.738405, 0.00266, -2.283446, 0.336296, 0.086194, 1.250226, -2.067702, 0.118217, 0.860556]}