{"hc3d": [[-0.000897, -0.218814, 0.038624], [0.081009, -0.31561, 0.034947], [-0.08101, -0.31501, 0.037628], [-0.003191, -0.104096, 0.00432], [0.062238, -0.712987, 0.027303], [-0.161681, -0.657807, 0.240154], [0.004247, 0.024496, 0.028344], [-0.003698, -1.117316, -0.092549], [-0.116151, -1.047282, 0.069507], [0.005454, 0.068417, 0.070616], [0.026439, -1.158447, 0.036876], [-0.189981, -1.119768, 0.164723], [0.010583, 0.290329, 0.086244], [0.09475, 0.195877, 0.075012], [-0.07695, 0.200405, 0.066283], [0.010697, 0.343982, 0.141456], [0.195218, 0.181622, 0.08153], [-0.179996, 0.189923, 0.090754], [0.250853, -0.07805, 0.021843], [-0.241869, -0.070229, 0.091447], [0.188368, -0.254353, 0.206521], [-0.304234, -0.303202, 0.206222], [0.199896, -0.304056, 0.280135], [-0.328977, -0.378478, 0.245952]], "im2d": [[-0.002515, -0.070968], [-0.095971, 0.040789], [0.082646, 0.038104], [0.015636, -0.195689], [-0.088805, 0.494922], [0.093367, 0.392289], [0.004915, -0.346445], [0.006201, 0.976371], [0.081761, 0.866835], [-0.008164, -0.403971], [-0.07023, 1.000661], [0.130153, 0.931934], [-0.009869, -0.659637], [-0.103319, -0.549195], [0.089829, -0.554431], [-0.025481, -0.730553], [-0.217256, -0.533152], [0.195711, -0.54778], [-0.27029, -0.226083], [0.253499, -0.251944], [-0.267271, -0.058354], [0.276448, -0.007261], [-0.305591, -0.014604], [0.288104, 0.071288]], "theta": [1.153538, -0.001283, 0.157291, 0.440947, 0.239784, -3.087438, -0.007086, -0.100793, -0.132249, -0.574654, -0.054789, -0.095374, 0.222959, -0.007893, -0.029544, 0.156019, -0.066158, -0.040219, 0.890116, -0.156677, 0.03337, -0.013277, -0.005145, 0.02842, -0.347555, 0.238988, -0.000409, -0.129553, -0.157253, 0.05633, 0.079924, -0.004621, -0.027845, -0.000413, 0.000688, -0.000746, 0.001227, 0.001808, -0.004832, -0.191993, -0.12507, -0.027931, 0.005153, -0.196872, -0.452345, -0.034784, 0.39548, 0.415615, 0.153339, -0.070352, 0.002118, 0.239022, -0.235549, -0.837092, 0.071781, 0.252481, 0.813884, 0.00393, -0.974107, 0.061035, -0.422337, 0.31091, -0.10554, -0.01021, -0.155284, 0.559507, -0.484475, 0.13399, -0.194924, 0.110793, 0.044924, -0.412023, 0.110472, -0.039188, 0.417852, 0.690854, -0.738405, 0.00266, -2.283446, 0.336296, 0.086194, 1.250226, -2.067702, 0.118217, 0.860556]}