{"hc3d": [[-0.000897, -0.218814, 0.038624], [0.081009, -0.31561, 0.034947], [-0.08101, -0.31501, 0.037628], [-0.003191, -0.104096, 0.00432], [0.075737, -0.71287, 0.013141], [-0.121402, -0.640107, 0.277867], [0.005087, 0.024493, 0.028082], [0.049721, -0.966007, -0.329553], [-0.090869, -1.063894, 0.229327], [0.004686, 0.067352, 0.071445], [0.083028, -1.058214, -0.230865], [-0.151429, -1.112671, 0.34648], [0.006093, 0.288929, 0.091877], [0.091959, 0.195739, 0.083266], [-0.07907, 0.198417, 0.065382], [0.003468, 0.34257, 0.147036], [0.19205, 0.185511, 0.097979], [-0.183503, 0.187983, 0.083044], [0.242064, -0.073506, 0.030923], [-0.234722, -0.070129, 0.035473], [0.123439, -0.136503, 0.256872], [-0.302516, -0.298856, 0.155583], [0.116256, -0.153633, 0.344492], [-0.336923, -0.370233, 0.195316]], "im2d": [[-0.002513, -0.070969], [-0.095971, 0.04079], [0.082649, 0.038105], [0.015637, -0.195691], [-0.099222, 0.497425], [0.037413, 0.36583], [0.004069, -0.346391], [0.028949, 0.846305], [0.00198, 0.857766], [-0.007621, -0.402915], [-0.04323, 0.93428], [0.029618, 0.892086], [-0.006753, -0.659085], [-0.102873, -0.550527], [0.092386, -0.552031], [-0.019316, -0.730005], [-0.218853, -0.540527], [0.201985, -0.544244], [-0.263277, -0.232952], [0.263491, -0.242099], [-0.206694, -0.202202], [0.29092, -0.003247], [-0.227452, -0.198232], [0.313435, 0.070767]], "theta": [1.153549, -0.001282, 0.157291, 0.440948, 0.239783, -3.087439, 0.029918, -0.091187, -0.099797, -0.671025, 0.024417, -0.011972, 0.219901, -0.030094, -0.037585, 0.769987, -0.038634, -0.071146, 0.671242, -0.132767, 0.000435, 0.015442, -0.016022, 0.043004, -0.519807, 0.233962, 0.046726, -0.038999, -0.149212, 0.022503, 0.076604, -0.019759, -0.012964, -0.003044, 0.002253, 0.002228, 0.001977, 0.00364, -0.008557, -0.214245, -0.140669, -0.049907, 0.031345, -0.213271, -0.415333, 0.006272, 0.375081, 0.398888, 0.12877, -0.011611, -0.002032, 0.257097, -0.280104, -0.917042, 0.098412, 0.176974, 0.904481, 0.027399, -1.475277, 0.209636, -0.411024, 0.499973, -0.198427, 0.025869, -0.111377, 0.541633, -0.467079, 0.137489, -0.288625, 0.108901, 0.043461, -0.40924, 0.108995, -0.035843, 0.417053, 0.690854, -0.738405, 0.00266, -2.283446, 0.336296, 0.086194, 1.250226, -2.067702, 0.118217, 0.860556]}