{"hc3d": [[-0.000757, -0.21901, 0.039864], [0.082181, -0.316117, 0.036659], [-0.081884, -0.315562, 0.039418], [-0.003021, -0.104072, 0.004851], [0.068548, -0.591913, 0.321079], [-0.171289, -0.700811, 0.125862], [-0.002237, 0.022539, 0.035563], [0.115564, -0.903988, 0.035299], [-0.116982, -1.065085, -0.089558], [0.003006, 0.06592, 0.078514], [0.147288, -0.966748, 0.155102], [-0.183854, -1.125333, 0.018292], [0.008937, 0.288096, 0.101668], [0.091647, 0.194809, 0.075374], [-0.080392, 0.19771, 0.091017], [0.007008, 0.326, 0.168132], [0.190747, 0.178848, 0.0577], [-0.179676, 0.190356, 0.129105], [0.24939, -0.069975, -0.033993], [-0.252064, -0.048242, 0.224851], [0.215158, -0.304119, 0.078993], [-0.257532, -0.203586, 0.44125], [0.247279, -0.372483, 0.127133], [-0.27582, -0.249774, 0.514721]], "im2d": [[0.000536, -0.066021], [-0.096364, 0.046495], [0.087011, 0.046855], [0.02018, -0.194332], [-0.187427, 0.325158], [0.140174, 0.482291], [0.01555, -0.34586], [-0.162493, 0.729033], [0.131398, 0.9364], [-0.002195, -0.402577], [-0.240284, 0.78407], [0.168354, 0.991118], [-0.005413, -0.664009], [-0.094341, -0.55254], [0.093906, -0.556726], [-0.023041, -0.717751], [-0.20066, -0.532266], [0.192623, -0.552918], [-0.248931, -0.230396], [0.230896, -0.289281], [-0.258909, 0.025214], [0.1588, -0.14058], [-0.314058, 0.097263], [0.153099, -0.097564]], "theta": [1.170434, 0.001215, 0.162603, 0.441843, 0.191999, -3.079026, -0.812036, -0.395551, 0.033593, -0.268391, -0.068425, -0.122979, 0.283501, 0.104354, 0.03097, 1.421233, 0.163102, -0.183879, 0.695825, -0.02282, 0.155001, -0.064679, 0.003307, -0.02095, -0.519225, 0.196846, 0.144311, -0.33422, -0.175104, -0.047729, 0.114801, 0.008457, -0.049811, -3.3e-05, -0.000275, 0.000569, 0.001292, 0.001129, -0.005307, 0.027251, -0.3008, -0.021943, 0.023488, -0.11535, -0.509814, -0.015355, 0.377063, 0.365523, 0.240914, -0.14678, 0.066513, 0.196847, -0.193035, -0.740237, -0.032783, 0.531266, 0.561472, 0.045214, -0.733141, -0.18228, -0.565686, 0.509454, -0.055757, 0.185471, -0.123348, 0.66122, -0.150704, 0.126456, -0.325853, 0.112409, 0.045322, -0.413171, 0.112125, -0.037893, 0.422574, 0.678839, -0.89471, 0.040332, -2.352946, 0.376432, 0.046992, 1.246749, -2.087593, 0.132514, 0.842728]}