{"hc3d": [[-0.000757, -0.21901, 0.039864], [0.082181, -0.316117, 0.036659], [-0.081884, -0.315562, 0.039418], [-0.003021, -0.104072, 0.004851], [0.061692, -0.6058, 0.306488], [-0.170563, -0.700821, 0.126561], [-0.002724, 0.022882, 0.034122], [0.095136, -0.923708, 0.025262], [-0.118873, -1.041492, -0.125077], [0.00215, 0.066386, 0.076992], [0.127598, -0.982394, 0.146918], [-0.184188, -1.109268, -0.020801], [0.008919, 0.288535, 0.100171], [0.09157, 0.194764, 0.075455], [-0.080711, 0.198656, 0.087892], [0.006384, 0.32762, 0.165926], [0.191181, 0.178624, 0.061133], [-0.180326, 0.191742, 0.125191], [0.242876, -0.070268, -0.03447], [-0.250886, -0.049009, 0.216824], [0.205928, -0.304172, 0.078157], [-0.260022, -0.211286, 0.427947], [0.232836, -0.374929, 0.126034], [-0.279557, -0.259572, 0.499729]], "im2d": [[0.001324, -0.066081], [-0.095729, 0.047086], [0.088364, 0.047098], [0.020813, -0.194987], [-0.174928, 0.345641], [0.141497, 0.484206], [0.016879, -0.347303], [-0.135358, 0.757181], [0.149705, 0.917856], [-0.000632, -0.404321], [-0.214675, 0.807651], [0.1859, 0.982094], [-0.005356, -0.666797], [-0.094865, -0.554378], [0.095473, -0.559617], [-0.022235, -0.721955], [-0.203232, -0.534111], [0.19521, -0.556353], [-0.241912, -0.230258], [0.23328, -0.288529], [-0.248305, 0.026301], [0.166586, -0.13005], [-0.29771, 0.101649], [0.162759, -0.084093]], "theta": [1.175221, 0.001883, 0.162782, 0.443178, 0.190816, -3.080862, -0.765817, -0.385006, 0.000781, -0.269714, -0.066109, -0.121298, 0.271789, 0.08927, 0.032745, 1.353458, 0.171865, -0.176835, 0.797518, -0.012879, 0.142122, -0.05613, 0.004491, -0.025071, -0.536134, 0.215532, 0.168722, -0.363142, -0.168335, -0.045042, 0.117872, 0.002682, -0.049327, -0.000382, -0.000207, 0.001188, 0.002135, 0.001559, -0.00708, 0.009305, -0.293692, -0.020961, 0.019192, -0.128801, -0.500686, -0.029318, 0.390294, 0.364687, 0.276605, -0.159377, 0.04723, 0.2078, -0.173004, -0.781202, -0.030346, 0.516593, 0.59036, 0.051679, -0.742209, -0.142848, -0.535098, 0.485473, -0.056634, 0.13693, -0.131256, 0.611608, -0.165515, 0.127329, -0.32789, 0.112179, 0.044878, -0.412939, 0.11184, -0.036091, 0.422081, 0.678839, -0.89471, 0.040332, -2.352946, 0.376432, 0.046992, 1.246749, -2.087593, 0.132514, 0.842728]}