{"hc3d": [[-0.000757, -0.21901, 0.039864], [0.082181, -0.316117, 0.036659], [-0.081884, -0.315562, 0.039418], [-0.003021, -0.104072, 0.004851], [0.057039, -0.61902, 0.291142], [-0.171064, -0.700809, 0.126102], [-0.002978, 0.023236, 0.032543], [0.075721, -0.945616, 0.01864], [-0.126058, -1.00868, -0.165859], [0.001702, 0.066694, 0.075481], [0.109554, -1.001202, 0.141374], [-0.188323, -1.087244, -0.067452], [0.008142, 0.288979, 0.097422], [0.091103, 0.195089, 0.074246], [-0.081315, 0.199001, 0.084612], [0.005508, 0.328859, 0.162694], [0.190894, 0.178675, 0.061591], [-0.180869, 0.190154, 0.121665], [0.239961, -0.071041, -0.033247], [-0.248657, -0.051616, 0.212704], [0.204009, -0.306387, 0.076666], [-0.265412, -0.23124, 0.408777], [0.22643, -0.378765, 0.124431], [-0.28666, -0.285157, 0.475913]], "im2d": [[0.001794, -0.066131], [-0.095362, 0.047426], [0.089171, 0.04724], [0.021199, -0.195396], [-0.164814, 0.364635], [0.143607, 0.485483], [0.017896, -0.348265], [-0.111166, 0.786034], [0.174783, 0.887684], [0.000457, -0.405348], [-0.192427, 0.832972], [0.209087, 0.965536], [-0.003797, -0.668451], [-0.094248, -0.555746], [0.097373, -0.56092], [-0.020498, -0.724563], [-0.203612, -0.535239], [0.19726, -0.555448], [-0.239324, -0.229747], [0.232704, -0.28569], [-0.245785, 0.029585], [0.178716, -0.104148], [-0.290209, 0.10713], [0.178111, -0.050776]], "theta": [1.178146, 0.00228, 0.162879, 0.443931, 0.190156, -3.081898, -0.718281, -0.366109, -0.02795, -0.268236, -0.06374, -0.12282, 0.259243, 0.084455, 0.033719, 1.271835, 0.169341, -0.169825, 0.915982, 0.007182, 0.12501, -0.042667, 0.003615, -0.025478, -0.53623, 0.236904, 0.181532, -0.380729, -0.156816, -0.032953, 0.110929, -0.003386, -0.047097, -0.000831, 0.000261, 0.001186, 0.002212, 0.001941, -0.007543, 0.002835, -0.293797, -0.032212, 0.015263, -0.133623, -0.501273, -0.040452, 0.407106, 0.382251, 0.309584, -0.169216, 0.029646, 0.210163, -0.165575, -0.796649, -0.033964, 0.496607, 0.593794, 0.062675, -0.723715, -0.123062, -0.505975, 0.395566, -0.031826, 0.098741, -0.153405, 0.56353, -0.194898, 0.1331, -0.321561, 0.111279, 0.044696, -0.412054, 0.111227, -0.035968, 0.420549, 0.678839, -0.89471, 0.040332, -2.352946, 0.376432, 0.046992, 1.246749, -2.087593, 0.132514, 0.842728]}