{"hc3d": [[-0.000757, -0.21901, 0.039864], [0.082181, -0.316117, 0.036659], [-0.081884, -0.315562, 0.039418], [-0.003021, -0.104072, 0.004851], [0.053278, -0.63997, 0.263436], [-0.172098, -0.695754, 0.145238], [-0.002708, 0.023504, 0.031277], [0.053195, -0.979504, 0.006555], [-0.132844, -0.953423, -0.192575], [0.001795, 0.066934, 0.074263], [0.087645, -1.031132, 0.130836], [-0.1917, -1.04706, -0.105965], [0.008157, 0.289459, 0.09365], [0.091322, 0.195237, 0.072654], [-0.081211, 0.199403, 0.08076], [0.005778, 0.329778, 0.158661], [0.191206, 0.178168, 0.061713], [-0.180829, 0.188502, 0.117085], [0.239592, -0.074424, -0.025556], [-0.247437, -0.057903, 0.195725], [0.205453, -0.310287, 0.083825], [-0.277551, -0.264099, 0.361756], [0.225751, -0.382891, 0.132192], [-0.300662, -0.327814, 0.418957]], "im2d": [[0.002076, -0.066169], [-0.09515, 0.047622], [0.089652, 0.047323], [0.021434, -0.195652], [-0.1521, 0.393989], [0.139504, 0.477528], [0.018148, -0.348879], [-0.082557, 0.828912], [0.194991, 0.828179], [0.00082, -0.406003], [-0.164964, 0.871136], [0.228726, 0.925499], [-0.002668, -0.669412], [-0.094141, -0.556414], [0.098643, -0.561679], [-0.019626, -0.726065], [-0.204351, -0.535293], [0.198892, -0.55374], [-0.241759, -0.227058], [0.237089, -0.276346], [-0.249991, 0.033372], [0.206932, -0.058908], [-0.292247, 0.111261], [0.211291, 0.007487]], "theta": [1.179932, 0.002516, 0.162932, 0.444357, 0.189787, -3.082482, -0.634102, -0.333024, -0.062955, -0.316445, -0.05522, -0.125349, 0.249358, 0.079993, 0.03084, 1.133566, 0.145008, -0.157659, 1.123237, 0.011043, 0.100296, -0.032472, 0.001607, -0.023336, -0.533405, 0.262108, 0.179377, -0.384633, -0.128642, -0.0198, 0.098601, -0.009571, -0.045072, -0.000711, 0.000354, 0.000552, 0.00199, 0.001834, -0.006876, 0.007304, -0.292053, -0.049571, 0.012847, -0.137451, -0.504475, -0.047119, 0.419676, 0.405059, 0.329576, -0.180655, 0.021443, 0.201733, -0.175642, -0.797339, -0.019559, 0.442571, 0.622895, 0.057678, -0.689821, -0.117145, -0.484749, 0.283365, -0.006802, 0.061616, -0.175279, 0.540629, -0.254885, 0.135925, -0.293862, 0.111034, 0.044772, -0.412085, 0.111061, -0.036452, 0.419536, 0.678839, -0.89471, 0.040332, -2.352946, 0.376432, 0.046992, 1.246749, -2.087593, 0.132514, 0.842728]}