{"hc3d": [[-0.000757, -0.21901, 0.039864], [0.082181, -0.316117, 0.036659], [-0.081884, -0.315562, 0.039418], [-0.003021, -0.104072, 0.004851], [0.044237, -0.699461, -0.056892], [-0.110447, -0.590665, 0.335027], [0.003604, 0.022371, 0.035551], [0.013515, -0.994948, -0.361876], [-0.091662, -1.015145, 0.296098], [0.002677, 0.06452, 0.080011], [0.033879, -1.078136, -0.2525], [-0.152147, -1.066766, 0.4119], [0.00489, 0.286685, 0.103918], [0.090756, 0.193152, 0.093251], [-0.081219, 0.196553, 0.077005], [0.003145, 0.334471, 0.163678], [0.191036, 0.176177, 0.09986], [-0.184135, 0.177959, 0.097608], [0.261834, -0.076256, 0.02897], [-0.24256, -0.082442, 0.086912], [0.209125, -0.207989, 0.24949], [-0.278818, -0.301905, 0.233579], [0.229736, -0.240777, 0.330254], [-0.301214, -0.369777, 0.286092]], "im2d": [[0.002492, -0.066245], [-0.094862, 0.047893], [0.090363, 0.047449], [0.021799, -0.196062], [-0.037895, 0.511577], [0.012464, 0.32753], [0.009743, -0.34896], [0.084913, 0.902816], [-0.014872, 0.831354], [-0.00207, -0.404888], [0.02183, 0.984499], [0.013038, 0.875352], [-0.002598, -0.669137], [-0.100639, -0.558121], [0.099989, -0.559117], [-0.018304, -0.733899], [-0.217345, -0.539526], [0.209076, -0.539902], [-0.285412, -0.233196], [0.267284, -0.232483], [-0.304623, -0.110402], [0.249988, 0.003949], [-0.35625, -0.083723], [0.254952, 0.076072]], "theta": [1.182723, 0.002864, 0.162999, 0.444907, 0.189322, -3.083236, 0.207682, -0.054334, -0.186242, -0.853485, 0.082645, -0.007618, 0.279602, -0.062902, -0.030493, 0.465745, -0.198379, -0.003151, 0.829277, -0.190823, -0.046303, -0.034456, 0.015485, 0.042624, -0.488777, 0.283862, 0.047886, 0.013254, -0.136495, 0.044812, 0.087242, -0.010488, -0.027344, -0.000348, 0.000496, -0.000604, 0.001266, 0.0014, -0.00417, -0.142339, -0.110343, -0.047634, 0.012621, -0.173395, -0.496693, 0.002428, 0.422071, 0.464863, 0.151568, -0.067019, 0.003237, 0.194018, -0.192405, -0.759868, 0.085797, 0.27463, 0.75191, -0.118045, -1.225989, 0.101958, -0.402103, 0.502115, -0.108545, 0.04359, -0.155349, 0.612021, -0.46505, 0.173517, -0.269978, 0.110348, 0.045409, -0.41063, 0.111057, -0.038871, 0.41813, 0.678839, -0.89471, 0.040332, -2.352946, 0.376432, 0.046992, 1.246749, -2.087593, 0.132514, 0.842728]}