{"hc3d": [[-0.000757, -0.21901, 0.039864], [0.082181, -0.316117, 0.036659], [-0.081884, -0.315562, 0.039418], [-0.003021, -0.104072, 0.004851], [0.053601, -0.704013, -0.039918], [-0.112268, -0.582773, 0.342003], [0.00293, 0.022366, 0.035707], [0.022856, -0.961359, -0.377704], [-0.087193, -1.000042, 0.256508], [0.002311, 0.064714, 0.079985], [0.049469, -1.049439, -0.273629], [-0.145649, -1.058223, 0.370223], [0.004049, 0.287148, 0.101287], [0.090105, 0.193757, 0.090916], [-0.082022, 0.196449, 0.076219], [0.002664, 0.335488, 0.160609], [0.190428, 0.17705, 0.097548], [-0.184751, 0.178373, 0.098173], [0.257458, -0.075881, 0.024797], [-0.243588, -0.082101, 0.092873], [0.205168, -0.217441, 0.239243], [-0.28145, -0.300125, 0.241271], [0.226743, -0.255725, 0.317292], [-0.303777, -0.367822, 0.294039]], "im2d": [[0.002493, -0.066246], [-0.094862, 0.047894], [0.090364, 0.047449], [0.0218, -0.196063], [-0.054349, 0.514422], [0.012569, 0.317262], [0.010456, -0.348977], [0.081066, 0.865659], [-0.006138, 0.819363], [-0.001636, -0.405111], [0.012433, 0.953831], [0.01987, 0.871356], [-0.00075, -0.669298], [-0.099099, -0.55849], [0.101156, -0.558879], [-0.016695, -0.734649], [-0.215852, -0.540215], [0.209607, -0.54047], [-0.279048, -0.233014], [0.26649, -0.233746], [-0.297159, -0.097805], [0.250504, 0.000753], [-0.349224, -0.064284], [0.255314, 0.072632]], "theta": [1.182728, 0.002864, 0.162999, 0.444908, 0.189321, -3.083237, 0.164365, -0.043053, -0.159284, -0.878704, 0.087626, -0.015889, 0.281172, -0.057806, -0.024814, 0.622879, -0.16674, -0.041199, 0.965712, -0.1955, -0.024113, -0.04077, 0.01486, 0.035137, -0.556521, 0.288074, 0.061139, -0.038574, -0.118914, 0.028714, 0.080265, -0.005759, -0.023722, -0.000241, 0.000404, -0.000693, 0.001261, 0.001177, -0.003974, -0.139967, -0.105752, -0.04389, 0.014981, -0.180634, -0.495412, 0.01061, 0.421064, 0.458228, 0.128523, -0.045061, 0.011363, 0.201648, -0.184646, -0.780759, 0.06605, 0.280035, 0.748466, -0.111469, -1.186667, 0.090227, -0.410147, 0.489699, -0.105699, 0.005089, -0.137025, 0.615409, -0.477264, 0.170107, -0.262788, 0.110656, 0.045504, -0.411193, 0.111171, -0.038462, 0.418371, 0.678839, -0.89471, 0.040332, -2.352946, 0.376432, 0.046992, 1.246749, -2.087593, 0.132514, 0.842728]}