{"hc3d": [[-0.000757, -0.21901, 0.039864], [0.082181, -0.316117, 0.036659], [-0.081884, -0.315562, 0.039418], [-0.003021, -0.104072, 0.004851], [0.092929, -0.706614, 0.104043], [-0.123827, -0.68881, 0.190444], [0.0037, 0.024228, 0.026484], [0.018645, -0.973288, -0.219436], [-0.060443, -1.106306, 0.129366], [0.00349, 0.066764, 0.070585], [0.073279, -1.064163, -0.129687], [-0.128918, -1.159933, 0.239677], [0.004473, 0.290127, 0.077044], [0.090806, 0.19659, 0.071339], [-0.081566, 0.197627, 0.059611], [0.00301, 0.335944, 0.138334], [0.190467, 0.175809, 0.076201], [-0.183299, 0.178848, 0.085297], [0.248925, -0.083003, 0.018242], [-0.249648, -0.077769, 0.118192], [0.232011, -0.304252, 0.157969], [-0.303505, -0.321702, 0.210854], [0.254391, -0.369169, 0.215481], [-0.321107, -0.402191, 0.24368]], "im2d": [[0.002493, -0.066246], [-0.094861, 0.047894], [0.090365, 0.047449], [0.0218, -0.196064], [-0.146819, 0.496425], [0.071213, 0.463781], [0.012724, -0.349827], [0.032827, 0.856695], [0.000941, 0.962464], [0.000235, -0.406159], [-0.062967, 0.950126], [0.039646, 1.009643], [0.006942, -0.669279], [-0.093276, -0.558978], [0.106201, -0.557855], [-0.00968, -0.731954], [-0.208873, -0.53566], [0.212252, -0.539166], [-0.267512, -0.223672], [0.265164, -0.242487], [-0.304531, 0.015795], [0.28465, 0.030578], [-0.351887, 0.083558], [0.290142, 0.120351]], "theta": [1.182734, 0.002865, 0.163, 0.444908, 0.189321, -3.083238, -0.196826, -0.083784, -0.048331, -0.426353, -0.030493, -0.004332, 0.210642, -0.009962, -0.025628, 0.940458, 0.147996, -0.134724, 0.463908, -0.136301, 0.065913, 0.025265, -0.016013, 0.043338, -0.482815, 0.234835, 0.019767, -0.096025, -0.227023, 0.092521, 0.018078, -0.003882, -0.024088, 0.001103, -0.000403, -0.002478, 0.000874, 0.000307, -0.002392, -0.031297, -0.110899, -0.044932, -0.022915, -0.186905, -0.544665, 0.002218, 0.433385, 0.474308, 0.174055, -0.081358, -0.012924, 0.204379, -0.14453, -0.7701, 0.016254, 0.293219, 0.669189, -0.069052, -0.688575, -0.014649, -0.413102, 0.130067, 0.02615, -0.020624, -0.199131, 0.511432, -0.49927, 0.131638, -0.144914, 0.111527, 0.04611, -0.412857, 0.111507, -0.039582, 0.41862, 0.678839, -0.89471, 0.040332, -2.352946, 0.376432, 0.046992, 1.246749, -2.087593, 0.132514, 0.842728]}