{"hc3d": [[-0.000902, -0.218904, 0.038541], [0.080963, -0.315761, 0.034791], [-0.080967, -0.315161, 0.037482], [-0.0032, -0.10412, 0.00432], [0.08111, -0.707763, 0.105979], [-0.173337, -0.696229, 0.145816], [-0.002474, 0.026663, 0.01489], [0.045942, -1.124041, 0.015656], [-0.105118, -0.960956, -0.18379], [0.00142, 0.072808, 0.054568], [0.080643, -1.160324, 0.145478], [-0.183272, -1.072638, -0.148979], [0.006171, 0.295364, 0.058625], [0.089358, 0.20072, 0.042275], [-0.082166, 0.204132, 0.053498], [0.00332, 0.348274, 0.114494], [0.187494, 0.179118, 0.026979], [-0.182436, 0.210345, 0.088501], [0.265245, -0.071948, -0.044623], [-0.29252, -0.020664, 0.166739], [0.25191, -0.331026, -0.001256], [-0.271298, -0.063451, 0.429707], [0.272732, -0.41277, 0.028824], [-0.284078, -0.050422, 0.516432]], "im2d": [[0.004392, -0.095146], [-0.064868, 0.022278], [0.068757, -0.003224], [0.035346, -0.211423], [-0.13085, 0.428499], [0.053553, 0.369013], [0.031705, -0.354551], [-0.050454, 0.891891], [0.227148, 0.73846], [0.001183, -0.412589], [-0.17539, 0.906979], [0.263227, 0.839216], [0.002192, -0.652493], [-0.058916, -0.534423], [0.076625, -0.566308], [-0.03424, -0.722467], [-0.130698, -0.49302], [0.135286, -0.595886], [-0.15258, -0.194867], [0.162197, -0.381156], [-0.182261, 0.072425], [-0.048699, -0.391019], [-0.224526, 0.156822], [-0.100724, -0.426464]], "theta": [1.110411, 0.004858, 0.133218, 1.118287, 0.38188, -2.970484, -0.201057, -0.152561, -0.071149, -0.328754, -0.109922, -0.121697, 0.119505, 0.035326, 0.023192, 0.275644, -0.110052, -0.061426, 1.128185, -0.074304, 0.0577, 0.035981, -0.009199, -0.044972, -0.252239, 0.321445, 0.13145, -0.053311, -0.258489, 0.029635, 0.082979, 0.068938, -0.02039, -0.007754, 0.005905, 0.006628, -0.000551, 0.006296, -0.008943, -0.121509, -0.244726, 0.026948, 0.048654, -0.106055, -0.560058, -0.106457, 0.361029, 0.275946, -0.015058, 0.052136, 0.07542, 0.221305, -0.186112, -0.627853, 0.144474, 0.351132, 0.662369, 0.238874, -0.415266, -0.231338, -0.305348, 0.994461, -0.348366, 0.337225, -0.12399, 0.461153, 0.107754, 0.201362, -0.484192, 0.103771, 0.040633, -0.405553, 0.105767, -0.039786, 0.41361, 0.701551, -0.712867, 0.026405, -2.296556, 0.32483, 0.129675, 1.24101, -2.071835, 0.111728, 0.877504]}