{"hc3d": [[-0.000902, -0.218904, 0.038541], [0.080963, -0.315761, 0.034791], [-0.080967, -0.315161, 0.037482], [-0.0032, -0.10412, 0.00432], [0.074805, -0.712292, -0.003397], [-0.163882, -0.646157, 0.258949], [0.001813, 0.025388, 0.02479], [0.027504, -1.108955, -0.155396], [-0.126454, -1.06004, 0.155638], [0.002398, 0.071624, 0.064549], [0.050939, -1.163145, -0.029346], [-0.204068, -1.127973, 0.251315], [0.003509, 0.294062, 0.074057], [0.089374, 0.200774, 0.065719], [-0.082291, 0.201986, 0.056358], [0.003733, 0.349441, 0.127554], [0.190473, 0.190279, 0.065797], [-0.18721, 0.19332, 0.071681], [0.281059, -0.063581, 0.02635], [-0.258581, -0.063704, 0.050481], [0.21849, -0.253309, 0.19743], [-0.348645, -0.297232, 0.144217], [0.227419, -0.297828, 0.274622], [-0.387419, -0.371008, 0.174352]], "im2d": [[0.006923, -0.095795], [-0.0624, 0.023781], [0.072857, -0.003044], [0.037445, -0.213957], [-0.040031, 0.464494], [-0.030234, 0.296284], [0.021671, -0.359198], [0.101511, 0.924131], [0.002951, 0.777301], [-0.006979, -0.418448], [-0.013249, 0.959039], [-0.004057, 0.818011], [-0.008715, -0.663394], [-0.077928, -0.546067], [0.074524, -0.572421], [-0.046979, -0.73574], [-0.163961, -0.518653], [0.151847, -0.582925], [-0.21864, -0.218249], [0.220817, -0.308692], [-0.297679, -0.05885], [0.221144, -0.088607], [-0.36368, -0.025948], [0.229609, -0.020824]], "theta": [1.125961, 0.00705, 0.133825, 1.122738, 0.377914, -2.97661, 0.071363, -0.096734, -0.104464, -0.629375, -0.051723, -0.101233, 0.19488, -0.004285, -0.010541, 0.156937, -0.1553, -0.044842, 0.774122, -0.137965, 0.05187, -0.04059, -0.011893, 0.021677, -0.313773, 0.273979, -0.000994, -0.02246, -0.243755, 0.07706, 0.10786, -0.003001, -0.02165, -0.002817, 0.00149, 0.003614, 0.002866, 0.003984, -0.010652, -0.196137, -0.080128, -0.016184, 0.027736, -0.119589, -0.455533, -0.035553, 0.301902, 0.407728, 0.072653, -0.000876, 0.022296, 0.217179, -0.289292, -0.699753, 0.1274, 0.193133, 0.82201, 0.177323, -0.91777, -0.044226, -0.447767, 0.302907, -0.138864, 0.187976, -0.160443, 0.599878, -0.362558, 0.119062, -0.249917, 0.110194, 0.042764, -0.411098, 0.109817, -0.035447, 0.419402, 0.701551, -0.712867, 0.026405, -2.296556, 0.32483, 0.129675, 1.24101, -2.071835, 0.111728, 0.877504]}