{"hc3d": [[-0.000902, -0.218904, 0.038541], [0.080963, -0.315761, 0.034791], [-0.080967, -0.315161, 0.037482], [-0.0032, -0.10412, 0.00432], [0.078809, -0.708618, -0.031478], [-0.15457, -0.628223, 0.286591], [0.005508, 0.024525, 0.028633], [0.040254, -1.06255, -0.26797], [-0.12668, -1.04214, 0.392748], [0.004529, 0.069092, 0.070247], [0.066012, -1.142836, -0.157223], [-0.20753, -1.078876, 0.501865], [0.005034, 0.290703, 0.09166], [0.09126, 0.197876, 0.082003], [-0.079854, 0.199821, 0.065443], [0.001058, 0.346016, 0.145078], [0.192697, 0.194278, 0.087362], [-0.185856, 0.195283, 0.073255], [0.323338, -0.044204, 0.071073], [-0.269447, -0.04976, 0.005645], [0.220682, -0.165277, 0.280794], [-0.407987, -0.267757, 0.074327], [0.206615, -0.177011, 0.368457], [-0.458195, -0.339065, 0.090098]], "im2d": [[0.007365, -0.095947], [-0.061998, 0.024011], [0.073568, -0.003028], [0.037836, -0.214447], [-0.021522, 0.468671], [-0.057433, 0.272906], [0.015843, -0.359362], [0.177395, 0.902652], [-0.171153, 0.707175], [-0.013042, -0.417562], [0.071068, 0.97013], [-0.184537, 0.710338], [-0.023407, -0.664966], [-0.091977, -0.547419], [0.065729, -0.573123], [-0.058226, -0.738032], [-0.18222, -0.528514], [0.149844, -0.586765], [-0.287517, -0.242884], [0.264476, -0.316679], [-0.359398, -0.17313], [0.325252, -0.115195], [-0.412897, -0.18196], [0.35426, -0.048582]], "theta": [1.128838, 0.007427, 0.133908, 1.123404, 0.37734, -2.977524, 0.141948, -0.068512, -0.095441, -0.714191, -0.066141, -0.071101, 0.224481, -0.00897, -0.039308, 0.3126, -0.136129, -0.050508, 0.36209, -0.157876, 0.048689, -0.028372, -0.032984, 0.062254, -0.315253, 0.256803, -0.010637, 0.124627, -0.322246, 0.135445, 0.120067, -0.016371, -0.026442, -0.001285, 0.00085, 0.000943, 0.002146, 0.002619, -0.007465, -0.24703, -0.127814, -0.012412, 0.012864, -0.114157, -0.384163, -0.020056, 0.262706, 0.370887, 0.071028, -0.040631, 0.060063, 0.150808, -0.32099, -0.586205, 0.104796, 0.080386, 0.833956, 0.214019, -1.271073, 0.001968, -0.626682, 0.407598, -0.218302, 0.257425, -0.223025, 0.577796, -0.504369, 0.058685, -0.230678, 0.111152, 0.04399, -0.412946, 0.110758, -0.037313, 0.418776, 0.701551, -0.712867, 0.026405, -2.296556, 0.32483, 0.129675, 1.24101, -2.071835, 0.111728, 0.877504]}