{"hc3d": [[-0.000902, -0.218904, 0.038541], [0.080963, -0.315761, 0.034791], [-0.080967, -0.315161, 0.037482], [-0.0032, -0.10412, 0.00432], [0.081501, -0.706859, -0.041204], [-0.150183, -0.616979, 0.301292], [0.00599, 0.024032, 0.030953], [0.051564, -1.026044, -0.323882], [-0.116322, -1.026898, 0.420429], [0.003732, 0.06736, 0.073806], [0.07932, -1.122867, -0.227813], [-0.194458, -1.06896, 0.529601], [0.002419, 0.288666, 0.098136], [0.089397, 0.196462, 0.0893], [-0.081288, 0.197665, 0.06873], [-0.002535, 0.343711, 0.15175], [0.19065, 0.196062, 0.098184], [-0.187414, 0.193898, 0.075132], [0.330845, -0.03727, 0.087807], [-0.273664, -0.047695, -0.001017], [0.213388, -0.135358, 0.30173], [-0.423767, -0.257145, 0.069927], [0.191601, -0.139917, 0.388476], [-0.478973, -0.324585, 0.086005]], "im2d": [[0.007464, -0.095985], [-0.061913, 0.024059], [0.073726, -0.003025], [0.037927, -0.214563], [-0.016322, 0.469631], [-0.07165, 0.258221], [0.013741, -0.359454], [0.210755, 0.877357], [-0.199958, 0.686467], [-0.015042, -0.416804], [0.113153, 0.966598], [-0.215842, 0.695893], [-0.026101, -0.664955], [-0.095917, -0.548067], [0.064472, -0.572051], [-0.06028, -0.737961], [-0.188587, -0.533448], [0.149807, -0.586271], [-0.306259, -0.253057], [0.273268, -0.318363], [-0.3681, -0.211726], [0.342497, -0.128486], [-0.414199, -0.229441], [0.37566, -0.066944]], "theta": [1.129505, 0.007511, 0.133924, 1.123539, 0.377225, -2.97771, 0.166201, -0.048226, -0.08742, -0.760471, -0.066054, -0.058525, 0.241725, -0.025103, -0.044481, 0.427665, -0.129661, -0.044029, 0.37764, -0.167338, 0.047022, -0.015685, -0.036631, 0.077094, -0.292947, 0.256173, -0.035434, 0.182321, -0.323001, 0.143311, 0.104179, -0.017273, -0.026636, -0.000338, 0.000324, -0.000406, 0.001692, 0.001677, -0.005523, -0.256251, -0.142776, -0.03025, 0.008074, -0.117519, -0.354914, -0.006954, 0.266755, 0.354161, 0.059038, -0.029175, 0.069982, 0.122007, -0.315509, -0.57747, 0.090903, 0.064352, 0.828666, 0.222482, -1.38051, 0.025952, -0.639578, 0.456066, -0.24904, 0.246053, -0.22633, 0.546076, -0.523741, 0.066749, -0.250821, 0.111862, 0.044939, -0.413748, 0.111497, -0.038568, 0.419049, 0.701551, -0.712867, 0.026405, -2.296556, 0.32483, 0.129675, 1.24101, -2.071835, 0.111728, 0.877504]}