{"hc3d": [[-0.000902, -0.218904, 0.038541], [0.080963, -0.315761, 0.034791], [-0.080967, -0.315161, 0.037482], [-0.0032, -0.10412, 0.00432], [0.097681, -0.708379, -0.030822], [-0.150761, -0.621905, 0.295393], [0.004504, 0.024906, 0.026892], [0.059195, -0.966895, -0.369009], [-0.111177, -1.047653, 0.318752], [0.001947, 0.068241, 0.069721], [0.100401, -1.07169, -0.287191], [-0.183648, -1.100827, 0.426981], [-0.000671, 0.289959, 0.089833], [0.086842, 0.198079, 0.083165], [-0.083746, 0.197961, 0.061765], [-0.005876, 0.346019, 0.142361], [0.18808, 0.197268, 0.092183], [-0.189904, 0.196298, 0.068512], [0.320775, -0.039819, 0.072491], [-0.276841, -0.046967, -0.001267], [0.204647, -0.126657, 0.29193], [-0.424799, -0.25487, 0.078217], [0.182999, -0.13427, 0.378497], [-0.482917, -0.319135, 0.096838]], "im2d": [[0.007559, -0.096024], [-0.061834, 0.024103], [0.073877, -0.003023], [0.038016, -0.214678], [-0.03765, 0.471874], [-0.066785, 0.265024], [0.018095, -0.359944], [0.239816, 0.824202], [-0.129115, 0.733053], [-0.010444, -0.417371], [0.141128, 0.927566], [-0.149418, 0.75579], [-0.0173, -0.665389], [-0.089192, -0.549171], [0.071784, -0.571551], [-0.050465, -0.739343], [-0.18201, -0.534106], [0.156992, -0.588185], [-0.286485, -0.248544], [0.276378, -0.319834], [-0.353293, -0.220523], [0.337547, -0.133106], [-0.399488, -0.234827], [0.371409, -0.076046]], "theta": [1.130161, 0.007591, 0.133939, 1.123659, 0.377125, -2.977874, 0.138523, -0.011369, -0.042232, -0.740072, -0.05656, -0.063683, 0.209906, -0.03303, -0.033139, 0.646959, -0.104596, -0.096166, 0.580563, -0.108001, 0.062905, 0.015799, -0.043051, 0.061862, -0.376175, 0.287324, -0.003041, 0.094118, -0.289981, 0.106646, 0.086, -0.007377, -0.017317, -0.001058, 0.000801, 0.000254, 0.001684, 0.002097, -0.006079, -0.25721, -0.14838, -0.03851, 0.018916, -0.115596, -0.367221, 0.000153, 0.265498, 0.328808, 0.029923, 0.021886, 0.078385, 0.136056, -0.293711, -0.619027, 0.088295, 0.081859, 0.842257, 0.210496, -1.421353, 0.077581, -0.579651, 0.455029, -0.255412, 0.195528, -0.196185, 0.482039, -0.502778, 0.08412, -0.293389, 0.111269, 0.044995, -0.412563, 0.11088, -0.038078, 0.418676, 0.701551, -0.712867, 0.026405, -2.296556, 0.32483, 0.129675, 1.24101, -2.071835, 0.111728, 0.877504]}