{"hc3d": [[-0.000902, -0.218904, 0.038541], [0.080963, -0.315761, 0.034791], [-0.080967, -0.315161, 0.037482], [-0.0032, -0.10412, 0.00432], [0.122773, -0.708588, 0.086483], [-0.147087, -0.689384, 0.182623], [0.00056, 0.025822, 0.022139], [0.069049, -0.97444, -0.243848], [-0.112994, -1.100053, 0.066163], [-0.000227, 0.070985, 0.063108], [0.126462, -1.06156, -0.151715], [-0.172978, -1.155064, 0.180918], [-0.003334, 0.293585, 0.066255], [0.084358, 0.201716, 0.062381], [-0.087063, 0.199461, 0.049427], [-0.005, 0.349294, 0.119383], [0.185429, 0.191953, 0.06691], [-0.190794, 0.187215, 0.069622], [0.273274, -0.062421, 0.024679], [-0.264489, -0.070026, 0.070362], [0.22142, -0.25396, 0.197317], [-0.347519, -0.307965, 0.159381], [0.223676, -0.308186, 0.268555], [-0.38484, -0.38288, 0.188523]], "im2d": [[0.007601, -0.096043], [-0.061801, 0.024122], [0.073943, -0.003023], [0.038057, -0.214731], [-0.14622, 0.450243], [0.012274, 0.364718], [0.025036, -0.360616], [0.138268, 0.806512], [0.059082, 0.846459], [-0.003588, -0.419366], [0.018568, 0.890826], [0.023249, 0.871767], [0.002599, -0.664734], [-0.071534, -0.549082], [0.083849, -0.571143], [-0.034047, -0.737888], [-0.16113, -0.523218], [0.156726, -0.578772], [-0.211147, -0.220783], [0.212053, -0.308546], [-0.300581, -0.057248], [0.210137, -0.080559], [-0.356948, -0.013201], [0.218212, -0.010811]], "theta": [1.130462, 0.007626, 0.133944, 1.123705, 0.377087, -2.977937, -0.152276, -0.067747, 0.025786, -0.410577, -0.039697, -0.062431, 0.174371, -0.00644, -0.001017, 0.912919, 0.051012, -0.172477, 0.570425, 0.012648, 0.094785, 0.006398, -0.03602, 0.022269, -0.492006, 0.270542, 0.086837, -0.159353, -0.234344, 0.051848, 0.053218, 0.005542, -0.009593, -0.002418, 0.001822, 0.001586, 0.001858, 0.00334, -0.007819, -0.174947, -0.102905, -0.037897, 0.024024, -0.14289, -0.46139, -0.007455, 0.366662, 0.412785, 0.062487, 0.00828, 0.037893, 0.220475, -0.239159, -0.741209, 0.074769, 0.20631, 0.758584, 0.168306, -0.894272, 0.007376, -0.333982, 0.205189, -0.084425, 0.113512, -0.157441, 0.434003, -0.368274, 0.113326, -0.260845, 0.109419, 0.043845, -0.410447, 0.109248, -0.036614, 0.417151, 0.701551, -0.712867, 0.026405, -2.296556, 0.32483, 0.129675, 1.24101, -2.071835, 0.111728, 0.877504]}