{"hc3d": [[-0.000902, -0.218904, 0.038541], [0.080963, -0.315761, 0.034791], [-0.080967, -0.315161, 0.037482], [-0.0032, -0.10412, 0.00432], [0.116375, -0.663806, 0.225432], [-0.155809, -0.714169, 0.011561], [-0.003639, 0.025335, 0.025717], [0.107212, -1.03803, 0.019144], [-0.121885, -1.126353, -0.099471], [-0.003098, 0.069608, 0.067651], [0.165778, -1.096167, 0.131235], [-0.182411, -1.183675, 0.013859], [-0.00288, 0.291626, 0.084336], [0.082974, 0.199366, 0.068145], [-0.08895, 0.199463, 0.068493], [-0.011488, 0.344401, 0.139739], [0.18388, 0.187878, 0.064009], [-0.186978, 0.205253, 0.109419], [0.257683, -0.05253, -0.040695], [-0.316464, -0.007208, 0.207899], [0.270163, -0.313715, -0.01229], [-0.286722, -0.008183, 0.473507], [0.286883, -0.399938, 0.005215], [-0.292391, 0.012034, 0.559609]], "im2d": [[0.007611, -0.096048], [-0.061794, 0.024126], [0.073959, -0.003022], [0.038067, -0.214744], [-0.242996, 0.36932], [0.146365, 0.428466], [0.025939, -0.36157], [-0.091568, 0.824114], [0.189247, 0.91067], [-0.004559, -0.419348], [-0.226344, 0.872402], [0.154872, 0.938746], [-0.011294, -0.666564], [-0.074711, -0.548038], [0.071274, -0.575712], [-0.04381, -0.738118], [-0.157769, -0.518384], [0.124352, -0.606813], [-0.148977, -0.219641], [0.155586, -0.416285], [-0.187637, 0.062573], [-0.067412, -0.469351], [-0.217166, 0.155952], [-0.126135, -0.511526]], "theta": [1.130538, 0.007634, 0.133946, 1.123714, 0.37708, -2.977949, -0.506872, -0.225264, 0.060641, 0.012205, -0.105523, -0.09485, 0.202169, 0.006362, 0.031825, 0.880949, 0.153782, -0.132103, 0.132173, 0.129144, 0.135193, -4.8e-05, -0.02006, -0.014815, -0.291508, 0.251958, 0.216714, -0.131597, -0.286294, 0.053199, 0.092206, 0.046692, -0.031868, -0.001588, 0.001311, 0.000675, 0.001307, 0.002689, -0.006335, -0.176249, -0.268035, 0.034906, 0.007838, -0.144957, -0.466415, -0.07847, 0.469383, 0.217842, 0.037501, 0.032924, 0.074317, 0.213243, -0.053255, -0.793036, -0.023702, 0.321049, 0.525676, 0.257851, -0.430927, -0.092415, -0.228448, 1.080246, -0.349042, 0.331941, -0.149481, 0.288803, 0.149959, 0.144807, -0.399035, 0.109855, 0.044457, -0.411434, 0.110411, -0.038045, 0.417922, 0.701551, -0.712867, 0.026405, -2.296556, 0.32483, 0.129675, 1.24101, -2.071835, 0.111728, 0.877504]}