{"hc3d": [[-0.000902, -0.218904, 0.038541], [0.080963, -0.315761, 0.034791], [-0.080967, -0.315161, 0.037482], [-0.0032, -0.10412, 0.00432], [0.096219, -0.650884, 0.249716], [-0.163273, -0.712323, 0.006358], [-0.003745, 0.024857, 0.028429], [0.114449, -1.023461, 0.041063], [-0.136448, -1.112519, -0.143635], [-0.002036, 0.068869, 0.070606], [0.160331, -1.069417, 0.164178], [-0.200452, -1.173401, -0.034137], [0.001443, 0.290379, 0.092773], [0.0857, 0.197497, 0.072315], [-0.086155, 0.199716, 0.076655], [-0.008347, 0.344516, 0.146645], [0.186251, 0.183462, 0.067443], [-0.1818, 0.210903, 0.121875], [0.25599, -0.051792, -0.050871], [-0.334048, 0.020078, 0.231472], [0.271145, -0.314103, -0.038902], [-0.256286, 0.108193, 0.471518], [0.287893, -0.401212, -0.026579], [-0.249472, 0.160928, 0.542419]], "im2d": [[0.007612, -0.096048], [-0.061793, 0.024126], [0.07396, -0.003022], [0.038068, -0.214745], [-0.243583, 0.34654], [0.156636, 0.426403], [0.023998, -0.361665], [-0.113651, 0.804433], [0.23487, 0.902961], [-0.007681, -0.419024], [-0.24552, 0.834886], [0.206211, 0.935236], [-0.021283, -0.666379], [-0.080183, -0.546479], [0.062829, -0.577355], [-0.051618, -0.739276], [-0.162458, -0.513924], [0.110827, -0.614947], [-0.139944, -0.218467], [0.153721, -0.454258], [-0.168677, 0.069057], [-0.088745, -0.591708], [-0.194396, 0.164561], [-0.145914, -0.66419]], "theta": [1.130543, 0.007635, 0.133946, 1.123714, 0.37708, -2.97795, -0.575603, -0.303177, 0.037707, 0.02305, -0.113042, -0.114715, 0.223301, 0.019181, 0.033671, 0.954235, 0.112326, -0.133434, 0.21576, 0.145527, 0.133371, -0.014722, -0.013538, -0.025769, -0.363948, 0.253996, 0.301382, -0.177786, -0.303353, 0.039826, 0.111217, 0.046981, -0.038147, -0.000992, 0.000911, -7e-05, 0.001114, 0.002157, -0.005475, -0.223644, -0.30889, 0.061604, 0.004586, -0.167687, -0.473546, -0.088851, 0.47998, 0.165208, 0.026744, 0.070724, 0.091267, 0.198682, -0.000443, -0.784073, -0.051808, 0.285382, 0.45015, 0.224421, -0.414198, -0.103226, -0.297262, 1.421301, -0.463023, 0.335957, -0.170627, 0.285082, 0.196558, 0.158272, -0.459473, 0.110464, 0.044908, -0.412482, 0.111118, -0.038308, 0.418756, 0.701551, -0.712867, 0.026405, -2.296556, 0.32483, 0.129675, 1.24101, -2.071835, 0.111728, 0.877504]}