{"hc3d": [[-0.000902, -0.218904, 0.038541], [0.080963, -0.315761, 0.034791], [-0.080967, -0.315161, 0.037482], [-0.0032, -0.10412, 0.00432], [0.068236, -0.644191, 0.259968], [-0.168372, -0.71006, -0.006065], [-0.003667, 0.0245, 0.030266], [0.107735, -1.03362, 0.088305], [-0.139999, -1.091695, -0.19822], [-0.001406, 0.068055, 0.072888], [0.134437, -1.067576, 0.220624], [-0.211822, -1.157343, -0.096609], [0.004417, 0.2891, 0.098878], [0.087686, 0.1957, 0.0768], [-0.084136, 0.199661, 0.081214], [-0.006656, 0.342854, 0.152885], [0.187921, 0.179024, 0.074357], [-0.179624, 0.211257, 0.126663], [0.250002, -0.05517, -0.050163], [-0.325115, 0.016319, 0.23818], [0.255857, -0.317969, -0.041078], [-0.267308, 0.072878, 0.49292], [0.268761, -0.40565, -0.028199], [-0.26703, 0.116184, 0.570243]], "im2d": [[0.007612, -0.096049], [-0.061793, 0.024126], [0.073961, -0.003022], [0.038068, -0.214746], [-0.227233, 0.332452], [0.17028, 0.42586], [0.022556, -0.36167], [-0.143368, 0.804031], [0.279066, 0.891655], [-0.009937, -0.418538], [-0.265455, 0.816213], [0.262802, 0.929656], [-0.028389, -0.665856], [-0.085258, -0.545185], [0.057717, -0.577984], [-0.057744, -0.738568], [-0.169142, -0.510322], [0.105422, -0.616051], [-0.135467, -0.215875], [0.141033, -0.450195], [-0.154155, 0.071336], [-0.096231, -0.559477], [-0.177034, 0.16673], [-0.15287, -0.624084]], "theta": [1.130546, 0.007635, 0.133946, 1.123715, 0.37708, -2.97795, -0.612007, -0.387302, -0.006176, 0.048764, -0.141904, -0.131502, 0.237661, 0.0276, 0.033921, 0.902726, 0.071962, -0.108634, 0.302616, 0.131909, 0.128934, -0.018108, -0.010607, -0.028635, -0.383651, 0.245215, 0.285079, -0.219423, -0.307526, 0.019202, 0.118216, 0.033104, -0.043943, 0.000152, 0.000167, -0.001347, 0.00104, 0.001472, -0.004492, -0.229129, -0.354447, 0.061954, -0.001995, -0.199373, -0.480262, -0.105893, 0.484493, 0.165264, 0.071218, 0.020785, 0.100253, 0.194627, 0.029756, -0.802589, -0.069703, 0.304871, 0.474332, 0.215623, -0.42928, -0.101091, -0.304461, 1.276799, -0.392391, 0.281647, -0.193579, 0.294327, 0.160423, 0.167434, -0.464783, 0.111162, 0.046089, -0.412854, 0.111637, -0.039879, 0.419356, 0.701551, -0.712867, 0.026405, -2.296556, 0.32483, 0.129675, 1.24101, -2.071835, 0.111728, 0.877504]}