{"hc3d": [[-0.000902, -0.218904, 0.038541], [0.080963, -0.315761, 0.034791], [-0.080967, -0.315161, 0.037482], [-0.0032, -0.10412, 0.00432], [0.047502, -0.651429, 0.246782], [-0.168743, -0.707791, -0.022669], [-0.004157, 0.024309, 0.031185], [0.104901, -1.052715, 0.111293], [-0.151579, -1.068782, -0.252375], [-0.00175, 0.066875, 0.074788], [0.113219, -1.07764, 0.247982], [-0.223853, -1.142396, -0.156717], [0.003718, 0.287358, 0.105242], [0.086979, 0.194721, 0.080121], [-0.084779, 0.197993, 0.08694], [-0.007993, 0.343734, 0.156363], [0.187376, 0.178862, 0.079909], [-0.177454, 0.212349, 0.137171], [0.247343, -0.046457, -0.060951], [-0.337286, 0.045023, 0.271561], [0.263919, -0.308747, -0.071393], [-0.220432, 0.186009, 0.466243], [0.274316, -0.397652, -0.068516], [-0.203018, 0.257165, 0.516124]], "im2d": [[0.007612, -0.096049], [-0.061793, 0.024126], [0.073961, -0.003022], [0.038069, -0.214746], [-0.199974, 0.34], [0.183013, 0.426993], [0.022284, -0.361742], [-0.15857, 0.81943], [0.329827, 0.876676], [-0.01109, -0.41772], [-0.268033, 0.817796], [0.318166, 0.924664], [-0.032578, -0.665468], [-0.087154, -0.544961], [0.053959, -0.577527], [-0.059172, -0.74052], [-0.172815, -0.511463], [0.095785, -0.619233], [-0.124946, -0.223468], [0.127301, -0.491032], [-0.138208, 0.069231], [-0.113261, -0.670173], [-0.151542, 0.167783], [-0.163316, -0.756505]], "theta": [1.130548, 0.007635, 0.133946, 1.123715, 0.37708, -2.97795, -0.582253, -0.433818, -0.054357, 0.089328, -0.147828, -0.136228, 0.244717, 0.022963, 0.037402, 0.803602, -0.026484, -0.068947, 0.358934, 0.154237, 0.099076, -0.002189, -0.00519, -0.033947, -0.368794, 0.255218, 0.303416, -0.220088, -0.31056, 0.014073, 0.115591, 0.04551, -0.042784, 0.000694, -0.000318, -0.001974, 0.00077, 0.000922, -0.003594, -0.297155, -0.392993, 0.065469, -0.003848, -0.235295, -0.463037, -0.131208, 0.516843, 0.120624, 0.042987, 0.080331, 0.092709, 0.205052, 0.09223, -0.836251, -0.119154, 0.277957, 0.363303, 0.156258, -0.405851, -0.075992, -0.314019, 1.620094, -0.493646, 0.282375, -0.212414, 0.213853, 0.168886, 0.199635, -0.50326, 0.111688, 0.047384, -0.413107, 0.112459, -0.041069, 0.420344, 0.701551, -0.712867, 0.026405, -2.296556, 0.32483, 0.129675, 1.24101, -2.071835, 0.111728, 0.877504]}