{"hc3d": [[-0.000902, -0.218904, 0.038541], [0.080963, -0.315761, 0.034791], [-0.080967, -0.315161, 0.037482], [-0.0032, -0.10412, 0.00432], [0.045264, -0.667713, 0.218062], [-0.167487, -0.7074, -0.026888], [-0.004423, 0.025195, 0.026519], [0.072841, -1.07464, 0.090263], [-0.151269, -1.027207, -0.311202], [-0.001947, 0.067938, 0.069944], [0.089009, -1.095747, 0.226892], [-0.2264, -1.116724, -0.232876], [0.002462, 0.288849, 0.097316], [0.086216, 0.196227, 0.073835], [-0.085581, 0.198856, 0.079918], [-0.009475, 0.347376, 0.145905], [0.186627, 0.180548, 0.075537], [-0.17859, 0.213058, 0.129573], [0.248068, -0.046041, -0.062625], [-0.338118, 0.048612, 0.267822], [0.26997, -0.307512, -0.080883], [-0.218208, 0.200529, 0.452148], [0.277326, -0.396735, -0.083212], [-0.201486, 0.275734, 0.495954]], "im2d": [[0.007612, -0.096049], [-0.061793, 0.024126], [0.073961, -0.003022], [0.038069, -0.214746], [-0.177127, 0.363874], [0.185095, 0.427702], [0.026006, -0.361722], [-0.116228, 0.843018], [0.374444, 0.844162], [-0.007289, -0.417844], [-0.232223, 0.838464], [0.377692, 0.912981], [-0.025571, -0.665548], [-0.081786, -0.545342], [0.05989, -0.577046], [-0.050033, -0.742434], [-0.168879, -0.512464], [0.102425, -0.618508], [-0.124306, -0.223437], [0.130886, -0.494273], [-0.136259, 0.070947], [-0.104279, -0.68262], [-0.143141, 0.170518], [-0.149117, -0.77216]], "theta": [1.130549, 0.007635, 0.133946, 1.123715, 0.37708, -2.97795, -0.502631, -0.389707, -0.087497, 0.098712, -0.156704, -0.134781, 0.20849, 0.022813, 0.038931, 0.688385, -0.032933, -0.059744, 0.50972, 0.149325, 0.068619, 0.029445, -0.014801, -0.042719, -0.373008, 0.298134, 0.307781, -0.193895, -0.316836, 0.027786, 0.105488, 0.052794, -0.031105, -0.00019, 0.000146, -0.000925, 0.000781, 0.001496, -0.004515, -0.326028, -0.399794, 0.062036, 0.004369, -0.247255, -0.461224, -0.159618, 0.526246, 0.128369, 0.034003, 0.093632, 0.077665, 0.218197, 0.086382, -0.844382, -0.099015, 0.266963, 0.357487, 0.134001, -0.360804, -0.068257, -0.305941, 1.650788, -0.516082, 0.259668, -0.220641, 0.154333, 0.159709, 0.209634, -0.53084, 0.111036, 0.047049, -0.412347, 0.111773, -0.041124, 0.419907, 0.701551, -0.712867, 0.026405, -2.296556, 0.32483, 0.129675, 1.24101, -2.071835, 0.111728, 0.877504]}