{"hc3d": [[-0.000885, -0.21853, 0.038416], [0.080966, -0.315281, 0.034671], [-0.080937, -0.314691, 0.037324], [-0.003179, -0.103887, 0.004255], [0.036395, -0.642058, 0.258407], [-0.12747, -0.715035, 0.09253], [-0.000587, 0.021776, 0.040754], [0.042115, -0.986538, 0.005503], [-0.040937, -1.117057, -0.026798], [0.000969, 0.061862, 0.086587], [0.070356, -1.04657, 0.12786], [-0.106828, -1.148138, 0.09357], [-0.013104, 0.281708, 0.117945], [0.077938, 0.197118, 0.091464], [-0.093493, 0.184854, 0.100182], [-0.008916, 0.330387, 0.177525], [0.179039, 0.192252, 0.101753], [-0.180172, 0.160863, 0.1572], [0.2343, -0.01091, -0.071325], [-0.151857, -0.074487, 0.28162], [0.129272, -0.17212, 0.108049], [-0.0397, -0.203023, 0.487471], [0.127466, -0.232923, 0.173817], [-0.008152, -0.242446, 0.560348]], "im2d": [[-0.005931, -0.093832], [-0.096922, 0.010119], [0.077713, 0.012108], [0.005048, -0.214683], [-0.091019, 0.342339], [0.107481, 0.441791], [0.001001, -0.354951], [-0.071962, 0.742553], [0.018297, 0.889098], [-0.00596, -0.403272], [-0.121857, 0.794463], [0.071344, 0.911475], [0.011716, -0.644945], [-0.085578, -0.551991], [0.098082, -0.536509], [0.000217, -0.704075], [-0.196477, -0.549595], [0.18287, -0.514853], [-0.237904, -0.312001], [0.127063, -0.27284], [-0.155092, -0.153807], [-0.02762, -0.156773], [-0.164452, -0.094624], [-0.073372, -0.122138]], "theta": [1.090709, -0.004553, 0.132501, 0.206574, 0.147168, -3.10848, -0.626235, -0.34073, -0.104977, -0.178629, -0.042671, -0.016882, 0.32138, 0.050113, 0.014483, 1.125604, 0.188387, -0.073553, 0.368584, -0.144451, 0.132343, -0.023403, 0.019777, 0.039007, -0.454909, 0.168089, 0.171019, -0.370474, -0.089639, -0.076015, 0.059, 0.0337, -0.008114, -0.002041, 0.001764, 0.000963, 0.001589, 0.003181, -0.007954, -0.17204, -0.139636, -0.08905, 0.014366, -0.33687, -0.405965, 0.005958, 0.63484, 0.363225, 0.09188, -0.070347, -0.022562, 0.437559, 0.093045, -1.077633, -0.154125, 0.670565, 0.582239, 0.077726, -1.485004, 0.096983, -0.209922, 0.496182, -0.014756, 0.167288, -0.002001, 0.487869, 0.077685, 0.132323, -0.200931, 0.108555, 0.044282, -0.408337, 0.109232, -0.035598, 0.41726, 0.701292, -0.716487, -0.020307, -2.301454, 0.372259, 0.092894, 1.260022, -2.027862, 0.090449, 0.887496]}