{"hc3d": [[-0.000885, -0.21853, 0.038416], [0.080966, -0.315281, 0.034671], [-0.080937, -0.314691, 0.037324], [-0.003179, -0.103887, 0.004255], [0.00848, -0.628102, 0.270714], [-0.120333, -0.7164, 0.087984], [0.001681, 0.022648, 0.037354], [-0.038492, -0.972481, 0.022004], [-0.040115, -1.033185, -0.188713], [0.003908, 0.063386, 0.08258], [0.007857, -1.026566, 0.141583], [-0.103916, -1.104321, -0.08544], [0.002983, 0.282935, 0.118779], [0.089269, 0.193137, 0.093553], [-0.082803, 0.192003, 0.095748], [0.000731, 0.328798, 0.180654], [0.190406, 0.186356, 0.102295], [-0.175814, 0.185358, 0.147176], [0.237236, -0.048689, -0.027493], [-0.209073, -0.052256, 0.265942], [0.231081, -0.222775, 0.169614], [-0.129063, -0.083546, 0.519111], [0.258094, -0.277619, 0.235097], [-0.113434, -0.090264, 0.606123]], "im2d": [[-0.005859, -0.09387], [-0.096884, 0.010149], [0.077844, 0.012116], [0.005112, -0.214789], [-0.062079, 0.326616], [0.100569, 0.443859], [-0.000896, -0.355763], [0.013441, 0.727422], [0.043411, 0.815346], [-0.008489, -0.404764], [-0.055479, 0.77288], [0.095406, 0.882985], [-0.005757, -0.646986], [-0.098288, -0.548359], [0.087447, -0.54429], [-0.010724, -0.703209], [-0.209124, -0.543707], [0.180471, -0.540775], [-0.248606, -0.275718], [0.191986, -0.294473], [-0.275604, -0.107064], [0.068283, -0.288297], [-0.315904, -0.054801], [0.03873, -0.290346]], "theta": [1.091294, -0.004484, 0.132513, 0.206668, 0.147091, -3.108608, -0.679607, -0.330249, -0.177573, -0.167914, -0.05472, 0.00109, 0.294533, 0.036769, -0.005177, 1.145256, 0.307266, -0.074893, 0.779588, -0.128238, 0.061613, -0.011656, 0.001703, 0.022987, -0.505643, 0.24841, 0.19806, -0.416551, -0.084702, -0.133121, 0.098991, 0.011472, -0.023069, -0.003734, 0.00256, 0.002896, 0.001471, 0.004004, -0.009187, -0.146844, -0.237732, -0.043515, -0.044306, -0.280817, -0.379339, -0.06921, 0.585634, 0.264203, 0.157008, -0.130227, -0.013792, 0.237554, 0.011052, -1.013079, -0.054671, 0.58964, 0.607949, -0.221416, -1.208586, 0.15334, -0.428118, 0.927748, -0.239028, 0.089757, -0.121541, 0.472047, -0.107418, 0.120307, -0.2588, 0.107543, 0.044029, -0.405828, 0.108913, -0.035279, 0.416989, 0.701292, -0.716487, -0.020307, -2.301454, 0.372259, 0.092894, 1.260022, -2.027862, 0.090449, 0.887496]}