{"hc3d": [[-0.000885, -0.21853, 0.038416], [0.080966, -0.315281, 0.034671], [-0.080937, -0.314691, 0.037324], [-0.003179, -0.103887, 0.004255], [0.070491, -0.713532, 0.045341], [-0.166256, -0.618636, 0.293891], [0.006101, 0.02123, 0.041536], [0.002806, -1.093015, -0.139241], [-0.130123, -1.04353, 0.255055], [0.007566, 0.061962, 0.086798], [0.042285, -1.140307, -0.014431], [-0.188798, -1.082367, 0.376895], [0.017521, 0.281467, 0.121894], [0.09978, 0.18596, 0.105861], [-0.071336, 0.196105, 0.090646], [0.016378, 0.333252, 0.178938], [0.198783, 0.17818, 0.12797], [-0.173607, 0.177576, 0.113824], [0.206258, -0.087873, 0.06928], [-0.204077, -0.078891, 0.043337], [0.070936, -0.121625, 0.292312], [-0.221966, -0.290612, 0.205599], [0.070928, -0.140704, 0.379843], [-0.230722, -0.363705, 0.255008]], "im2d": [[-0.005853, -0.093874], [-0.096882, 0.010151], [0.077854, 0.012117], [0.005117, -0.214799], [-0.099602, 0.441812], [0.123885, 0.317047], [-0.006314, -0.354754], [-0.011947, 0.874454], [0.076997, 0.781977], [-0.013089, -0.403741], [-0.073974, 0.912113], [0.121813, 0.81251], [-0.02197, -0.646005], [-0.111643, -0.542058], [0.07591, -0.548445], [-0.027261, -0.708179], [-0.222119, -0.537674], [0.182618, -0.528912], [-0.230179, -0.2427], [0.217583, -0.242446], [-0.116779, -0.226872], [0.207073, -0.029063], [-0.129884, -0.21527], [0.20718, 0.045338]], "theta": [1.091347, -0.004478, 0.132514, 0.206673, 0.147087, -3.108616, -0.051921, -0.102819, -0.109219, -0.732874, -0.010208, -0.121561, 0.326294, -0.010503, -0.044804, 0.368355, 0.085576, -0.055276, 0.73195, -0.241105, 0.049278, -0.043978, -0.004167, 0.034958, -0.451452, 0.147566, 0.039549, -0.09145, 0.037159, -0.004859, 0.093942, -0.046957, -0.034254, -0.001521, 0.001354, 0.000333, 0.001183, 0.001973, -0.005437, -0.242496, -0.240148, -0.091147, 0.016863, -0.280233, -0.316458, 0.004321, 0.456047, 0.480633, 0.242379, -0.196168, -0.01433, 0.240641, -0.446809, -1.063652, 0.172441, 0.19159, 0.946583, -0.069426, -1.479163, 0.222458, -0.318392, 0.74216, -0.30696, 0.041992, -0.039333, 0.677363, -0.359698, 0.04616, -0.162844, 0.110547, 0.044251, -0.411827, 0.109931, -0.037887, 0.417923, 0.701292, -0.716487, -0.020307, -2.301454, 0.372259, 0.092894, 1.260022, -2.027862, 0.090449, 0.887496]}