{"hc3d": [[-0.000885, -0.21853, 0.038416], [0.080966, -0.315281, 0.034671], [-0.080937, -0.314691, 0.037324], [-0.003179, -0.103887, 0.004255], [0.059736, -0.708383, -0.027356], [-0.113906, -0.614861, 0.309904], [-0.002004, 0.02205, 0.039875], [0.065925, -0.993641, -0.345553], [-0.065304, -1.038956, 0.343513], [0.003477, 0.062307, 0.085254], [0.057824, -1.073154, -0.231603], [-0.123049, -1.057005, 0.47054], [0.010358, 0.282487, 0.116669], [0.092886, 0.189696, 0.089754], [-0.078893, 0.193656, 0.099299], [0.006076, 0.339499, 0.168325], [0.190694, 0.165232, 0.103398], [-0.168429, 0.165195, 0.14943], [0.148435, -0.02499, -0.087165], [-0.093416, -0.091601, 0.139379], [-0.067791, -0.172268, -0.059779], [0.055422, -0.217185, 0.322549], [-0.108645, -0.248903, -0.037786], [0.085945, -0.255271, 0.396564]], "im2d": [[-0.005853, -0.093874], [-0.096881, 0.010151], [0.077855, 0.012117], [0.005118, -0.214799], [-0.077416, 0.443987], [0.065099, 0.310346], [0.002715, -0.355327], [-0.047587, 0.78689], [-0.005606, 0.766637], [-0.008435, -0.403882], [-0.057618, 0.861528], [0.038116, 0.774032], [-0.013444, -0.646441], [-0.101767, -0.544316], [0.08277, -0.546552], [-0.014406, -0.713676], [-0.210265, -0.520906], [0.17154, -0.519267], [-0.1433, -0.293671], [0.083775, -0.24062], [0.081999, -0.132699], [-0.107329, -0.125949], [0.120628, -0.051022], [-0.152118, -0.092837]], "theta": [1.091349, -0.004478, 0.132514, 0.206673, 0.147087, -3.108616, 0.129815, -0.110574, -0.146982, -0.761605, 0.132364, -0.032485, 0.312797, -0.022468, 0.016573, 0.591487, -0.256277, -0.034499, 0.576408, -0.349624, 0.014588, -0.021983, 0.068067, -0.062971, -0.52964, 0.149861, 0.132419, -0.078486, 0.015285, -0.092322, 0.070186, 0.032775, -0.009584, -0.004999, 0.00335, 0.005482, 0.002187, 0.004048, -0.008914, -0.312561, -0.345013, -0.002618, 0.158539, -0.390853, -0.476122, 0.034006, 0.60315, 0.498193, 0.195728, -0.16246, 0.030516, 0.507775, -0.173313, -1.335792, -0.087697, 0.514606, 1.061557, 0.480746, -0.984507, 0.033204, 0.119014, 0.79346, -0.240333, 0.145173, 0.147296, 0.515708, 0.210112, 0.09195, -0.365419, 0.107582, 0.040396, -0.410373, 0.106735, -0.033012, 0.415406, 0.701292, -0.716487, -0.020307, -2.301454, 0.372259, 0.092894, 1.260022, -2.027862, 0.090449, 0.887496]}