{"hc3d": [[-0.000804, -0.218635, 0.03948], [0.081738, -0.315566, 0.036169], [-0.08155, -0.315019, 0.038909], [-0.00307, -0.103858, 0.004704], [0.100007, -0.710669, 0.007745], [-0.152658, -0.6641, 0.231353], [0.000954, 0.024615, 0.025923], [0.032437, -1.125486, -0.059715], [-0.113755, -1.05081, 0.055585], [0.004098, 0.074461, 0.061123], [0.106937, -1.149619, 0.054884], [-0.163273, -1.134795, 0.156523], [0.001186, 0.296204, 0.038698], [0.088141, 0.203453, 0.035072], [-0.08424, 0.202002, 0.043483], [0.012051, 0.350089, 0.091811], [0.183264, 0.194848, -0.000212], [-0.188579, 0.193965, 0.063253], [0.285124, -0.054771, -0.03165], [-0.272621, -0.057687, 0.035136], [0.330315, -0.272405, 0.107046], [-0.326241, -0.305932, 0.115007], [0.380454, -0.32546, 0.158698], [-0.343857, -0.389849, 0.13703]], "im2d": [[0.011068, -0.088571], [0.013771, 0.041746], [-0.007281, -0.004228], [0.062227, -0.213558], [0.006611, 0.486055], [-0.269656, 0.347804], [0.052089, -0.356178], [0.032138, 0.931374], [-0.106764, 0.799636], [0.017783, -0.413106], [-0.09198, 0.970045], [-0.235351, 0.871251], [0.066081, -0.657543], [0.070066, -0.530607], [0.041378, -0.577313], [0.012761, -0.718155], [0.11962, -0.492119], [0.006637, -0.598769], [0.140325, -0.185416], [0.002869, -0.341486], [-0.034582, 0.057409], [-0.119507, -0.087693], [-0.093114, 0.126081], [-0.155183, -0.001385]], "theta": [1.142866, 0.010489, 0.141135, 2.407011, 0.368355, -2.160228, 0.035886, 0.095578, -0.03066, -0.539952, -0.003666, -0.084299, 0.20646, 0.021028, -0.002541, 0.008897, -0.07147, -0.094914, 0.851997, -0.055966, 0.108074, -0.155179, 0.016614, -0.003175, -0.344166, 0.342649, 0.126423, -0.070627, -0.151514, 0.115586, 0.07105, 0.046658, -0.005307, -0.003376, 0.001824, 0.004498, 0.00196, 0.00397, -0.009372, -0.038382, 0.068209, -0.004173, 0.033503, 0.147599, -0.490516, 0.012455, 0.225747, 0.420369, -0.054569, 0.037365, 0.01614, 0.158551, -0.354286, -0.623151, 0.343364, 0.157713, 0.828783, 0.085016, -0.562555, -0.14206, -0.056478, 0.291908, -0.074699, 0.371733, -0.10453, 0.580357, 0.088162, 0.084497, -0.074071, 0.109622, 0.04239, -0.410027, 0.109916, -0.037533, 0.419615, 0.664543, -0.856452, 0.025029, -2.337888, 0.348509, 0.108068, 1.277332, -2.053456, 0.096014, 0.882584]}