{"hc3d": [[-0.000804, -0.218635, 0.03948], [0.081738, -0.315566, 0.036169], [-0.08155, -0.315019, 0.038909], [-0.00307, -0.103858, 0.004704], [0.092351, -0.708608, -0.015342], [-0.15001, -0.651587, 0.253347], [0.000139, 0.023985, 0.029557], [0.026734, -1.121065, -0.097582], [-0.111317, -1.069395, 0.176591], [0.000355, 0.07292, 0.066148], [0.100397, -1.154167, 0.015304], [-0.157028, -1.129243, 0.295009], [-0.00385, 0.29527, 0.051182], [0.084357, 0.203639, 0.05075], [-0.088145, 0.20005, 0.046473], [0.00623, 0.349447, 0.104152], [0.18354, 0.19958, 0.028089], [-0.191851, 0.183352, 0.064029], [0.299169, -0.045976, 0.025627], [-0.265272, -0.072599, 0.047275], [0.320844, -0.257152, 0.17918], [-0.318969, -0.320704, 0.127531], [0.3579, -0.30445, 0.245409], [-0.333122, -0.406381, 0.144748]], "im2d": [[0.011882, -0.088737], [0.014819, 0.042181], [-0.00631, -0.004112], [0.062992, -0.214328], [0.034197, 0.48555], [-0.29244, 0.335006], [0.048213, -0.357279], [0.078104, 0.931506], [-0.243779, 0.81556], [0.011639, -0.414263], [-0.045575, 0.980528], [-0.38971, 0.860636], [0.051054, -0.661351], [0.051887, -0.534954], [0.037296, -0.578705], [-0.002525, -0.722611], [0.088225, -0.501156], [0.004132, -0.590328], [0.078581, -0.195974], [-0.011239, -0.325211], [-0.11542, 0.033412], [-0.133987, -0.070425], [-0.191527, 0.091426], [-0.163948, 0.019552]], "theta": [1.147654, 0.011157, 0.141314, 2.408345, 0.367171, -2.162064, 0.096683, 0.071966, -0.049222, -0.601002, 0.013199, -0.082691, 0.23363, -0.02138, 0.000861, -0.016696, -0.02412, -0.068465, 0.66734, -0.076885, 0.11447, -0.156036, 0.014088, 0.022667, -0.304241, 0.316476, 0.117751, -0.047255, -0.130174, 0.123216, 0.07949, 0.021109, -0.014462, -0.002635, 0.001316, 0.003627, 0.002632, 0.003514, -0.009865, -0.079091, 0.105941, -0.040773, 0.002017, 0.088, -0.450539, 0.030124, 0.289054, 0.47598, -0.0098, 0.028082, -0.016945, 0.150413, -0.405972, -0.620571, 0.276112, 0.202189, 0.754292, 0.164423, -0.576224, -0.156223, -0.068469, 0.24123, -0.067285, 0.409681, -0.13506, 0.583211, 0.063755, 0.05956, -0.010496, 0.110026, 0.04288, -0.410176, 0.110448, -0.036701, 0.419569, 0.664543, -0.856452, 0.025029, -2.337888, 0.348509, 0.108068, 1.277332, -2.053456, 0.096014, 0.882584]}