{"hc3d": [[-0.000804, -0.218635, 0.03948], [0.081738, -0.315566, 0.036169], [-0.08155, -0.315019, 0.038909], [-0.00307, -0.103858, 0.004704], [0.106784, -0.692332, -0.084941], [-0.104876, -0.634243, 0.286902], [-0.000426, 0.023907, 0.030019], [0.047161, -1.017749, -0.352783], [-0.087971, -1.055428, 0.352242], [-0.0034, 0.069416, 0.070684], [0.126905, -1.097334, -0.271712], [-0.101309, -1.090877, 0.48737], [-0.006854, 0.292235, 0.066092], [0.081283, 0.200537, 0.06657], [-0.090652, 0.19753, 0.05183], [-0.002021, 0.347286, 0.118899], [0.182446, 0.195154, 0.056354], [-0.192889, 0.172208, 0.067596], [0.297758, -0.047473, 0.095206], [-0.264606, -0.084321, 0.05237], [0.309503, -0.250537, 0.260344], [-0.314125, -0.332096, 0.136247], [0.333323, -0.297523, 0.332604], [-0.332637, -0.415799, 0.158353]], "im2d": [[0.012938, -0.089011], [0.016151, 0.042709], [-0.005084, -0.003995], [0.06403, -0.215401], [0.11962, 0.479231], [-0.323583, 0.328475], [0.04821, -0.359181], [0.386751, 0.844993], [-0.438852, 0.799108], [0.005923, -0.41374], [0.294838, 0.950566], [-0.598534, 0.825376], [0.033213, -0.663301], [0.033239, -0.536122], [0.030688, -0.580047], [-0.02114, -0.727185], [0.055635, -0.500948], [-0.001268, -0.581616], [-0.000416, -0.200247], [-0.017628, -0.314122], [-0.208515, 0.018192], [-0.144047, -0.057195], [-0.293284, 0.072252], [-0.179823, 0.029539]], "theta": [1.154122, 0.012015, 0.14151, 2.4099, 0.365822, -2.1642, 0.271228, 0.132413, 0.004104, -0.687729, 0.141157, -0.005759, 0.235841, -0.077507, 0.000863, 0.305428, -0.007768, -0.04807, 0.405249, 0.026227, 0.04704, -0.069594, 0.002241, 0.038355, -0.322052, 0.318434, 0.07598, 0.118759, -0.107159, 0.150209, 0.03872, 0.029466, -0.026254, -0.002151, 0.001635, 0.001881, 0.00233, 0.002311, -0.007233, -0.144631, 0.049332, -0.049494, 0.019539, 0.020278, -0.458433, 0.04209, 0.353846, 0.541379, 0.021457, 0.009999, 0.014939, 0.072341, -0.521959, -0.556587, 0.206425, 0.194542, 0.665303, 0.159917, -0.507839, -0.141022, -0.059913, 0.26105, -0.04572, 0.414968, -0.177531, 0.50198, -0.01979, 0.051175, -0.102729, 0.109702, 0.043348, -0.411139, 0.110358, -0.035731, 0.41712, 0.664543, -0.856452, 0.025029, -2.337888, 0.348509, 0.108068, 1.277332, -2.053456, 0.096014, 0.882584]}