{"hc3d": [[-0.000804, -0.218635, 0.03948], [0.081738, -0.315566, 0.036169], [-0.08155, -0.315019, 0.038909], [-0.00307, -0.103858, 0.004704], [0.130773, -0.647058, 0.2482], [-0.159157, -0.706831, -0.027488], [-0.002754, 0.024843, 0.024898], [0.130937, -1.067511, 0.181804], [-0.13481, -1.111323, -0.160702], [-0.00167, 0.075097, 0.059637], [0.187427, -1.0843, 0.307472], [-0.171058, -1.159248, -0.033882], [-0.006429, 0.297075, 0.040023], [0.081737, 0.205414, 0.038625], [-0.09081, 0.201815, 0.040188], [0.002846, 0.349646, 0.09473], [0.177679, 0.198352, 0.005269], [-0.194914, 0.201191, 0.06264], [0.255606, -0.049542, -0.073151], [-0.321151, -0.033647, 0.052766], [0.332374, -0.28981, -0.002287], [-0.315382, -0.220184, 0.242637], [0.384476, -0.358637, 0.021052], [-0.314957, -0.2663, 0.318205]], "im2d": [[0.013092, -0.089066], [0.016337, 0.04278], [-0.004915, -0.003984], [0.064196, -0.215579], [-0.254345, 0.412243], [0.023163, 0.416955], [0.054023, -0.360819], [-0.220491, 0.887095], [0.137845, 0.885488], [0.019398, -0.419159], [-0.359829, 0.912886], [-0.016259, 0.919909], [0.06362, -0.667308], [0.06583, -0.539907], [0.044479, -0.584558], [0.00727, -0.727344], [0.114002, -0.502651], [0.007116, -0.614748], [0.187606, -0.198003], [-0.019198, -0.387006], [0.090859, 0.087243], [-0.25476, -0.19023], [0.063014, 0.177215], [-0.345898, -0.143887]], "theta": [1.155156, 0.012138, 0.141532, 2.410075, 0.365677, -2.164438, -0.5749, -0.194331, 0.098111, 0.116115, -0.079147, -0.106911, 0.198205, 0.026661, 0.026258, 0.59868, 0.056816, -0.129193, 0.068745, 0.239943, 0.145743, -0.157561, -0.006698, -0.002812, -0.284026, 0.31162, 0.205191, -0.254115, -0.212076, 0.050145, 0.094985, 0.0264, -0.017217, -0.001159, 0.001337, 0.000486, 0.001631, 0.002288, -0.005698, -0.026903, 0.068148, -0.02333, 0.005761, 0.162335, -0.489347, 0.0104, 0.281978, 0.328641, 0.021351, 0.084965, 0.039641, 0.157472, -0.14091, -0.725908, 0.335935, 0.141768, 0.716828, 0.106195, -0.429957, -0.039493, 0.078956, 0.815599, -0.172185, 0.41746, -0.074036, 0.427486, 0.246077, 0.218401, -0.311306, 0.110117, 0.043116, -0.412459, 0.111066, -0.038531, 0.416878, 0.664543, -0.856452, 0.025029, -2.337888, 0.348509, 0.108068, 1.277332, -2.053456, 0.096014, 0.882584]}