{"hc3d": [[-0.000804, -0.218635, 0.03948], [0.081738, -0.315566, 0.036169], [-0.08155, -0.315019, 0.038909], [-0.00307, -0.103858, 0.004704], [0.113942, -0.645324, 0.254047], [-0.164308, -0.696605, -0.06829], [-0.002171, 0.024142, 0.02893], [0.110877, -1.066659, 0.314522], [-0.152553, -1.07492, -0.264991], [-0.001549, 0.072611, 0.066132], [0.147433, -1.055418, 0.447948], [-0.188942, -1.135558, -0.143777], [-0.007574, 0.295244, 0.057229], [0.081115, 0.204262, 0.051452], [-0.091409, 0.199608, 0.052774], [-0.000443, 0.347531, 0.112528], [0.17796, 0.196697, 0.02094], [-0.19438, 0.198697, 0.079944], [0.259777, -0.040814, -0.081864], [-0.329776, -0.030854, 0.092454], [0.333688, -0.289732, -0.04693], [-0.268732, -0.173887, 0.308545], [0.384455, -0.362223, -0.034111], [-0.251078, -0.19171, 0.393446]], "im2d": [[0.013093, -0.089066], [0.016339, 0.04278], [-0.004914, -0.003983], [0.064197, -0.21558], [-0.262742, 0.405157], [0.070354, 0.406957], [0.049399, -0.360158], [-0.374651, 0.871124], [0.258982, 0.847166], [0.011724, -0.416806], [-0.522282, 0.859416], [0.110006, 0.896158], [0.043602, -0.666804], [0.050953, -0.539704], [0.029776, -0.583152], [-0.013694, -0.727166], [0.095919, -0.50183], [-0.012894, -0.613035], [0.198929, -0.205973], [-0.065335, -0.395363], [0.142149, 0.090682], [-0.320413, -0.233523], [0.125836, 0.185118], [-0.417483, -0.214626]], "theta": [1.155163, 0.012139, 0.141532, 2.410075, 0.365677, -2.164439, -0.591453, -0.23197, 0.065646, 0.215577, -0.107954, -0.129616, 0.229788, 0.032954, 0.022671, 0.311408, -0.050119, -0.093251, 0.129801, 0.291136, 0.132395, -0.139711, -0.01549, 0.009544, -0.195887, 0.303516, 0.217511, -0.296017, -0.20957, 0.01973, 0.093457, 0.028849, -0.019131, -0.002946, 0.002458, 0.002778, 0.002198, 0.0039, -0.00856, -0.069772, 0.026283, -0.028826, 0.014181, 0.126211, -0.509603, 0.003097, 0.328133, 0.308288, 0.058686, 0.054974, 0.060203, 0.151132, -0.069224, -0.692316, 0.308137, 0.193409, 0.640624, 0.129129, -0.390414, -0.076964, 0.103007, 1.040913, -0.202197, 0.409169, -0.076662, 0.421367, 0.306829, 0.253471, -0.44619, 0.108574, 0.041906, -0.410388, 0.109773, -0.036519, 0.416255, 0.664543, -0.856452, 0.025029, -2.337888, 0.348509, 0.108068, 1.277332, -2.053456, 0.096014, 0.882584]}