{"hc3d": [[-0.000893, -0.218344, 0.038165], [0.080726, -0.315082, 0.034287], [-0.080697, -0.314482, 0.036947], [-0.0032, -0.103734, 0.004231], [0.157858, -0.700831, 0.105492], [-0.11777, -0.705356, 0.148081], [0.001696, 0.024834, 0.029019], [0.076869, -0.963403, -0.223695], [-0.07758, -1.119976, 0.043121], [0.002765, 0.069741, 0.070011], [0.163633, -1.052583, -0.160711], [-0.114588, -1.193355, 0.157608], [0.000653, 0.291885, 0.054945], [0.087443, 0.19911, 0.052391], [-0.084276, 0.197389, 0.051639], [0.000273, 0.347589, 0.108564], [0.183001, 0.173773, 0.028988], [-0.18516, 0.171882, 0.073589], [0.270586, -0.084781, 0.016057], [-0.233335, -0.092143, 0.071474], [0.314067, -0.329571, 0.103993], [-0.290429, -0.35162, 0.107215], [0.352425, -0.405093, 0.133416], [-0.314547, -0.43666, 0.115153]], "im2d": [[0.02279, -0.095097], [0.02445, 0.024493], [0.011144, -0.004901], [0.069146, -0.217384], [-0.07996, 0.451365], [-0.144826, 0.404527], [0.052757, -0.357641], [0.254171, 0.744756], [-0.060932, 0.868499], [0.01156, -0.409008], [0.183512, 0.85238], [-0.19475, 0.933489], [0.045999, -0.649166], [0.046866, -0.53305], [0.036443, -0.561511], [-0.008251, -0.713379], [0.076631, -0.487038], [0.003791, -0.553241], [0.075438, -0.190325], [-0.018482, -0.275372], [-0.038019, 0.076601], [-0.082442, -0.006662], [-0.073923, 0.163203], [-0.099617, 0.080712]], "theta": [1.100724, 0.021597, 0.131949, 2.331101, 0.258769, -2.184758, -0.218712, 0.072706, 0.105585, -0.312468, 0.013121, 0.003621, 0.227445, 0.007558, -0.008687, 1.022547, 0.134406, -0.10019, 0.43542, 0.056208, 0.084198, -0.040178, -0.00684, 0.021329, -0.378665, 0.279234, 0.104801, -0.013853, -0.219721, 0.137531, -0.037643, 0.031826, -0.017838, -0.002522, 0.001334, 0.003467, 0.001609, 0.003165, -0.008021, -0.083166, -0.094076, 0.009767, 0.0528, 0.052063, -0.655809, 0.022044, 0.324191, 0.571886, 0.016517, -0.109017, 0.087217, 0.059406, -0.339724, -0.516948, 0.280361, 0.246973, 0.742558, 0.102663, -0.281532, -0.165007, -0.09871, -0.004618, -0.024229, 0.3407, -0.067387, 0.376878, 0.11718, 0.049821, -0.129715, 0.109422, 0.043683, -0.408913, 0.110198, -0.039772, 0.419662, 0.726153, -0.655055, -0.023536, -2.321976, 0.326609, 0.09524, 1.211386, -2.00405, 0.100354, 0.875642]}