{"hc3d": [[-0.000893, -0.218344, 0.038165], [0.080726, -0.315082, 0.034287], [-0.080697, -0.314482, 0.036947], [-0.0032, -0.103734, 0.004231], [0.125955, -0.704868, 0.11073], [-0.116707, -0.71684, 0.094561], [0.002767, 0.023909, 0.033208], [0.056209, -1.085494, -0.074002], [-0.073745, -1.117706, -0.053769], [0.003734, 0.068954, 0.074051], [0.14074, -1.144999, 0.019601], [-0.115562, -1.1943, 0.056893], [0.000619, 0.291212, 0.06097], [0.087895, 0.198898, 0.05828], [-0.083802, 0.196328, 0.05613], [-7.5e-05, 0.346356, 0.115161], [0.184463, 0.176621, 0.035937], [-0.185374, 0.176048, 0.080253], [0.254621, -0.084533, -0.003621], [-0.23188, -0.088236, 0.075189], [0.304274, -0.336274, 0.057263], [-0.288488, -0.348206, 0.107998], [0.343268, -0.415018, 0.075135], [-0.308479, -0.434597, 0.111654]], "im2d": [[0.023627, -0.095313], [0.025508, 0.024862], [0.012164, -0.004801], [0.069928, -0.218213], [-0.086645, 0.452167], [-0.085527, 0.422966], [0.04855, -0.358105], [0.081965, 0.866726], [0.048712, 0.877217], [0.007231, -0.409757], [-0.020313, 0.940251], [-0.08189, 0.945625], [0.03907, -0.651434], [0.040361, -0.535147], [0.031393, -0.562865], [-0.016249, -0.715288], [0.069447, -0.492125], [-0.003353, -0.560563], [0.096808, -0.192542], [-0.021772, -0.280753], [0.013026, 0.086298], [-0.082192, -0.01002], [-0.01037, 0.177788], [-0.094369, 0.08023]], "theta": [1.105512, 0.022266, 0.132127, 2.332436, 0.257586, -2.186594, -0.22724, 0.064908, 0.024692, -0.180244, -0.01457, 0.008555, 0.260291, 0.009862, -0.016604, 0.577436, 0.148656, -0.067354, 0.412624, 0.054741, 0.072754, -0.076324, -0.005523, 0.032822, -0.30834, 0.264378, 0.109316, -0.092718, -0.217937, 0.136818, -0.025445, 0.022211, -0.014923, -0.004113, 0.0022, 0.005448, 0.003025, 0.004805, -0.012167, -0.081726, -0.072541, 0.019923, 0.031858, 0.050001, -0.628002, -0.004174, 0.347902, 0.512599, 0.052947, -0.162516, 0.061015, 0.075426, -0.23744, -0.626879, 0.27621, 0.229595, 0.809736, 0.057398, -0.25393, -0.10729, -0.056877, -0.009092, -0.026804, 0.288589, -0.072413, 0.365413, 0.136862, 0.050706, -0.064575, 0.108063, 0.042667, -0.406652, 0.109066, -0.036149, 0.41877, 0.726153, -0.655055, -0.023536, -2.321976, 0.326609, 0.09524, 1.211386, -2.00405, 0.100354, 0.875642]}