{"hc3d": [[-0.000893, -0.218344, 0.038165], [0.080726, -0.315082, 0.034287], [-0.080697, -0.314482, 0.036947], [-0.0032, -0.103734, 0.004231], [0.104366, -0.703037, -0.059275], [-0.123794, -0.673086, 0.226825], [-0.002005, 0.023143, 0.036925], [0.06855, -1.076613, -0.2667], [-0.085342, -1.089086, 0.326862], [-0.004542, 0.068072, 0.077827], [0.135546, -1.144948, -0.165262], [-0.097574, -1.103827, 0.466484], [-0.025248, 0.289751, 0.080944], [0.069211, 0.205049, 0.073923], [-0.101635, 0.189153, 0.066855], [-0.018452, 0.338478, 0.140589], [0.166757, 0.218673, 0.04902], [-0.206781, 0.186483, 0.082575], [0.24427, 0.022399, -0.124638], [-0.284685, -0.065995, 0.035454], [0.255661, -0.212495, -0.005303], [-0.289246, -0.309412, 0.147672], [0.286633, -0.284599, 0.03808], [-0.304158, -0.386396, 0.189234]], "im2d": [[0.024881, -0.095718], [0.02705, 0.025359], [0.013642, -0.004692], [0.071161, -0.219557], [0.102454, 0.46106], [-0.227219, 0.368202], [0.04476, -0.36057], [0.301308, 0.877687], [-0.367604, 0.824656], [0.002713, -0.41296], [0.187971, 0.958087], [-0.524299, 0.829464], [0.014962, -0.659927], [0.022377, -0.549515], [0.01787, -0.562552], [-0.046961, -0.716019], [0.057377, -0.545164], [-0.006604, -0.579686], [0.239815, -0.304601], [0.021136, -0.313923], [0.09021, -0.052846], [-0.122274, -0.055246], [0.038591, 0.028966], [-0.175237, 0.023729]], "theta": [1.113025, 0.023247, 0.132345, 2.334166, 0.256091, -2.18897, 0.198379, 0.147615, -0.004872, -0.513885, 0.088623, -0.030338, 0.287207, -0.085918, 0.009907, 0.188652, -0.190738, -0.032084, 0.138638, 0.133148, 0.113523, -0.099589, 0.03687, 0.035681, -0.275752, 0.358438, 0.083756, 0.038827, -0.178143, 0.136648, 0.048132, 0.062339, 0.032081, -0.005383, 0.003755, 0.005662, 0.003195, 0.005709, -0.012799, -0.043668, 0.017226, -0.123794, 0.058716, 0.158384, -0.38729, 0.068949, 0.234987, 0.263932, 0.017183, 0.055471, 0.016634, 0.349998, 0.074077, -0.882013, 0.204538, 0.211981, 0.874659, 0.237128, -1.070953, -0.042075, 0.092372, 0.557083, -0.046862, 0.184297, -0.071771, 0.436355, 0.20244, 0.052413, -0.252201, 0.107264, 0.040786, -0.408528, 0.107591, -0.033898, 0.41547, 0.726153, -0.655055, -0.023536, -2.321976, 0.326609, 0.09524, 1.211386, -2.00405, 0.100354, 0.875642]}