{"hc3d": [[-0.000929, -0.218601, 0.038043], [0.080563, -0.315301, 0.034132], [-0.080621, -0.314697, 0.036786], [-0.003235, -0.10399, 0.004134], [0.143793, -0.676737, 0.190938], [-0.162323, -0.701273, -0.062173], [-0.003512, 0.023493, 0.035286], [0.110514, -1.095049, 0.274297], [-0.168077, -1.093515, -0.234859], [-0.002637, 0.070875, 0.073437], [0.193671, -1.077026, 0.384528], [-0.181652, -1.148687, -0.10611], [-0.014954, 0.292857, 0.069946], [0.07536, 0.204463, 0.057966], [-0.095848, 0.195058, 0.066494], [-0.011095, 0.348135, 0.123746], [0.168947, 0.204586, 0.018551], [-0.194948, 0.186999, 0.104142], [0.244725, -0.034557, -0.088398], [-0.303867, -0.033266, 0.210559], [0.347057, -0.276894, -0.096666], [-0.196597, -0.117592, 0.440659], [0.408791, -0.340917, -0.107045], [-0.166507, -0.110345, 0.523688]], "im2d": [[0.019326, -0.095724], [0.014586, 0.032078], [0.01613, -0.01252], [0.065611, -0.218698], [-0.188945, 0.431303], [0.102096, 0.394116], [0.039683, -0.36007], [-0.311342, 0.87188], [0.268353, 0.833111], [0.000175, -0.414358], [-0.436176, 0.866467], [0.120213, 0.879823], [0.020199, -0.659371], [0.024867, -0.537618], [0.019381, -0.574472], [-0.036408, -0.722638], [0.066541, -0.509377], [-0.020719, -0.595427], [0.167572, -0.220089], [-0.152849, -0.392967], [0.156806, 0.072425], [-0.420247, -0.289352], [0.162201, 0.15974], [-0.51382, -0.295363]], "theta": [1.1257, 0.018097, 0.133566, 2.276983, 0.357922, -2.315959, -0.436449, 0.013971, 0.075019, 0.206041, -0.035924, -0.1124, 0.276103, 0.029633, 0.033782, 0.121792, 0.03521, -0.1174, 0.073355, 0.30212, 0.097478, -0.149514, -0.00791, -0.004225, -0.268077, 0.361221, 0.238495, -0.284887, -0.132321, 0.044644, 0.073192, 0.070047, 0.002998, -0.003009, 0.001408, 0.004877, 0.002524, 0.00371, -0.009783, -0.123768, -0.036083, -0.007257, -0.0049, 0.186775, -0.473448, -0.030175, 0.400356, 0.339026, -0.003075, 0.02651, 0.048258, 0.120188, -0.084528, -0.749473, 0.237765, 0.41557, 0.448474, -0.054079, -0.245772, -0.036242, 0.036269, 0.988341, -0.179745, 0.343076, -0.06987, 0.483895, 0.354321, 0.237815, -0.490245, 0.109783, 0.043056, -0.410163, 0.111127, -0.03598, 0.420388, 0.704515, -0.65761, -0.000964, -2.277538, 0.331043, 0.119538, 1.246047, -2.013829, 0.09561, 0.882819]}