{"hc3d": [[-0.000929, -0.218601, 0.038043], [0.080563, -0.315301, 0.034132], [-0.080621, -0.314697, 0.036786], [-0.003235, -0.10399, 0.004134], [0.110734, -0.706464, -0.038693], [-0.14556, -0.674803, 0.215714], [0.002996, 0.02494, 0.027815], [0.053341, -1.084674, -0.230275], [-0.123098, -1.092824, 0.307701], [0.000178, 0.070251, 0.068314], [0.1254, -1.138079, -0.123756], [-0.171335, -1.104407, 0.439396], [0.000396, 0.292067, 0.083735], [0.086598, 0.198967, 0.079831], [-0.083487, 0.200712, 0.056564], [-0.004207, 0.343669, 0.141016], [0.188123, 0.199711, 0.08187], [-0.189656, 0.202937, 0.061702], [0.322738, -0.035301, 0.113778], [-0.277608, -0.02858, -0.040125], [0.265937, -0.200315, 0.310785], [-0.411159, -0.260371, -0.039591], [0.256148, -0.230435, 0.394539], [-0.463566, -0.330897, -0.051052]], "im2d": [[0.020563, -0.096113], [0.016095, 0.032619], [0.01764, -0.012474], [0.066808, -0.219996], [0.070853, 0.475335], [-0.207496, 0.351661], [0.048673, -0.361454], [0.263229, 0.888493], [-0.340725, 0.809673], [0.006054, -0.414896], [0.137115, 0.959066], [-0.489086, 0.799511], [0.003779, -0.659298], [-0.000582, -0.533223], [0.0306, -0.580115], [-0.057335, -0.721358], [-0.005674, -0.506326], [0.02791, -0.61207], [-0.061587, -0.213904], [0.129679, -0.374786], [-0.294053, -0.062876], [0.116958, -0.157199], [-0.390546, -0.038645], [0.12656, -0.093377]], "theta": [1.133182, 0.019075, 0.133783, 2.27871, 0.356429, -2.318331, 0.152363, 0.054262, -0.002034, -0.498075, -0.017649, -0.062449, 0.216152, -0.038518, -0.021996, 0.199471, -0.008603, -0.085694, 0.1554, 0.107702, 0.101847, -0.036667, -0.047801, 0.052716, -0.359731, 0.290872, 0.156902, -0.039745, -0.309284, 0.137589, 0.107592, -0.012916, -0.029987, -0.000949, 0.000903, -8.8e-05, 0.001829, 0.00228, -0.006137, -0.148384, -0.097733, -0.027525, 0.033116, -0.025775, -0.366948, -0.016179, 0.257997, 0.310132, 0.059367, -0.043298, 0.080248, 0.051499, -0.489683, -0.526601, 0.198147, -0.033881, 0.897584, 0.317455, -0.899194, -0.069154, -0.311623, 0.24815, -0.1685, 0.470318, -0.201689, 0.478478, -0.12135, -0.019045, -0.23816, 0.110977, 0.0443, -0.413036, 0.110664, -0.038066, 0.41742, 0.704515, -0.65761, -0.000964, -2.277538, 0.331043, 0.119538, 1.246047, -2.013829, 0.09561, 0.882819]}