{"hc3d": [[-0.000915, -0.218412, 0.03817], [0.080724, -0.315161, 0.034363], [-0.080759, -0.31456, 0.036989], [-0.00322, -0.103716, 0.004085], [0.076871, -0.687667, 0.179946], [-0.075261, -0.714778, -0.043195], [0.002852, 0.023698, 0.034146], [0.01869, -1.110155, 0.134437], [-0.110595, -1.02985, -0.333216], [0.005736, 0.071539, 0.071631], [0.078859, -1.117937, 0.260062], [-0.115384, -1.105697, -0.214441], [0.007884, 0.293588, 0.057397], [0.092902, 0.199214, 0.05364], [-0.079056, 0.200886, 0.054494], [0.007711, 0.349349, 0.111059], [0.191022, 0.18539, 0.030689], [-0.18264, 0.200158, 0.079172], [0.188182, -0.045112, -0.116094], [-0.251142, -0.058866, 0.064042], [0.265034, -0.236044, 0.048893], [-0.22512, -0.228258, 0.270223], [0.309406, -0.296134, 0.098609], [-0.223645, -0.268089, 0.349558]], "im2d": [[0.00735, -0.134827], [0.095372, -0.027096], [-0.07433, -0.031565], [0.015384, -0.264718], [0.045098, 0.398621], [-0.03463, 0.397934], [0.009317, -0.400716], [0.006301, 0.85504], [0.035387, 0.708064], [-0.001591, -0.448649], [0.024882, 0.880048], [-0.010545, 0.805242], [0.002575, -0.693793], [0.094078, -0.588576], [-0.085961, -0.594697], [-0.017358, -0.748566], [0.204929, -0.573641], [-0.20293, -0.593608], [0.257083, -0.338392], [-0.265544, -0.3131], [0.281749, -0.107427], [-0.308864, -0.102157], [0.311388, -0.034486], [-0.334811, -0.049005]], "theta": [1.10336, 0.007577, 0.096215, 3.20857, 0.008622, -0.529133, -0.399707, -0.018405, -0.092008, 0.162677, 0.032833, 0.114329, 0.269934, 0.052697, -0.012881, 0.381932, 0.005566, -0.023819, 0.478706, 0.166199, -0.139393, -0.156298, -0.015198, 0.012371, -0.420975, 0.280116, 0.064927, -0.425782, -0.020629, -0.044869, 0.038693, 0.001391, -0.024226, -0.002102, 0.001687, 0.002218, 0.001505, 0.002009, -0.005905, -0.084834, -0.187693, -0.039508, 0.013428, 0.055441, -0.512861, -0.088714, 0.326025, 0.358376, 0.028323, -0.192437, 0.071351, 0.291528, 0.143673, -0.982908, 0.253357, 0.112672, 0.94637, -0.14042, -1.103978, 0.300013, -0.045614, 0.866332, -0.174457, -0.158976, -0.146209, 0.386787, -0.331494, 0.278127, -0.306003, 0.108905, 0.043687, -0.410278, 0.109367, -0.038325, 0.41677, 0.7329, -0.662364, -0.02633, -2.317456, 0.331574, 0.052084, 1.267095, -2.007659, 0.091506, 0.893902]}