{"hc3d": [[-0.000915, -0.218412, 0.03817], [0.080724, -0.315161, 0.034363], [-0.080759, -0.31456, 0.036989], [-0.00322, -0.103716, 0.004085], [0.065927, -0.71479, 0.027461], [-0.115068, -0.704307, 0.153411], [0.00317, 0.023988, 0.032823], [0.012198, -1.137143, -0.02434], [-0.115806, -1.057431, -0.091403], [0.006401, 0.07132, 0.07092], [0.059783, -1.170257, 0.102552], [-0.137781, -1.150066, 0.012612], [0.013156, 0.292876, 0.051423], [0.096411, 0.196871, 0.052005], [-0.075455, 0.201767, 0.048624], [0.012932, 0.34645, 0.107268], [0.196294, 0.181301, 0.040771], [-0.178855, 0.192451, 0.072303], [0.213859, -0.084224, -0.021458], [-0.223302, -0.06969, 0.03595], [0.233762, -0.329278, 0.074116], [-0.237615, -0.323658, 0.120664], [0.258703, -0.408389, 0.10833], [-0.222198, -0.407102, 0.146782]], "im2d": [[0.007433, -0.134887], [0.095509, -0.027102], [-0.074282, -0.031568], [0.015465, -0.264853], [0.088112, 0.410181], [-0.145852, 0.409064], [0.010178, -0.401387], [0.056211, 0.866057], [-0.055034, 0.767341], [-0.000587, -0.448701], [0.061542, 0.918718], [-0.113505, 0.880812], [0.01025, -0.693948], [0.098453, -0.586415], [-0.080131, -0.596574], [-0.010497, -0.746085], [0.207089, -0.568122], [-0.196498, -0.58617], [0.251214, -0.283746], [-0.226416, -0.304006], [0.241668, -0.002975], [-0.267773, -0.01562], [0.256758, 0.088541], [-0.259716, 0.07944]], "theta": [1.103966, 0.007648, 0.096227, 3.208666, 0.008544, -0.529264, -0.011027, 0.036754, -0.119745, -0.323797, 0.036851, 0.007438, 0.257989, 0.00843, -0.019692, 0.011845, -0.102173, 0.0151, 0.812019, -0.006213, -0.023466, -0.132066, 0.008999, -0.000142, -0.253499, 0.256181, -0.013329, -0.143444, 0.050665, 0.039647, 0.002811, -0.006376, -0.022412, -0.002618, 0.002298, 0.001967, 0.001823, 0.00313, -0.007555, -0.021146, -0.151694, -0.020983, 0.010904, -0.033828, -0.490972, -0.008932, 0.338797, 0.458217, 0.059, -0.184224, 0.0337, 0.194646, -0.137288, -0.938203, 0.226297, 0.097828, 0.971063, 0.003845, -0.445247, 0.0654, 0.046041, 0.344115, -0.071396, 0.014857, -0.152249, 0.359195, -0.413451, 0.191186, 0.072516, 0.108829, 0.043119, -0.410396, 0.109591, -0.037796, 0.41612, 0.7329, -0.662364, -0.02633, -2.317456, 0.331574, 0.052084, 1.267095, -2.007659, 0.091506, 0.893902]}