{"hc3d": [[-0.000915, -0.218412, 0.03817], [0.080724, -0.315161, 0.034363], [-0.080759, -0.31456, 0.036989], [-0.00322, -0.103716, 0.004085], [0.081236, -0.69162, -0.100723], [-0.083407, -0.663824, 0.248273], [0.003593, 0.025616, 0.024128], [-0.007843, -1.047042, -0.323642], [-0.078732, -1.089837, 0.304152], [0.006309, 0.074304, 0.060518], [0.064354, -1.086144, -0.210854], [-0.085236, -1.094368, 0.444937], [0.019374, 0.296121, 0.048704], [0.100232, 0.198259, 0.054505], [-0.070316, 0.207183, 0.034332], [0.020487, 0.348831, 0.105355], [0.201265, 0.18712, 0.050825], [-0.176323, 0.198459, 0.039376], [0.2123, -0.084482, 0.022626], [-0.1955, -0.045227, -0.071368], [0.229784, -0.273497, 0.205792], [-0.192288, -0.293646, 0.029425], [0.259791, -0.33554, 0.263251], [-0.173956, -0.376822, 0.054493]], "im2d": [[0.007437, -0.134891], [0.095515, -0.027102], [-0.074281, -0.031568], [0.015469, -0.26486], [0.149152, 0.36989], [-0.146877, 0.376764], [0.013678, -0.404209], [0.139884, 0.731052], [-0.155751, 0.850984], [0.002957, -0.453228], [0.176026, 0.789234], [-0.212298, 0.872561], [0.017671, -0.697692], [0.10155, -0.587558], [-0.069777, -0.604104], [-0.001952, -0.748751], [0.208656, -0.573197], [-0.182288, -0.596635], [0.234001, -0.278258], [-0.159724, -0.34293], [0.190146, -0.048596], [-0.188522, -0.058263], [0.202069, 0.027091], [-0.17705, 0.036456]], "theta": [1.103996, 0.007651, 0.096228, 3.208669, 0.008541, -0.529268, 0.31224, 0.115571, -0.062229, -0.569926, 0.194566, 0.043204, 0.187294, -0.067373, -0.027592, 0.130687, -0.107191, -0.098319, 0.322623, -0.011569, -0.041789, -0.101836, -0.003395, -0.034247, -0.625195, 0.32974, 0.11022, -0.085698, 0.024548, -0.028269, 0.075076, -0.017428, 0.007996, -0.004405, 0.003306, 0.004335, 0.002094, 0.004475, -0.009183, -0.042839, -0.039861, -0.023521, 0.057093, 0.002871, -0.437023, 0.046109, 0.257698, 0.478197, 0.05093, -0.092329, 0.01287, 0.178248, -0.387259, -0.967956, 0.342406, 0.00672, 1.096762, -0.173819, -0.67324, 0.245516, 0.069486, 0.661652, -0.206982, 0.140936, -0.064925, 0.391613, -0.302067, 0.098671, 0.081267, 0.10772, 0.041534, -0.409335, 0.108179, -0.03631, 0.415451, 0.7329, -0.662364, -0.02633, -2.317456, 0.331574, 0.052084, 1.267095, -2.007659, 0.091506, 0.893902]}