{"hc3d": [[-0.000915, -0.218412, 0.03817], [0.080724, -0.315161, 0.034363], [-0.080759, -0.31456, 0.036989], [-0.00322, -0.103716, 0.004085], [0.089943, -0.689287, -0.106757], [-0.074785, -0.665023, 0.246211], [0.004136, 0.025795, 0.022735], [0.00047, -1.023114, -0.360738], [-0.069137, -1.093767, 0.274101], [0.00593, 0.074373, 0.059328], [0.076113, -1.07259, -0.254471], [-0.076798, -1.109007, 0.414074], [0.018991, 0.296063, 0.045321], [0.099822, 0.198375, 0.053824], [-0.070297, 0.206856, 0.030142], [0.020534, 0.349964, 0.10083], [0.200711, 0.185555, 0.052309], [-0.176476, 0.199384, 0.033215], [0.211564, -0.086497, 0.028759], [-0.196979, -0.041429, -0.083418], [0.234913, -0.277883, 0.208781], [-0.19879, -0.290478, 0.015842], [0.263932, -0.342189, 0.264225], [-0.185496, -0.374164, 0.042351]], "im2d": [[0.007437, -0.134891], [0.095515, -0.027102], [-0.074281, -0.031568], [0.015469, -0.26486], [0.160359, 0.366833], [-0.137115, 0.378054], [0.014736, -0.404558], [0.161363, 0.70059], [-0.135031, 0.851962], [0.00298, -0.453456], [0.203563, 0.769466], [-0.192349, 0.885163], [0.018468, -0.698041], [0.10136, -0.587778], [-0.068271, -0.604244], [-0.000318, -0.750533], [0.207573, -0.571318], [-0.180281, -0.598388], [0.23109, -0.275336], [-0.15706, -0.34857], [0.194513, -0.043297], [-0.19056, -0.063522], [0.206148, 0.034608], [-0.184859, 0.031799]], "theta": [1.103997, 0.007651, 0.096228, 3.208669, 0.008541, -0.529268, 0.325462, 0.14327, -0.033667, -0.565923, 0.196771, 0.065209, 0.175436, -0.089323, -0.032535, 0.212613, -0.093372, -0.106862, 0.384346, 0.001235, -0.044822, -0.086228, -0.006277, -0.027918, -0.625372, 0.326925, 0.086538, -0.074304, -0.00148, -0.029349, 0.06087, -0.0124, 0.010093, -0.005074, 0.003725, 0.005054, 0.002311, 0.005158, -0.010263, -0.055176, -0.013629, -0.027371, 0.055592, -0.000856, -0.454114, 0.046661, 0.256159, 0.465668, 0.02679, -0.061154, 0.020856, 0.157587, -0.375427, -0.95446, 0.351322, -0.029172, 1.100397, -0.170518, -0.633548, 0.257089, 0.102837, 0.675985, -0.215552, 0.117438, -0.057705, 0.35484, -0.283695, 0.106038, 0.038713, 0.107058, 0.041154, -0.408392, 0.107503, -0.036047, 0.415151, 0.7329, -0.662364, -0.02633, -2.317456, 0.331574, 0.052084, 1.267095, -2.007659, 0.091506, 0.893902]}