{"hc3d": [[-0.000769, -0.219055, 0.039863], [0.082134, -0.316132, 0.036666], [-0.081867, -0.315576, 0.039424], [-0.003033, -0.104136, 0.004839], [0.099353, -0.655763, 0.239829], [-0.139483, -0.704285, 0.135581], [9.6e-05, 0.023553, 0.030578], [0.090718, -0.962809, -0.054548], [-0.080718, -1.118312, 0.052417], [0.00273, 0.065908, 0.074773], [0.135706, -1.046666, 0.046575], [-0.144612, -1.172915, 0.164902], [0.001507, 0.288822, 0.089258], [0.088028, 0.197001, 0.071555], [-0.084669, 0.195631, 0.077153], [-0.000162, 0.325699, 0.156284], [0.187828, 0.17987, 0.059804], [-0.185394, 0.179036, 0.107882], [0.25587, -0.075714, -0.001273], [-0.256721, -0.071113, 0.167836], [0.229645, -0.314853, 0.102758], [-0.290454, -0.297027, 0.304726], [0.264252, -0.382111, 0.150692], [-0.30988, -0.369062, 0.352631]], "im2d": [[-0.001264, -0.064686], [-0.098369, 0.046862], [0.084541, 0.047785], [0.018442, -0.191897], [-0.199659, 0.407279], [0.098018, 0.482314], [0.013734, -0.343312], [-0.114175, 0.807348], [0.035984, 0.972389], [-0.0008, -0.399071], [-0.20081, 0.887962], [0.069351, 1.018798], [0.008022, -0.658615], [-0.088304, -0.550934], [0.103356, -0.548122], [-0.009146, -0.711529], [-0.197356, -0.530554], [0.205677, -0.532496], [-0.268186, -0.226904], [0.253326, -0.252145], [-0.284301, 0.033371], [0.236028, -0.012127], [-0.341728, 0.103176], [0.238891, 0.063853]], "theta": [1.164716, -0.000316, 0.163517, 0.427099, 0.202966, -3.076818, -0.552309, -0.237985, 0.02265, -0.285946, -0.042869, -0.044636, 0.244589, 0.068471, 0.008064, 1.183684, 0.172739, -0.136705, 0.375678, -0.079158, 0.112926, -0.004229, -0.010156, 0.020106, -0.405981, 0.203312, 0.00048, -0.108126, -0.195477, 0.03734, 0.049363, 0.009531, -0.033873, -0.004801, 0.004316, 0.002423, -0.000827, 0.004393, -0.006149, 0.076649, -0.242373, -0.065372, 0.005479, -0.122156, -0.541343, -0.008331, 0.379397, 0.441595, 0.143579, -0.122382, 0.048957, 0.177207, -0.231173, -0.709138, 0.029634, 0.40593, 0.598502, 0.000466, -0.588408, -0.209758, -0.518278, 0.236657, 0.0449, 0.140574, -0.159524, 0.681731, -0.319063, 0.145041, -0.237111, 0.105249, 0.043284, -0.406039, 0.107025, -0.040649, 0.414782, 0.672753, -0.901318, 0.036194, -2.338594, 0.377067, 0.0457, 1.248313, -2.086463, 0.136108, 0.846839]}