{"hc3d": [[-0.000769, -0.219055, 0.039863], [0.082134, -0.316132, 0.036666], [-0.081867, -0.315576, 0.039424], [-0.003033, -0.104136, 0.004839], [0.087778, -0.623533, 0.286453], [-0.144962, -0.705464, 0.126987], [-0.000398, 0.023108, 0.032749], [0.109288, -0.939706, 0.002585], [-0.086798, -1.114167, 0.020378], [0.003358, 0.06702, 0.075313], [0.149749, -1.017277, 0.110416], [-0.153428, -1.16731, 0.131972], [0.006375, 0.289853, 0.090748], [0.090839, 0.196622, 0.070644], [-0.081679, 0.198232, 0.080275], [0.006035, 0.32707, 0.157606], [0.190178, 0.179058, 0.055987], [-0.181963, 0.185962, 0.114299], [0.253068, -0.073597, -0.020782], [-0.258172, -0.061166, 0.180455], [0.222428, -0.31117, 0.085603], [-0.279318, -0.264127, 0.35155], [0.254543, -0.379532, 0.133711], [-0.295579, -0.328464, 0.410351]], "im2d": [[5e-05, -0.064733], [-0.097282, 0.047905], [0.086805, 0.048218], [0.019476, -0.192927], [-0.198339, 0.366867], [0.110632, 0.488536], [0.014017, -0.345145], [-0.148312, 0.777774], [0.05842, 0.979497], [-0.001531, -0.402753], [-0.232054, 0.85106], [0.095468, 1.024712], [0.001325, -0.664177], [-0.092208, -0.553428], [0.099355, -0.555323], [-0.017652, -0.717695], [-0.200454, -0.5316], [0.201026, -0.545436], [-0.259653, -0.226654], [0.253585, -0.267673], [-0.270773, 0.033446], [0.212951, -0.057815], [-0.325682, 0.10526], [0.209399, 0.008088]], "theta": [1.172555, 0.000811, 0.163848, 0.429462, 0.200844, -3.080073, -0.691728, -0.323603, 0.037941, -0.265088, -0.047541, -0.058393, 0.261755, 0.082448, 0.013676, 1.293443, 0.187026, -0.142252, 0.411893, -0.067139, 0.123621, -0.05664, -0.002877, 0.004448, -0.406076, 0.187166, 0.045385, -0.16416, -0.206152, 0.01381, 0.090794, 0.006803, -0.044823, -0.000288, -3.5e-05, 0.000599, 0.001319, 0.00163, -0.005846, 0.067424, -0.228203, -0.0359, 0.013906, -0.113025, -0.531434, -0.005955, 0.381285, 0.414129, 0.202982, -0.134937, 0.051714, 0.191387, -0.196541, -0.722216, 0.020858, 0.423258, 0.601497, 0.036074, -0.653309, -0.197554, -0.502937, 0.379382, 0.012463, 0.171818, -0.146827, 0.660589, -0.23936, 0.131805, -0.245538, 0.111782, 0.044876, -0.412203, 0.111696, -0.03821, 0.421998, 0.672753, -0.901318, 0.036194, -2.338594, 0.377067, 0.0457, 1.248313, -2.086463, 0.136108, 0.846839]}