{"hc3d": [[-0.000769, -0.219055, 0.039863], [0.082134, -0.316132, 0.036666], [-0.081867, -0.315576, 0.039424], [-0.003033, -0.104136, 0.004839], [0.050967, -0.648232, 0.250345], [-0.165996, -0.695982, 0.148393], [-0.001614, 0.023463, 0.031168], [0.037868, -0.994346, 0.003277], [-0.121193, -0.966729, -0.177914], [0.002259, 0.066587, 0.07452], [0.073926, -1.045833, 0.127094], [-0.181476, -1.058635, -0.090528], [0.008681, 0.289076, 0.093484], [0.092027, 0.1947, 0.074064], [-0.080627, 0.199172, 0.07938], [0.005959, 0.327539, 0.159577], [0.192076, 0.177526, 0.064751], [-0.180686, 0.18841, 0.114559], [0.24171, -0.074763, -0.022256], [-0.254147, -0.057929, 0.186511], [0.209599, -0.311681, 0.08515], [-0.288568, -0.268219, 0.34622], [0.22824, -0.384722, 0.133488], [-0.307708, -0.335525, 0.400671]], "im2d": [[0.001952, -0.06493], [-0.095819, 0.049288], [0.090066, 0.04881], [0.021046, -0.194584], [-0.144367, 0.406998], [0.133443, 0.479383], [0.016714, -0.348478], [-0.065374, 0.851193], [0.175501, 0.846892], [0.000262, -0.405743], [-0.148741, 0.892706], [0.211768, 0.941775], [-0.003089, -0.669997], [-0.096004, -0.556487], [0.099086, -0.561922], [-0.019584, -0.725222], [-0.207704, -0.535259], [0.20118, -0.55427], [-0.247568, -0.225852], [0.250435, -0.275586], [-0.256417, 0.036222], [0.228539, -0.052738], [-0.296561, 0.114598], [0.229704, 0.018109]], "theta": [1.184466, 0.002417, 0.164237, 0.432471, 0.198211, -3.084208, -0.596512, -0.318719, -0.078889, -0.323992, -0.055575, -0.109805, 0.248695, 0.066594, 0.021274, 1.0651, 0.155318, -0.146022, 1.090964, -0.01003, 0.095447, -0.025279, 0.000485, -0.012071, -0.517237, 0.262758, 0.16501, -0.367635, -0.135867, -0.012822, 0.0892, -0.010498, -0.046328, 0.000709, -0.000205, -0.001792, 0.001179, 0.000622, -0.003638, 0.037145, -0.287066, -0.060905, 0.000909, -0.138427, -0.502737, -0.050019, 0.424773, 0.404872, 0.334252, -0.189666, 0.013817, 0.203311, -0.159155, -0.800515, -0.019541, 0.403924, 0.624156, 0.056945, -0.680181, -0.112355, -0.457806, 0.284876, 0.01213, 0.027181, -0.193131, 0.520858, -0.309911, 0.12742, -0.230901, 0.111734, 0.045634, -0.41339, 0.111756, -0.038315, 0.418788, 0.672753, -0.901318, 0.036194, -2.338594, 0.377067, 0.0457, 1.248313, -2.086463, 0.136108, 0.846839]}