{"hc3d": [[-0.000769, -0.219055, 0.039863], [0.082134, -0.316132, 0.036666], [-0.081867, -0.315576, 0.039424], [-0.003033, -0.104136, 0.004839], [0.050613, -0.710531, 0.017266], [-0.157771, -0.614132, 0.301652], [0.003684, 0.022132, 0.036274], [-0.014344, -1.107583, -0.121081], [-0.106638, -1.000435, 0.128613], [0.004547, 0.065098, 0.079946], [0.010832, -1.150584, 0.00853], [-0.178177, -1.074995, 0.223691], [0.011843, 0.287332, 0.101409], [0.095466, 0.192128, 0.088219], [-0.07696, 0.198619, 0.079016], [0.011957, 0.3303, 0.164725], [0.196247, 0.176861, 0.089478], [-0.180077, 0.183945, 0.101748], [0.263204, -0.081232, 0.0386], [-0.248645, -0.074038, 0.101985], [0.231963, -0.268405, 0.219398], [-0.307258, -0.307298, 0.216299], [0.263634, -0.315919, 0.288379], [-0.328255, -0.384199, 0.255115]], "im2d": [[0.002001, -0.064941], [-0.095789, 0.049318], [0.09015, 0.048827], [0.021092, -0.194637], [-0.071465, 0.515805], [0.078406, 0.360012], [0.009001, -0.347809], [0.029242, 1.003621], [0.058572, 0.840065], [-0.004143, -0.404941], [-0.043242, 1.034343], [0.105977, 0.913464], [-0.00933, -0.669359], [-0.104628, -0.555783], [0.095041, -0.5614], [-0.027966, -0.729479], [-0.220521, -0.538392], [0.20449, -0.547251], [-0.292034, -0.227628], [0.270843, -0.24391], [-0.323312, -0.03509], [0.29013, 0.012992], [-0.383816, 0.010134], [0.29803, 0.097521]], "theta": [1.184824, 0.002458, 0.164244, 0.432524, 0.198168, -3.08428, 0.01874, -0.108712, -0.165059, -0.756389, -0.013883, -0.097708, 0.287029, -0.022109, -0.027248, 0.175465, -0.10509, -0.023118, 1.080571, -0.209049, 0.026769, -0.061044, 0.011448, 0.033157, -0.375751, 0.254397, 0.002742, -0.121327, -0.127796, 0.04547, 0.094897, -0.012559, -0.044371, 0.001341, -0.000511, -0.002581, 0.000953, 0.000382, -0.002168, -0.052752, -0.137096, -0.055642, -0.009102, -0.151648, -0.466557, -0.025812, 0.398987, 0.456851, 0.216816, -0.1339, 0.009347, 0.168416, -0.254939, -0.754105, 0.07059, 0.268481, 0.743388, -0.098329, -0.885151, -0.010538, -0.475091, 0.325653, -0.065788, -0.000542, -0.176784, 0.675377, -0.516835, 0.119919, -0.167166, 0.112364, 0.045838, -0.414247, 0.112233, -0.039861, 0.418959, 0.672753, -0.901318, 0.036194, -2.338594, 0.377067, 0.0457, 1.248313, -2.086463, 0.136108, 0.846839]}