{"hc3d": [[-0.000929, -0.218316, 0.037995], [0.080564, -0.315034, 0.034063], [-0.080619, -0.314424, 0.036703], [-0.00324, -0.10368, 0.004101], [0.066055, -0.703915, 0.127368], [-0.156302, -0.707115, 0.119774], [-0.003596, 0.026922, 0.016643], [0.076501, -1.119244, 0.019977], [-0.110193, -0.935817, -0.24129], [0.000812, 0.072698, 0.056388], [0.09154, -1.174564, 0.147167], [-0.176824, -1.055627, -0.208379], [-0.00102, 0.295079, 0.054548], [0.084151, 0.202527, 0.037155], [-0.086573, 0.201229, 0.055015], [0.00219, 0.348845, 0.110086], [0.18097, 0.180437, 0.015759], [-0.185322, 0.195565, 0.094101], [0.250441, -0.0697, -0.069933], [-0.247655, -0.05099, 0.179999], [0.235889, -0.331877, -0.043674], [-0.273377, -0.242894, 0.365608], [0.254358, -0.417137, -0.022848], [-0.298079, -0.284429, 0.44004]], "im2d": [[0.003904, -0.109578], [-0.062383, 0.000896], [0.062683, -0.014926], [0.036406, -0.22525], [-0.139182, 0.394991], [0.041362, 0.379382], [0.034225, -0.365659], [-0.090209, 0.854018], [0.257369, 0.68798], [0.004035, -0.420563], [-0.197924, 0.891967], [0.279627, 0.803], [0.018252, -0.65575], [-0.040874, -0.547023], [0.080479, -0.564325], [-0.022134, -0.721946], [-0.102625, -0.511109], [0.129386, -0.574101], [-0.107529, -0.225254], [0.102991, -0.33371], [-0.128744, 0.046332], [-0.022364, -0.165034], [-0.162906, 0.134649], [-0.059479, -0.13619]], "theta": [1.07614, 0.004557, 0.116491, 1.157011, 0.286465, -2.928336, -0.256657, -0.212003, -0.098407, -0.254904, -0.080322, -0.083687, 0.132635, 0.069841, 0.033226, 0.396293, -0.205188, 0.001926, 1.151967, -0.007294, 0.041279, 0.03576, 0.005613, -0.030582, -0.151081, 0.322037, 0.055019, -0.06252, -0.227267, 0.036082, 0.04006, 0.060514, -0.020944, -0.007078, 0.005609, 0.005878, -0.00044, 0.005892, -0.008403, -0.102869, -0.187771, -0.017949, 0.075612, -0.080411, -0.59883, -0.082064, 0.372193, 0.369436, 0.010992, 0.046841, 0.067084, 0.235259, -0.155607, -0.638857, 0.088207, 0.399382, 0.697892, 0.282407, -0.388789, -0.241637, -0.229518, 0.313312, -0.103081, 0.332163, -0.116174, 0.415013, 0.102198, 0.215837, -0.439051, 0.103932, 0.041269, -0.405159, 0.105936, -0.040016, 0.413299, 0.731584, -0.630158, -0.023974, -2.319436, 0.311968, 0.09354, 1.242158, -2.027405, 0.099992, 0.8908]}