{"hc3d": [[-0.000929, -0.218316, 0.037995], [0.080564, -0.315034, 0.034063], [-0.080619, -0.314424, 0.036703], [-0.00324, -0.10368, 0.004101], [0.069616, -0.711752, 0.085437], [-0.156219, -0.696203, 0.160655], [-0.002925, 0.026845, 0.017424], [0.048973, -1.127678, -0.018099], [-0.101311, -0.945948, -0.184903], [0.000643, 0.073122, 0.056669], [0.076832, -1.179806, 0.108275], [-0.171018, -1.06344, -0.150059], [0.001115, 0.295503, 0.054057], [0.085868, 0.202045, 0.039735], [-0.08535, 0.202513, 0.052047], [0.004572, 0.349144, 0.1097], [0.183375, 0.179801, 0.021925], [-0.185049, 0.19524, 0.088356], [0.252151, -0.074395, -0.051508], [-0.248214, -0.055406, 0.160746], [0.241699, -0.335061, -0.011727], [-0.277497, -0.252068, 0.340761], [0.260563, -0.41943, 0.012149], [-0.300246, -0.301868, 0.410604]], "im2d": [[0.005155, -0.110018], [-0.061153, 0.001526], [0.064726, -0.01491], [0.037435, -0.226667], [-0.109216, 0.414677], [0.015097, 0.363757], [0.033558, -0.368078], [-0.036235, 0.873862], [0.214595, 0.694319], [0.003979, -0.423786], [-0.154018, 0.910489], [0.238579, 0.806999], [0.016096, -0.660393], [-0.044977, -0.550238], [0.081716, -0.569131], [-0.025141, -0.726766], [-0.110207, -0.514201], [0.133636, -0.577068], [-0.122647, -0.224088], [0.118412, -0.328217], [-0.156087, 0.046035], [-0.0005, -0.152094], [-0.192663, 0.133702], [-0.036347, -0.113101]], "theta": [1.083978, 0.005684, 0.116822, 1.159374, 0.284343, -2.931591, -0.1515, -0.146775, -0.103683, -0.35779, -0.067179, -0.08182, 0.138423, 0.043192, 0.027451, 0.268721, -0.163171, -0.006872, 1.197925, -0.063512, 0.039233, 0.016405, 0.004861, -0.029145, -0.172696, 0.329021, 0.068282, -0.054165, -0.241252, 0.063362, 0.050329, 0.054872, -0.023776, -0.003783, 0.001933, 0.005282, 0.001913, 0.004164, -0.009818, -0.098824, -0.142288, -0.0079, 0.068692, -0.082544, -0.58869, -0.079457, 0.380224, 0.394313, 0.060461, 0.02114, 0.047068, 0.229526, -0.187009, -0.649379, 0.109361, 0.367973, 0.717736, 0.264505, -0.387132, -0.202903, -0.198913, 0.328915, -0.118791, 0.306798, -0.106276, 0.397072, 0.07999, 0.181145, -0.359218, 0.109174, 0.042316, -0.409224, 0.109444, -0.036755, 0.419721, 0.731584, -0.630158, -0.023974, -2.319436, 0.311968, 0.09354, 1.242158, -2.027405, 0.099992, 0.8908]}