{"hc3d": [[-0.000929, -0.218316, 0.037995], [0.080564, -0.315034, 0.034063], [-0.080619, -0.314424, 0.036703], [-0.00324, -0.10368, 0.004101], [0.066538, -0.713694, 0.002162], [-0.158736, -0.653276, 0.250973], [0.001126, 0.025407, 0.027165], [0.026579, -1.115954, -0.141821], [-0.119368, -1.068412, 0.146523], [0.001672, 0.071765, 0.066473], [0.04035, -1.168203, -0.013196], [-0.19668, -1.130047, 0.247029], [0.002137, 0.293937, 0.076451], [0.088126, 0.200979, 0.0671], [-0.083338, 0.201666, 0.058919], [0.004008, 0.344693, 0.13481], [0.189358, 0.192963, 0.064366], [-0.187543, 0.19287, 0.078289], [0.277434, -0.05989, 0.009174], [-0.256174, -0.065798, 0.057454], [0.237642, -0.262673, 0.173289], [-0.346953, -0.30549, 0.136487], [0.251993, -0.313086, 0.246068], [-0.382192, -0.382966, 0.16161]], "im2d": [[0.006623, -0.110622], [-0.059769, 0.002182], [0.067104, -0.014935], [0.038694, -0.228435], [-0.042081, 0.435037], [-0.044808, 0.305566], [0.023619, -0.370765], [0.079686, 0.888149], [-0.016451, 0.773724], [-0.004095, -0.42723], [-0.029419, 0.923963], [-0.032221, 0.815341], [-0.002266, -0.66787], [-0.06805, -0.557747], [0.075105, -0.574137], [-0.045041, -0.732157], [-0.147262, -0.538603], [0.14357, -0.578306], [-0.187495, -0.248513], [0.202724, -0.303343], [-0.286764, -0.062092], [0.205993, -0.067889], [-0.354645, -0.018749], [0.212077, 0.007703]], "theta": [1.093476, 0.006985, 0.11715, 1.161887, 0.282131, -2.935047, 0.055752, -0.123087, -0.12539, -0.602905, -0.046763, -0.088482, 0.212772, -0.002417, -0.005073, 0.154104, -0.202908, -0.022171, 0.748522, -0.130481, 0.053951, -0.060312, -0.003794, 0.022904, -0.294574, 0.267453, 0.021941, -0.072401, -0.233177, 0.043146, 0.108498, -0.006385, -0.026392, -0.00189, 0.001148, 0.00195, 0.002282, 0.002959, -0.008339, -0.108073, -0.077254, -0.041675, 0.031932, -0.091337, -0.441917, -0.025499, 0.330313, 0.40029, 0.106372, -0.016337, 0.019205, 0.222308, -0.258932, -0.738805, 0.076007, 0.165659, 0.833446, 0.143481, -0.87222, -0.021008, -0.384295, 0.239918, -0.12799, 0.211661, -0.173601, 0.558066, -0.312252, 0.104942, -0.200235, 0.110348, 0.043534, -0.411781, 0.110205, -0.036476, 0.418824, 0.731584, -0.630158, -0.023974, -2.319436, 0.311968, 0.09354, 1.242158, -2.027405, 0.099992, 0.8908]}