{"hc3d": [[-0.000929, -0.218316, 0.037995], [0.080564, -0.315034, 0.034063], [-0.080619, -0.314424, 0.036703], [-0.00324, -0.10368, 0.004101], [0.072591, -0.711792, -0.017553], [-0.160011, -0.642818, 0.266243], [0.002032, 0.025206, 0.028082], [0.038591, -1.09135, -0.214834], [-0.124194, -1.070342, 0.293415], [0.002424, 0.070757, 0.068324], [0.054275, -1.157874, -0.093209], [-0.205638, -1.113004, 0.400299], [0.003621, 0.292589, 0.084113], [0.089349, 0.199566, 0.073159], [-0.082024, 0.201148, 0.063354], [0.002904, 0.343158, 0.14266], [0.19061, 0.191649, 0.071389], [-0.186798, 0.193144, 0.07977], [0.286595, -0.057129, 0.011104], [-0.261731, -0.062842, 0.049609], [0.22995, -0.229922, 0.202342], [-0.368346, -0.290638, 0.142783], [0.238785, -0.26686, 0.283593], [-0.408825, -0.364569, 0.170551]], "im2d": [[0.006783, -0.1107], [-0.059628, 0.002244], [0.067361, -0.014942], [0.03884, -0.228644], [-0.031801, 0.437411], [-0.054461, 0.291956], [0.022274, -0.370958], [0.126237, 0.876085], [-0.121752, 0.751303], [-0.006099, -0.426773], [0.020112, 0.928724], [-0.138162, 0.771047], [-0.009299, -0.668196], [-0.073702, -0.557621], [0.070763, -0.574767], [-0.050223, -0.732618], [-0.153722, -0.538694], [0.141984, -0.579377], [-0.196226, -0.251035], [0.21342, -0.306104], [-0.300986, -0.102948], [0.219414, -0.087197], [-0.370246, -0.076025], [0.227904, -0.016319]], "theta": [1.094568, 0.007126, 0.11718, 1.162127, 0.281925, -2.935377, 0.105465, -0.098313, -0.111627, -0.650698, -0.061033, -0.087393, 0.219759, -0.006431, -0.012323, 0.240895, -0.191107, -0.03487, 0.490347, -0.164648, 0.062536, -0.047006, -0.005715, 0.028857, -0.315914, 0.249606, 0.018893, 0.026824, -0.267255, 0.074528, 0.114346, -0.010181, -0.027521, -0.000958, 0.000737, 0.000537, 0.001708, 0.002031, -0.006217, -0.129328, -0.112987, -0.030641, 0.033585, -0.09174, -0.437372, -0.022236, 0.311454, 0.396244, 0.112263, -0.02303, 0.023419, 0.225178, -0.251892, -0.71199, 0.059968, 0.154601, 0.818967, 0.121649, -1.066259, 0.020578, -0.454049, 0.334077, -0.174388, 0.24899, -0.188553, 0.572969, -0.352731, 0.088202, -0.206562, 0.110962, 0.044238, -0.412912, 0.11068, -0.038183, 0.418699, 0.731584, -0.630158, -0.023974, -2.319436, 0.311968, 0.09354, 1.242158, -2.027405, 0.099992, 0.8908]}