{"hc3d": [[-0.000929, -0.218316, 0.037995], [0.080564, -0.315034, 0.034063], [-0.080619, -0.314424, 0.036703], [-0.00324, -0.10368, 0.004101], [0.069619, -0.7056, -0.052441], [-0.143469, -0.642566, 0.271666], [0.004372, 0.025304, 0.026892], [0.040034, -1.051039, -0.305298], [-0.110308, -1.049122, 0.40735], [0.003727, 0.069452, 0.068666], [0.062279, -1.139824, -0.200007], [-0.193958, -1.085509, 0.514848], [0.004493, 0.290811, 0.090119], [0.09048, 0.198064, 0.078857], [-0.080609, 0.19996, 0.064996], [0.00038, 0.341712, 0.148236], [0.191915, 0.192573, 0.079617], [-0.186201, 0.195703, 0.076972], [0.3086, -0.047193, 0.019325], [-0.276174, -0.052573, 0.028837], [0.231253, -0.175273, 0.236698], [-0.415826, -0.254711, 0.136432], [0.224991, -0.197316, 0.32341], [-0.466533, -0.320477, 0.167724]], "im2d": [[0.006936, -0.110781], [-0.059498, 0.002298], [0.067607, -0.01495], [0.038983, -0.228852], [-0.002793, 0.436805], [-0.071514, 0.292761], [0.021369, -0.370971], [0.194979, 0.848906], [-0.216715, 0.711384], [-0.007426, -0.42568], [0.094761, 0.929047], [-0.231564, 0.724066], [-0.01462, -0.667828], [-0.07901, -0.557341], [0.068402, -0.57418], [-0.052554, -0.732924], [-0.161025, -0.54139], [0.143819, -0.582192], [-0.219649, -0.261075], [0.241214, -0.315457], [-0.325498, -0.167489], [0.264063, -0.129739], [-0.386174, -0.159006], [0.278492, -0.069216]], "theta": [1.095641, 0.00726, 0.117206, 1.16234, 0.281746, -2.935668, 0.192555, -0.056294, -0.118977, -0.664018, -0.067949, -0.04143, 0.209931, -0.020881, -0.031226, 0.31178, -0.175464, -0.013729, 0.243236, -0.185788, 0.039891, -0.002495, -0.016411, 0.0493, -0.277575, 0.259299, -0.006085, 0.166659, -0.334243, 0.118374, 0.105624, -0.006778, -0.026543, 0.00035, -2.8e-05, -0.001342, 0.001, 0.000799, -0.00347, -0.158792, -0.15585, -0.026107, 0.027749, -0.087768, -0.413459, -0.028356, 0.285322, 0.363614, 0.093639, -0.00987, 0.04028, 0.209783, -0.230189, -0.660354, 0.04679, 0.098363, 0.803047, 0.123135, -1.312561, 0.068448, -0.523159, 0.475535, -0.246529, 0.257508, -0.218742, 0.489979, -0.398852, 0.080132, -0.208498, 0.112054, 0.045418, -0.414459, 0.111593, -0.040135, 0.418758, 0.731584, -0.630158, -0.023974, -2.319436, 0.311968, 0.09354, 1.242158, -2.027405, 0.099992, 0.8908]}