{"hc3d": [[-0.000897, -0.218002, 0.038031], [0.080678, -0.314686, 0.034152], [-0.080664, -0.314088, 0.036785], [-0.003203, -0.103458, 0.004133], [0.084006, -0.713617, 0.002734], [-0.114953, -0.686699, 0.200382], [0.000537, 0.023059, 0.037548], [0.031766, -1.130006, -0.086454], [-0.117656, -1.110311, 0.127743], [0.001864, 0.070272, 0.075743], [0.099193, -1.175311, 0.026911], [-0.133075, -1.17889, 0.249899], [0.006229, 0.29229, 0.06421], [0.090576, 0.197427, 0.064444], [-0.080779, 0.200272, 0.055038], [0.009268, 0.348129, 0.117684], [0.190136, 0.184382, 0.049395], [-0.184361, 0.188222, 0.075626], [0.235122, -0.084412, 0.029024], [-0.221288, -0.068555, 0.006955], [0.283314, -0.320197, 0.136884], [-0.24499, -0.332198, 0.049494], [0.333604, -0.385587, 0.171976], [-0.243843, -0.420764, 0.054445]], "im2d": [[0.009724, -0.126501], [0.063765, -0.009633], [-0.050294, -0.035816], [0.043397, -0.252052], [0.06856, 0.418682], [-0.233527, 0.368875], [0.025539, -0.385838], [0.082215, 0.853778], [-0.199827, 0.82054], [-0.002743, -0.434363], [0.031211, 0.91951], [-0.317046, 0.898625], [0.023231, -0.673337], [0.075854, -0.557762], [-0.03492, -0.588619], [-0.016159, -0.730038], [0.156736, -0.528694], [-0.124735, -0.591006], [0.188939, -0.233254], [-0.10812, -0.324193], [0.117822, 0.034195], [-0.17599, -0.04178], [0.119362, 0.114529], [-0.184642, 0.054029]], "theta": [1.089739, 0.00982, 0.101919, 2.938353, 0.181066, -1.375736, 0.04817, 0.068931, -0.071746, -0.441545, 0.094629, -0.005536, 0.293704, -0.029677, -0.003638, 0.04619, -0.003399, -0.009144, 0.492863, -0.009168, -0.004171, -0.166101, 0.009197, -0.001995, -0.232713, 0.273305, 0.034457, 0.06721, 0.019618, 0.103114, 0.036443, -0.001954, -0.018599, -0.001789, 0.000796, 0.003037, 0.001993, 0.002232, -0.0075, -0.103991, -0.074776, -0.05021, 0.039328, 0.040172, -0.501188, 0.032249, 0.344305, 0.461113, -0.031191, -0.140703, 0.050066, 0.079863, -0.338678, -0.811505, 0.340781, 0.122325, 1.010995, -0.147249, -0.352022, 0.022093, 0.004601, 0.264609, -0.123751, 0.344648, -0.10226, 0.533908, -0.051759, 0.097644, 0.023901, 0.110417, 0.043939, -0.41057, 0.111108, -0.039012, 0.419982, 0.724521, -0.637527, -0.025035, -2.336737, 0.317753, 0.059207, 1.258269, -2.002584, 0.08416, 0.889278]}