{"hc3d": [[-0.000904, -0.218503, 0.038349], [0.080849, -0.315228, 0.03457], [-0.080862, -0.314631, 0.037232], [-0.003202, -0.103887, 0.004238], [0.091177, -0.713551, 0.036363], [-0.131735, -0.699744, 0.157847], [-0.000788, 0.023536, 0.034428], [0.023211, -1.131969, -0.017342], [-0.139378, -0.995956, -0.151111], [-0.000188, 0.071337, 0.072128], [0.101849, -1.150164, 0.096004], [-0.170264, -1.105018, -0.06785], [0.00439, 0.293115, 0.056942], [0.088733, 0.198244, 0.058483], [-0.082911, 0.201156, 0.049912], [0.008107, 0.354504, 0.103381], [0.189034, 0.187196, 0.04631], [-0.185778, 0.203224, 0.076967], [0.244105, -0.078044, 0.017384], [-0.260721, -0.048742, 0.027008], [0.309487, -0.320447, 0.095672], [-0.309503, -0.300056, 0.103794], [0.352901, -0.395601, 0.117707], [-0.325773, -0.383424, 0.129038]], "im2d": [[0.01649, -0.120818], [0.049527, 0.003114], [-0.02584, -0.035715], [0.058836, -0.246147], [0.021291, 0.436684], [-0.200535, 0.371665], [0.03938, -0.382824], [0.01231, 0.87228], [0.084853, 0.683724], [0.005316, -0.433597], [-0.06818, 0.91303], [-0.021606, 0.796262], [0.040006, -0.672865], [0.068982, -0.550211], [0.000669, -0.594138], [-0.000419, -0.737415], [0.125519, -0.514799], [-0.072748, -0.620115], [0.1588, -0.215347], [-0.075666, -0.366231], [0.090256, 0.064158], [-0.194733, -0.104113], [0.081671, 0.156239], [-0.234039, -0.017186]], "theta": [1.108005, 0.015787, 0.109462, 2.742853, 0.278617, -1.766818, -0.037044, 0.085749, -0.056071, -0.338455, 0.014519, -0.032051, 0.2692, -0.041658, 0.005658, 0.051095, -0.02001, -0.064904, 1.024037, 0.074397, 0.02445, -0.157374, -0.003542, -0.010554, -0.354171, 0.327239, 0.150011, -0.17168, -0.079909, 0.113115, 0.037407, 0.02738, -0.020189, -0.002658, 0.002062, 0.002192, 0.00213, 0.0037, -0.008234, -0.205062, -0.031754, -0.018157, 0.035332, 0.010741, -0.470044, -0.025862, 0.392651, 0.327348, -0.066587, -0.080096, 0.080701, 0.044279, -0.248799, -0.811444, 0.310424, 0.049158, 1.004803, -0.004191, -0.258096, 0.032197, 0.097697, 0.332943, -0.136739, 0.229658, -0.067792, 0.363365, 0.061517, 0.117774, -0.111515, 0.108654, 0.043394, -0.409309, 0.109574, -0.037393, 0.415984, 0.694902, -0.704191, -0.01134, -2.292915, 0.345837, 0.092461, 1.263949, -2.039989, 0.103626, 0.881438]}