{"hc3d": [[-0.000904, -0.218503, 0.038349], [0.080849, -0.315228, 0.03457], [-0.080862, -0.314631, 0.037232], [-0.003202, -0.103887, 0.004238], [0.085358, -0.712923, 0.010288], [-0.115616, -0.69514, 0.176704], [0.000733, 0.023256, 0.035433], [0.006124, -1.125296, -0.068752], [-0.124927, -1.04213, -0.073828], [0.000397, 0.070326, 0.074044], [0.089483, -1.144519, 0.040993], [-0.14781, -1.126887, 0.036051], [0.002007, 0.292412, 0.063439], [0.08772, 0.198791, 0.065696], [-0.083605, 0.199328, 0.051874], [0.006493, 0.353065, 0.110767], [0.189092, 0.194203, 0.059936], [-0.186668, 0.196266, 0.078076], [0.252489, -0.070687, 0.05395], [-0.246155, -0.054575, 0.006388], [0.306405, -0.295065, 0.180088], [-0.316379, -0.31174, 0.025594], [0.345163, -0.364105, 0.221917], [-0.336102, -0.39801, 0.021048]], "im2d": [[0.016495, -0.120821], [0.049533, 0.003115], [-0.025836, -0.035716], [0.058841, -0.246154], [0.045058, 0.434075], [-0.211964, 0.370918], [0.039031, -0.382151], [0.057062, 0.859927], [0.009734, 0.738815], [0.003568, -0.432335], [-0.017752, 0.90283], [-0.118108, 0.827523], [0.032322, -0.672546], [0.06129, -0.550902], [-0.001765, -0.5923], [-0.008715, -0.736101], [0.11234, -0.522087], [-0.074811, -0.61279], [0.126235, -0.220537], [-0.04875, -0.356933], [0.005626, 0.037796], [-0.119784, -0.094795], [-0.02456, 0.122593], [-0.130792, -0.006188]], "theta": [1.10804, 0.015791, 0.109462, 2.742857, 0.278614, -1.766824, 0.028461, 0.09945, -0.067304, -0.383433, 0.054493, 0.001708, 0.276754, -0.046113, -0.00667, 0.052352, 0.017988, -0.070319, 0.887842, 0.077223, 0.026114, -0.145002, -0.011975, 0.011, -0.410444, 0.311475, 0.169059, -0.244074, -0.073444, 0.078309, 0.038959, 0.013129, -0.010384, -0.003243, 0.002376, 0.002843, 0.002428, 0.004195, -0.009304, -0.212888, -0.003887, -0.048201, 0.040708, -0.01406, -0.417408, -0.008277, 0.416119, 0.351588, -0.085861, -0.101353, 0.081138, 0.066157, -0.366807, -0.827295, 0.249143, -0.028286, 1.028655, -0.027056, -0.363849, 0.062282, 0.018542, 0.173015, -0.120198, 0.265002, -0.084862, 0.353579, 0.00661, 0.040125, -0.012791, 0.108407, 0.042986, -0.408936, 0.108959, -0.035982, 0.415906, 0.694902, -0.704191, -0.01134, -2.292915, 0.345837, 0.092461, 1.263949, -2.039989, 0.103626, 0.881438]}