{"hc3d": [[-0.000864, -0.218303, 0.038585], [0.081026, -0.315003, 0.034934], [-0.080948, -0.314421, 0.037605], [-0.003155, -0.103756, 0.004373], [0.123903, -0.663577, 0.222708], [-0.143083, -0.696122, -0.087677], [-0.001446, 0.023727, 0.032792], [0.093845, -1.088627, 0.25272], [-0.123943, -1.051015, -0.326128], [-0.002229, 0.070913, 0.071217], [0.16674, -1.098407, 0.370807], [-0.148446, -1.134073, -0.21535], [-0.016333, 0.292504, 0.055743], [0.075388, 0.204647, 0.052921], [-0.096251, 0.193714, 0.053291], [-0.010104, 0.353286, 0.102631], [0.171107, 0.202678, 0.018726], [-0.197031, 0.182814, 0.085597], [0.239215, -0.040786, -0.082651], [-0.272831, -0.061681, 0.163539], [0.341678, -0.281125, -0.111597], [-0.241792, -0.232284, 0.366804], [0.397794, -0.348394, -0.130086], [-0.234919, -0.258575, 0.451155]], "im2d": [[0.015425, -0.08636], [0.01286, 0.041725], [0.005095, 0.001384], [0.065196, -0.21169], [-0.232938, 0.424652], [0.110033, 0.42263], [0.044893, -0.355863], [-0.308226, 0.88867], [0.348941, 0.843534], [0.005517, -0.411975], [-0.441651, 0.907162], [0.214052, 0.920632], [0.043693, -0.66115], [0.041309, -0.540601], [0.034794, -0.57026], [-0.003841, -0.731443], [0.082935, -0.512139], [-0.006044, -0.585443], [0.177522, -0.215354], [-0.120265, -0.338016], [0.190828, 0.080078], [-0.36725, -0.157742], [0.207205, 0.170347], [-0.465715, -0.13402]], "theta": [1.144542, 0.014341, 0.14285, 2.315015, 0.334866, -2.236119, -0.515607, -0.061969, 0.040731, 0.267189, -0.087148, -0.074503, 0.258273, 0.017899, 0.016482, 0.320081, 0.046085, -0.082064, 0.193804, 0.288852, 0.104294, -0.131613, -0.016624, 0.032394, -0.182631, 0.359099, 0.153931, -0.238896, -0.16662, 0.06447, 0.022545, 0.045743, -0.00025, -0.000944, 0.001079, 0.000889, 0.001587, 0.001806, -0.0052, -0.184046, 0.064793, -0.031264, 0.003032, 0.179872, -0.486889, -0.000498, 0.393492, 0.370715, -0.017183, 0.019751, 0.033418, 0.129689, -0.042474, -0.787208, 0.264636, 0.425436, 0.62036, -0.100682, -0.146394, 0.010026, 0.046347, 0.550064, -0.141876, 0.287805, -0.071918, 0.413518, 0.305279, 0.258413, -0.470893, 0.110228, 0.043932, -0.412428, 0.111577, -0.038245, 0.417338, 0.69059, -0.733027, -0.020541, -2.309642, 0.337494, 0.072631, 1.234022, -2.00949, 0.085054, 0.881133]}