{"hc3d": [[-0.000864, -0.218303, 0.038585], [0.081026, -0.315003, 0.034934], [-0.080948, -0.314421, 0.037605], [-0.003155, -0.103756, 0.004373], [0.102673, -0.712655, 0.032534], [-0.155779, -0.69511, 0.158964], [-0.000226, 0.024217, 0.030389], [0.043399, -1.127778, -0.048899], [-0.09767, -1.033862, -0.096074], [-1e-06, 0.071216, 0.06905], [0.119646, -1.163592, 0.061816], [-0.150059, -1.139657, -0.019695], [-0.001063, 0.293114, 0.051704], [0.085501, 0.200131, 0.051324], [-0.086458, 0.199044, 0.04839], [0.00394, 0.352569, 0.100406], [0.18503, 0.187636, 0.034793], [-0.189213, 0.191494, 0.07491], [0.264491, -0.071409, 0.007003], [-0.267557, -0.06417, 0.065096], [0.330494, -0.315973, 0.077226], [-0.357713, -0.310951, 0.113642], [0.370112, -0.392916, 0.100163], [-0.386034, -0.394253, 0.124235]], "im2d": [[0.015457, -0.086372], [0.012897, 0.04174], [0.005131, 0.001387], [0.065232, -0.211729], [-0.021304, 0.490686], [-0.171457, 0.397248], [0.047741, -0.355971], [0.030592, 0.946201], [0.08911, 0.811148], [0.008097, -0.411658], [-0.096813, 0.995189], [-0.00954, 0.909787], [0.048817, -0.657886], [0.043016, -0.533061], [0.04119, -0.573504], [-0.00096, -0.727165], [0.063623, -0.493448], [0.007202, -0.59241], [0.07318, -0.182802], [-0.008075, -0.325539], [-0.028073, 0.099977], [-0.089419, -0.076479], [-0.060335, 0.193464], [-0.110207, 0.008606]], "theta": [1.144768, 0.014366, 0.142853, 2.315046, 0.334842, -2.236161, -0.027396, 0.075147, -0.027132, -0.355684, -0.083792, -0.079365, 0.238591, -0.021003, 0.003741, 0.107144, 0.005526, -0.06693, 0.892388, -0.002761, 0.111967, -0.106687, 0.003985, 0.01358, -0.275828, 0.310828, 0.109495, -0.085599, -0.203739, 0.175492, 0.009706, 0.035917, -0.024753, -0.003011, 0.002439, 0.002047, 0.002096, 0.004288, -0.009051, -0.154472, 0.019511, -0.001577, 0.026841, 0.015267, -0.507096, -0.024947, 0.36233, 0.401964, -0.004758, -0.016766, 0.035064, 0.096954, -0.256947, -0.7031, 0.218558, 0.112928, 0.834906, 0.04565, -0.238761, -0.052364, -0.005779, 0.056113, -0.071779, 0.267636, -0.101276, 0.318719, 0.080505, 0.083136, -0.056653, 0.10806, 0.043333, -0.408303, 0.1087, -0.037988, 0.415442, 0.69059, -0.733027, -0.020541, -2.309642, 0.337494, 0.072631, 1.234022, -2.00949, 0.085054, 0.881133]}