{"hc3d": [[-0.000864, -0.218303, 0.038585], [0.081026, -0.315003, 0.034934], [-0.080948, -0.314421, 0.037605], [-0.003155, -0.103756, 0.004373], [0.085457, -0.701039, -0.06283], [-0.132949, -0.662083, 0.241759], [-9.6e-05, 0.023697, 0.032814], [0.035106, -1.108944, -0.179237], [-0.106621, -1.08859, 0.217837], [-0.002804, 0.07022, 0.071953], [0.101824, -1.150654, -0.064507], [-0.145185, -1.131094, 0.3462], [-0.009698, 0.292646, 0.067447], [0.07957, 0.202255, 0.066913], [-0.091805, 0.196638, 0.053543], [-0.001132, 0.348186, 0.120112], [0.180851, 0.205606, 0.058776], [-0.194891, 0.181563, 0.075108], [0.296105, -0.041182, 0.060431], [-0.272734, -0.072999, 0.047964], [0.313609, -0.252223, 0.216171], [-0.334675, -0.322591, 0.120441], [0.338481, -0.307006, 0.282474], [-0.35506, -0.407304, 0.136614]], "im2d": [[0.015458, -0.086373], [0.012898, 0.04174], [0.005132, 0.001387], [0.065234, -0.21173], [0.088048, 0.481752], [-0.26209, 0.358854], [0.044931, -0.355571], [0.180779, 0.934406], [-0.274334, 0.842978], [0.004611, -0.411484], [0.047956, 0.987303], [-0.425885, 0.869928], [0.030565, -0.660829], [0.025263, -0.538222], [0.034929, -0.572572], [-0.023998, -0.725215], [0.037846, -0.516576], [0.00587, -0.582741], [0.016036, -0.213408], [0.010478, -0.315483], [-0.18101, 0.012804], [-0.097594, -0.05847], [-0.261072, 0.074252], [-0.124645, 0.029643]], "theta": [1.144777, 0.014367, 0.142854, 2.315046, 0.334841, -2.236162, 0.216145, 0.081417, -0.061165, -0.562552, 0.040444, -0.044322, 0.256147, -0.07244, -0.002129, -0.057116, -0.076086, -0.021223, 0.495448, -0.002664, 0.086597, -0.111438, 0.009429, 0.04539, -0.295373, 0.296672, 0.105483, -0.053808, -0.164478, 0.12105, 0.05703, 0.027758, -0.015828, -0.000817, 0.000984, -0.000205, 0.001791, 0.002066, -0.005794, -0.140601, 0.095438, -0.07955, 0.015764, 0.009464, -0.381879, 0.022059, 0.378059, 0.425555, -0.021034, 0.017014, 0.002429, 0.122689, -0.403057, -0.691496, 0.18173, 0.116126, 0.768812, 0.191303, -0.579195, -0.079843, 0.002993, 0.250089, -0.061528, 0.348135, -0.153563, 0.44632, 0.023125, 0.047321, -0.059849, 0.110541, 0.04428, -0.412127, 0.110886, -0.038304, 0.417072, 0.69059, -0.733027, -0.020541, -2.309642, 0.337494, 0.072631, 1.234022, -2.00949, 0.085054, 0.881133]}