{"hc3d": [[-0.000864, -0.218303, 0.038585], [0.081026, -0.315003, 0.034934], [-0.080948, -0.314421, 0.037605], [-0.003155, -0.103756, 0.004373], [0.115302, -0.699192, -0.064188], [-0.099373, -0.684562, 0.204663], [0.001465, 0.025121, 0.025153], [0.075977, -1.00951, -0.355098], [-0.073833, -1.109898, 0.244798], [-0.003527, 0.06962, 0.066366], [0.152017, -1.094739, -0.275675], [-0.095524, -1.145749, 0.379018], [-0.009027, 0.292129, 0.065782], [0.079609, 0.201219, 0.070095], [-0.090318, 0.196916, 0.043902], [-0.008348, 0.348094, 0.11869], [0.181158, 0.196413, 0.069935], [-0.196172, 0.188047, 0.049832], [0.296849, -0.05017, 0.071696], [-0.270418, -0.054579, -0.035131], [0.303381, -0.25319, 0.238547], [-0.36983, -0.302346, -0.045817], [0.318363, -0.310687, 0.305522], [-0.414018, -0.378773, -0.053559]], "im2d": [[0.015459, -0.086373], [0.012899, 0.04174], [0.005133, 0.001387], [0.065234, -0.211731], [0.090652, 0.487084], [-0.220917, 0.3953], [0.05385, -0.35612], [0.391949, 0.84862], [-0.30613, 0.872411], [0.010904, -0.410511], [0.295555, 0.955363], [-0.463235, 0.89555], [0.032435, -0.659947], [0.021538, -0.537333], [0.045995, -0.571691], [-0.022598, -0.72675], [0.024261, -0.507211], [0.035273, -0.588108], [0.002362, -0.204174], [0.107056, -0.328306], [-0.206923, 0.009464], [0.092899, -0.075299], [-0.288299, 0.07147], [0.093203, -0.000169]], "theta": [1.14478, 0.014367, 0.142854, 2.315047, 0.334841, -2.236162, 0.215788, 0.095785, 0.016934, -0.456181, 0.077178, 0.036534, 0.195072, -0.100061, -0.013632, 0.420244, -0.0274, -0.02849, 0.232872, 0.177631, 0.041988, 0.000332, -0.020548, 0.058344, -0.309715, 0.326049, 0.069134, 0.038296, -0.272144, 0.150734, 0.025532, 0.010592, -0.015306, -0.0018, 0.001425, 0.00105, 0.002221, 0.002848, -0.007252, -0.168141, 0.012866, -0.06955, 0.040511, -0.008117, -0.457503, 0.01661, 0.295339, 0.384343, 0.005763, 0.050574, 0.046392, 0.116903, -0.381008, -0.608863, 0.205185, -0.016827, 0.853147, 0.154563, -0.642252, -0.032861, -0.138104, 0.143235, -0.083947, 0.322873, -0.166215, 0.350217, -0.08051, 0.039225, -0.251336, 0.11007, 0.043486, -0.411947, 0.109847, -0.037633, 0.416956, 0.69059, -0.733027, -0.020541, -2.309642, 0.337494, 0.072631, 1.234022, -2.00949, 0.085054, 0.881133]}