{"hc3d": [[-0.000876, -0.21868, 0.03861], [0.081049, -0.315476, 0.034966], [-0.080999, -0.314887, 0.037634], [-0.003169, -0.103982, 0.004319], [0.095846, -0.713619, 0.032075], [-0.181298, -0.674351, 0.199362], [-0.003, 0.025043, 0.026355], [0.0398, -1.133348, -0.025676], [-0.09431, -0.970312, -0.09762], [-0.001617, 0.072993, 0.063945], [0.097385, -1.163769, 0.09734], [-0.158067, -1.080814, -0.038306], [-0.005108, 0.295256, 0.049922], [0.082014, 0.202876, 0.043816], [-0.089933, 0.200497, 0.04953], [0.003332, 0.347573, 0.105917], [0.181499, 0.195299, 0.02418], [-0.190592, 0.192341, 0.083122], [0.265929, -0.059145, -0.024067], [-0.26453, -0.063928, 0.104616], [0.300885, -0.313858, 0.030981], [-0.319956, -0.30467, 0.206478], [0.33361, -0.394009, 0.053913], [-0.339534, -0.384963, 0.238511]], "im2d": [[0.015718, -0.09703], [-0.013632, 0.030879], [0.040388, -0.01167], [0.058929, -0.219233], [-0.034348, 0.472799], [-0.115908, 0.336647], [0.041113, -0.363936], [0.028038, 0.927473], [0.160439, 0.723258], [0.002276, -0.421225], [-0.126453, 0.959571], [0.113583, 0.820633], [0.029055, -0.664655], [0.000745, -0.539947], [0.054811, -0.582169], [-0.031932, -0.727348], [-0.013318, -0.503535], [0.053479, -0.603413], [-0.00276, -0.195811], [0.044214, -0.343427], [-0.086407, 0.085991], [-0.057617, -0.106294], [-0.126413, 0.179502], [-0.0891, -0.027231]], "theta": [1.136551, 0.014706, 0.133308, 1.908551, 0.371926, -2.612611, -0.022414, 0.024664, -0.045279, -0.471342, -0.100179, -0.138297, 0.207609, 0.00284, 0.026957, 0.032793, -0.10757, -0.068768, 1.169344, -0.086941, 0.139106, -0.098083, 0.010607, -0.012445, -0.258751, 0.319209, 0.102436, -0.133993, -0.1883, 0.115371, 0.046516, 0.05494, -0.02024, -0.003134, 0.002229, 0.00295, 0.002501, 0.0041, -0.009714, -0.033981, -0.01218, -0.041105, 0.04756, 0.003439, -0.466579, -0.031261, 0.382773, 0.394555, 0.067875, -0.013161, 0.025969, 0.16162, -0.247864, -0.72724, 0.166704, 0.193027, 0.793537, 0.2238, -0.299834, -0.150152, 0.024799, 0.180122, -0.055627, 0.259343, -0.090429, 0.362992, 0.079495, 0.096913, -0.106397, 0.108673, 0.042612, -0.409853, 0.109105, -0.035996, 0.416435, 0.699885, -0.728028, 0.013678, -2.301536, 0.331363, 0.073071, 1.242662, -2.025965, 0.084038, 0.886562]}