{"hc3d": [[-0.000876, -0.21868, 0.03861], [0.081049, -0.315476, 0.034966], [-0.080999, -0.314887, 0.037634], [-0.003169, -0.103982, 0.004319], [0.097293, -0.711208, -0.008364], [-0.163199, -0.661859, 0.233297], [0.002454, 0.024923, 0.026342], [0.035078, -1.106931, -0.157295], [-0.126929, -1.088321, 0.220184], [0.002023, 0.071492, 0.065653], [0.083153, -1.16364, -0.03962], [-0.194841, -1.136739, 0.333487], [0.00701, 0.293954, 0.075405], [0.091389, 0.199022, 0.069981], [-0.079911, 0.203502, 0.054479], [0.00528, 0.348603, 0.129759], [0.19271, 0.190575, 0.068235], [-0.185983, 0.207325, 0.062301], [0.31054, -0.055009, 0.066652], [-0.28211, -0.03008, -0.015164], [0.300731, -0.280117, 0.202155], [-0.430726, -0.24959, -0.04883], [0.312663, -0.33375, 0.272881], [-0.476848, -0.322288, -0.069902]], "im2d": [[0.015841, -0.097079], [-0.013502, 0.030931], [0.040552, -0.011671], [0.059052, -0.219376], [0.009185, 0.476175], [-0.158215, 0.323376], [0.039281, -0.362642], [0.173558, 0.915085], [-0.176651, 0.803618], [-0.000884, -0.419134], [0.026852, 0.974423], [-0.277512, 0.824626], [-0.002809, -0.663894], [-0.031004, -0.537071], [0.046118, -0.583951], [-0.0584, -0.731578], [-0.065093, -0.501536], [0.075093, -0.616415], [-0.116206, -0.200873], [0.181514, -0.369754], [-0.269698, 0.026552], [0.259863, -0.161989], [-0.352826, 0.079369], [0.295448, -0.091087]], "theta": [1.137359, 0.014804, 0.133326, 1.908696, 0.371806, -2.612808, 0.08225, -0.020577, -0.043601, -0.558641, -0.081907, -0.092573, 0.206973, -0.016849, -0.016175, 0.1458, -0.064738, -0.095567, 0.478619, 0.004721, 0.121977, -0.061709, -0.019929, 0.033406, -0.271744, 0.264427, 0.085675, -0.040054, -0.337159, 0.175656, 0.116773, -0.02109, -0.04055, -0.003156, 0.002283, 0.00264, 0.002045, 0.00418, -0.009036, -0.180357, -0.079791, -0.000814, 0.025397, -0.057098, -0.432784, -0.032615, 0.243413, 0.319721, 0.065958, 0.014933, 0.044374, 0.135841, -0.381557, -0.562254, 0.078189, -0.040019, 0.865221, 0.240008, -0.590582, -0.148712, -0.515722, 0.060177, -0.151956, 0.325335, -0.240809, 0.540018, -0.327003, -0.006229, -0.151955, 0.109597, 0.042125, -0.412397, 0.108762, -0.036864, 0.415986, 0.699885, -0.728028, 0.013678, -2.301536, 0.331363, 0.073071, 1.242662, -2.025965, 0.084038, 0.886562]}