{"hc3d": [[-0.000876, -0.21868, 0.03861], [0.081049, -0.315476, 0.034966], [-0.080999, -0.314887, 0.037634], [-0.003169, -0.103982, 0.004319], [0.138187, -0.709304, 0.015474], [-0.142412, -0.689498, 0.183665], [0.001181, 0.026223, 0.016997], [0.082352, -0.960243, -0.325936], [-0.112222, -1.116634, 0.182504], [-0.001249, 0.071487, 0.057734], [0.15265, -1.053295, -0.24995], [-0.168518, -1.159276, 0.304184], [-0.000303, 0.294029, 0.066871], [0.08573, 0.200437, 0.066419], [-0.08452, 0.20214, 0.0416], [-0.008897, 0.346737, 0.122476], [0.186856, 0.191514, 0.072265], [-0.190777, 0.207994, 0.043079], [0.299932, -0.05545, 0.051754], [-0.291642, -0.021819, -0.049738], [0.252481, -0.24424, 0.228496], [-0.454591, -0.232233, -0.073782], [0.246428, -0.295988, 0.301342], [-0.517207, -0.291644, -0.093929]], "im2d": [[0.015872, -0.097093], [-0.01347, 0.030944], [0.040593, -0.011671], [0.059085, -0.219416], [-0.030801, 0.48156], [-0.113131, 0.365694], [0.049913, -0.363242], [0.346191, 0.788036], [-0.142362, 0.843644], [0.008838, -0.419007], [0.235027, 0.898548], [-0.256108, 0.860192], [0.008987, -0.664858], [-0.025101, -0.539709], [0.061609, -0.582061], [-0.04565, -0.732343], [-0.067356, -0.504683], [0.097606, -0.615986], [-0.096398, -0.201186], [0.222671, -0.376846], [-0.279574, -0.028742], [0.296104, -0.183998], [-0.358602, 0.01712], [0.337112, -0.132064]], "theta": [1.137577, 0.014829, 0.13333, 1.908725, 0.371782, -2.612849, 0.020565, 0.003204, 0.061218, -0.415649, -0.064432, -0.046275, 0.134196, -0.040664, -0.006478, 0.795215, 0.017536, -0.149779, 0.294072, 0.139, 0.108176, 0.04351, -0.052764, 0.022649, -0.410982, 0.310406, 0.127641, -0.040169, -0.371473, 0.147776, 0.082134, -0.016117, -0.018235, -0.003507, 0.002441, 0.002507, 0.002101, 0.004414, -0.009525, -0.141126, -0.172308, -0.024648, 0.041109, -0.080331, -0.447944, -0.035621, 0.230788, 0.287041, 0.082118, 0.084784, 0.065221, 0.181051, -0.311553, -0.615411, 0.093614, -0.087492, 0.846281, 0.190644, -0.883518, -0.004966, -0.463881, 0.163166, -0.178497, 0.288237, -0.19959, 0.358205, -0.276665, 0.030013, -0.324405, 0.108915, 0.04304, -0.410241, 0.108277, -0.03683, 0.416441, 0.699885, -0.728028, 0.013678, -2.301536, 0.331363, 0.073071, 1.242662, -2.025965, 0.084038, 0.886562]}