{"hc3d": [[-0.00083, -0.218116, 0.038741], [0.081322, -0.314924, 0.035022], [-0.081159, -0.314351, 0.037746], [-0.003118, -0.103573, 0.004603], [0.069096, -0.704557, 0.116359], [-0.14952, -0.710881, 0.095736], [-0.00155, 0.026139, 0.019185], [0.041589, -1.121194, 0.025898], [-0.094205, -0.947919, -0.256369], [-0.000846, 0.071726, 0.059559], [0.077374, -1.162538, 0.153739], [-0.15745, -1.062013, -0.204121], [-0.011717, 0.293983, 0.051101], [0.078333, 0.204762, 0.04276], [-0.093235, 0.196569, 0.04854], [-0.001893, 0.345806, 0.106928], [0.178747, 0.194624, 0.031259], [-0.188702, 0.177327, 0.09101], [0.27759, -0.052263, -0.027664], [-0.237515, -0.073122, 0.171713], [0.265625, -0.288874, 0.086109], [-0.255755, -0.303053, 0.306438], [0.273876, -0.365422, 0.131664], [-0.26857, -0.366759, 0.36659]], "im2d": [[0.010983, -0.112185], [-0.047997, -5e-06], [0.063907, -0.016132], [0.046026, -0.230782], [-0.124325, 0.406333], [0.046047, 0.395591], [0.038676, -0.372008], [-0.048785, 0.863848], [0.288273, 0.703776], [0.00678, -0.426467], [-0.181706, 0.894051], [0.284278, 0.813298], [0.031418, -0.665123], [-0.028939, -0.559724], [0.086423, -0.567699], [-0.019408, -0.727555], [-0.090402, -0.537897], [0.117429, -0.56175], [-0.122115, -0.255329], [0.073588, -0.308283], [-0.218619, -0.017837], [-0.035568, -0.081429], [-0.265603, 0.058924], [-0.079271, -0.022433]], "theta": [1.087192, 0.010932, 0.114928, 1.331338, 0.239206, -2.862617, -0.23021, -0.151903, -0.100114, -0.195382, -0.100844, -0.06828, 0.152938, 0.045835, 0.016804, 0.313151, -0.087055, -0.012688, 1.062723, 0.017013, 0.062708, 0.011439, -0.015544, 0.027271, -0.21281, 0.307136, 0.115198, -0.196351, -0.222781, 0.057599, 0.017645, 0.044021, -0.013837, -0.00172, 0.001082, 0.001863, 0.002336, 0.003039, -0.008294, -0.05623, -0.007527, -0.091582, 0.031327, -0.093937, -0.511301, -0.046619, 0.489478, 0.452983, 0.150808, -0.014055, -0.007604, 0.217089, -0.171105, -0.673112, 0.112747, 0.337405, 0.638166, 0.337233, -0.662589, -0.140675, 0.007495, 0.134521, 0.01399, 0.287717, -0.133562, 0.286343, 0.102358, 0.202173, -0.335876, 0.109527, 0.044137, -0.409817, 0.11018, -0.036806, 0.418122, 0.686029, -0.737751, 0.00114, -2.357309, 0.353295, 0.117165, 1.22692, -2.058239, 0.119931, 0.890522]}