{"hc3d": [[-0.000766, -0.218724, 0.039729], [0.081973, -0.31572, 0.036555], [-0.081699, -0.315162, 0.039273], [-0.003033, -0.103841, 0.004733], [0.075773, -0.691154, -0.092565], [-0.131303, -0.564915, 0.354748], [0.000686, 0.024293, 0.02752], [0.029384, -0.955567, -0.423841], [-0.065175, -0.980854, 0.426918], [0.000577, 0.068758, 0.069475], [0.068647, -1.063777, -0.345835], [-0.133478, -1.044257, 0.532202], [0.002084, 0.291677, 0.082559], [0.088191, 0.198244, 0.073576], [-0.084272, 0.199982, 0.062839], [0.001776, 0.333627, 0.14658], [0.189288, 0.187379, 0.065865], [-0.18989, 0.18836, 0.072355], [0.308037, -0.055481, 0.037006], [-0.27512, -0.061188, 0.028314], [0.241415, -0.223852, 0.227127], [-0.348684, -0.292538, 0.138955], [0.245504, -0.259824, 0.309124], [-0.381527, -0.367735, 0.172778]], "im2d": [[0.01983, -0.093978], [-0.046846, 0.029147], [0.082112, 0.004027], [0.054627, -0.218731], [0.05503, 0.479103], [-0.151063, 0.223724], [0.036463, -0.368195], [0.362514, 0.833532], [-0.277647, 0.693802], [0.002658, -0.426457], [0.262104, 0.948292], [-0.313355, 0.736828], [-0.002638, -0.682385], [-0.067021, -0.561767], [0.080334, -0.587073], [-0.05491, -0.741824], [-0.141931, -0.533176], [0.156655, -0.591055], [-0.220409, -0.234052], [0.254277, -0.311457], [-0.332038, -0.086707], [0.213075, -0.078986], [-0.405362, -0.060062], [0.208643, -0.004344]], "theta": [1.162102, 0.017829, 0.137855, 1.255875, 0.310953, -2.922421, 0.299658, 0.057532, -0.088711, -0.935775, 0.021469, -0.041802, 0.217464, -0.053138, -0.005092, 0.469636, -0.157233, -0.032481, 0.662776, -0.258199, 0.063346, -0.026033, 0.013931, 0.010923, -0.327782, 0.287801, -0.027377, 0.23074, -0.30294, 0.124069, 0.090681, 0.011489, -0.021184, -0.001459, 0.000499, 0.002218, 0.00247, 0.001924, -0.007254, 0.001956, -0.108771, -0.058014, 0.04537, -0.04036, -0.483987, -0.012326, 0.26253, 0.443635, 0.133688, -0.037405, 0.039879, 0.161866, -0.342438, -0.542938, 0.154199, 0.149928, 0.754479, 0.151072, -1.04442, -0.129865, -0.318604, 0.472403, -0.0878, 0.249518, -0.182248, 0.56687, -0.317116, 0.079378, -0.235796, 0.111112, 0.044182, -0.411822, 0.111165, -0.036329, 0.419966, 0.690006, -0.874289, 0.003964, -2.36226, 0.343925, 0.059548, 1.236217, -2.070895, 0.078023, 0.854033]}