{"hc3d": [[-0.000766, -0.218724, 0.039729], [0.081973, -0.31572, 0.036555], [-0.081699, -0.315162, 0.039273], [-0.003033, -0.103841, 0.004733], [0.077734, -0.642212, 0.262487], [-0.178769, -0.700533, -0.040904], [-0.003152, 0.025564, 0.019072], [0.078352, -1.059461, 0.350314], [-0.154028, -1.081833, -0.232176], [0.001063, 0.072593, 0.057904], [0.070107, -1.057533, 0.489109], [-0.23427, -1.140148, -0.132524], [0.007359, 0.295645, 0.066542], [0.090541, 0.200617, 0.04995], [-0.082012, 0.205113, 0.058124], [0.007694, 0.333383, 0.133133], [0.189625, 0.186096, 0.030729], [-0.184097, 0.203298, 0.089049], [0.277032, -0.056536, -0.055324], [-0.300631, -0.034374, 0.126598], [0.276309, -0.314839, -0.008286], [-0.361785, -0.235934, 0.290334], [0.286651, -0.399099, 0.020481], [-0.392366, -0.295741, 0.348345]], "im2d": [[0.020588, -0.094207], [-0.046141, 0.029515], [0.083273, 0.004076], [0.055318, -0.219506], [-0.243034, 0.361116], [0.217804, 0.444627], [0.047091, -0.37002], [-0.329885, 0.82218], [0.34824, 0.918739], [0.012289, -0.430177], [-0.44038, 0.793613], [0.326962, 0.955421], [0.006452, -0.685736], [-0.049248, -0.561768], [0.082822, -0.594015], [-0.048938, -0.74088], [-0.113169, -0.526973], [0.138798, -0.612705], [-0.117938, -0.221096], [0.193911, -0.365175], [-0.164623, 0.065494], [0.09898, -0.17355], [-0.199696, 0.158122], [0.072859, -0.120244]], "theta": [1.166672, 0.018413, 0.137976, 1.25685, 0.310119, -2.923758, -0.611986, -0.416938, 0.026869, 0.129914, -0.190509, -0.171055, 0.154661, 0.112468, 0.031733, 0.272852, -0.07994, -0.05807, 0.221762, 0.150893, 0.143718, -0.02536, -0.039995, -0.026798, -0.10677, 0.216709, 0.062121, -0.262673, -0.334814, 0.019507, 0.136252, 0.00305, -0.041307, 0.000594, 0.000271, -0.001574, 0.001407, 0.001401, -0.004373, 0.091607, -0.209292, -0.031056, 0.055083, -0.037385, -0.504214, -0.054429, 0.344127, 0.351299, 0.297138, -0.135727, 0.071015, 0.226522, -0.196593, -0.641874, 0.041367, 0.227925, 0.645332, 0.321139, -0.478224, -0.179376, -0.206467, 0.429884, -0.025041, 0.33136, -0.197785, 0.316219, -0.06503, 0.125648, -0.269674, 0.111523, 0.045088, -0.413735, 0.111263, -0.040252, 0.418248, 0.690006, -0.874289, 0.003964, -2.36226, 0.343925, 0.059548, 1.236217, -2.070895, 0.078023, 0.854033]}