{"hc3d": [[-0.000766, -0.218724, 0.039729], [0.081973, -0.31572, 0.036555], [-0.081699, -0.315162, 0.039273], [-0.003033, -0.103841, 0.004733], [0.080614, -0.692259, 0.162558], [-0.163031, -0.711866, 0.058585], [-0.003613, 0.026156, 0.011931], [0.038289, -1.104062, 0.060394], [-0.132623, -0.897627, -0.325023], [-0.001757, 0.071843, 0.05251], [0.090817, -1.140957, 0.183745], [-0.19553, -1.017076, -0.285721], [-0.002606, 0.295128, 0.049409], [0.083997, 0.202114, 0.040864], [-0.088797, 0.201424, 0.042713], [-0.001822, 0.331795, 0.116592], [0.183727, 0.189097, 0.024054], [-0.19029, 0.191547, 0.074057], [0.278598, -0.058338, -0.036696], [-0.281823, -0.057516, 0.106733], [0.284407, -0.310997, 0.034457], [-0.332622, -0.290427, 0.226515], [0.287122, -0.396235, 0.062051], [-0.357679, -0.360647, 0.274666]], "im2d": [[0.02059, -0.094208], [-0.04614, 0.029516], [0.083277, 0.004076], [0.055321, -0.219509], [-0.162443, 0.436852], [0.120815, 0.441904], [0.053511, -0.369477], [-0.054168, 0.919733], [0.414805, 0.728215], [0.019092, -0.428769], [-0.20166, 0.947362], [0.428746, 0.848275], [0.028922, -0.683534], [-0.036267, -0.562814], [0.101187, -0.588026], [-0.027361, -0.737494], [-0.102701, -0.530078], [0.156099, -0.597489], [-0.134978, -0.222181], [0.194878, -0.33234], [-0.207116, 0.054567], [0.127809, -0.09538], [-0.23509, 0.147393], [0.105262, -0.027565]], "theta": [1.166691, 0.018415, 0.137976, 1.256852, 0.310118, -2.923761, -0.345743, -0.169936, -0.061158, -0.104855, -0.119191, -0.106606, 0.099045, 0.068559, 0.031899, 0.447392, 0.021334, -0.078682, 1.105979, 0.12812, 0.058649, 0.062946, -0.047307, -0.012911, -0.278898, 0.351645, 0.147064, -0.202986, -0.259429, 0.073867, 0.047663, 0.021977, -0.024588, -0.002563, 0.0019, 0.002285, 0.002039, 0.003746, -0.008514, 0.156805, -0.202052, -0.104967, 0.05535, -0.020554, -0.516196, -0.080415, 0.397556, 0.406439, 0.346161, -0.144127, 0.010468, 0.173777, -0.22532, -0.63365, 0.160692, 0.197863, 0.694062, 0.269111, -0.469077, -0.202956, -0.12034, 0.25924, 0.00919, 0.141665, -0.206213, 0.172349, -0.136027, 0.16791, -0.273805, 0.10919, 0.042878, -0.411302, 0.108852, -0.037269, 0.416343, 0.690006, -0.874289, 0.003964, -2.36226, 0.343925, 0.059548, 1.236217, -2.070895, 0.078023, 0.854033]}