{"hc3d": [[-0.000766, -0.218724, 0.039729], [0.081973, -0.31572, 0.036555], [-0.081699, -0.315162, 0.039273], [-0.003033, -0.103841, 0.004733], [0.070927, -0.71259, 0.042254], [-0.167846, -0.660718, 0.233004], [-0.000401, 0.024679, 0.0254], [0.001893, -1.118527, -0.068471], [-0.103374, -0.95651, -0.068553], [-0.001049, 0.069162, 0.067331], [0.047383, -1.160943, 0.055897], [-0.174662, -1.059575, -0.004791], [0.003527, 0.292285, 0.075175], [0.088368, 0.197461, 0.069249], [-0.083941, 0.201375, 0.056766], [0.002223, 0.326653, 0.143555], [0.189065, 0.18165, 0.066391], [-0.187983, 0.194095, 0.079197], [0.283694, -0.070676, 0.030443], [-0.283489, -0.054589, 0.05655], [0.268119, -0.304906, 0.148032], [-0.354639, -0.299533, 0.134754], [0.280322, -0.375625, 0.201736], [-0.375712, -0.381838, 0.160425]], "im2d": [[0.020591, -0.094208], [-0.046139, 0.029516], [0.083277, 0.004076], [0.055321, -0.219509], [-0.053667, 0.480441], [-0.02108, 0.351138], [0.039512, -0.369752], [0.083499, 0.954202], [0.173007, 0.753406], [0.00593, -0.428284], [-0.05935, 0.986911], [0.173518, 0.849065], [0.002148, -0.684041], [-0.063886, -0.561988], [0.085413, -0.589795], [-0.053532, -0.7359], [-0.142959, -0.528443], [0.149977, -0.60099], [-0.196126, -0.219484], [0.238676, -0.326844], [-0.289726, 0.024614], [0.222734, -0.071622], [-0.346956, 0.097527], [0.215609, 0.014668]], "theta": [1.166692, 0.018415, 0.137976, 1.256852, 0.310118, -2.923761, -0.042287, -0.072821, -0.10999, -0.555942, -0.072911, -0.10686, 0.201931, -0.021654, 0.005559, 0.170559, -0.04628, -0.058111, 1.249834, -0.082139, 0.073157, -0.010969, -0.016893, 0.014435, -0.30631, 0.291698, 0.070984, -0.173624, -0.221956, 0.073971, 0.066756, -0.003142, -0.04328, -0.001869, 0.001441, 0.00109, 0.001877, 0.003318, -0.00772, 0.139031, -0.162425, -0.112428, 0.010979, -0.088049, -0.502827, -0.041339, 0.389947, 0.39144, 0.260451, -0.163916, 0.017067, 0.120679, -0.240127, -0.627005, 0.132263, 0.102927, 0.768376, 0.179326, -0.591834, -0.175313, -0.198212, 0.283157, 0.001919, 0.065643, -0.201855, 0.416578, -0.370044, 0.111856, -0.110501, 0.109486, 0.043761, -0.410453, 0.109409, -0.037736, 0.416793, 0.690006, -0.874289, 0.003964, -2.36226, 0.343925, 0.059548, 1.236217, -2.070895, 0.078023, 0.854033]}