{"hc3d": [[-0.00091, -0.218355, 0.038314], [0.080854, -0.315029, 0.03451], [-0.080879, -0.314433, 0.037182], [-0.003205, -0.103847, 0.004273], [0.070911, -0.69436, 0.154501], [-0.077683, -0.716493, -0.02104], [0.006264, 0.023256, 0.034193], [0.003234, -1.114697, 0.126923], [-0.107988, -1.025399, -0.314898], [0.012441, 0.069893, 0.072798], [0.062865, -1.119031, 0.252366], [-0.133679, -1.116638, -0.211272], [0.00763, 0.291264, 0.055503], [0.09378, 0.198986, 0.043492], [-0.076642, 0.196845, 0.063947], [0.013886, 0.354002, 0.099739], [0.185563, 0.183392, 0.003023], [-0.178952, 0.189059, 0.091455], [0.190473, -0.022497, -0.174665], [-0.240025, -0.070546, 0.106872], [0.328576, -0.168748, -0.005899], [-0.158999, -0.166065, 0.342478], [0.397538, -0.206598, 0.036593], [-0.149292, -0.179502, 0.429374]], "im2d": [[0.008498, -0.10105], [0.093883, 0.010451], [-0.076169, 0.000206], [0.021083, -0.231956], [0.031058, 0.443897], [-0.056708, 0.438207], [0.021431, -0.368396], [-0.035693, 0.901455], [0.020343, 0.742814], [0.0137, -0.414977], [-0.02195, 0.924961], [-0.048031, 0.854618], [0.01888, -0.662249], [0.112094, -0.556327], [-0.07396, -0.561943], [0.009311, -0.725962], [0.223418, -0.538312], [-0.191645, -0.556293], [0.293987, -0.331569], [-0.265564, -0.270986], [0.370732, -0.141054], [-0.273511, -0.132067], [0.425771, -0.089856], [-0.297184, -0.106176]], "theta": [1.114468, 0.008535, 0.127684, 3.206313, 0.057477, -0.572744, -0.335863, 0.052504, -0.116761, 0.107188, 0.002153, 0.104137, 0.274644, 0.119693, -0.033168, 0.277571, -0.134269, -0.040326, 0.542078, 0.098311, -0.160539, -0.134963, -0.014648, 0.012279, -0.420079, 0.348034, 0.071515, -0.286035, -0.062674, 0.00336, -0.002489, 0.050658, 0.001971, -0.005081, 0.002826, 0.007434, 0.001612, 0.003834, -0.009599, -0.221712, -0.129439, -0.032899, 0.073702, 0.126211, -0.57332, -0.07476, 0.24128, 0.412577, -0.131217, -0.17655, 0.071355, 0.276398, 0.229014, -0.789263, 0.337284, 0.276208, 0.855637, -0.230741, -1.375059, 0.329429, -0.182116, 1.096212, -0.240825, -0.096558, -0.144314, 0.487842, -0.291147, 0.258712, -0.400636, 0.10738, 0.041628, -0.406915, 0.108195, -0.036526, 0.419235, 0.673048, -0.703945, 0.008075, -2.284978, 0.341397, 0.077858, 1.281465, -2.056515, 0.114176, 0.892656]}