{"hc3d": [[-0.00091, -0.218355, 0.038314], [0.080854, -0.315029, 0.03451], [-0.080879, -0.314433, 0.037182], [-0.003205, -0.103847, 0.004273], [0.059138, -0.710291, 0.075561], [-0.108035, -0.715375, 0.096845], [0.003706, 0.024204, 0.03064], [-0.008762, -1.129012, 0.029887], [-0.114162, -0.862788, -0.30431], [0.008746, 0.071407, 0.068718], [0.044108, -1.161498, 0.154225], [-0.14697, -0.997871, -0.284322], [0.005971, 0.291781, 0.04124], [0.092025, 0.198723, 0.037174], [-0.079134, 0.198167, 0.050268], [0.013378, 0.354264, 0.085658], [0.186479, 0.179737, 0.005193], [-0.181421, 0.189138, 0.077475], [0.189681, -0.05596, -0.130543], [-0.226663, -0.074067, 0.083661], [0.304328, -0.25854, -0.009048], [-0.205426, -0.26456, 0.269296], [0.360459, -0.319915, 0.023761], [-0.205143, -0.311088, 0.344534]], "im2d": [[0.010033, -0.101541], [0.096319, 0.010795], [-0.075085, 0.000606], [0.02253, -0.233643], [0.051914, 0.455452], [-0.132591, 0.453587], [0.021244, -0.372759], [-0.007484, 0.91265], [0.016101, 0.567635], [0.012283, -0.420355], [-0.000957, 0.967604], [-0.02815, 0.718795], [0.023163, -0.669747], [0.11412, -0.561215], [-0.071311, -0.569395], [0.014422, -0.733452], [0.225885, -0.538268], [-0.189843, -0.562168], [0.279193, -0.292101], [-0.24355, -0.270583], [0.349565, -0.044019], [-0.296537, -0.033681], [0.394992, 0.031946], [-0.32636, 0.02761]], "theta": [1.123967, 0.009836, 0.128013, 3.208827, 0.055265, -0.5762, -0.132471, 0.086361, -0.140849, -0.186351, -0.018225, 0.029804, 0.244152, 0.081821, -0.018258, 0.121452, -0.170482, -0.007301, 1.285531, 0.003294, -0.107505, -0.118358, -0.004393, 0.00223, -0.261575, 0.333142, 0.004225, -0.072334, 0.006914, 0.104189, -0.03231, 0.033161, -0.006149, -0.003065, 0.002096, 0.003727, 0.002094, 0.002868, -0.008145, -0.173997, -0.094026, -0.04975, 0.068498, 0.085526, -0.577733, -0.056883, 0.278462, 0.43786, -0.036353, -0.11169, 0.020297, 0.227611, 0.12004, -0.858277, 0.301486, 0.220812, 0.923648, -0.234039, -0.923444, 0.269092, -0.068572, 0.63014, -0.211201, -0.143934, -0.161384, 0.395571, -0.331504, 0.289899, -0.323286, 0.108587, 0.042577, -0.409926, 0.109208, -0.036145, 0.417677, 0.673048, -0.703945, 0.008075, -2.284978, 0.341397, 0.077858, 1.281465, -2.056515, 0.114176, 0.892656]}