{"hc3d": [[-0.00091, -0.218355, 0.038314], [0.080854, -0.315029, 0.03451], [-0.080879, -0.314433, 0.037182], [-0.003205, -0.103847, 0.004273], [0.068937, -0.712803, 0.029792], [-0.120203, -0.690162, 0.186625], [0.003412, 0.023252, 0.034965], [0.007582, -1.130253, -0.033414], [-0.106232, -0.941843, -0.158564], [0.006186, 0.070099, 0.07371], [0.057365, -1.167549, 0.090848], [-0.134445, -1.066586, -0.100543], [0.012609, 0.290863, 0.050263], [0.095741, 0.195108, 0.051518], [-0.075846, 0.199959, 0.050504], [0.017165, 0.350304, 0.099028], [0.194652, 0.176986, 0.037617], [-0.179137, 0.193862, 0.074551], [0.21563, -0.087383, -0.022852], [-0.226464, -0.067123, 0.042787], [0.256929, -0.323987, 0.083247], [-0.254128, -0.311945, 0.145238], [0.295201, -0.397483, 0.116824], [-0.254385, -0.390397, 0.186114]], "im2d": [[0.010301, -0.101648], [0.096747, 0.010847], [-0.07491, 0.000662], [0.022789, -0.233968], [0.080671, 0.453868], [-0.180139, 0.436714], [0.019429, -0.371694], [0.035146, 0.908523], [-0.033236, 0.675434], [0.007771, -0.419], [0.038364, 0.968797], [-0.087463, 0.820335], [0.026728, -0.668154], [0.112644, -0.555968], [-0.067905, -0.571968], [0.013184, -0.728162], [0.222202, -0.53144], [-0.186395, -0.568435], [0.264517, -0.242426], [-0.227361, -0.283765], [0.263234, 0.037691], [-0.300074, 0.000875], [0.289432, 0.126333], [-0.317453, 0.093619]], "theta": [1.125724, 0.01006, 0.128059, 3.209203, 0.054944, -0.576715, -0.017876, 0.069094, -0.111446, -0.414437, 0.011565, -0.003367, 0.274971, 0.003259, -0.022501, 0.047803, -0.109366, -0.009244, 1.237956, -0.04383, -0.026209, -0.139886, 0.011683, 0.010069, -0.254103, 0.258287, -0.009506, -0.0887, 0.038933, 0.095783, -0.021648, 0.010562, -0.032033, -0.000683, 0.000927, 0.000216, 0.001462, 0.00172, -0.004827, -0.128748, -0.085411, -0.028322, 0.027166, -0.020216, -0.518983, -0.012907, 0.326067, 0.431961, -0.026955, -0.110771, 0.041261, 0.142338, -0.116237, -0.888546, 0.246251, 0.113073, 0.989404, -0.052784, -0.485697, 0.090345, -0.016161, 0.365299, -0.140056, -0.049845, -0.138253, 0.439998, -0.362331, 0.230619, -0.085985, 0.110799, 0.043834, -0.413728, 0.110913, -0.038307, 0.417586, 0.673048, -0.703945, 0.008075, -2.284978, 0.341397, 0.077858, 1.281465, -2.056515, 0.114176, 0.892656]}