{"hc3d": [[-0.00091, -0.218355, 0.038314], [0.080854, -0.315029, 0.03451], [-0.080879, -0.314433, 0.037182], [-0.003205, -0.103847, 0.004273], [0.085904, -0.711718, 0.002877], [-0.130001, -0.693348, 0.175247], [0.004457, 0.024235, 0.030276], [0.023029, -1.128506, -0.063142], [-0.12338, -1.091063, 0.01881], [0.007714, 0.070915, 0.069185], [0.076434, -1.156103, 0.062145], [-0.15879, -1.164457, 0.133189], [0.022584, 0.291866, 0.052241], [0.102215, 0.193176, 0.053006], [-0.068998, 0.204241, 0.047491], [0.022795, 0.350622, 0.102038], [0.200662, 0.16986, 0.044666], [-0.173211, 0.196488, 0.066575], [0.232454, -0.099981, 0.031913], [-0.227788, -0.058273, 0.007581], [0.256885, -0.329055, 0.157897], [-0.277065, -0.310258, 0.080206], [0.29042, -0.397173, 0.205111], [-0.280013, -0.395701, 0.102932]], "im2d": [[0.010397, -0.101691], [0.096902, 0.010865], [-0.07485, 0.00068], [0.022883, -0.234092], [0.10936, 0.450577], [-0.186026, 0.438542], [0.022465, -0.373516], [0.063369, 0.904296], [-0.122874, 0.86382], [0.011235, -0.420604], [0.07013, 0.954132], [-0.206184, 0.95806], [0.036544, -0.668782], [0.118974, -0.553528], [-0.059427, -0.577021], [0.017981, -0.728186], [0.225852, -0.522518], [-0.177028, -0.572307], [0.260812, -0.220583], [-0.214855, -0.298297], [0.234023, 0.052765], [-0.298779, -0.010535], [0.249954, 0.136874], [-0.311966, 0.087639]], "theta": [1.12638, 0.01014, 0.128073, 3.209322, 0.054844, -0.576879, 0.049564, 0.045386, -0.067858, -0.385313, 0.006165, -0.027052, 0.238162, -7.5e-05, -0.030818, -0.014313, -0.074574, -0.053528, 0.642046, -0.015848, -0.000322, -0.099983, 0.000675, 0.000908, -0.326441, 0.2476, 0.028761, -0.088683, -0.033526, 0.08758, 0.004505, -0.006246, -0.045299, -0.000394, 0.000825, -0.000328, 0.001185, 0.001581, -0.004151, -0.137917, -0.110402, 0.036472, 0.024553, -0.057309, -0.532757, 0.001392, 0.311135, 0.478178, 0.002249, -0.139105, 0.048183, 0.087537, -0.286044, -0.777614, 0.257865, 0.049764, 0.968435, 0.026186, -0.395164, 0.043379, -0.064165, 0.344987, -0.140508, 0.134052, -0.151476, 0.449567, -0.31747, 0.148696, 0.012668, 0.110865, 0.044062, -0.413746, 0.11115, -0.039552, 0.417342, 0.673048, -0.703945, 0.008075, -2.284978, 0.341397, 0.077858, 1.281465, -2.056515, 0.114176, 0.892656]}