{"hc3d": [[-0.00091, -0.218355, 0.038314], [0.080854, -0.315029, 0.03451], [-0.080879, -0.314433, 0.037182], [-0.003205, -0.103847, 0.004273], [0.096238, -0.705411, 0.110363], [-0.098578, -0.720307, 0.039366], [0.003735, 0.024299, 0.030165], [0.053429, -1.113449, -0.006669], [-0.078262, -1.119278, -0.112633], [0.006205, 0.072289, 0.067507], [0.105508, -1.153752, 0.115699], [-0.101563, -1.172461, 0.015241], [0.00786, 0.292816, 0.041197], [0.092981, 0.198836, 0.043108], [-0.078673, 0.200102, 0.043205], [0.010752, 0.353309, 0.088782], [0.191363, 0.185332, 0.022046], [-0.182147, 0.190839, 0.065381], [0.197586, -0.070848, -0.069172], [-0.229585, -0.072052, 0.064968], [0.255729, -0.305895, 0.032395], [-0.236211, -0.292157, 0.215663], [0.296519, -0.378916, 0.063986], [-0.233174, -0.358744, 0.273823]], "im2d": [[0.010451, -0.101718], [0.096989, 0.010874], [-0.07482, 0.000689], [0.022937, -0.234166], [0.078206, 0.457824], [-0.099777, 0.453682], [0.021794, -0.373764], [0.073583, 0.896717], [-0.023878, 0.881888], [0.010358, -0.422575], [0.07992, 0.960338], [-0.099468, 0.956009], [0.02539, -0.672348], [0.113262, -0.561845], [-0.068002, -0.573707], [0.010539, -0.733824], [0.22524, -0.543399], [-0.186099, -0.566867], [0.264262, -0.268061], [-0.239528, -0.275878], [0.282586, 0.011052], [-0.308709, -0.011242], [0.31226, 0.099152], [-0.329257, 0.070705]], "theta": [1.126769, 0.010185, 0.12808, 3.209378, 0.054799, -0.576956, -0.220562, 0.007825, -0.045108, -0.041499, 0.01216, 0.052224, 0.237695, 0.010554, -0.024404, 0.376062, -0.023321, -0.034761, 0.284495, 0.07107, -0.013581, -0.132051, 0.013602, 0.023075, -0.337631, 0.243751, -0.009164, -0.244313, -0.046181, 0.031537, -0.005547, 0.011328, -0.02301, -0.003391, 0.002786, 0.003212, 0.001881, 0.004261, -0.008727, -0.134165, -0.043732, 0.014496, -0.00808, 0.046473, -0.49691, -0.013755, 0.301332, 0.446515, -0.027221, -0.090288, 0.00859, 0.243991, -0.012133, -0.981641, 0.218228, 0.202027, 0.908993, -0.062851, -0.581533, 0.187288, -0.020912, 0.477967, -0.133586, -0.056453, -0.149418, 0.407399, -0.345417, 0.242971, -0.138653, 0.108559, 0.041819, -0.410912, 0.108962, -0.037357, 0.416066, 0.673048, -0.703945, 0.008075, -2.284978, 0.341397, 0.077858, 1.281465, -2.056515, 0.114176, 0.892656]}