{"hc3d": [[-0.000897, -0.219125, 0.038722], [0.081034, -0.316018, 0.035137], [-0.081041, -0.315422, 0.037799], [-0.003191, -0.104214, 0.004238], [0.072286, -0.713516, 0.008334], [-0.163998, -0.644096, 0.262789], [0.000707, 0.025804, 0.020829], [0.011239, -1.120045, -0.109367], [-0.1185, -1.030027, 0.082371], [0.003144, 0.073191, 0.059234], [0.042146, -1.170836, 0.016634], [-0.192506, -1.118657, 0.163041], [0.008262, 0.295972, 0.062843], [0.092376, 0.200977, 0.053484], [-0.079903, 0.204914, 0.050907], [0.009639, 0.346614, 0.12097], [0.192455, 0.185095, 0.043302], [-0.185507, 0.20291, 0.065467], [0.284761, -0.068618, 0.005872], [-0.270911, -0.049719, 0.041198], [0.254328, -0.302675, 0.122362], [-0.382152, -0.288084, 0.089601], [0.279532, -0.362006, 0.184738], [-0.42552, -0.364424, 0.102733]], "im2d": [[0.003933, -0.093355], [-0.069289, 0.02557], [0.070563, 0.004419], [0.036181, -0.214512], [-0.059127, 0.473631], [-0.036014, 0.313136], [0.026213, -0.362602], [0.063045, 0.944634], [0.03983, 0.787566], [-0.002035, -0.423319], [-0.058571, 0.978351], [0.041596, 0.860224], [0.00045, -0.67199], [-0.070365, -0.553688], [0.082399, -0.578709], [-0.041191, -0.740654], [-0.151131, -0.521509], [0.164016, -0.592543], [-0.215374, -0.219177], [0.245624, -0.316056], [-0.284261, 0.013471], [0.297163, -0.074083], [-0.354604, 0.069518], [0.322179, 0.002964]], "theta": [1.142242, 0.00434, 0.137396, 1.08633, 0.338191, -2.968428, 0.041603, -0.078603, -0.108671, -0.64039, -0.053288, -0.100866, 0.16561, 0.01749, -0.000695, 0.101183, -0.143451, -0.05357, 0.977111, -0.117468, 0.053534, -0.039257, -0.001249, -0.002825, -0.266614, 0.304327, 0.003528, -0.01506, -0.251554, 0.103827, 0.10894, 0.000283, -0.028544, -0.002981, 0.001405, 0.004326, 0.001903, 0.003876, -0.009114, -0.082533, -0.11389, -0.017504, 0.040004, -0.064539, -0.507049, -0.047284, 0.245955, 0.376053, 0.070383, 0.017836, 0.022259, 0.218845, -0.308025, -0.617537, 0.133119, 0.155044, 0.840035, 0.133566, -0.6211, -0.197658, -0.573314, 0.153767, -0.09807, 0.201841, -0.179005, 0.666437, -0.401113, 0.102947, -0.228451, 0.110785, 0.041918, -0.412427, 0.109873, -0.03684, 0.420272, 0.717, -0.743232, 0.008591, -2.288559, 0.329268, 0.082104, 1.25342, -2.037055, 0.094621, 0.867829]}