{"hc3d": [[-0.000897, -0.219125, 0.038722], [0.081034, -0.316018, 0.035137], [-0.081041, -0.315422, 0.037799], [-0.003191, -0.104214, 0.004238], [0.081991, -0.708384, -0.034489], [-0.143601, -0.637875, 0.277881], [0.004001, 0.025621, 0.021156], [0.026175, -1.063147, -0.266597], [-0.116192, -1.05169, 0.38544], [0.004949, 0.072626, 0.060093], [0.064589, -1.143217, -0.159244], [-0.19136, -1.089258, 0.498481], [0.011472, 0.294971, 0.073913], [0.095276, 0.199687, 0.064701], [-0.0766, 0.205373, 0.053356], [0.009272, 0.345669, 0.131965], [0.196466, 0.188906, 0.060688], [-0.182899, 0.204839, 0.06162], [0.316878, -0.055284, 0.047886], [-0.278964, -0.036602, -0.003048], [0.275263, -0.230042, 0.240258], [-0.428552, -0.257211, 0.019105], [0.283324, -0.258542, 0.324928], [-0.480286, -0.329354, 0.019167]], "im2d": [[0.005464, -0.093752], [-0.067846, 0.026465], [0.073042, 0.004567], [0.037478, -0.216066], [-0.032351, 0.482708], [-0.062106, 0.308802], [0.023648, -0.364792], [0.174951, 0.923639], [-0.181958, 0.755221], [-0.004197, -0.425759], [0.058499, 0.996007], [-0.200875, 0.764088], [-0.011554, -0.678], [-0.082286, -0.55817], [0.07781, -0.584091], [-0.050636, -0.747552], [-0.168911, -0.532292], [0.165352, -0.598786], [-0.275021, -0.239503], [0.288534, -0.325763], [-0.387573, -0.088718], [0.395404, -0.101296], [-0.458478, -0.073464], [0.438154, -0.026738]], "theta": [1.15174, 0.005641, 0.137725, 1.088843, 0.335979, -2.971884, 0.149406, -0.04102, -0.085165, -0.680297, -0.04251, -0.049607, 0.167714, 0.000193, -0.026661, 0.293762, -0.098238, -0.074918, 0.318077, -0.115942, 0.044099, -0.031155, -0.018611, 0.028666, -0.305955, 0.284959, 0.019116, 0.127041, -0.35487, 0.178235, 0.143735, -0.015919, -0.035238, -0.00225, 0.001319, 0.002417, 0.002225, 0.003322, -0.008513, -0.126856, -0.102585, 0.010965, 0.01481, -0.067152, -0.447085, -0.031329, 0.234268, 0.367614, 0.134371, 0.000583, 0.031967, 0.163625, -0.352407, -0.539961, 0.090008, 0.036436, 0.824081, 0.107163, -0.927413, -0.076395, -0.688443, 0.232668, -0.170505, 0.287089, -0.268598, 0.603893, -0.53531, 0.051915, -0.220035, 0.1107, 0.042649, -0.413148, 0.109831, -0.03675, 0.41826, 0.717, -0.743232, 0.008591, -2.288559, 0.329268, 0.082104, 1.25342, -2.037055, 0.094621, 0.867829]}