{"hc3d": [[-0.000897, -0.219125, 0.038722], [0.081034, -0.316018, 0.035137], [-0.081041, -0.315422, 0.037799], [-0.003191, -0.104214, 0.004238], [0.105913, -0.710413, -0.016176], [-0.142359, -0.643277, 0.270781], [0.002216, 0.026217, 0.01664], [0.055942, -0.980579, -0.343834], [-0.121618, -1.071211, 0.268498], [0.001667, 0.072345, 0.056619], [0.107394, -1.081076, -0.262196], [-0.185839, -1.123597, 0.382389], [0.004676, 0.29479, 0.070026], [0.090032, 0.200695, 0.063127], [-0.081575, 0.203895, 0.047534], [0.000208, 0.344491, 0.128806], [0.191366, 0.190806, 0.060841], [-0.188031, 0.204143, 0.053473], [0.316208, -0.050824, 0.042921], [-0.28992, -0.03471, -0.011885], [0.258234, -0.200879, 0.251252], [-0.440254, -0.253938, 0.01769], [0.253593, -0.229061, 0.336284], [-0.497365, -0.321868, 0.019893]], "im2d": [[0.005791, -0.093865], [-0.067563, 0.026633], [0.073567, 0.004591], [0.037775, -0.216435], [-0.066441, 0.485212], [-0.057654, 0.317254], [0.028756, -0.36538], [0.210552, 0.852311], [-0.09054, 0.802789], [0.001327, -0.425863], [0.100727, 0.955018], [-0.120352, 0.829623], [-0.002823, -0.679052], [-0.076634, -0.560572], [0.086557, -0.582929], [-0.040607, -0.748024], [-0.164773, -0.535932], [0.17614, -0.598127], [-0.270874, -0.243753], [0.305511, -0.328203], [-0.379996, -0.125898], [0.407947, -0.106605], [-0.44007, -0.112623], [0.454149, -0.037826]], "theta": [1.153905, 0.005915, 0.13778, 1.089296, 0.335594, -2.972504, 0.101929, -0.008951, -0.021199, -0.656532, -0.028445, -0.050749, 0.132456, -0.014959, -0.013421, 0.645546, -0.076507, -0.126243, 0.545006, -0.005876, 0.053573, 0.026569, -0.03296, 0.024502, -0.361728, 0.322464, 0.048888, 0.049747, -0.320638, 0.143813, 0.119332, -0.009451, -0.028097, -0.005225, 0.003451, 0.005014, 0.002488, 0.005625, -0.011765, -0.108255, -0.135247, -0.014033, 0.026544, -0.059485, -0.455587, -0.0198, 0.229502, 0.34617, 0.14537, 0.03902, 0.045049, 0.163414, -0.331999, -0.538115, 0.088691, 0.043635, 0.800895, 0.13648, -1.077692, -0.016682, -0.612383, 0.25739, -0.153861, 0.219667, -0.252563, 0.473725, -0.538186, 0.083397, -0.280642, 0.107939, 0.041458, -0.409231, 0.107402, -0.034681, 0.41601, 0.717, -0.743232, 0.008591, -2.288559, 0.329268, 0.082104, 1.25342, -2.037055, 0.094621, 0.867829]}