{"hc3d": [[-0.000897, -0.219125, 0.038722], [0.081034, -0.316018, 0.035137], [-0.081041, -0.315422, 0.037799], [-0.003191, -0.104214, 0.004238], [0.136004, -0.693757, 0.149553], [-0.141215, -0.713796, 0.094421], [-0.000475, 0.026072, 0.018842], [0.06179, -1.038058, -0.092925], [-0.087123, -1.133335, 0.026417], [-0.002171, 0.070592, 0.060573], [0.1266, -1.128503, -0.009076], [-0.147532, -1.200135, 0.134714], [-0.0032, 0.293459, 0.060367], [0.083846, 0.20068, 0.058886], [-0.087835, 0.199812, 0.043805], [-0.007742, 0.338884, 0.122505], [0.184264, 0.183717, 0.058556], [-0.192189, 0.186961, 0.061503], [0.25825, -0.072924, 0.004215], [-0.275911, -0.067025, 0.075153], [0.259088, -0.329868, 0.061297], [-0.356441, -0.317219, 0.124682], [0.275082, -0.411973, 0.093686], [-0.37865, -0.401661, 0.140725]], "im2d": [[0.005869, -0.093897], [-0.067501, 0.026669], [0.073691, 0.004596], [0.03785, -0.216531], [-0.215307, 0.435669], [0.069712, 0.434228], [0.029542, -0.366192], [0.017236, 0.865465], [0.056541, 0.928652], [0.001741, -0.425402], [-0.105687, 0.958154], [0.026957, 0.973428], [0.011243, -0.67684], [-0.068051, -0.5607], [0.094744, -0.578622], [-0.029161, -0.741733], [-0.157139, -0.528588], [0.173284, -0.581272], [-0.191856, -0.218197], [0.227475, -0.308465], [-0.244708, 0.059677], [0.252352, -0.047075], [-0.285991, 0.147515], [0.256858, 0.041926]], "theta": [1.154455, 0.005981, 0.137791, 1.089385, 0.335521, -2.972626, -0.312238, -0.080391, 0.06693, -0.189253, -0.091537, -0.048267, 0.149501, -0.012969, 0.007086, 0.814563, 0.229151, -0.161768, 0.240775, 0.01622, 0.121921, 0.048425, -0.038613, 0.024765, -0.234138, 0.229825, -0.028563, -0.016132, -0.284089, 0.159772, 0.019435, -0.000627, -0.027229, -0.001582, 0.001379, 0.000591, 0.001604, 0.002938, -0.006739, 0.020504, -0.161276, -0.063864, 0.001722, -0.099426, -0.534386, -0.018467, 0.358165, 0.43248, 0.203782, -0.086785, -0.005588, 0.228971, -0.180733, -0.732358, 0.065608, 0.217522, 0.701036, 0.155608, -0.371496, -0.130171, -0.303635, 0.032941, 0.042841, 0.078737, -0.191458, 0.381257, -0.400288, 0.101962, -0.088524, 0.10995, 0.043747, -0.412038, 0.109306, -0.038739, 0.41664, 0.717, -0.743232, 0.008591, -2.288559, 0.329268, 0.082104, 1.25342, -2.037055, 0.094621, 0.867829]}