{"hc3d": [[-0.000897, -0.219125, 0.038722], [0.081034, -0.316018, 0.035137], [-0.081041, -0.315422, 0.037799], [-0.003191, -0.104214, 0.004238], [0.053757, -0.65443, 0.243781], [-0.156801, -0.713314, -0.000553], [-0.003665, 0.025458, 0.023735], [0.100224, -1.078633, 0.21658], [-0.119005, -1.111401, -0.154378], [-0.000468, 0.073006, 0.061883], [0.086811, -1.103858, 0.352944], [-0.196816, -1.166019, -0.050445], [0.003003, 0.295748, 0.068583], [0.087139, 0.201692, 0.05241], [-0.084979, 0.204056, 0.060905], [0.005584, 0.344827, 0.127996], [0.187197, 0.18753, 0.039779], [-0.184708, 0.203871, 0.098618], [0.239936, -0.057119, -0.068189], [-0.280726, -0.032166, 0.180908], [0.234701, -0.319855, -0.053313], [-0.309659, -0.191436, 0.393819], [0.249873, -0.406714, -0.036839], [-0.327614, -0.233634, 0.469832]], "im2d": [[0.005879, -0.093901], [-0.067494, 0.026673], [0.073707, 0.004597], [0.037861, -0.216544], [-0.211135, 0.360937], [0.154039, 0.451699], [0.028711, -0.366962], [-0.248038, 0.851085], [0.219806, 0.937929], [-0.00064, -0.428209], [-0.338401, 0.849109], [0.209293, 0.967649], [-0.000248, -0.680397], [-0.066114, -0.56009], [0.079694, -0.58668], [-0.044786, -0.747925], [-0.145649, -0.528591], [0.139771, -0.607234], [-0.121324, -0.22315], [0.154544, -0.370682], [-0.137692, 0.06938], [0.015977, -0.239579], [-0.166613, 0.16583], [-0.026202, -0.210294]], "theta": [1.154531, 0.005989, 0.137792, 1.089394, 0.335513, -2.972638, -0.56756, -0.457953, -0.03362, 0.039325, -0.129109, -0.100456, 0.188111, 0.059664, 0.035281, 0.536091, -0.094251, -0.030228, 0.221096, 0.052448, 0.117534, -0.064065, 0.001665, -0.023558, -0.192532, 0.20278, 0.078693, -0.227947, -0.300097, 0.011061, 0.127102, 0.017611, -0.042214, -0.000105, 0.000579, -0.000846, 0.001575, 0.001901, -0.005363, -0.069151, -0.134817, 0.000379, 0.027019, -0.104973, -0.48848, -0.060785, 0.403437, 0.315505, 0.171366, 0.000442, 0.029838, 0.281294, -0.084613, -0.825575, -0.053135, 0.329668, 0.642103, 0.235407, -0.387887, -0.114198, -0.206698, 0.513537, -0.071545, 0.288295, -0.160362, 0.357842, -0.003926, 0.172163, -0.272415, 0.111179, 0.044601, -0.413319, 0.111034, -0.039196, 0.418172, 0.717, -0.743232, 0.008591, -2.288559, 0.329268, 0.082104, 1.25342, -2.037055, 0.094621, 0.867829]}