{"hc3d": [[-0.000897, -0.219125, 0.038722], [0.081034, -0.316018, 0.035137], [-0.081041, -0.315422, 0.037799], [-0.003191, -0.104214, 0.004238], [0.037921, -0.663337, 0.225688], [-0.164885, -0.710066, -0.014685], [-0.004625, 0.02583, 0.021024], [0.06912, -1.089441, 0.208102], [-0.138358, -1.069631, -0.246144], [-0.000688, 0.072995, 0.059577], [0.047927, -1.102788, 0.345158], [-0.215739, -1.139522, -0.151449], [0.004286, 0.295596, 0.0693], [0.087648, 0.201243, 0.050991], [-0.084358, 0.204577, 0.061249], [0.004263, 0.347462, 0.126354], [0.187945, 0.187412, 0.04], [-0.182848, 0.209575, 0.101782], [0.235075, -0.0533, -0.078861], [-0.289869, -0.016422, 0.197573], [0.231841, -0.316179, -0.066083], [-0.302149, -0.12114, 0.443376], [0.241211, -0.404328, -0.052368], [-0.319329, -0.135072, 0.529352]], "im2d": [[0.00588, -0.093902], [-0.067494, 0.026674], [0.073708, 0.004597], [0.037862, -0.216545], [-0.184051, 0.372757], [0.171799, 0.449974], [0.031587, -0.366937], [-0.214679, 0.861066], [0.306623, 0.907649], [0.001268, -0.427741], [-0.298233, 0.844547], [0.302012, 0.956595], [-0.001919, -0.680216], [-0.065527, -0.559222], [0.07891, -0.587263], [-0.042301, -0.750726], [-0.14648, -0.528411], [0.135996, -0.614098], [-0.108961, -0.225837], [0.150842, -0.393125], [-0.125544, 0.067554], [-0.024792, -0.328332], [-0.147341, 0.165294], [-0.073985, -0.332923]], "theta": [1.154539, 0.00599, 0.137792, 1.089394, 0.335513, -2.972639, -0.525416, -0.475779, -0.081115, 0.070323, -0.148788, -0.124856, 0.167016, 0.059379, 0.041953, 0.469896, -0.153678, -0.024144, 0.389287, 0.094747, 0.091083, -0.032987, 0.005347, -0.040632, -0.238574, 0.233698, 0.140449, -0.254147, -0.29338, 0.00372, 0.131493, 0.022734, -0.038207, -0.001065, 0.001006, 0.000383, 0.001594, 0.002595, -0.006349, -0.128594, -0.194277, 0.013974, 0.02559, -0.130605, -0.472863, -0.094398, 0.419296, 0.267106, 0.183089, 0.023127, 0.025392, 0.286669, -0.04695, -0.860182, -0.06652, 0.323494, 0.619696, 0.229609, -0.40801, -0.075146, -0.196292, 0.696915, -0.148317, 0.273693, -0.191098, 0.286888, 0.049162, 0.200209, -0.384578, 0.11042, 0.044365, -0.412144, 0.110441, -0.039435, 0.418014, 0.717, -0.743232, 0.008591, -2.288559, 0.329268, 0.082104, 1.25342, -2.037055, 0.094621, 0.867829]}