{"hc3d": [[-0.000897, -0.219125, 0.038722], [0.081034, -0.316018, 0.035137], [-0.081041, -0.315422, 0.037799], [-0.003191, -0.104214, 0.004238], [0.04383, -0.678822, 0.195726], [-0.171516, -0.711816, 0.023142], [-0.00477, 0.026567, 0.013676], [0.042091, -1.095807, 0.101032], [-0.135502, -0.965093, -0.32054], [-0.000902, 0.074253, 0.05159], [0.053427, -1.117445, 0.238199], [-0.208801, -1.066874, -0.256449], [0.003778, 0.297073, 0.051947], [0.087524, 0.202136, 0.039274], [-0.08465, 0.205679, 0.046056], [0.003497, 0.3504, 0.107636], [0.187806, 0.187113, 0.029817], [-0.184386, 0.209023, 0.083603], [0.239878, -0.06134, -0.069435], [-0.2828, -0.025487, 0.167411], [0.235048, -0.322147, -0.034283], [-0.304002, -0.159156, 0.398102], [0.240585, -0.409681, -0.01549], [-0.323614, -0.182626, 0.481442]], "im2d": [[0.00588, -0.093902], [-0.067493, 0.026674], [0.073709, 0.004597], [0.037862, -0.216546], [-0.167608, 0.397289], [0.149503, 0.443133], [0.037199, -0.366241], [-0.111542, 0.887308], [0.363301, 0.805771], [0.007435, -0.427508], [-0.224226, 0.8843], [0.376602, 0.897651], [0.011471, -0.678296], [-0.056684, -0.55778], [0.090492, -0.585348], [-0.027614, -0.750201], [-0.138807, -0.52595], [0.150833, -0.609848], [-0.120507, -0.218135], [0.166653, -0.375644], [-0.152215, 0.068005], [0.009024, -0.276164], [-0.174374, 0.16349], [-0.036426, -0.269756]], "theta": [1.154542, 0.00599, 0.137792, 1.089395, 0.335513, -2.97264, -0.441307, -0.368132, -0.107114, -0.024425, -0.144213, -0.13392, 0.110638, 0.054614, 0.041243, 0.53065, -0.072431, -0.066906, 0.84902, 0.083224, 0.060937, 0.008675, -0.009685, -0.050468, -0.344888, 0.317117, 0.178319, -0.253475, -0.241639, 0.011227, 0.1031, 0.023888, -0.025791, 0.000514, -0.000123, -0.001322, 0.000937, 0.000924, -0.003361, -0.111907, -0.205063, -0.009177, 0.024802, -0.122802, -0.483607, -0.109118, 0.418363, 0.300003, 0.197574, 0.011862, 0.010036, 0.266099, -0.072676, -0.832707, 0.031867, 0.302667, 0.678411, 0.23894, -0.423785, -0.086212, -0.189195, 0.608011, -0.150671, 0.206264, -0.192693, 0.245881, -0.015639, 0.217471, -0.386546, 0.111734, 0.045365, -0.414377, 0.111645, -0.041309, 0.418538, 0.717, -0.743232, 0.008591, -2.288559, 0.329268, 0.082104, 1.25342, -2.037055, 0.094621, 0.867829]}