{"hc3d": [[-0.000897, -0.219125, 0.038722], [0.081034, -0.316018, 0.035137], [-0.081041, -0.315422, 0.037799], [-0.003191, -0.104214, 0.004238], [0.079659, -0.713678, 0.060901], [-0.166639, -0.686401, 0.181244], [-0.001561, 0.026027, 0.019397], [0.030378, -1.129003, -0.028112], [-0.117541, -0.96951, -0.136565], [-0.00099, 0.072185, 0.059341], [0.062854, -1.17275, 0.100119], [-0.185919, -1.079512, -0.081213], [0.004855, 0.294978, 0.059227], [0.088862, 0.199561, 0.054188], [-0.083234, 0.20401, 0.046099], [0.004507, 0.344452, 0.118365], [0.188719, 0.179818, 0.050949], [-0.187309, 0.198112, 0.068501], [0.25154, -0.079842, -0.003107], [-0.263715, -0.058463, 0.074465], [0.245948, -0.336699, 0.054097], [-0.338693, -0.305563, 0.144147], [0.261785, -0.41938, 0.085068], [-0.363806, -0.386425, 0.170827]], "im2d": [[0.00588, -0.093902], [-0.067493, 0.026674], [0.073709, 0.004597], [0.037862, -0.216546], [-0.100462, 0.46959], [0.028761, 0.381819], [0.030096, -0.366424], [-0.00656, 0.950427], [0.210662, 0.774341], [0.00168, -0.426819], [-0.132116, 0.976955], [0.225794, 0.877966], [0.005035, -0.677328], [-0.069037, -0.557844], [0.089146, -0.583292], [-0.036697, -0.745622], [-0.155581, -0.522052], [0.164215, -0.594739], [-0.18076, -0.209728], [0.217563, -0.316434], [-0.228019, 0.067218], [0.222695, -0.062043], [-0.268134, 0.15599], [0.222004, 0.020315]], "theta": [1.154543, 0.00599, 0.137792, 1.089395, 0.335513, -2.97264, -0.087505, -0.132917, -0.083835, -0.415396, -0.081475, -0.105236, 0.153829, -0.011912, 0.015397, 0.158854, -0.083115, -0.054511, 1.153518, -0.039353, 0.050364, 0.00389, -0.013647, -0.009769, -0.241406, 0.300221, 0.012009, -0.121621, -0.220098, 0.103153, 0.059749, 0.00784, -0.038655, -0.003777, 0.002778, 0.003179, 0.002295, 0.004966, -0.010569, -0.04555, -0.144903, -0.045153, 0.02929, -0.107494, -0.530305, -0.06239, 0.362469, 0.399284, 0.207943, -0.075191, 0.019956, 0.196824, -0.203571, -0.732148, 0.097548, 0.182474, 0.814644, 0.197035, -0.362184, -0.126317, -0.254982, 0.125221, -0.012809, 0.080295, -0.164613, 0.387972, -0.328515, 0.152135, -0.147042, 0.108232, 0.042157, -0.409492, 0.107952, -0.036803, 0.41576, 0.717, -0.743232, 0.008591, -2.288559, 0.329268, 0.082104, 1.25342, -2.037055, 0.094621, 0.867829]}