{"hc3d": [[-0.000771, -0.21875, 0.039735], [0.081943, -0.315749, 0.036576], [-0.081682, -0.315194, 0.039292], [-0.003038, -0.103843, 0.004715], [0.101459, -0.701348, -0.056516], [-0.116686, -0.60756, 0.318101], [-0.00054, 0.025528, 0.019297], [0.026733, -0.905197, -0.423623], [-0.059696, -1.027757, 0.264501], [0.000221, 0.069863, 0.061383], [0.087997, -1.01519, -0.36454], [-0.115625, -1.10599, 0.36711], [-0.006756, 0.293076, 0.061016], [0.082466, 0.202587, 0.052069], [-0.090293, 0.19713, 0.052427], [-0.003369, 0.336504, 0.123962], [0.18217, 0.194462, 0.032221], [-0.194486, 0.180281, 0.068066], [0.301347, -0.048474, 0.005536], [-0.270867, -0.075637, 0.055342], [0.264798, -0.268727, 0.143752], [-0.321305, -0.316246, 0.159054], [0.281532, -0.328267, 0.208642], [-0.351146, -0.392276, 0.1938]], "im2d": [[0.015339, -0.092224], [-0.050753, 0.029087], [0.074357, 0.005635], [0.051955, -0.215685], [-0.004462, 0.484067], [-0.147794, 0.279035], [0.043488, -0.364013], [0.355555, 0.77193], [-0.165695, 0.770842], [0.009237, -0.421734], [0.252842, 0.893434], [-0.212614, 0.832455], [0.025044, -0.674461], [-0.040918, -0.558535], [0.093031, -0.576013], [-0.028965, -0.734667], [-0.10209, -0.532087], [0.16014, -0.574116], [-0.183217, -0.236784], [0.218845, -0.293434], [-0.281796, -0.018891], [0.159395, -0.048072], [-0.352486, 0.038538], [0.149761, 0.027198]], "theta": [1.151507, 0.014092, 0.13866, 1.280239, 0.312428, -2.899772, 0.19824, 0.131754, -0.015145, -0.794771, 0.059213, -0.013272, 0.154722, -0.017192, 0.007326, 0.742524, -0.110242, -0.093823, 0.803044, -0.154704, 0.075864, 0.040224, 0.005933, 0.002897, -0.407796, 0.341267, 0.009328, 0.142166, -0.25124, 0.084683, 0.026482, 0.053406, 0.003367, -0.007355, 0.005513, 0.006425, -7e-05, 0.005326, -0.008161, 0.039015, -0.113924, -0.088855, 0.070021, 0.022411, -0.509192, 0.00717, 0.250915, 0.463144, 0.002634, 0.019875, 0.067488, 0.198637, -0.402877, -0.543302, 0.17469, 0.221836, 0.71869, 0.203972, -0.738019, -0.264907, -0.291991, 0.342208, -0.030485, 0.234292, -0.132548, 0.555414, -0.21342, 0.097629, -0.285778, 0.104718, 0.040774, -0.406787, 0.106225, -0.037188, 0.413747, 0.692785, -0.873392, 0.005476, -2.362231, 0.335244, 0.063185, 1.238613, -2.064801, 0.072738, 0.858963]}