{"hc3d": [[-0.000771, -0.21875, 0.039735], [0.081943, -0.315749, 0.036576], [-0.081682, -0.315194, 0.039292], [-0.003038, -0.103843, 0.004715], [0.068527, -0.653206, 0.245565], [-0.163781, -0.702974, -0.046288], [-0.004138, 0.02626, 0.009977], [0.062597, -1.074113, 0.176946], [-0.149448, -0.954057, -0.391886], [-0.00038, 0.073155, 0.049018], [0.094687, -1.091372, 0.311165], [-0.209794, -1.055242, -0.315093], [0.001155, 0.296472, 0.049186], [0.086432, 0.202675, 0.03658], [-0.086258, 0.2038, 0.04383], [0.000279, 0.336466, 0.11445], [0.185989, 0.191549, 0.01746], [-0.187562, 0.202013, 0.077282], [0.277785, -0.050241, -0.06647], [-0.295437, -0.038455, 0.122317], [0.274011, -0.302331, 0.006929], [-0.343359, -0.245116, 0.284143], [0.272807, -0.386605, 0.03746], [-0.373917, -0.297871, 0.348653]], "im2d": [[0.018857, -0.092983], [-0.047224, 0.031076], [0.079801, 0.006004], [0.054959, -0.21893], [-0.229087, 0.378834], [0.204964, 0.454749], [0.055872, -0.36944], [-0.179961, 0.873698], [0.483369, 0.80764], [0.020825, -0.429797], [-0.321902, 0.873949], [0.461158, 0.901117], [0.027343, -0.686037], [-0.032489, -0.563573], [0.097806, -0.591445], [-0.02694, -0.743888], [-0.095066, -0.532774], [0.148925, -0.610263], [-0.10365, -0.226522], [0.186813, -0.358061], [-0.172975, 0.049132], [0.077591, -0.157018], [-0.201374, 0.140209], [0.044151, -0.112573]], "theta": [1.171614, 0.016866, 0.139387, 1.285663, 0.307631, -2.907234, -0.572056, -0.325715, -0.032861, 0.152483, -0.154179, -0.1297, 0.084232, 0.110003, 0.035377, 0.592074, 0.007747, -0.099017, 0.664262, 0.254897, 0.085474, 0.048554, -0.052525, -0.028489, -0.299238, 0.329858, 0.206985, -0.312553, -0.289725, 0.011936, 0.092797, 0.016056, -0.022955, 0.000537, -0.00014, -0.001251, 0.001188, 0.001125, -0.004018, 0.096661, -0.242213, -0.060885, 0.056203, -0.023689, -0.487311, -0.081728, 0.376219, 0.338194, 0.32051, -0.126, 0.041308, 0.21181, -0.172387, -0.662902, 0.118636, 0.22197, 0.680252, 0.344525, -0.575476, -0.173617, -0.136989, 0.400512, -0.029755, 0.246924, -0.228653, 0.179064, -0.019853, 0.17227, -0.387915, 0.11186, 0.045055, -0.414553, 0.111336, -0.039996, 0.418006, 0.692785, -0.873392, 0.005476, -2.362231, 0.335244, 0.063185, 1.238613, -2.064801, 0.072738, 0.858963]}