{"hc3d": [[-0.000771, -0.21875, 0.039735], [0.081943, -0.315749, 0.036576], [-0.081682, -0.315194, 0.039292], [-0.003038, -0.103843, 0.004715], [0.072562, -0.710276, 0.081234], [-0.163407, -0.693058, 0.161674], [-0.001343, 0.02592, 0.01541], [0.01577, -1.122241, -0.013455], [-0.113205, -0.91613, -0.199443], [-0.001194, 0.071404, 0.056258], [0.061329, -1.162045, 0.111775], [-0.182054, -1.031712, -0.158482], [0.002465, 0.294693, 0.055077], [0.087626, 0.200043, 0.050831], [-0.084997, 0.202772, 0.042484], [0.002458, 0.33329, 0.121183], [0.187659, 0.181682, 0.043271], [-0.188475, 0.193573, 0.066821], [0.278639, -0.072203, 0.008657], [-0.278208, -0.058284, 0.069336], [0.278002, -0.318688, 0.099187], [-0.34123, -0.301124, 0.160164], [0.286113, -0.398855, 0.138471], [-0.362812, -0.379984, 0.194715]], "im2d": [[0.018861, -0.092984], [-0.047221, 0.031078], [0.079807, 0.006005], [0.054963, -0.218935], [-0.092306, 0.474677], [0.025348, 0.405834], [0.04896, -0.369631], [0.019872, 0.956554], [0.289801, 0.73462], [0.015153, -0.429224], [-0.125748, 0.986291], [0.304762, 0.849866], [0.021157, -0.684884], [-0.045837, -0.562966], [0.097939, -0.58985], [-0.034593, -0.741156], [-0.119035, -0.525876], [0.158394, -0.598829], [-0.170008, -0.214762], [0.218275, -0.323201], [-0.256418, 0.051825], [0.181056, -0.069982], [-0.2996, 0.137968], [0.165484, 0.01117]], "theta": [1.171642, 0.016869, 0.139387, 1.285666, 0.307628, -2.907238, -0.13877, -0.127199, -0.100085, -0.36295, -0.091937, -0.097063, 0.125279, 0.008514, 0.014252, 0.22392, -0.038436, -0.054212, 1.270612, -0.001258, 0.045809, 0.041639, -0.032988, 0.001869, -0.273609, 0.333365, 0.085795, -0.163753, -0.244715, 0.084522, 0.050577, 0.007127, -0.037162, -0.002779, 0.002048, 0.002227, 0.002043, 0.004029, -0.00894, 0.117292, -0.149957, -0.092559, 0.026002, -0.065413, -0.538215, -0.058725, 0.387522, 0.416524, 0.297221, -0.134446, 0.008912, 0.1431, -0.249396, -0.609977, 0.170718, 0.158302, 0.748242, 0.219735, -0.453996, -0.184942, -0.162887, 0.239014, 0.000957, 0.115065, -0.199652, 0.282005, -0.285741, 0.161002, -0.162576, 0.108802, 0.042892, -0.409999, 0.108756, -0.037324, 0.41614, 0.692785, -0.873392, 0.005476, -2.362231, 0.335244, 0.063185, 1.238613, -2.064801, 0.072738, 0.858963]}