{"hc3d": [[-0.000771, -0.21875, 0.039735], [0.081943, -0.315749, 0.036576], [-0.081682, -0.315194, 0.039292], [-0.003038, -0.103843, 0.004715], [0.065242, -0.712347, 0.023739], [-0.150403, -0.66669, 0.229464], [0.000666, 0.02506, 0.02277], [0.003653, -1.111759, -0.112582], [-0.100992, -1.030725, 0.011005], [-0.000478, 0.070343, 0.063826], [0.045321, -1.165457, 0.008755], [-0.172466, -1.120443, 0.092363], [0.002821, 0.293578, 0.069107], [0.088254, 0.199145, 0.065586], [-0.083903, 0.20199, 0.05044], [0.002505, 0.331155, 0.135797], [0.18941, 0.186279, 0.063899], [-0.188764, 0.193744, 0.068357], [0.284031, -0.066996, 0.035064], [-0.278004, -0.056859, 0.041453], [0.264351, -0.292927, 0.167424], [-0.351656, -0.301697, 0.11776], [0.27544, -0.358104, 0.22796], [-0.372771, -0.384031, 0.143327]], "im2d": [[0.018861, -0.092985], [-0.047221, 0.031078], [0.079807, 0.006005], [0.054964, -0.218936], [-0.036915, 0.486379], [-0.042573, 0.365204], [0.040983, -0.369681], [0.11547, 0.960666], [0.094275, 0.829957], [0.008012, -0.42927], [-0.024202, 1.006491], [0.077321, 0.907817], [0.008715, -0.686089], [-0.059114, -0.564511], [0.090173, -0.590233], [-0.047331, -0.741342], [-0.138081, -0.534629], [0.1573, -0.599347], [-0.196905, -0.224726], [0.242256, -0.319767], [-0.303676, 0.007909], [0.225917, -0.063185], [-0.367045, 0.073434], [0.217616, 0.02365]], "theta": [1.171645, 0.016869, 0.139387, 1.285666, 0.307628, -2.907238, 0.00425, -0.088646, -0.126485, -0.538911, -0.051598, -0.066505, 0.181019, -0.035745, -0.00308, 0.187469, -0.043952, -0.033022, 0.972356, -0.090664, 0.049815, -0.008677, -0.013007, 0.024638, -0.281191, 0.291245, 0.038554, -0.095583, -0.247096, 0.084162, 0.07397, -0.006099, -0.038197, -0.00225, 0.00164, 0.001551, 0.00194, 0.003536, -0.007951, 0.101336, -0.115614, -0.100612, 0.005986, -0.077198, -0.480291, -0.03683, 0.361806, 0.403079, 0.229555, -0.12354, -0.006939, 0.152268, -0.271614, -0.654309, 0.143856, 0.111885, 0.78049, 0.153777, -0.632145, -0.139372, -0.237947, 0.282446, -0.016103, 0.1076, -0.215699, 0.438618, -0.407411, 0.114628, -0.104186, 0.109398, 0.043483, -0.410382, 0.109387, -0.037253, 0.416659, 0.692785, -0.873392, 0.005476, -2.362231, 0.335244, 0.063185, 1.238613, -2.064801, 0.072738, 0.858963]}