{"hc3d": [[-0.000771, -0.21875, 0.039735], [0.081943, -0.315749, 0.036576], [-0.081682, -0.315194, 0.039292], [-0.003038, -0.103843, 0.004715], [0.075444, -0.691923, -0.090642], [-0.124722, -0.621838, 0.301121], [0.002041, 0.024491, 0.026171], [0.022641, -0.987388, -0.393659], [-0.076862, -1.034903, 0.399981], [-0.000174, 0.067409, 0.069651], [0.069215, -1.083783, -0.304882], [-0.151745, -1.078532, 0.510733], [0.002517, 0.289956, 0.088038], [0.088207, 0.195915, 0.081537], [-0.083435, 0.199588, 0.061511], [-0.003545, 0.325686, 0.155464], [0.189289, 0.182431, 0.080322], [-0.189065, 0.187298, 0.070226], [0.303477, -0.063357, 0.058347], [-0.275434, -0.061515, 0.024155], [0.259367, -0.242778, 0.24493], [-0.352614, -0.300735, 0.113653], [0.260927, -0.287911, 0.322366], [-0.383107, -0.379865, 0.139865]], "im2d": [[0.018862, -0.092985], [-0.047221, 0.031078], [0.079808, 0.006005], [0.054964, -0.218936], [0.054567, 0.485097], [-0.123207, 0.304505], [0.036938, -0.369442], [0.3477, 0.871439], [-0.261029, 0.767972], [0.002635, -0.42691], [0.230776, 0.972899], [-0.29906, 0.787093], [-0.007529, -0.685398], [-0.072973, -0.563693], [0.080153, -0.589408], [-0.059734, -0.739503], [-0.15231, -0.533197], [0.155697, -0.592327], [-0.232266, -0.230269], [0.255007, -0.310918], [-0.364934, -0.064418], [0.230257, -0.063688], [-0.434664, -0.026361], [0.228926, 0.017979]], "theta": [1.171647, 0.01687, 0.139387, 1.285667, 0.307628, -2.907238, 0.294553, 0.058128, -0.089514, -0.744457, 0.004832, -0.014246, 0.206013, -0.072488, -0.016413, 0.37678, -0.110695, -0.02323, 0.400624, -0.176389, 0.039545, 0.022797, -0.007871, 0.031787, -0.35108, 0.276506, -0.001557, 0.146591, -0.347247, 0.122459, 0.076656, -0.002124, -0.031747, -0.001493, 0.001149, 0.0008, 0.0017, 0.002472, -0.006219, 0.075688, -0.163073, -0.072983, 0.029696, -0.060056, -0.495102, -0.031213, 0.316849, 0.443947, 0.24017, -0.131789, 0.03067, 0.107309, -0.325377, -0.543794, 0.123031, 0.118656, 0.744114, 0.115108, -0.92684, -0.089423, -0.268043, 0.400764, -0.048765, 0.178441, -0.222345, 0.438518, -0.387385, 0.070919, -0.198191, 0.11002, 0.04434, -0.411058, 0.109899, -0.038711, 0.417196, 0.692785, -0.873392, 0.005476, -2.362231, 0.335244, 0.063185, 1.238613, -2.064801, 0.072738, 0.858963]}