{"hc3d": [[-0.000902, -0.218401, 0.038166], [0.080758, -0.315171, 0.034284], [-0.080751, -0.314568, 0.036935], [-0.00321, -0.103734, 0.004199], [0.144009, -0.681072, 0.183108], [-0.151372, -0.715206, 0.001845], [-0.00257, 0.024597, 0.031055], [0.151836, -1.089326, 0.051365], [-0.120216, -1.128061, -0.113665], [-0.002098, 0.071124, 0.070243], [0.21921, -1.139528, 0.162737], [-0.151524, -1.185549, 0.01121], [-0.014376, 0.293282, 0.061363], [0.076223, 0.204516, 0.053049], [-0.095242, 0.195228, 0.058645], [-0.010198, 0.348448, 0.115396], [0.173, 0.200292, 0.022251], [-0.197147, 0.188586, 0.088515], [0.257974, -0.04922, -0.050306], [-0.27656, -0.06587, 0.120522], [0.326973, -0.299734, -0.004512], [-0.322537, -0.303257, 0.236504], [0.380455, -0.369834, 0.011967], [-0.347653, -0.36257, 0.297576]], "im2d": [[0.013023, -0.099186], [0.002484, 0.020834], [0.016851, -0.010237], [0.057524, -0.22064], [-0.189607, 0.4156], [0.037552, 0.411744], [0.036196, -0.361173], [-0.072274, 0.868233], [0.134394, 0.872402], [-0.003701, -0.414443], [-0.204141, 0.926071], [-0.002142, 0.918563], [0.021228, -0.655782], [0.015075, -0.542372], [0.026668, -0.564867], [-0.034722, -0.718874], [0.038098, -0.51724], [0.004522, -0.579157], [0.092571, -0.226246], [-0.037892, -0.321968], [0.019534, 0.05334], [-0.174439, -0.083688], [-0.008547, 0.137672], [-0.242125, -0.029277]], "theta": [1.098236, 0.01276, 0.128087, 2.160605, 0.272966, -2.369876, -0.403862, -0.063621, 0.088533, 0.041849, -0.060268, -0.081527, 0.243303, 0.0155, 0.024752, 0.594605, 0.020691, -0.056623, 0.098279, 0.234758, 0.144479, -0.095117, 0.010068, 0.014682, -0.190105, 0.299645, 0.098554, -0.140809, -0.208985, 0.056276, 0.02787, 0.049313, -0.006309, 0.000551, -0.000694, 0.000453, 0.00145, 0.000997, -0.004524, -0.097619, -0.044239, -0.032871, 0.025589, 0.112134, -0.498904, -0.000502, 0.332078, 0.340657, -0.05672, 0.036418, 0.080515, 0.095957, -0.180229, -0.72315, 0.253089, 0.326986, 0.746994, 0.185977, -0.318478, -0.105896, 0.003482, 0.2125, -0.059458, 0.448253, -0.038876, 0.464491, 0.359893, 0.178893, -0.444856, 0.112315, 0.045938, -0.412742, 0.113222, -0.04097, 0.422037, 0.733532, -0.650284, -0.017952, -2.329358, 0.329093, 0.093685, 1.222197, -2.024284, 0.097715, 0.894498]}