{"hc3d": [[-0.000734, -0.219237, 0.04015], [0.08241, -0.316457, 0.037123], [-0.08207, -0.315909, 0.039862], [-0.002991, -0.104095, 0.004832], [0.073443, -0.709268, -0.01746], [-0.126029, -0.667785, 0.235699], [0.004643, 0.023502, 0.029891], [-0.018958, -1.112527, -0.119643], [-0.130093, -1.078066, 0.117111], [0.009518, 0.071362, 0.067968], [0.0524, -1.130449, -0.001654], [-0.157163, -1.129207, 0.2453], [0.018481, 0.294181, 0.049797], [0.101115, 0.196971, 0.047889], [-0.071959, 0.203974, 0.049272], [0.020482, 0.343312, 0.108315], [0.199108, 0.177259, 0.02702], [-0.17595, 0.189648, 0.069039], [0.267521, -0.081998, -0.016697], [-0.250542, -0.061682, 0.017211], [0.281571, -0.275983, 0.159418], [-0.259238, -0.311893, 0.10879], [0.312645, -0.329054, 0.224679], [-0.239832, -0.395623, 0.13109]], "im2d": [[0.015777, -0.099358], [0.102117, 0.021974], [-0.071862, 0.002576], [0.034849, -0.238733], [0.111326, 0.46428], [-0.229573, 0.43823], [0.03297, -0.380548], [0.057687, 0.900382], [-0.182118, 0.889846], [0.019344, -0.428391], [0.070251, 0.95045], [-0.279006, 0.968528], [0.043939, -0.687594], [0.129158, -0.566134], [-0.052962, -0.594226], [0.016618, -0.733595], [0.2424, -0.535646], [-0.172783, -0.586351], [0.33049, -0.236392], [-0.230268, -0.314428], [0.247989, 0.020416], [-0.293754, -0.010505], [0.245035, 0.096908], [-0.287213, 0.092323]], "theta": [1.173021, 0.014184, 0.134535, 3.223994, 0.104188, -0.757168, 0.104775, 0.09045, -0.096407, -0.539645, 0.067166, -0.031042, 0.239533, 0.030848, -0.029758, 0.024389, -0.087745, -0.089061, 0.700666, -0.030079, 0.003643, -0.135146, 0.007447, -0.007415, -0.496946, 0.324466, 0.138429, -0.170657, 0.004303, 0.070658, 0.040505, -0.00038, -0.018813, -0.001799, 0.001665, 0.0012, 0.001845, 0.002731, -0.006822, 0.023019, -0.098915, 0.012295, 0.008419, 0.023456, -0.533407, 0.035185, 0.281728, 0.516836, 0.053961, -0.20123, 0.037302, 0.178813, -0.221845, -0.678004, 0.283795, 0.076616, 0.831278, 0.019734, -0.776126, -0.036596, -0.05486, 0.491775, -0.008903, 0.064274, -0.199233, 0.483409, -0.415396, 0.126297, 0.125913, 0.109493, 0.043655, -0.410908, 0.110236, -0.037904, 0.416778, 0.695776, -0.925191, 0.048864, -2.375361, 0.371347, 0.056071, 1.261024, -2.098727, 0.086154, 0.851578]}