{"hc3d": [[-0.000734, -0.219237, 0.04015], [0.08241, -0.316457, 0.037123], [-0.08207, -0.315909, 0.039862], [-0.002991, -0.104095, 0.004832], [0.091089, -0.672109, -0.138365], [-0.074492, -0.640695, 0.281849], [0.0059, 0.024422, 0.024106], [-0.00797, -1.021372, -0.361526], [-0.088434, -1.064183, 0.335453], [0.007541, 0.072796, 0.061809], [0.075911, -1.051443, -0.254782], [-0.088915, -1.062826, 0.476089], [0.01551, 0.295981, 0.048264], [0.099126, 0.199756, 0.053797], [-0.073154, 0.204784, 0.036484], [0.019773, 0.344401, 0.107251], [0.19898, 0.182553, 0.041146], [-0.179131, 0.191833, 0.039838], [0.275902, -0.073675, -0.006138], [-0.258834, -0.042326, -0.061323], [0.294132, -0.212825, 0.215558], [-0.239838, -0.27238, 0.072026], [0.32258, -0.253394, 0.290298], [-0.220481, -0.350368, 0.109812]], "im2d": [[0.015828, -0.099379], [0.102196, 0.021986], [-0.071831, 0.002584], [0.0349, -0.238795], [0.194282, 0.402026], [-0.199002, 0.42139], [0.037388, -0.382595], [0.198465, 0.75357], [-0.252492, 0.917935], [0.020571, -0.431486], [0.229759, 0.817138], [-0.326699, 0.941413], [0.041703, -0.690477], [0.124104, -0.568676], [-0.04748, -0.59774], [0.016479, -0.735316], [0.235087, -0.539394], [-0.160778, -0.594608], [0.334093, -0.243195], [-0.197325, -0.351827], [0.233452, -0.040946], [-0.253149, -0.060372], [0.223088, 0.022532], [-0.254629, 0.038619]], "theta": [1.173357, 0.014223, 0.134541, 3.224045, 0.104147, -0.757237, 0.415194, 0.218299, -0.006771, -0.669108, 0.228114, 0.049463, 0.189472, -0.075536, -0.045618, 0.048993, -0.177402, -0.147005, 0.432632, 0.068007, -0.048101, -0.098706, -0.011259, -0.00726, -0.69577, 0.371358, 0.143162, -0.136461, -0.042076, -0.000654, 0.073072, 0.020377, 0.020296, -0.003759, 0.002916, 0.003417, 0.002331, 0.004197, -0.009091, 0.011416, 0.048981, -0.01904, 0.045135, 0.051051, -0.532803, 0.067106, 0.228779, 0.497391, 0.006694, -0.046779, 0.019688, 0.176198, -0.240727, -0.674598, 0.364921, -0.008857, 0.823346, -0.114464, -1.033147, 0.125798, 0.08841, 0.880726, -0.07162, 0.030666, -0.13489, 0.409236, -0.344911, 0.114087, 0.026346, 0.107794, 0.042727, -0.408353, 0.108512, -0.036946, 0.416098, 0.695776, -0.925191, 0.048864, -2.375361, 0.371347, 0.056071, 1.261024, -2.098727, 0.086154, 0.851578]}