{"hc3d": [[-0.000734, -0.219237, 0.04015], [0.08241, -0.316457, 0.037123], [-0.08207, -0.315909, 0.039862], [-0.002991, -0.104095, 0.004832], [0.160163, -0.687544, 0.153779], [-0.100825, -0.713017, 0.117673], [0.004076, 0.023666, 0.029211], [0.054744, -0.863275, -0.219856], [-0.073894, -1.123511, 0.002872], [0.007449, 0.070566, 0.068624], [0.134048, -0.960758, -0.160337], [-0.102863, -1.187637, 0.124647], [0.01292, 0.291971, 0.036869], [0.097022, 0.196076, 0.040437], [-0.076131, 0.200554, 0.042328], [0.010312, 0.344083, 0.092723], [0.192704, 0.16849, 0.017836], [-0.179047, 0.182007, 0.064104], [0.24547, -0.093374, -0.031651], [-0.247408, -0.07396, 0.029107], [0.280222, -0.318204, 0.099069], [-0.276496, -0.328753, 0.101923], [0.303803, -0.392293, 0.143744], [-0.276635, -0.414646, 0.124442]], "im2d": [[0.015835, -0.099382], [0.102207, 0.021987], [-0.071827, 0.002584], [0.034907, -0.238805], [0.113214, 0.480084], [-0.14239, 0.47247], [0.032785, -0.38104], [0.194032, 0.603812], [-0.064356, 0.92877], [0.01685, -0.427724], [0.243573, 0.7362], [-0.160236, 1.021105], [0.044864, -0.688214], [0.128817, -0.567083], [-0.053773, -0.592188], [0.014164, -0.738678], [0.240379, -0.528084], [-0.173666, -0.578952], [0.315052, -0.228593], [-0.233555, -0.297862], [0.277273, 0.058222], [-0.308731, 0.005715], [0.276714, 0.154444], [-0.322865, 0.108823]], "theta": [1.173406, 0.014228, 0.134542, 3.22405, 0.104143, -0.757244, -0.339661, 0.049665, 0.110999, -0.232087, 0.013497, 0.04719, 0.234303, 0.035354, -0.025127, 1.371599, 0.154074, -0.152493, 0.379958, 0.085281, 0.01674, -0.103389, -0.011425, 0.008906, -0.549926, 0.248119, 0.075729, -0.096428, -0.151487, 0.12851, -0.047655, 0.019084, -0.026281, -0.002726, 0.002394, 0.002017, 0.002027, 0.003423, -0.007874, 0.03364, -0.136916, 0.050306, 0.046429, 0.043948, -0.623982, 0.039915, 0.291362, 0.552993, 0.036231, -0.165105, 0.077162, 0.131885, -0.15784, -0.657235, 0.282827, 0.074539, 0.804625, -0.001299, -0.568683, -0.045864, -0.027209, 0.318428, -0.019798, -0.00919, -0.164039, 0.288217, -0.314416, 0.143617, -0.031954, 0.108615, 0.043016, -0.409917, 0.109442, -0.037265, 0.415994, 0.695776, -0.925191, 0.048864, -2.375361, 0.371347, 0.056071, 1.261024, -2.098727, 0.086154, 0.851578]}