{"hc3d": [[-0.000994, -0.218152, 0.037196], [0.079849, -0.314671, 0.032986], [-0.080036, -0.314033, 0.035555], [-0.003327, -0.103653, 0.003752], [0.097352, -0.692749, -0.101762], [-0.106547, -0.676672, 0.224891], [0.002224, 0.026498, 0.022263], [0.070883, -1.059275, -0.326115], [-0.081537, -1.085276, 0.360548], [0.000537, 0.070546, 0.063819], [0.13426, -1.130573, -0.223871], [-0.117054, -1.099613, 0.496539], [-0.007623, 0.292318, 0.073744], [0.081803, 0.202716, 0.064936], [-0.089131, 0.19682, 0.055285], [-0.007883, 0.344461, 0.131523], [0.182667, 0.202463, 0.053288], [-0.193629, 0.182558, 0.069108], [0.318535, -0.034637, 0.076925], [-0.260202, -0.074477, 0.024917], [0.271427, -0.214871, 0.265012], [-0.307013, -0.325267, 0.110579], [0.270253, -0.251196, 0.347147], [-0.341533, -0.400678, 0.142474]], "im2d": [[0.022968, -0.100467], [0.016599, 0.018181], [0.018598, -0.01152], [0.069623, -0.220825], [0.129341, 0.440013], [-0.219027, 0.355867], [0.060835, -0.36138], [0.342023, 0.849794], [-0.40378, 0.786875], [0.019521, -0.41285], [0.222442, 0.928366], [-0.552141, 0.783326], [0.028617, -0.653525], [0.027615, -0.54034], [0.042674, -0.56388], [-0.029693, -0.714935], [0.037291, -0.520838], [0.02945, -0.568641], [-0.013512, -0.243808], [0.056771, -0.300364], [-0.232991, -0.076002], [-0.057395, -0.047233], [-0.325651, -0.044769], [-0.097804, 0.024635]], "theta": [1.093357, 0.022001, 0.126263, 2.231051, 0.282255, -2.27701, 0.309066, 0.1188, -0.020033, -0.508875, 0.094328, 0.012214, 0.172471, -0.029455, -0.014566, 0.120915, -0.151405, 0.005685, 0.065231, 0.057813, 0.012976, 0.042141, -0.02554, 0.041197, -0.30142, 0.321992, 0.040022, 0.121722, -0.235492, 0.07439, 0.04389, 0.042344, -0.001088, -0.005061, 0.004198, 0.003656, -0.000358, 0.004149, -0.005845, -0.119973, -0.08814, -0.051476, 0.072136, 0.022376, -0.436869, 0.002395, 0.28351, 0.424615, -0.057593, -0.026863, 0.092486, 0.077774, -0.550367, -0.498653, 0.258808, 0.192307, 0.813378, 0.335288, -0.855747, -0.139136, -0.148903, 0.36229, -0.101557, 0.524853, -0.152031, 0.491625, 0.041026, 0.060915, -0.340656, 0.105961, 0.04298, -0.40745, 0.107744, -0.041068, 0.4148, 0.760765, -0.5243, -0.073248, -2.287488, 0.300124, 0.09416, 1.2073, -1.975579, 0.072734, 0.896397]}