{"hc3d": [[-0.000994, -0.218152, 0.037196], [0.079849, -0.314671, 0.032986], [-0.080036, -0.314033, 0.035555], [-0.003327, -0.103653, 0.003752], [0.143969, -0.710179, 0.062456], [-0.10827, -0.706618, 0.150174], [0.000294, 0.027061, 0.01836], [0.11397, -0.9473, -0.295664], [-0.078478, -1.134001, 0.10075], [0.001337, 0.072961, 0.057884], [0.193033, -1.048682, -0.240666], [-0.113007, -1.198309, 0.221716], [0.000324, 0.29479, 0.046097], [0.086532, 0.201736, 0.042624], [-0.084759, 0.200802, 0.040488], [-0.000743, 0.350047, 0.100895], [0.184029, 0.182301, 0.021984], [-0.186318, 0.177562, 0.061931], [0.259331, -0.080866, 0.004434], [-0.229808, -0.088043, 0.058163], [0.297651, -0.315865, 0.120137], [-0.285209, -0.346757, 0.107384], [0.322847, -0.391825, 0.160909], [-0.309491, -0.43075, 0.123234]], "im2d": [[0.026211, -0.101394], [0.020593, 0.019536], [0.022662, -0.011262], [0.072635, -0.224094], [-0.046089, 0.461167], [-0.135353, 0.402672], [0.066931, -0.367486], [0.332542, 0.745112], [-0.116128, 0.879427], [0.026812, -0.420805], [0.260957, 0.865986], [-0.25437, 0.932952], [0.057893, -0.662375], [0.051575, -0.544291], [0.059077, -0.575103], [0.001666, -0.727612], [0.06991, -0.503077], [0.036516, -0.570515], [0.065736, -0.199959], [0.020482, -0.288108], [-0.082729, 0.054134], [-0.053365, -0.019963], [-0.134846, 0.138374], [-0.077004, 0.065927]], "theta": [1.111785, 0.02457, 0.126953, 2.236168, 0.277715, -2.28405, -0.102238, 0.020025, 0.074959, -0.315655, 0.046466, 0.022748, 0.143498, -0.002946, 0.001634, 0.974747, 0.04201, -0.046947, 0.306428, 0.079117, 0.047366, 0.024861, -0.005807, 0.004907, -0.288722, 0.321726, 0.052423, 0.056936, -0.230527, 0.10447, -0.009598, 0.030816, -0.015832, -0.003045, 0.002117, 0.003075, 0.002281, 0.003403, -0.008763, -0.074056, -0.08714, 0.026831, 0.070596, 0.044106, -0.590975, 0.00651, 0.324892, 0.553734, 0.08926, -0.051986, 0.064974, 0.127443, -0.375934, -0.617597, 0.238081, 0.235047, 0.781143, 0.131568, -0.397063, -0.041596, -0.051943, 0.04034, -0.060867, 0.346961, -0.124866, 0.251842, 0.038267, 0.074985, -0.167875, 0.108783, 0.042823, -0.409978, 0.1095, -0.03697, 0.416801, 0.760765, -0.5243, -0.073248, -2.287488, 0.300124, 0.09416, 1.2073, -1.975579, 0.072734, 0.896397]}