{"hc3d": [[-0.000994, -0.218152, 0.037196], [0.079849, -0.314671, 0.032986], [-0.080036, -0.314033, 0.035555], [-0.003327, -0.103653, 0.003752], [0.135708, -0.694047, 0.15282], [-0.13829, -0.71982, 0.034422], [-0.001986, 0.026, 0.026139], [0.117158, -1.080038, -0.037029], [-0.098586, -1.132816, -0.083238], [-0.000681, 0.072669, 0.064742], [0.192013, -1.147077, 0.060215], [-0.140349, -1.202334, 0.03245], [-0.006837, 0.294489, 0.054441], [0.08116, 0.203334, 0.047339], [-0.090042, 0.198725, 0.051212], [-0.006117, 0.344949, 0.113691], [0.178302, 0.194403, 0.019179], [-0.192158, 0.188682, 0.07924], [0.239945, -0.06263, -0.054096], [-0.257503, -0.072214, 0.089967], [0.298942, -0.314089, 0.003935], [-0.311853, -0.324044, 0.167767], [0.335409, -0.39436, 0.021079], [-0.33628, -0.402774, 0.200942]], "im2d": [[0.026449, -0.101491], [0.02087, 0.019616], [0.022943, -0.011257], [0.072879, -0.22437], [-0.144451, 0.43501], [-0.006768, 0.421897], [0.058453, -0.367868], [0.035685, 0.869927], [0.089289, 0.891162], [0.019332, -0.421954], [-0.079939, 0.949064], [-0.043451, 0.949599], [0.048852, -0.664929], [0.046697, -0.548107], [0.047245, -0.575469], [-0.01286, -0.725021], [0.074271, -0.51775], [0.018438, -0.585988], [0.13298, -0.218773], [-0.012529, -0.313693], [0.046482, 0.06249], [-0.117544, -0.054937], [0.019865, 0.155695], [-0.159973, 0.023816]], "theta": [1.113259, 0.024752, 0.126987, 2.236448, 0.27748, -2.284433, -0.326399, -0.037253, 0.060631, -0.039347, -0.056456, -0.046504, 0.203569, 0.014598, 0.020177, 0.667732, 0.086464, -0.052518, 0.193843, 0.144131, 0.118777, -0.054252, 0.003648, -0.001007, -0.204194, 0.29876, 0.08132, -0.069191, -0.238513, 0.09978, 0.015706, 0.041097, -0.011292, -0.00196, 0.001708, 0.001412, 0.00206, 0.003055, -0.007536, 0.003711, -0.099523, 0.001726, 0.049375, 0.098059, -0.5159, -0.022026, 0.334616, 0.40442, 0.090079, -0.075034, 0.055832, 0.132383, -0.192168, -0.772549, 0.245191, 0.2484, 0.814344, 0.146925, -0.357012, -0.026215, 0.049323, 0.118465, -0.045921, 0.341255, -0.082524, 0.287648, 0.220556, 0.117766, -0.222589, 0.109231, 0.043895, -0.41022, 0.110207, -0.038235, 0.416498, 0.760765, -0.5243, -0.073248, -2.287488, 0.300124, 0.09416, 1.2073, -1.975579, 0.072734, 0.896397]}