{"hc3d": [[-0.000994, -0.218152, 0.037196], [0.079849, -0.314671, 0.032986], [-0.080036, -0.314033, 0.035555], [-0.003327, -0.103653, 0.003752], [0.11989, -0.682917, 0.188542], [-0.142005, -0.69529, -0.10178], [-0.001827, 0.024642, 0.032924], [0.115168, -1.093752, 0.317259], [-0.116652, -1.070939, -0.312091], [-0.002347, 0.070152, 0.072905], [0.173798, -1.092398, 0.444203], [-0.155429, -1.146423, -0.199134], [-0.013368, 0.292009, 0.075397], [0.076892, 0.203351, 0.065598], [-0.094197, 0.194831, 0.064114], [-0.012133, 0.342781, 0.134371], [0.174351, 0.204057, 0.037128], [-0.19567, 0.190584, 0.095729], [0.234779, -0.040472, -0.071448], [-0.268718, -0.065008, 0.138011], [0.333579, -0.28596, -0.078819], [-0.261992, -0.282286, 0.296662], [0.384603, -0.359236, -0.088532], [-0.265261, -0.327115, 0.373313]], "im2d": [[0.026481, -0.101506], [0.020906, 0.019625], [0.02298, -0.011257], [0.072915, -0.224411], [-0.182704, 0.41694], [0.146578, 0.405971], [0.050832, -0.366995], [-0.358589, 0.854744], [0.348982, 0.839606], [0.010134, -0.42028], [-0.501192, 0.853505], [0.218678, 0.905379], [0.025597, -0.665339], [0.026573, -0.550572], [0.03275, -0.573189], [-0.035815, -0.725661], [0.055264, -0.530668], [0.000404, -0.590237], [0.154234, -0.242557], [-0.064923, -0.327808], [0.139605, 0.045226], [-0.258776, -0.102206], [0.142922, 0.135799], [-0.347385, -0.06025]], "theta": [1.113477, 0.024777, 0.12699, 2.236477, 0.277456, -2.284474, -0.419882, -0.054382, 0.025601, 0.294087, -0.115004, -0.077898, 0.25617, 0.013695, 0.019316, -0.005122, -0.022438, -0.003523, 0.091267, 0.260565, 0.100171, -0.077956, -0.015862, 0.02294, -0.042079, 0.307549, 0.05506, -0.217683, -0.211808, 0.032435, 0.044574, 0.036762, -0.005875, -0.001756, 0.001603, 0.001718, 0.001973, 0.003029, -0.007103, -0.060441, -0.084844, -0.042784, 0.016254, 0.135739, -0.461344, -0.045773, 0.392599, 0.304044, 0.111719, -0.103365, 0.086786, 0.080669, -0.054837, -0.842838, 0.241302, 0.366085, 0.767601, 0.051294, -0.245512, 0.042563, 0.129847, 0.423143, -0.093503, 0.285514, -0.05709, 0.330796, 0.3473, 0.220035, -0.497489, 0.109505, 0.043958, -0.410845, 0.110579, -0.038865, 0.41692, 0.760765, -0.5243, -0.073248, -2.287488, 0.300124, 0.09416, 1.2073, -1.975579, 0.072734, 0.896397]}