{"hc3d": [[-0.00099, -0.218395, 0.037292], [0.080002, -0.315052, 0.033145], [-0.080185, -0.314415, 0.035699], [-0.003322, -0.103699, 0.003675], [0.068683, -0.69638, 0.161044], [-0.074839, -0.722081, -0.012645], [0.002773, 0.024815, 0.031825], [0.05077, -1.117213, 0.068716], [-0.055459, -1.135362, -0.136732], [0.00519, 0.073775, 0.067595], [0.100423, -1.164745, 0.190687], [-0.082302, -1.196491, -0.011997], [0.002788, 0.295367, 0.049307], [0.089489, 0.202549, 0.046627], [-0.082046, 0.200779, 0.048282], [0.005463, 0.347576, 0.107134], [0.186291, 0.195168, 0.016578], [-0.185414, 0.197199, 0.073572], [0.193376, -0.058536, -0.088067], [-0.237981, -0.066684, 0.060161], [0.284633, -0.288723, 0.006284], [-0.253942, -0.304274, 0.186084], [0.339192, -0.355386, 0.032051], [-0.26126, -0.37358, 0.241343]], "im2d": [[0.010464, -0.135155], [0.083752, -0.024336], [-0.063166, -0.040724], [0.030966, -0.261376], [-0.011073, 0.395113], [-0.041524, 0.389869], [0.023733, -0.394976], [0.014557, 0.832791], [0.036569, 0.819847], [0.006561, -0.443217], [-0.012293, 0.901378], [-0.061718, 0.895611], [0.021061, -0.681933], [0.098789, -0.574487], [-0.057978, -0.589532], [-0.008561, -0.731284], [0.203886, -0.56013], [-0.166583, -0.593348], [0.263942, -0.299666], [-0.213805, -0.318322], [0.285843, -0.034871], [-0.307749, -0.05298], [0.318631, 0.044456], [-0.348299, 0.026114]], "theta": [1.07732, 0.010703, 0.092941, 3.13078, 0.100717, -0.910446, -0.347335, -0.073934, -0.103769, 0.083613, 0.017935, 0.111923, 0.249089, 0.033128, -0.013991, 0.443149, 0.010021, 0.063906, 0.09226, 0.089889, -0.081022, -0.159786, 0.010371, 0.022578, -0.202664, 0.260078, -0.011564, -0.117199, -0.104723, 0.040724, 0.039007, 0.00257, -0.016073, 0.000348, -0.000204, 7.5e-05, 0.001451, 0.000179, -0.003546, 0.010926, -0.075209, -0.010217, 0.013303, 0.135614, -0.476071, -0.041325, 0.317454, 0.370718, -0.009531, -0.107963, 0.036149, 0.224216, -0.030064, -0.987124, 0.261705, 0.171888, 0.968577, -0.212319, -0.646767, 0.201775, -0.070108, 0.415537, -0.117074, 0.053166, -0.175908, 0.448554, -0.192424, 0.260245, -0.242931, 0.111553, 0.045088, -0.413482, 0.112519, -0.039612, 0.419262, 0.781659, -0.525294, -0.045631, -2.304828, 0.303625, 0.062351, 1.244495, -1.981604, 0.066946, 0.907039]}