{"hc3d": [[-0.00099, -0.218395, 0.037292], [0.080002, -0.315052, 0.033145], [-0.080185, -0.314415, 0.035699], [-0.003322, -0.103699, 0.003675], [0.068063, -0.689239, 0.180586], [-0.075565, -0.709454, -0.076017], [0.004169, 0.025283, 0.029226], [-0.004948, -1.114227, 0.180128], [-0.12143, -0.959705, -0.425079], [0.008123, 0.073181, 0.066275], [0.061812, -1.121309, 0.302988], [-0.133611, -1.069923, -0.337217], [0.010273, 0.294828, 0.048637], [0.094952, 0.200197, 0.044914], [-0.07656, 0.202067, 0.048109], [0.013268, 0.352365, 0.101149], [0.191281, 0.185302, 0.016157], [-0.179338, 0.203087, 0.075914], [0.189612, -0.05998, -0.107132], [-0.238928, -0.059418, 0.065056], [0.316355, -0.269465, -0.0058], [-0.219233, -0.263068, 0.240266], [0.373881, -0.332176, 0.023231], [-0.221047, -0.313105, 0.313775]], "im2d": [[0.010849, -0.135418], [0.084358, -0.024342], [-0.062896, -0.040757], [0.031351, -0.261969], [-0.022253, 0.390601], [-0.004482, 0.37048], [0.026814, -0.396507], [-0.099919, 0.838008], [0.149749, 0.5964], [0.010189, -0.443407], [-0.110709, 0.865375], [0.084655, 0.722501], [0.028379, -0.682245], [0.105052, -0.572924], [-0.052848, -0.591721], [0.002161, -0.737905], [0.20902, -0.550432], [-0.162508, -0.600112], [0.27248, -0.301304], [-0.217528, -0.326338], [0.323315, -0.053664], [-0.30687, -0.087748], [0.357114, 0.022286], [-0.352566, -0.026539]], "theta": [1.079978, 0.011036, 0.093006, 3.131314, 0.100266, -0.911177, -0.40139, 0.004366, -0.117915, 0.24052, -0.0028, 0.109574, 0.231435, 0.088942, -0.020394, 0.280491, -0.006386, -0.026814, 0.607159, 0.182703, -0.160142, -0.11398, -0.035477, 0.009899, -0.353148, 0.326498, 0.067159, -0.308175, -0.051466, 0.013422, 0.014678, -0.001621, -0.016108, -0.001673, 0.001347, 0.002098, 0.001401, 0.002052, -0.005312, -0.089418, -0.127258, -0.027563, 0.021952, 0.106293, -0.528406, -0.086172, 0.339162, 0.347954, 0.042817, -0.18572, 0.076213, 0.175867, 0.086801, -0.930066, 0.291776, 0.148322, 0.9956, -0.25977, -0.799111, 0.316726, -0.002174, 0.66527, -0.169296, -0.15165, -0.19467, 0.358553, -0.23793, 0.278477, -0.355256, 0.109528, 0.043537, -0.411294, 0.110311, -0.038442, 0.417054, 0.781659, -0.525294, -0.045631, -2.304828, 0.303625, 0.062351, 1.244495, -1.981604, 0.066946, 0.907039]}