{"hc3d": [[-0.00099, -0.218395, 0.037292], [0.080002, -0.315052, 0.033145], [-0.080185, -0.314415, 0.035699], [-0.003322, -0.103699, 0.003675], [0.055972, -0.709354, 0.109601], [-0.099235, -0.723914, 0.013227], [0.002543, 0.026074, 0.025351], [-0.000545, -1.136843, 0.107398], [-0.137458, -0.905253, -0.376938], [0.007303, 0.074312, 0.061861], [0.04608, -1.155844, 0.238038], [-0.1679, -1.03758, -0.337203], [0.010644, 0.295351, 0.037905], [0.094461, 0.199942, 0.034491], [-0.076874, 0.203346, 0.042434], [0.014874, 0.353566, 0.089578], [0.190844, 0.182813, 0.007198], [-0.178754, 0.20171, 0.073338], [0.19675, -0.075886, -0.084488], [-0.224241, -0.063082, 0.053504], [0.284707, -0.310626, 0.001397], [-0.230681, -0.30579, 0.170174], [0.324379, -0.38559, 0.03125], [-0.234087, -0.37577, 0.224961]], "im2d": [[0.010861, -0.135427], [0.084377, -0.024343], [-0.062889, -0.040758], [0.031364, -0.26199], [0.007444, 0.403373], [-0.078237, 0.393152], [0.027617, -0.397961], [-0.054265, 0.854955], [0.108705, 0.541713], [0.012046, -0.445206], [-0.088224, 0.893901], [0.054342, 0.684521], [0.034972, -0.683969], [0.110667, -0.57386], [-0.049801, -0.593774], [0.01038, -0.740324], [0.213783, -0.548814], [-0.160525, -0.598903], [0.265427, -0.281178], [-0.197559, -0.322207], [0.289256, -0.012015], [-0.277744, -0.050662], [0.305999, 0.075358], [-0.314558, 0.029736]], "theta": [1.08007, 0.011047, 0.093008, 3.131326, 0.100256, -0.911194, -0.217039, -0.006161, -0.144944, 0.017932, -0.02223, 0.049801, 0.200929, 0.089532, -0.009253, 0.100161, -0.133584, 0.019491, 1.002544, 0.101202, -0.139784, -0.092705, -0.022486, -0.008533, -0.245292, 0.314705, 0.013045, -0.118045, -0.037444, 0.082586, -0.00367, 0.010431, -0.021595, -0.001449, 0.001346, 0.001436, 0.001483, 0.002049, -0.005316, -0.074254, -0.149395, -0.033979, 0.058018, 0.070925, -0.533337, -0.078831, 0.342528, 0.388087, 0.089983, -0.167273, 0.05872, 0.141973, -0.040217, -0.903822, 0.29323, 0.109639, 1.042212, -0.137784, -0.555323, 0.203366, 0.03857, 0.393196, -0.137311, -0.102838, -0.208171, 0.275904, -0.275646, 0.278357, -0.271331, 0.109941, 0.043551, -0.41235, 0.110321, -0.038653, 0.41693, 0.781659, -0.525294, -0.045631, -2.304828, 0.303625, 0.062351, 1.244495, -1.981604, 0.066946, 0.907039]}