{"hc3d": [[-0.00086, -0.218237, 0.03848], [0.081051, -0.31497, 0.034728], [-0.08096, -0.314384, 0.037408], [-0.003154, -0.103697, 0.004391], [0.15317, -0.648626, 0.240237], [-0.176222, -0.704076, -0.029583], [-0.003961, 0.020981, 0.043661], [0.128808, -1.074205, 0.270071], [-0.140127, -1.106971, -0.169799], [-0.004606, 0.067274, 0.083159], [0.206411, -1.085097, 0.385012], [-0.173998, -1.163741, -0.04571], [-0.025953, 0.288711, 0.079361], [0.068118, 0.204087, 0.068701], [-0.102815, 0.187682, 0.07504], [-0.018722, 0.344104, 0.132309], [0.160738, 0.214291, 0.02822], [-0.203499, 0.180045, 0.108311], [0.261226, -0.011057, -0.087302], [-0.304623, -0.049107, 0.202605], [0.378795, -0.239984, -0.033488], [-0.206683, -0.164439, 0.422881], [0.456114, -0.284751, -0.028139], [-0.178525, -0.167967, 0.506801]], "im2d": [[0.014086, -0.103805], [0.016979, 0.019122], [0.001915, -0.018053], [0.060075, -0.2258], [-0.228671, 0.382867], [0.038586, 0.384751], [0.026411, -0.362762], [-0.295713, 0.834525], [0.164504, 0.835654], [-0.01347, -0.415176], [-0.416904, 0.856854], [0.0214, 0.881873], [0.005985, -0.658523], [0.018298, -0.54551], [-0.002749, -0.566587], [-0.047376, -0.719782], [0.070475, -0.533302], [-0.047419, -0.582944], [0.18766, -0.26086], [-0.176011, -0.364173], [0.11995, 0.009193], [-0.419283, -0.230931], [0.11647, 0.074513], [-0.509569, -0.2258]], "theta": [1.103059, 0.013631, 0.124131, 2.365942, 0.303483, -2.194234, -0.574845, -0.010005, 0.10679, 0.110627, -0.116071, -0.153482, 0.343852, 0.023262, 0.037432, 0.388483, 0.079346, -0.113839, 0.099308, 0.198153, 0.201938, -0.194348, 0.005384, 0.023433, -0.172482, 0.313242, 0.147826, -0.197486, -0.111242, 0.032776, 0.050759, 0.060889, 0.012056, -0.006804, 0.005644, 0.005418, -0.00069, 0.005081, -0.007381, -0.130345, -0.017856, -0.098658, -0.025699, 0.220055, -0.414373, 0.015228, 0.353256, 0.298094, -0.191027, 0.059161, 0.081065, 0.107702, -0.045326, -0.733555, 0.288298, 0.479075, 0.487864, -0.014855, -0.514452, -0.104562, -0.014096, 0.896918, -0.148431, 0.383401, -0.016614, 0.685226, 0.336536, 0.265023, -0.488703, 0.103656, 0.042232, -0.403907, 0.107219, -0.040859, 0.41362, 0.690713, -0.714107, -0.010496, -2.32397, 0.350658, 0.099516, 1.240245, -2.039182, 0.095008, 0.881894]}