{"hc3d": [[-0.00086, -0.218237, 0.03848], [0.081051, -0.31497, 0.034728], [-0.08096, -0.314384, 0.037408], [-0.003154, -0.103697, 0.004391], [0.096117, -0.711705, 0.00103], [-0.158235, -0.683373, 0.190045], [0.000207, 0.024957, 0.027285], [0.048585, -1.123634, -0.102197], [-0.129405, -1.078505, 0.027787], [-0.002266, 0.070698, 0.06735], [0.114511, -1.159165, 0.015037], [-0.183751, -1.145935, 0.138547], [-0.010603, 0.293034, 0.066035], [0.079113, 0.203245, 0.062413], [-0.092318, 0.196724, 0.052613], [-0.005901, 0.346999, 0.120714], [0.180464, 0.203286, 0.055392], [-0.194048, 0.182082, 0.079797], [0.311194, -0.035578, 0.046552], [-0.273661, -0.073217, 0.090402], [0.272071, -0.219806, 0.230005], [-0.289288, -0.305499, 0.221613], [0.272084, -0.269261, 0.304605], [-0.301317, -0.376805, 0.272786]], "im2d": [[0.017451, -0.104876], [0.021285, 0.020518], [0.006, -0.017891], [0.063214, -0.229391], [0.033068, 0.461213], [-0.195758, 0.361377], [0.046636, -0.370997], [0.116818, 0.907601], [-0.03903, 0.810081], [0.004757, -0.423826], [-0.011709, 0.95592], [-0.171643, 0.865811], [0.020754, -0.669741], [0.025508, -0.550162], [0.022981, -0.58232], [-0.036365, -0.730677], [0.041076, -0.526308], [-0.016164, -0.591265], [0.044624, -0.233305], [-0.051491, -0.330071], [-0.176099, -0.049553], [-0.215272, -0.085446], [-0.262907, 0.000921], [-0.278284, -0.012587]], "theta": [1.12311, 0.016399, 0.124857, 2.37136, 0.29869, -2.201687, 0.054129, 0.041293, -0.04273, -0.433204, -0.045337, -0.089666, 0.213461, -0.041013, -0.000859, 0.069009, -0.069368, -0.042148, 0.705334, 0.039245, 0.111359, -0.050179, -0.015698, 0.04418, -0.290983, 0.309819, 0.160491, -0.161421, -0.20073, 0.060567, 0.05246, 0.042379, -0.013453, -0.00148, 0.001322, 0.000737, 0.001846, 0.002627, -0.006506, -0.123355, 0.023145, -0.057287, 0.020676, -0.030021, -0.414702, -0.005549, 0.414922, 0.409394, 0.029132, -0.038736, 0.024869, 0.13939, -0.346684, -0.606546, 0.241401, 0.240745, 0.715311, 0.380956, -0.902831, -0.080518, 0.108066, 0.398296, -0.075809, 0.425429, -0.128541, 0.362741, 0.166376, 0.115777, -0.239085, 0.109847, 0.044246, -0.410668, 0.110521, -0.037414, 0.416751, 0.690713, -0.714107, -0.010496, -2.32397, 0.350658, 0.099516, 1.240245, -2.039182, 0.095008, 0.881894]}