{"hc3d": [[-0.00086, -0.218237, 0.03848], [0.081051, -0.31497, 0.034728], [-0.08096, -0.314384, 0.037408], [-0.003154, -0.103697, 0.004391], [0.107446, -0.680767, -0.121019], [-0.110956, -0.64934, 0.266159], [0.002305, 0.02537, 0.024371], [0.092436, -0.990855, -0.414652], [-0.079773, -1.054101, 0.402115], [-0.005308, 0.067604, 0.06752], [0.161193, -1.093496, -0.350701], [-0.107676, -1.090752, 0.534954], [-0.024262, 0.288876, 0.0811], [0.069606, 0.20336, 0.080714], [-0.099372, 0.190598, 0.052234], [-0.023497, 0.339372, 0.139183], [0.169628, 0.220421, 0.085781], [-0.205621, 0.194269, 0.051946], [0.367976, 0.040787, 0.034651], [-0.312547, -0.016316, -0.073948], [0.189828, -0.092109, 0.175105], [-0.394621, -0.229307, 0.065027], [0.133142, -0.130067, 0.233043], [-0.441887, -0.289003, 0.110306]], "im2d": [[0.017462, -0.104882], [0.021298, 0.020521], [0.006012, -0.017891], [0.063227, -0.229407], [0.172577, 0.436155], [-0.274973, 0.33114], [0.050093, -0.370839], [0.478733, 0.788065], [-0.452267, 0.77575], [0.00413, -0.421174], [0.405436, 0.913439], [-0.605474, 0.802712], [0.002583, -0.669165], [0.004328, -0.553468], [0.022455, -0.577255], [-0.058884, -0.727386], [0.007435, -0.549223], [0.014941, -0.60595], [0.067474, -0.303348], [0.133264, -0.39319], [-0.112247, -0.206024], [-0.042951, -0.185552], [-0.183954, -0.180485], [-0.101264, -0.133315]], "theta": [1.123191, 0.016408, 0.124859, 2.371369, 0.298683, -2.2017, 0.364678, 0.123589, 0.010055, -0.632044, 0.054287, 0.007423, 0.187986, -0.110584, -0.020505, 0.271012, -0.154426, 0.014712, 0.176655, 0.160732, 0.065177, 0.060198, -0.049441, 0.08423, -0.124279, 0.384263, 0.007203, 0.261863, -0.321227, 0.173729, 0.046677, 0.050851, 0.015339, -0.003621, 0.002485, 0.003323, 0.002845, 0.004239, -0.010382, -0.144862, -0.017587, -0.157042, 0.076081, 0.006147, -0.299818, 0.036743, 0.199237, 0.22168, -0.075229, 0.138014, 0.093689, 0.243446, -0.197714, -0.519461, 0.27533, -0.05634, 0.822784, 0.553814, -1.750131, -0.08774, -0.10289, 0.902266, -0.205316, 0.312372, -0.149323, 0.269269, -0.062354, 0.053833, -0.37312, 0.109448, 0.042183, -0.411054, 0.109342, -0.033578, 0.416875, 0.690713, -0.714107, -0.010496, -2.32397, 0.350658, 0.099516, 1.240245, -2.039182, 0.095008, 0.881894]}