{"hc3d": [[-0.00086, -0.218237, 0.03848], [0.081051, -0.31497, 0.034728], [-0.08096, -0.314384, 0.037408], [-0.003154, -0.103697, 0.004391], [0.156346, -0.705488, 0.058975], [-0.109067, -0.709032, 0.13167], [-0.000299, 0.025103, 0.026524], [0.06693, -0.943376, -0.284558], [-0.07472, -1.123993, 0.032092], [-0.00468, 0.068503, 0.068958], [0.160986, -1.02542, -0.223121], [-0.101895, -1.170598, 0.161929], [-0.013499, 0.29072, 0.06212], [0.076509, 0.201217, 0.065593], [-0.094082, 0.193818, 0.046317], [-0.013912, 0.344025, 0.11764], [0.177873, 0.194623, 0.063842], [-0.194238, 0.166831, 0.069618], [0.266333, -0.063057, 0.063287], [-0.240575, -0.096733, 0.073459], [0.288289, -0.289425, 0.1952], [-0.281834, -0.351278, 0.143605], [0.306959, -0.367117, 0.235528], [-0.303636, -0.434295, 0.165527]], "im2d": [[0.017463, -0.104883], [0.021299, 0.020521], [0.006012, -0.017891], [0.063228, -0.229408], [-0.026716, 0.465455], [-0.128468, 0.403979], [0.04747, -0.371263], [0.334517, 0.723376], [-0.042763, 0.87256], [0.00263, -0.422091], [0.267361, 0.832147], [-0.193235, 0.910772], [0.024758, -0.667723], [0.02162, -0.548743], [0.029696, -0.579262], [-0.033741, -0.729171], [0.030843, -0.51787], [-0.005829, -0.574093], [0.020629, -0.214431], [-0.031621, -0.295731], [-0.140684, 0.032418], [-0.130575, -0.02948], [-0.189668, 0.119979], [-0.162415, 0.055467]], "theta": [1.123198, 0.016408, 0.124859, 2.37137, 0.298682, -2.201701, -0.102846, 0.094646, 0.105686, -0.268604, 0.039073, 0.022818, 0.206926, -0.066835, 0.001444, 0.979351, 0.149518, -0.091065, 0.372671, 0.137952, 0.084231, 0.012661, -0.02709, 0.05104, -0.46836, 0.296927, 0.142635, -0.190383, -0.200549, 0.06167, -0.026994, 0.026551, -0.010062, -0.003304, 0.002425, 0.002881, 0.002382, 0.004327, -0.009489, -0.090362, -0.032653, -0.070952, 0.036554, -0.037616, -0.483421, 0.016961, 0.44884, 0.525391, 0.097908, -0.082025, 0.045827, 0.095658, -0.369284, -0.707163, 0.181387, 0.212045, 0.72673, 0.198309, -0.438438, -0.037641, 0.060309, 0.114255, -0.040506, 0.22983, -0.056775, 0.183029, 0.079188, 0.049667, -0.173985, 0.108569, 0.04246, -0.409907, 0.108749, -0.036368, 0.415988, 0.690713, -0.714107, -0.010496, -2.32397, 0.350658, 0.099516, 1.240245, -2.039182, 0.095008, 0.881894]}