{"hc3d": [[-0.00086, -0.218237, 0.03848], [0.081051, -0.31497, 0.034728], [-0.08096, -0.314384, 0.037408], [-0.003154, -0.103697, 0.004391], [0.139384, -0.698218, 0.126812], [-0.130902, -0.717663, 0.054564], [-0.00187, 0.023155, 0.035923], [0.078299, -1.070318, -0.074213], [-0.088292, -1.12206, -0.079358], [-0.005143, 0.067087, 0.077908], [0.167118, -1.126497, 0.016931], [-0.120146, -1.175135, 0.046881], [-0.014998, 0.289355, 0.075742], [0.075391, 0.200186, 0.074072], [-0.095778, 0.192434, 0.061103], [-0.016715, 0.337694, 0.135613], [0.176561, 0.199392, 0.064836], [-0.197918, 0.182565, 0.088897], [0.26217, -0.053943, 0.01271], [-0.278105, -0.072772, 0.087834], [0.307269, -0.293889, 0.110268], [-0.319189, -0.314472, 0.194176], [0.340918, -0.37066, 0.141653], [-0.342746, -0.387818, 0.237918]], "im2d": [[0.017464, -0.104883], [0.021299, 0.020521], [0.006013, -0.017891], [0.063228, -0.229408], [-0.10339, 0.450068], [-0.044472, 0.412322], [0.036704, -0.36997], [0.091449, 0.854616], [0.080999, 0.872982], [-0.007512, -0.421101], [-0.007571, 0.93226], [-0.066248, 0.917393], [0.009314, -0.667269], [0.011981, -0.548304], [0.012934, -0.578893], [-0.054489, -0.72379], [0.029957, -0.52346], [-0.026601, -0.593205], [0.077506, -0.222818], [-0.048922, -0.331487], [-0.044543, 0.046068], [-0.187474, -0.081143], [-0.082322, 0.136554], [-0.243195, -0.008337]], "theta": [1.123199, 0.016408, 0.124859, 2.37137, 0.298682, -2.201701, -0.268377, 0.045172, 0.059944, -0.083323, -0.032958, -0.027381, 0.281217, -0.046484, 0.013214, 0.663137, 0.167871, -0.07146, 0.272409, 0.176419, 0.12877, -0.074487, -0.012986, 0.043654, -0.329224, 0.271855, 0.164295, -0.22804, -0.193015, 0.05631, 0.00552, 0.029681, -0.015199, -0.002676, 0.00203, 0.002096, 0.002451, 0.003898, -0.008991, -0.024245, -0.099739, -0.075014, 0.002649, 0.004199, -0.436932, -0.011428, 0.430151, 0.355233, 0.078663, -0.098045, 0.062273, 0.077843, -0.184624, -0.805811, 0.197803, 0.180536, 0.781826, 0.230048, -0.456019, -0.042807, 0.131885, 0.303648, -0.070441, 0.283858, -0.048389, 0.294572, 0.257147, 0.091732, -0.263539, 0.10873, 0.043355, -0.40947, 0.109388, -0.03641, 0.416444, 0.690713, -0.714107, -0.010496, -2.32397, 0.350658, 0.099516, 1.240245, -2.039182, 0.095008, 0.881894]}