{"hc3d": [[-0.000891, -0.218653, 0.038578], [0.08099, -0.315445, 0.034891], [-0.080973, -0.314842, 0.037569], [-0.003189, -0.103958, 0.004314], [0.05124, -0.615472, 0.295405], [-0.166287, -0.707994, 0.097835], [-0.002452, 0.02341, 0.03493], [0.095485, -0.933413, 0.013158], [-0.117771, -1.051809, -0.152834], [0.00126, 0.06572, 0.078616], [0.125093, -0.995903, 0.133989], [-0.18148, -1.121485, -0.048505], [0.006181, 0.286441, 0.106928], [0.089491, 0.193923, 0.081769], [-0.082134, 0.196617, 0.090204], [0.000961, 0.337574, 0.164428], [0.189208, 0.175198, 0.076025], [-0.180064, 0.190376, 0.131241], [0.229936, -0.066516, -0.042906], [-0.244288, -0.042913, 0.245652], [0.200009, -0.305338, 0.063339], [-0.240839, -0.144911, 0.492763], [0.220995, -0.38022, 0.107836], [-0.257313, -0.169263, 0.576415]], "im2d": [[-0.002538, -0.060894], [-0.095559, 0.047266], [0.078919, 0.048887], [0.018111, -0.185171], [-0.168251, 0.348823], [0.128235, 0.484499], [0.014417, -0.332929], [-0.139798, 0.74596], [0.139957, 0.906241], [-0.001819, -0.386802], [-0.216058, 0.798778], [0.169848, 0.971024], [-0.003852, -0.639424], [-0.090961, -0.533069], [0.092164, -0.534456], [-0.014548, -0.705034], [-0.198073, -0.512822], [0.184039, -0.531603], [-0.216242, -0.22452], [0.201611, -0.283999], [-0.233379, 0.029901], [0.108967, -0.20409], [-0.275387, 0.107593], [0.097293, -0.188206]], "theta": [1.134991, -0.001345, 0.165002, 0.469406, 0.188075, -3.066897, -0.7317, -0.403283, -0.025156, -0.199617, -0.075912, -0.111647, 0.275597, 0.062359, 0.028671, 1.327677, 0.159155, -0.154043, 0.722438, -0.004326, 0.124491, -0.026662, 0.007286, -0.015444, -0.501099, 0.215773, 0.188447, -0.34224, -0.154274, -0.043772, 0.100176, 0.004887, -0.04604, -0.001315, 0.000862, 0.000897, 0.001965, 0.002332, -0.007873, -0.194545, -0.292899, 0.02089, -0.002226, -0.201044, -0.509568, -0.04125, 0.445698, 0.331815, 0.198625, -0.084174, 0.048278, 0.222776, -0.044485, -0.849513, -0.090323, 0.557202, 0.552377, 0.052467, -0.778518, -0.041121, -0.50651, 0.637389, -0.157659, 0.129162, -0.138981, 0.510595, -0.065858, 0.14956, -0.346667, 0.110497, 0.044317, -0.411272, 0.110664, -0.03663, 0.419493, 0.700317, -0.718276, 0.006753, -2.300267, 0.314119, 0.059179, 1.240842, -2.059533, 0.116409, 0.862292]}