{"hc3d": [[-0.000891, -0.218653, 0.038578], [0.08099, -0.315445, 0.034891], [-0.080973, -0.314842, 0.037569], [-0.003189, -0.103958, 0.004314], [0.05659, -0.713148, 0.037287], [-0.149344, -0.662252, 0.237846], [0.003658, 0.024809, 0.02739], [-0.004523, -1.113281, -0.100068], [-0.10564, -1.02646, 0.016851], [0.005154, 0.068976, 0.069336], [0.021583, -1.159502, 0.028632], [-0.175708, -1.111983, 0.103882], [0.010437, 0.291264, 0.079513], [0.094348, 0.196547, 0.068511], [-0.077384, 0.200802, 0.063659], [0.01158, 0.344483, 0.135321], [0.1936, 0.17473, 0.068238], [-0.179933, 0.188966, 0.089289], [0.250679, -0.082398, -0.001454], [-0.253968, -0.067274, 0.111607], [0.231184, -0.313845, 0.122125], [-0.324524, -0.30075, 0.221106], [0.256202, -0.380897, 0.176031], [-0.349491, -0.376328, 0.260179]], "im2d": [[-0.002165, -0.060962], [-0.09531, 0.047525], [0.079565, 0.049016], [0.01844, -0.185557], [-0.092404, 0.496484], [0.066375, 0.41399], [0.010603, -0.334267], [-0.002703, 0.968472], [0.072583, 0.855574], [-0.002628, -0.390061], [-0.077049, 1.002084], [0.114388, 0.940938], [0.000932, -0.64249], [-0.09183, -0.535346], [0.096391, -0.536761], [-0.01607, -0.71045], [-0.200683, -0.512243], [0.19835, -0.525402], [-0.253849, -0.213076], [0.256496, -0.23815], [-0.287589, 0.031052], [0.28279, 0.011057], [-0.33674, 0.098742], [0.292388, 0.091249]], "theta": [1.137649, -0.001011, 0.165067, 0.46994, 0.187623, -3.067629, -0.032506, -0.130971, -0.145433, -0.560684, -0.024511, -0.070403, 0.215802, -0.004004, -0.024717, 0.220325, -0.103749, -0.044756, 1.001552, -0.135932, 0.026531, -0.012021, 0.002887, 0.026062, -0.346431, 0.283497, 0.011934, -0.132637, -0.185339, 0.071617, 0.060806, 0.005247, -0.034274, 0.000368, 9.4e-05, -0.001485, 0.001236, 0.001191, -0.003873, -0.157068, -0.095215, -0.006188, 0.000443, -0.170814, -0.540275, -0.035882, 0.385708, 0.437258, 0.123918, -0.033391, 0.015221, 0.226436, -0.150203, -0.755697, 0.035918, 0.25978, 0.727193, -0.00908, -0.667712, -0.029985, -0.423842, 0.221248, -0.048053, -0.005593, -0.189233, 0.556439, -0.423687, 0.145426, -0.162952, 0.111625, 0.044854, -0.413733, 0.111269, -0.038467, 0.418336, 0.700317, -0.718276, 0.006753, -2.300267, 0.314119, 0.059179, 1.240842, -2.059533, 0.116409, 0.862292]}