{"hc3d": [[-0.000891, -0.218653, 0.038578], [0.08099, -0.315445, 0.034891], [-0.080973, -0.314842, 0.037569], [-0.003189, -0.103958, 0.004314], [0.052054, -0.710973, -0.0037], [-0.144661, -0.635787, 0.279265], [0.00403, 0.024418, 0.029372], [-0.002616, -1.102772, -0.165603], [-0.107904, -1.042606, 0.150641], [0.005399, 0.068639, 0.071265], [0.015671, -1.156458, -0.03846], [-0.178292, -1.114564, 0.248956], [0.010783, 0.290693, 0.085626], [0.094693, 0.196125, 0.073412], [-0.077, 0.20062, 0.067506], [0.011979, 0.344986, 0.140389], [0.194364, 0.176349, 0.0747], [-0.180064, 0.189277, 0.091222], [0.255706, -0.079388, 0.003527], [-0.25362, -0.068051, 0.094422], [0.216039, -0.287342, 0.159736], [-0.330541, -0.298162, 0.206721], [0.238666, -0.344076, 0.225287], [-0.359466, -0.372326, 0.245774]], "im2d": [[-0.002157, -0.060964], [-0.095306, 0.047529], [0.079578, 0.049018], [0.018447, -0.185566], [-0.073535, 0.499907], [0.048863, 0.378223], [0.009514, -0.334127], [0.017936, 0.965871], [0.029047, 0.855011], [-0.00356, -0.389975], [-0.047831, 1.008254], [0.068175, 0.92348], [-0.001536, -0.642744], [-0.093884, -0.535591], [0.094673, -0.537131], [-0.018183, -0.711773], [-0.203606, -0.515016], [0.197869, -0.526051], [-0.260818, -0.217262], [0.261884, -0.234869], [-0.28232, -0.003925], [0.294337, 0.010258], [-0.332213, 0.050517], [0.308319, 0.088924]], "theta": [1.137706, -0.001005, 0.165068, 0.469948, 0.187617, -3.06764, 0.069665, -0.120182, -0.163253, -0.680283, -0.003225, -0.064809, 0.230713, -0.015974, -0.028552, 0.184002, -0.159975, -0.020593, 0.881927, -0.174019, 0.012942, -0.028182, 0.011929, 0.029171, -0.344052, 0.274201, 0.004196, -0.046116, -0.188399, 0.089199, 0.080834, 0.002132, -0.034123, 0.000331, 0.000135, -0.001355, 0.001272, 0.001169, -0.003806, -0.195368, -0.085045, -0.002314, 0.010723, -0.176406, -0.51643, -0.02361, 0.372171, 0.430672, 0.101738, -0.004325, 0.014257, 0.242315, -0.175913, -0.762084, 0.041217, 0.233168, 0.758365, -0.021663, -0.848079, -0.003796, -0.474195, 0.298483, -0.091222, 0.027676, -0.183117, 0.610396, -0.445916, 0.139209, -0.184398, 0.111824, 0.044547, -0.414211, 0.111396, -0.038243, 0.41824, 0.700317, -0.718276, 0.006753, -2.300267, 0.314119, 0.059179, 1.240842, -2.059533, 0.116409, 0.862292]}