{"hc3d": [[-0.000891, -0.218653, 0.038578], [0.08099, -0.315445, 0.034891], [-0.080973, -0.314842, 0.037569], [-0.003189, -0.103958, 0.004314], [0.077011, -0.660608, 0.233928], [-0.129673, -0.716082, 0.083551], [0.001004, 0.025015, 0.026871], [0.081876, -0.990168, -0.038237], [-0.07272, -1.135444, 0.018065], [0.002339, 0.069403, 0.068588], [0.120619, -1.069804, 0.069183], [-0.136842, -1.18037, 0.134976], [0.002002, 0.291893, 0.07503], [0.08813, 0.199205, 0.06389], [-0.083717, 0.198937, 0.062422], [0.003513, 0.342768, 0.132973], [0.188402, 0.182698, 0.063533], [-0.183277, 0.183804, 0.096655], [0.235686, -0.074923, -0.011469], [-0.25103, -0.065903, 0.165168], [0.225522, -0.320314, 0.082869], [-0.290179, -0.283529, 0.315454], [0.246464, -0.396348, 0.125389], [-0.299551, -0.354969, 0.367131]], "im2d": [[-0.002147, -0.060967], [-0.0953, 0.047536], [0.079597, 0.049023], [0.018458, -0.185579], [-0.177817, 0.409186], [0.093992, 0.496266], [0.013683, -0.334425], [-0.110215, 0.819538], [0.030267, 0.97803], [0.000712, -0.39044], [-0.193023, 0.893681], [0.057875, 1.013266], [0.011636, -0.642514], [-0.083379, -0.53766], [0.103591, -0.534451], [-0.006624, -0.708144], [-0.19302, -0.520551], [0.199231, -0.520631], [-0.233793, -0.219885], [0.235379, -0.247332], [-0.268599, 0.043995], [0.214757, -0.022232], [-0.310007, 0.123505], [0.203422, 0.051278]], "theta": [1.137795, -0.000995, 0.165069, 0.469958, 0.187609, -3.067653, -0.536602, -0.301462, -0.020158, -0.156726, -0.052487, -0.022409, 0.212847, 0.033815, -0.001797, 1.094846, 0.185299, -0.108439, 0.203167, -0.053307, 0.098645, -0.013885, -0.007008, 0.028496, -0.370653, 0.200805, 0.028125, -0.149972, -0.204532, 0.048342, 0.048629, 3.1e-05, -0.03441, 0.001444, -0.00033, -0.003411, 0.000695, 0.000499, -0.002573, -0.099256, -0.093546, -0.017584, -0.024695, -0.182053, -0.50917, -0.011199, 0.447264, 0.432966, 0.147243, -0.030403, -0.010157, 0.23201, -0.11371, -0.853334, -0.023761, 0.358298, 0.625429, -0.002703, -0.546887, -0.041395, -0.362862, 0.243054, 0.003639, 0.111919, -0.182846, 0.453521, -0.314909, 0.141337, -0.101449, 0.111927, 0.046, -0.413743, 0.111826, -0.04039, 0.418626, 0.700317, -0.718276, 0.006753, -2.300267, 0.314119, 0.059179, 1.240842, -2.059533, 0.116409, 0.862292]}