{"hc3d": [[-0.000792, -0.219012, 0.039607], [0.081891, -0.316002, 0.03633], [-0.081673, -0.315448, 0.039067], [-0.003057, -0.104158, 0.004736], [0.105949, -0.698365, -0.064341], [-0.108396, -0.651743, 0.262281], [0.001581, 0.02357, 0.03056], [0.025072, -1.063665, -0.266477], [-0.093998, -1.061822, 0.377355], [0.002211, 0.070417, 0.069929], [0.115216, -1.108942, -0.171173], [-0.102294, -1.066584, 0.517358], [0.000576, 0.293458, 0.063539], [0.087795, 0.200788, 0.059694], [-0.084884, 0.199344, 0.05515], [0.004451, 0.347053, 0.117881], [0.186466, 0.192297, 0.035655], [-0.188102, 0.178126, 0.071247], [0.311769, -0.047647, 0.053467], [-0.26403, -0.075637, 0.040041], [0.322167, -0.248281, 0.221464], [-0.307755, -0.328889, 0.109026], [0.356074, -0.285785, 0.295252], [-0.325495, -0.414447, 0.12343]], "im2d": [[0.014202, -0.092423], [0.020527, 0.033149], [-0.0063, -0.004819], [0.063675, -0.216835], [0.098878, 0.465332], [-0.290477, 0.343923], [0.048015, -0.357811], [0.276228, 0.861583], [-0.455731, 0.790184], [0.008923, -0.411726], [0.179189, 0.925556], [-0.61283, 0.78433], [0.037315, -0.65673], [0.045348, -0.534837], [0.025084, -0.572203], [-0.017275, -0.718305], [0.085599, -0.501499], [-0.00988, -0.573411], [0.06092, -0.210563], [-0.010805, -0.309812], [-0.143447, 0.001196], [-0.118219, -0.046039], [-0.224045, 0.04526], [-0.145057, 0.042984]], "theta": [1.123881, 0.013429, 0.136777, 2.426251, 0.310543, -2.1106, 0.215905, 0.155968, 0.00174, -0.611272, 0.155846, -0.013851, 0.241274, -0.022684, -0.010404, 0.187832, 0.004942, -0.102454, 0.208952, 0.063302, 0.032077, -0.108041, 0.002214, 0.01776, -0.461081, 0.339788, 0.168486, 0.023491, -0.099655, 0.124625, 0.062868, 0.031827, -0.010145, 0.000498, -0.000772, 0.000471, 0.001353, 2e-05, -0.00344, -0.108109, -0.017954, -0.024507, 0.027277, 0.095195, -0.497987, 0.045124, 0.290964, 0.523378, -0.036098, -0.058773, 0.040751, 0.094714, -0.512738, -0.497317, 0.286108, 0.18787, 0.714234, 0.142385, -0.602516, -0.206355, -0.14595, 0.281952, -0.026728, 0.452224, -0.163157, 0.644697, 0.026026, 0.019395, -0.094586, 0.113025, 0.044926, -0.414804, 0.113072, -0.039391, 0.421891, 0.664008, -0.878039, 0.036715, -2.320902, 0.377394, 0.108137, 1.256166, -2.073546, 0.092895, 0.874521]}