{"hc3d": [[-0.000792, -0.219012, 0.039607], [0.081891, -0.316002, 0.03633], [-0.081673, -0.315448, 0.039067], [-0.003057, -0.104158, 0.004736], [0.105873, -0.69078, -0.089693], [-0.094441, -0.64486, 0.273497], [0.00134, 0.024055, 0.028075], [0.031844, -1.03495, -0.328252], [-0.082271, -1.058212, 0.376484], [0.001434, 0.070868, 0.067491], [0.120202, -1.09565, -0.240122], [-0.087227, -1.074898, 0.515729], [-6.5e-05, 0.293869, 0.059834], [0.087134, 0.201144, 0.057019], [-0.085516, 0.199745, 0.051479], [0.00482, 0.347947, 0.113614], [0.186203, 0.192785, 0.034624], [-0.188777, 0.178651, 0.067467], [0.304369, -0.050696, 0.053192], [-0.263778, -0.075199, 0.034761], [0.323785, -0.24936, 0.222723], [-0.31118, -0.32818, 0.102293], [0.357072, -0.290911, 0.294601], [-0.331453, -0.413016, 0.117601]], "im2d": [[0.015017, -0.092615], [0.021581, 0.033547], [-0.005338, -0.004705], [0.064444, -0.217639], [0.130142, 0.460569], [-0.299812, 0.340909], [0.051198, -0.35958], [0.352765, 0.838528], [-0.452007, 0.793214], [0.011689, -0.413717], [0.261661, 0.920134], [-0.60959, 0.80163], [0.04112, -0.65962], [0.048231, -0.537158], [0.029031, -0.574812], [-0.013019, -0.72159], [0.0869, -0.503818], [-0.005895, -0.576209], [0.060424, -0.209286], [-0.00442, -0.311225], [-0.144595, 0.00357], [-0.110608, -0.047254], [-0.223815, 0.052467], [-0.138675, 0.040731]], "theta": [1.128669, 0.014097, 0.136955, 2.427586, 0.309359, -2.112436, 0.281312, 0.173667, 0.009942, -0.644811, 0.182568, 0.012204, 0.221349, -0.03941, -0.009464, 0.220668, -0.019769, -0.081257, 0.274365, 0.069457, 0.013584, -0.087185, 0.003013, 0.016527, -0.416826, 0.346189, 0.124709, 0.082115, -0.101635, 0.126426, 0.056371, 0.041768, -0.010385, 0.000222, -0.000687, 0.001, 0.002268, 0.000377, -0.005031, -0.111575, 0.008679, -0.02569, 0.039256, 0.087085, -0.494319, 0.040316, 0.294975, 0.522958, -0.019003, -0.021151, 0.036667, 0.091689, -0.516019, -0.526334, 0.264911, 0.164701, 0.722339, 0.115422, -0.577671, -0.149295, -0.110518, 0.274429, -0.032892, 0.428571, -0.169958, 0.571774, 0.013815, 0.025115, -0.117781, 0.112938, 0.04459, -0.414775, 0.112866, -0.037265, 0.421741, 0.664008, -0.878039, 0.036715, -2.320902, 0.377394, 0.108137, 1.256166, -2.073546, 0.092895, 0.874521]}