{"hc3d": [[-0.000792, -0.219012, 0.039607], [0.081891, -0.316002, 0.03633], [-0.081673, -0.315448, 0.039067], [-0.003057, -0.104158, 0.004736], [0.168927, -0.679329, 0.167986], [-0.13646, -0.706813, 0.125463], [0.003722, 0.023478, 0.030538], [-0.042745, -1.029915, 0.053408], [-0.094863, -0.953331, -0.219665], [0.004486, 0.070998, 0.06909], [0.079754, -1.062342, 0.109987], [-0.124342, -1.05335, -0.125755], [0.003215, 0.292253, 0.040192], [0.090394, 0.19975, 0.047435], [-0.082164, 0.197695, 0.039666], [0.005255, 0.34965, 0.09061], [0.187484, 0.176959, 0.026458], [-0.182756, 0.173438, 0.065281], [0.267773, -0.081965, 0.016301], [-0.23683, -0.087535, 0.075471], [0.298956, -0.308061, 0.144727], [-0.283961, -0.336862, 0.155607], [0.340316, -0.375085, 0.18713], [-0.295172, -0.424048, 0.166346]], "im2d": [[0.016076, -0.092923], [0.022924, 0.034027], [-0.004122, -0.004592], [0.065487, -0.218757], [-0.145598, 0.449258], [-0.145297, 0.411714], [0.049349, -0.360397], [-0.080596, 0.796328], [0.225164, 0.716011], [0.01061, -0.415311], [-0.129071, 0.857183], [0.106232, 0.814426], [0.063312, -0.659346], [0.059434, -0.536977], [0.042612, -0.57414], [0.012364, -0.72565], [0.095118, -0.487944], [-0.003143, -0.572062], [0.09435, -0.181439], [-0.046662, -0.295612], [-0.066055, 0.068793], [-0.16655, -0.034762], [-0.113748, 0.150136], [-0.18831, 0.058731]], "theta": [1.135137, 0.014954, 0.137152, 2.429141, 0.30801, -2.114571, -0.403722, 0.202306, 0.11009, -0.257629, -0.018107, -0.04002, 0.243113, 0.031091, -0.022698, 0.775981, 0.446738, -0.308237, 1.081989, 0.059749, 0.134621, -0.127211, -0.046012, 0.033566, -0.604659, 0.294377, 0.329615, -0.434497, -0.069494, 0.081445, -0.021066, 0.007994, -0.00709, -0.004903, 0.003461, 0.004803, 0.002333, 0.004657, -0.010443, -0.0779, 0.001097, 0.003328, 0.006317, 0.079197, -0.614856, 0.030854, 0.389478, 0.561488, 0.090096, -0.182368, 0.00123, 0.158407, -0.303183, -0.599306, 0.3097, 0.225264, 0.736187, 0.044977, -0.438079, -0.11221, -0.042255, 0.11613, -0.068549, 0.224419, -0.051911, 0.47665, 0.089837, 0.0248, 0.054993, 0.107076, 0.041152, -0.408152, 0.107821, -0.034503, 0.414935, 0.664008, -0.878039, 0.036715, -2.320902, 0.377394, 0.108137, 1.256166, -2.073546, 0.092895, 0.874521]}