{"hc3d": [[-0.000792, -0.219012, 0.039607], [0.081891, -0.316002, 0.03633], [-0.081673, -0.315448, 0.039067], [-0.003057, -0.104158, 0.004736], [0.143834, -0.665771, 0.211657], [-0.150977, -0.711672, -0.003782], [-0.001647, 0.024114, 0.028126], [0.116059, -1.068512, 0.077969], [-0.124393, -1.116889, -0.133038], [-0.001257, 0.072136, 0.066056], [0.190825, -1.105684, 0.188816], [-0.150423, -1.163247, -0.003171], [-0.008323, 0.294306, 0.04653], [0.080966, 0.203548, 0.046148], [-0.091689, 0.19797, 0.045706], [-0.003016, 0.349096, 0.099543], [0.178293, 0.194156, 0.017425], [-0.193629, 0.184083, 0.073608], [0.260931, -0.0586, -0.036212], [-0.271161, -0.070631, 0.089233], [0.338612, -0.296228, 0.041785], [-0.327599, -0.31698, 0.172504], [0.385101, -0.368539, 0.066498], [-0.347497, -0.39701, 0.204779]], "im2d": [[0.016221, -0.092978], [0.0231, 0.034086], [-0.003966, -0.004582], [0.065642, -0.218928], [-0.196934, 0.42618], [-0.002622, 0.422008], [0.05143, -0.362481], [-0.088098, 0.875167], [0.108999, 0.886065], [0.013335, -0.418036], [-0.204994, 0.927007], [-0.044916, 0.923599], [0.054729, -0.665214], [0.059905, -0.543717], [0.034506, -0.577487], [0.001046, -0.728066], [0.105594, -0.508991], [-0.013088, -0.587379], [0.154627, -0.205878], [-0.065542, -0.323416], [0.056537, 0.071258], [-0.190074, -0.067983], [0.028949, 0.160825], [-0.236624, 0.014318]], "theta": [1.136094, 0.015069, 0.137172, 2.429306, 0.307872, -2.114798, -0.480843, -0.091936, 0.098411, 0.060217, -0.059154, -0.082212, 0.223339, 0.023333, 0.017872, 0.680467, 0.128252, -0.125596, 0.11326, 0.247358, 0.13819, -0.120097, -0.006431, 0.018351, -0.307041, 0.303213, 0.176428, -0.264959, -0.176243, 0.080867, 0.033309, 0.020055, -0.018112, -0.000754, 0.001146, -0.000193, 0.00152, 0.002202, -0.005508, -0.067979, 0.026609, -0.013437, 0.011287, 0.120989, -0.517616, 0.023213, 0.360274, 0.433009, 0.054172, -0.029694, 0.029453, 0.126051, -0.209733, -0.704603, 0.270258, 0.244662, 0.731652, 0.063043, -0.3629, -0.037029, 0.024742, 0.139137, -0.029973, 0.370562, -0.090039, 0.350052, 0.176986, 0.147508, -0.158507, 0.11, 0.04447, -0.411332, 0.110939, -0.039738, 0.416632, 0.664008, -0.878039, 0.036715, -2.320902, 0.377394, 0.108137, 1.256166, -2.073546, 0.092895, 0.874521]}