{"hc3d": [[-0.000792, -0.219012, 0.039607], [0.081891, -0.316002, 0.03633], [-0.081673, -0.315448, 0.039067], [-0.003057, -0.104158, 0.004736], [0.133088, -0.651055, 0.241351], [-0.157463, -0.706459, -0.031634], [-0.00261, 0.023855, 0.029542], [0.120956, -1.067686, 0.157], [-0.139986, -1.110844, -0.164984], [-0.002705, 0.072421, 0.066775], [0.184481, -1.0826, 0.279478], [-0.152244, -1.142439, -0.028809], [-0.011164, 0.295008, 0.053591], [0.078733, 0.204887, 0.051076], [-0.093875, 0.19819, 0.049566], [-0.004127, 0.348978, 0.10724], [0.177269, 0.202689, 0.025159], [-0.196452, 0.191317, 0.077745], [0.271926, -0.043204, -0.039399], [-0.304848, -0.052303, 0.083607], [0.336128, -0.26751, 0.079555], [-0.329076, -0.276471, 0.224919], [0.380876, -0.332679, 0.121405], [-0.340092, -0.341689, 0.283805]], "im2d": [[0.016226, -0.09298], [0.023106, 0.034088], [-0.003961, -0.004581], [0.065647, -0.218934], [-0.230494, 0.405551], [0.028186, 0.416428], [0.049679, -0.362513], [-0.17603, 0.870592], [0.143148, 0.877714], [0.012343, -0.418743], [-0.305586, 0.894401], [-0.014467, 0.90166], [0.046451, -0.667102], [0.05417, -0.546037], [0.029874, -0.57849], [-0.007769, -0.728682], [0.097551, -0.519191], [-0.017479, -0.596337], [0.161252, -0.22024], [-0.062484, -0.351241], [0.016422, 0.036489], [-0.245403, -0.116512], [-0.030005, 0.116679], [-0.319159, -0.050223]], "theta": [1.136129, 0.015073, 0.137173, 2.429311, 0.307869, -2.114804, -0.558058, -0.166964, 0.094726, 0.131969, -0.045972, -0.099604, 0.234318, 0.02517, 0.025574, 0.627333, 0.097119, -0.130953, 0.043301, 0.327926, 0.14269, -0.145735, -0.011064, 0.017718, -0.33319, 0.299691, 0.246181, -0.365151, -0.142104, 0.01941, 0.07638, 0.017795, -0.017044, 0.000366, 0.000374, -0.001375, 0.001377, 0.001212, -0.003845, -0.082978, 0.029046, -0.051813, -0.004388, 0.102808, -0.453541, 0.015713, 0.360073, 0.352318, 0.031428, 0.020417, 0.049157, 0.14999, -0.180098, -0.731005, 0.27015, 0.1813, 0.703715, 0.149142, -0.580666, -0.034899, 0.088195, 0.490478, -0.073061, 0.420263, -0.078425, 0.385736, 0.255291, 0.1772, -0.267421, 0.111253, 0.044885, -0.413435, 0.111946, -0.03955, 0.417576, 0.664008, -0.878039, 0.036715, -2.320902, 0.377394, 0.108137, 1.256166, -2.073546, 0.092895, 0.874521]}