{"hc3d": [[-0.000792, -0.219012, 0.039607], [0.081891, -0.316002, 0.03633], [-0.081673, -0.315448, 0.039067], [-0.003057, -0.104158, 0.004736], [0.118247, -0.641578, 0.259026], [-0.152083, -0.684765, -0.110197], [-0.001795, 0.023861, 0.02948], [0.088308, -1.065478, 0.275033], [-0.148889, -1.041487, -0.343335], [-0.002807, 0.070904, 0.068607], [0.148226, -1.054564, 0.39973], [-0.141794, -1.089967, -0.211838], [-0.016268, 0.293498, 0.060787], [0.075798, 0.205593, 0.058309], [-0.096509, 0.194912, 0.052233], [-0.010301, 0.348044, 0.113982], [0.175659, 0.210458, 0.03856], [-0.198512, 0.191519, 0.083009], [0.267801, -0.025728, -0.057966], [-0.313241, -0.049168, 0.089462], [0.325057, -0.24591, 0.07175], [-0.286041, -0.250686, 0.261096], [0.362651, -0.315248, 0.11394], [-0.279027, -0.296633, 0.336475]], "im2d": [[0.016231, -0.092983], [0.023113, 0.03409], [-0.003955, -0.004581], [0.065654, -0.218942], [-0.251647, 0.390528], [0.119202, 0.398385], [0.049875, -0.36234], [-0.313152, 0.853414], [0.348518, 0.809529], [0.010135, -0.417208], [-0.44335, 0.847569], [0.197436, 0.856997], [0.037484, -0.667069], [0.045686, -0.547961], [0.026192, -0.575643], [-0.016332, -0.729511], [0.082991, -0.529027], [-0.023672, -0.597381], [0.183116, -0.23948], [-0.070002, -0.357037], [0.025558, 0.010415], [-0.27732, -0.13739], [-0.022688, 0.093559], [-0.365169, -0.08933]], "theta": [1.136171, 0.015078, 0.137173, 2.429315, 0.307865, -2.11481, -0.613117, -0.16804, 0.060316, 0.334208, -0.061182, -0.095758, 0.234014, 0.030752, 0.019696, 0.437485, 0.064879, -0.127442, 0.100869, 0.450392, 0.119281, -0.106461, -0.034807, 0.032245, -0.309096, 0.313223, 0.282267, -0.480059, -0.08381, -0.044577, 0.061475, 0.01423, 0.002592, -0.000457, 0.000763, -2.6e-05, 0.0016, 0.001973, -0.005055, -0.121904, -0.008791, -0.107474, -0.006098, 0.073325, -0.405623, 0.004168, 0.404521, 0.28348, 0.038004, -0.004947, 0.054184, 0.177472, -0.056668, -0.815915, 0.284933, 0.175533, 0.717022, 0.175217, -0.749369, 0.009687, 0.176329, 0.735013, -0.106664, 0.341479, -0.064561, 0.302266, 0.284383, 0.225531, -0.401202, 0.110838, 0.044472, -0.413282, 0.111401, -0.038444, 0.417764, 0.664008, -0.878039, 0.036715, -2.320902, 0.377394, 0.108137, 1.256166, -2.073546, 0.092895, 0.874521]}