{"hc3d": [[-0.000792, -0.219012, 0.039607], [0.081891, -0.316002, 0.03633], [-0.081673, -0.315448, 0.039067], [-0.003057, -0.104158, 0.004736], [0.106365, -0.707022, 0.094807], [-0.156522, -0.707633, 0.104035], [-0.000657, 0.024233, 0.027378], [0.031663, -1.12267, 0.044807], [-0.119477, -0.895168, -0.276849], [-0.000771, 0.071668, 0.066042], [0.119153, -1.139901, 0.151143], [-0.161235, -1.018478, -0.224475], [-0.008555, 0.293572, 0.043938], [0.081111, 0.203201, 0.045532], [-0.091504, 0.196876, 0.04331], [-0.001196, 0.34739, 0.097696], [0.180365, 0.199068, 0.022784], [-0.193677, 0.191667, 0.073258], [0.270593, -0.049999, -0.035661], [-0.282932, -0.059201, 0.057985], [0.327077, -0.260399, 0.109688], [-0.342278, -0.305352, 0.139807], [0.360714, -0.329751, 0.155072], [-0.363701, -0.384066, 0.174269]], "im2d": [[0.016233, -0.092984], [0.023114, 0.034091], [-0.003953, -0.004581], [0.065656, -0.218944], [-0.075043, 0.470478], [-0.124107, 0.409696], [0.052437, -0.362365], [-0.068251, 0.917859], [0.291701, 0.649786], [0.013386, -0.417433], [-0.176378, 0.950779], [0.215372, 0.773873], [0.057544, -0.664344], [0.060593, -0.543299], [0.037129, -0.576126], [0.003231, -0.72569], [0.100345, -0.51433], [-0.011998, -0.595837], [0.156243, -0.21324], [-0.031127, -0.336956], [-0.018079, 0.024662], [-0.154447, -0.082308], [-0.070495, 0.106712], [-0.203558, -0.001949]], "theta": [1.136182, 0.015079, 0.137173, 2.429316, 0.307864, -2.114812, -0.184227, 0.079542, -0.024337, -0.215817, -0.099284, -0.085667, 0.217242, 0.006572, 0.009068, 0.193989, 0.044017, -0.098651, 1.208913, 0.123897, 0.093141, -0.099013, -0.01889, 0.019415, -0.348771, 0.35017, 0.2022, -0.260288, -0.13838, 0.097158, 0.007028, 0.039499, -0.004819, -0.001998, 0.001666, 0.001189, 0.001965, 0.003343, -0.00751, -0.043576, 0.002864, -0.079543, 0.023354, 0.080297, -0.460343, -0.022092, 0.387394, 0.350336, 0.061181, -0.042796, 0.024478, 0.151779, -0.176132, -0.741278, 0.309909, 0.085931, 0.84685, 0.09094, -0.670487, -0.009939, 0.122122, 0.24284, -0.078085, 0.244943, -0.07633, 0.265344, 0.162631, 0.156772, -0.192323, 0.109213, 0.044088, -0.409917, 0.10963, -0.038212, 0.416435, 0.664008, -0.878039, 0.036715, -2.320902, 0.377394, 0.108137, 1.256166, -2.073546, 0.092895, 0.874521]}