{"hc3d": [[-0.000792, -0.219012, 0.039607], [0.081891, -0.316002, 0.03633], [-0.081673, -0.315448, 0.039067], [-0.003057, -0.104158, 0.004736], [0.102859, -0.710008, 0.001191], [-0.149213, -0.679042, 0.202989], [-0.001274, 0.023653, 0.030502], [0.027558, -1.110911, -0.11902], [-0.130226, -1.067559, 0.028896], [-0.00309, 0.07134, 0.068812], [0.110153, -1.139373, -0.011193], [-0.166385, -1.132827, 0.147744], [-0.014552, 0.293626, 0.053074], [0.076788, 0.204951, 0.054901], [-0.095509, 0.19545, 0.046869], [-0.003452, 0.346267, 0.107354], [0.176433, 0.207487, 0.033679], [-0.199078, 0.182665, 0.068621], [0.284411, -0.035092, -0.021886], [-0.281181, -0.070106, 0.046245], [0.314306, -0.237482, 0.141606], [-0.336044, -0.322533, 0.110104], [0.346259, -0.297554, 0.199668], [-0.352832, -0.408384, 0.123896]], "im2d": [[0.016233, -0.092984], [0.023115, 0.034091], [-0.003953, -0.004581], [0.065656, -0.218944], [0.029282, 0.478692], [-0.231504, 0.373601], [0.048786, -0.362055], [0.116184, 0.913838], [-0.069096, 0.820119], [0.009904, -0.417774], [0.004625, 0.958009], [-0.213884, 0.876985], [0.04641, -0.666351], [0.0496, -0.546816], [0.032413, -0.575688], [-0.008047, -0.725554], [0.088311, -0.525256], [-0.008417, -0.586807], [0.144184, -0.227435], [-0.018694, -0.323724], [-0.05368, -0.005696], [-0.121765, -0.05997], [-0.119723, 0.064884], [-0.147643, 0.030649]], "theta": [1.136183, 0.015079, 0.137174, 2.429316, 0.307864, -2.114812, 0.050976, 0.117608, -0.02145, -0.46084, -0.004891, -0.074344, 0.240407, -0.049835, 0.009495, 0.129792, -0.029403, -0.102954, 0.755692, 0.081057, 0.120726, -0.128292, 0.011441, 0.033335, -0.408076, 0.335283, 0.19575, -0.225169, -0.149763, 0.115049, 0.043866, 0.035775, 0.002229, -0.003624, 0.002776, 0.002919, 0.002394, 0.00471, -0.010053, -0.050735, 0.109657, -0.104043, 0.016589, 0.102468, -0.422243, 0.037839, 0.338094, 0.396695, 0.035415, 0.022519, -0.032686, 0.226205, -0.244726, -0.735966, 0.245794, 0.139184, 0.777883, 0.107527, -0.7805, -0.031788, 0.057442, 0.221522, -0.022141, 0.249991, -0.089241, 0.381988, 0.062685, 0.071036, -0.041459, 0.108193, 0.042478, -0.408969, 0.108516, -0.036189, 0.415418, 0.664008, -0.878039, 0.036715, -2.320902, 0.377394, 0.108137, 1.256166, -2.073546, 0.092895, 0.874521]}