{"hc3d": [[-0.00091, -0.217994, 0.038022], [0.080557, -0.314583, 0.034116], [-0.080568, -0.313983, 0.03677], [-0.003216, -0.103576, 0.004212], [0.100098, -0.700109, -0.06837], [-0.103754, -0.660654, 0.24995], [-0.000439, 0.023536, 0.035286], [0.049461, -1.06126, -0.292814], [-0.08009, -1.078873, 0.342481], [-0.002236, 0.069918, 0.074396], [0.129024, -1.135981, -0.206298], [-0.082678, -1.115936, 0.478215], [-0.011328, 0.291976, 0.072046], [0.078596, 0.202511, 0.070012], [-0.092283, 0.195359, 0.057583], [-0.006391, 0.345466, 0.127585], [0.17778, 0.207736, 0.049232], [-0.198196, 0.192996, 0.065164], [0.28861, -0.035823, -0.004478], [-0.270621, -0.051776, -0.016443], [0.332994, -0.252531, 0.138444], [-0.352983, -0.305631, 0.004645], [0.3819, -0.302708, 0.194187], [-0.390036, -0.386073, 0.007403]], "im2d": [[0.018926, -0.100012], [0.030073, 0.022678], [-0.002643, -0.011216], [0.065316, -0.224058], [0.113199, 0.453968], [-0.270199, 0.352849], [0.042595, -0.364227], [0.319106, 0.850296], [-0.402899, 0.810958], [0.003337, -0.417351], [0.232631, 0.944096], [-0.555347, 0.844167], [0.023152, -0.662231], [0.034422, -0.545698], [0.015773, -0.572349], [-0.032265, -0.722581], [0.076028, -0.529993], [-0.012366, -0.591905], [0.134695, -0.237844], [0.042823, -0.334674], [-0.032239, 0.001348], [-0.017192, -0.074713], [-0.088565, 0.063527], [-0.033936, 0.005611]], "theta": [1.115148, 0.017881, 0.128309, 2.4617, 0.275959, -2.066402, 0.222234, 0.151876, -0.012995, -0.577819, 0.127552, 0.00754, 0.274328, -0.076448, -0.000775, 0.221013, -0.051002, -0.023098, 0.229558, 0.121226, 0.050899, -0.124849, 0.017873, 0.029537, -0.256957, 0.343352, 0.061967, 0.190387, -0.126711, 0.173007, 0.059787, 0.029904, 0.00669, -0.002713, 0.001321, 0.003982, 0.002134, 0.003158, -0.008763, -0.107683, -0.009544, -0.101081, 0.054454, 0.139987, -0.409902, 0.037298, 0.209366, 0.32464, -0.094302, 0.067726, 0.05192, 0.142925, -0.316098, -0.722135, 0.279127, 0.084866, 0.925851, 0.014891, -0.670455, -0.082159, -0.161732, 0.246349, -0.099287, 0.378183, -0.115857, 0.590228, 0.060445, 0.032777, -0.205866, 0.110212, 0.043328, -0.410507, 0.110442, -0.037653, 0.420313, 0.703217, -0.646272, -0.032355, -2.308445, 0.308511, 0.0876, 1.222736, -1.999148, 0.092525, 0.889071]}