{"hc3d": [[-0.00091, -0.217994, 0.038022], [0.080557, -0.314583, 0.034116], [-0.080568, -0.313983, 0.03677], [-0.003216, -0.103576, 0.004212], [0.141123, -0.681492, 0.179804], [-0.147189, -0.708621, -0.040601], [-0.002412, 0.023816, 0.034236], [0.109954, -1.099547, 0.267145], [-0.144109, -1.085475, -0.245543], [-0.002318, 0.071377, 0.071946], [0.194299, -1.094336, 0.377858], [-0.168592, -1.150148, -0.122978], [-0.005791, 0.293514, 0.065553], [0.081662, 0.201683, 0.061873], [-0.089696, 0.198813, 0.056089], [-0.006082, 0.348402, 0.119934], [0.178339, 0.196927, 0.031417], [-0.192871, 0.194454, 0.080921], [0.230737, -0.057953, -0.050922], [-0.274246, -0.058336, 0.116884], [0.327955, -0.302137, -0.034136], [-0.251471, -0.241533, 0.310768], [0.3881, -0.368454, -0.035352], [-0.250733, -0.28069, 0.390251]], "im2d": [[0.020988, -0.100664], [0.032725, 0.023488], [-0.000283, -0.011052], [0.06731, -0.226249], [-0.147206, 0.435651], [0.041109, 0.415307], [0.044482, -0.368447], [-0.283724, 0.887861], [0.238423, 0.842388], [0.006535, -0.422785], [-0.390302, 0.894726], [0.092705, 0.903263], [0.030959, -0.669088], [0.04395, -0.548958], [0.018105, -0.581419], [-0.024952, -0.732375], [0.095404, -0.522055], [-0.029066, -0.599339], [0.175864, -0.225224], [-0.104618, -0.338228], [0.155651, 0.064648], [-0.33018, -0.139513], [0.162871, 0.150705], [-0.421347, -0.099635]], "theta": [1.127395, 0.019526, 0.128705, 2.46476, 0.273284, -2.070606, -0.407817, 0.03471, 0.064106, 0.149837, -0.046905, -0.073916, 0.267983, -0.004251, 0.021798, 0.091982, 0.103541, -0.090767, 0.220648, 0.226148, 0.07449, -0.1501, -0.018949, -0.003343, -0.208737, 0.314759, 0.120339, -0.287534, -0.126057, 0.034818, 0.07044, 0.026521, -0.010637, -0.001747, 0.001603, 0.001642, 0.001564, 0.002271, -0.005663, -0.10796, -0.072458, -0.006518, -0.005484, 0.175699, -0.48112, -0.040941, 0.359553, 0.351233, 0.063927, -0.106014, 0.05806, 0.090881, -0.129333, -0.837206, 0.295772, 0.357717, 0.753733, 0.004093, -0.235499, 0.077757, 0.06943, 0.625683, -0.179382, 0.287458, -0.052493, 0.4721, 0.286248, 0.19733, -0.398118, 0.109378, 0.043645, -0.410859, 0.110931, -0.038887, 0.416645, 0.703217, -0.646272, -0.032355, -2.308445, 0.308511, 0.0876, 1.222736, -1.999148, 0.092525, 0.889071]}