{"hc3d": [[-0.00091, -0.217994, 0.038022], [0.080557, -0.314583, 0.034116], [-0.080568, -0.313983, 0.03677], [-0.003216, -0.103576, 0.004212], [0.139259, -0.684273, 0.173395], [-0.142233, -0.703785, -0.065289], [-0.001936, 0.023773, 0.034399], [0.109728, -1.08837, 0.31197], [-0.143195, -1.058526, -0.30651], [-0.002356, 0.070697, 0.072897], [0.201641, -1.074818, 0.415734], [-0.162959, -1.133007, -0.188755], [-0.007705, 0.292798, 0.06655], [0.080579, 0.201735, 0.063697], [-0.090683, 0.197374, 0.056228], [-0.00785, 0.347957, 0.120658], [0.177757, 0.197571, 0.034791], [-0.19344, 0.191572, 0.082458], [0.231157, -0.055973, -0.050959], [-0.273885, -0.060106, 0.127239], [0.334301, -0.298004, -0.039081], [-0.245994, -0.235532, 0.327535], [0.394271, -0.364387, -0.042782], [-0.243721, -0.269795, 0.409219]], "im2d": [[0.020991, -0.100665], [0.032729, 0.023489], [-0.00028, -0.011051], [0.067314, -0.226253], [-0.140671, 0.43864], [0.069807, 0.412122], [0.044388, -0.368314], [-0.332566, 0.873421], [0.30839, 0.815539], [0.00542, -0.422092], [-0.42935, 0.872956], [0.168092, 0.88848], [0.029439, -0.668755], [0.041731, -0.549336], [0.017651, -0.580049], [-0.026121, -0.732299], [0.091609, -0.523053], [-0.031109, -0.596348], [0.176149, -0.22733], [-0.116175, -0.336671], [0.162661, 0.06163], [-0.347266, -0.145772], [0.172599, 0.147838], [-0.440192, -0.111088]], "theta": [1.127416, 0.019528, 0.128705, 2.464762, 0.273283, -2.07061, -0.395212, 0.07808, 0.052159, 0.211712, -0.053701, -0.064287, 0.26932, -0.001588, 0.018396, -0.038934, 0.12884, -0.088195, 0.258787, 0.248091, 0.057582, -0.134797, -0.029183, 0.005661, -0.187525, 0.321609, 0.113441, -0.30622, -0.104572, 0.036409, 0.054209, 0.02613, -0.005609, -0.001438, 0.001394, 0.001304, 0.001413, 0.002008, -0.005081, -0.114023, -0.073447, -0.025846, -0.013027, 0.168067, -0.48082, -0.051161, 0.385837, 0.353726, 0.072383, -0.118256, 0.050725, 0.096597, -0.103292, -0.843464, 0.285687, 0.35846, 0.731307, -0.04105, -0.232184, 0.093526, 0.0761, 0.637801, -0.178443, 0.255135, -0.061907, 0.453782, 0.282977, 0.205685, -0.419244, 0.109609, 0.043878, -0.41128, 0.111131, -0.039282, 0.416845, 0.703217, -0.646272, -0.032355, -2.308445, 0.308511, 0.0876, 1.222736, -1.999148, 0.092525, 0.889071]}