{"hc3d": [[-0.00091, -0.217994, 0.038022], [0.080557, -0.314583, 0.034116], [-0.080568, -0.313983, 0.03677], [-0.003216, -0.103576, 0.004212], [0.101051, -0.712951, 0.054076], [-0.128849, -0.707611, 0.131055], [1.5e-05, 0.021877, 0.041384], [0.055597, -1.127941, -0.041248], [-0.096156, -1.030541, -0.14944], [-0.002413, 0.065387, 0.083634], [0.13518, -1.175834, 0.062537], [-0.131774, -1.139848, -0.068276], [-0.008426, 0.287511, 0.078888], [0.080236, 0.196783, 0.077478], [-0.090775, 0.191881, 0.065804], [-0.007947, 0.341868, 0.133799], [0.180863, 0.190847, 0.065829], [-0.192824, 0.183422, 0.094002], [0.251251, -0.068855, 0.020124], [-0.252089, -0.075996, 0.062247], [0.31749, -0.315777, 0.083378], [-0.322628, -0.333225, 0.085228], [0.354289, -0.396173, 0.09749], [-0.349771, -0.417336, 0.09156]], "im2d": [[0.020995, -0.100668], [0.032734, 0.02349], [-0.000276, -0.011052], [0.067319, -0.22626], [-0.017819, 0.46782], [-0.145718, 0.410241], [0.036859, -0.366135], [0.045795, 0.921977], [0.14529, 0.787295], [-0.006925, -0.416726], [-0.058295, 0.98694], [0.039782, 0.897129], [0.015197, -0.663633], [0.025986, -0.544568], [0.006572, -0.57444], [-0.041204, -0.726197], [0.057231, -0.516386], [-0.044455, -0.58774], [0.100045, -0.212101], [-0.041319, -0.311569], [0.022294, 0.072211], [-0.100811, -0.042672], [0.007015, 0.168268], [-0.119714, 0.044453]], "theta": [1.127448, 0.019531, 0.128706, 2.464765, 0.27328, -2.070614, -0.084746, 0.110024, -0.033423, -0.275027, -0.034674, -0.019275, 0.323311, -0.047866, -0.00251, 0.198965, 0.05253, -0.003135, 0.869538, 0.067295, 0.075345, -0.10349, -3e-05, 0.048895, -0.195508, 0.265978, 0.079783, -0.105837, -0.15137, 0.136852, -0.022259, 0.024053, -0.022634, -0.002891, 0.002258, 0.002107, 0.002268, 0.00421, -0.009072, -0.109698, -0.086338, -0.070734, 0.025527, 0.019261, -0.474697, -0.021137, 0.428173, 0.364813, 0.057954, -0.153708, 0.085903, 0.031481, -0.210179, -0.802629, 0.210809, 0.09911, 0.923415, 0.0691, -0.271095, -0.019592, 0.070008, 0.042726, -0.0591, 0.21899, -0.047863, 0.260563, 0.141253, 0.080481, -0.129831, 0.108096, 0.043916, -0.407771, 0.10883, -0.037995, 0.415894, 0.703217, -0.646272, -0.032355, -2.308445, 0.308511, 0.0876, 1.222736, -1.999148, 0.092525, 0.889071]}