{"hc3d": [[-0.00091, -0.217994, 0.038022], [0.080557, -0.314583, 0.034116], [-0.080568, -0.313983, 0.03677], [-0.003216, -0.103576, 0.004212], [0.098149, -0.710265, -0.017283], [-0.127606, -0.687124, 0.193988], [-0.000985, 0.021954, 0.041197], [0.056369, -1.116197, -0.147063], [-0.120098, -1.100606, 0.079947], [-0.004502, 0.066141, 0.082661], [0.130079, -1.165879, -0.039838], [-0.141054, -1.162295, 0.204685], [-0.014082, 0.288182, 0.084635], [0.076086, 0.198954, 0.082985], [-0.094417, 0.191723, 0.066207], [-0.011364, 0.340825, 0.141128], [0.176934, 0.202011, 0.07217], [-0.198417, 0.183385, 0.086088], [0.266847, -0.050403, 0.020288], [-0.264047, -0.071281, 0.03455], [0.329244, -0.287093, 0.117464], [-0.341173, -0.32763, 0.037276], [0.371197, -0.358961, 0.150506], [-0.369606, -0.411381, 0.031911]], "im2d": [[0.020995, -0.100668], [0.032734, 0.02349], [-0.000276, -0.011051], [0.067319, -0.22626], [0.060986, 0.467486], [-0.213613, 0.384962], [0.036885, -0.366421], [0.164228, 0.913954], [-0.119222, 0.849397], [-0.006175, -0.417954], [0.055082, 0.979511], [-0.266455, 0.907613], [0.007821, -0.665822], [0.01928, -0.548092], [0.005432, -0.575047], [-0.050054, -0.726093], [0.050369, -0.529854], [-0.036727, -0.588511], [0.104273, -0.229265], [-0.012459, -0.318033], [-0.010985, 0.041374], [-0.050649, -0.050569], [-0.045602, 0.12821], [-0.056795, 0.03642]], "theta": [1.127449, 0.019532, 0.128706, 2.464765, 0.27328, -2.070614, 0.093885, 0.12541, -0.029721, -0.429814, 0.045938, -0.028365, 0.321074, -0.082651, 0.000885, 0.10072, -0.041701, -0.013237, 0.571662, 0.124163, 0.085011, -0.117071, 0.01494, 0.052651, -0.251023, 0.283887, 0.086698, -0.10514, -0.140756, 0.121429, 0.025837, 0.017249, -0.011847, -0.002807, 0.002247, 0.002106, 0.002322, 0.00403, -0.0091, -0.112472, -0.019637, -0.096689, 0.025587, 0.055168, -0.412156, 0.015485, 0.367397, 0.346319, 0.025429, -0.06745, 0.048426, 0.088455, -0.250732, -0.812833, 0.172357, 0.086462, 0.897519, 0.061941, -0.437558, -0.01458, -0.036516, 0.063528, -0.040426, 0.235603, -0.083696, 0.365113, 0.039105, 0.040446, -0.110604, 0.108603, 0.043474, -0.409159, 0.109042, -0.037576, 0.415945, 0.703217, -0.646272, -0.032355, -2.308445, 0.308511, 0.0876, 1.222736, -1.999148, 0.092525, 0.889071]}