{"hc3d": [[-0.00072, -0.219073, 0.040085], [0.082483, -0.316205, 0.037003], [-0.082111, -0.315661, 0.03975], [-0.002973, -0.10412, 0.004899], [0.088578, -0.690822, -0.090165], [-0.070854, -0.661052, 0.249086], [0.000594, 0.023746, 0.028596], [-0.008184, -1.018901, -0.342157], [-0.094401, -1.086122, 0.256735], [0.000434, 0.072217, 0.066185], [0.081057, -1.061149, -0.24469], [-0.081096, -1.107134, 0.394842], [0.004572, 0.295106, 0.050638], [0.08973, 0.200539, 0.057669], [-0.082313, 0.202375, 0.039185], [0.008947, 0.349749, 0.10374], [0.189934, 0.18867, 0.042659], [-0.187107, 0.18559, 0.050105], [0.244302, -0.075975, 0.020699], [-0.236072, -0.070194, -0.007159], [0.292724, -0.282422, 0.174105], [-0.246633, -0.324662, 0.069349], [0.333714, -0.345235, 0.222945], [-0.243451, -0.4113, 0.087759]], "im2d": [[0.012485, -0.099285], [0.076679, 0.026098], [-0.060291, -0.006283], [0.046499, -0.233041], [0.159026, 0.436165], [-0.242032, 0.407439], [0.038846, -0.373992], [0.260461, 0.760528], [-0.29557, 0.882874], [0.011732, -0.424692], [0.252477, 0.83585], [-0.396978, 0.923764], [0.042347, -0.67681], [0.100189, -0.552867], [-0.025744, -0.590401], [0.006897, -0.731943], [0.193525, -0.521558], [-0.12145, -0.590734], [0.238187, -0.214939], [-0.132477, -0.317964], [0.14099, 0.043464], [-0.219399, -0.025047], [0.131183, 0.127427], [-0.237308, 0.075193]], "theta": [1.148953, 0.011586, 0.132659, 3.044539, 0.203143, -1.23416, 0.287836, 0.168468, -0.035994, -0.574174, 0.243825, 0.064213, 0.225223, -0.097407, -0.007745, 0.25962, -0.046092, -0.100139, 0.45143, 0.109068, -0.051854, -0.1376, 0.012766, -0.007841, -0.637558, 0.37294, 0.179783, -0.097179, -0.001728, 0.03889, 0.06795, 0.012219, 0.002654, -0.003416, 0.001962, 0.004343, 0.002748, 0.003821, -0.010143, -0.094689, 0.042054, -0.041306, 0.029732, 0.087215, -0.501954, 0.046606, 0.311777, 0.503707, 0.032399, -0.045369, -0.013322, 0.14088, -0.352287, -0.791869, 0.322762, 0.137487, 0.886507, -0.168382, -0.54949, 0.086826, 0.028193, 0.40049, -0.075293, 0.140887, -0.109417, 0.425295, -0.117624, 0.091777, -0.017604, 0.108782, 0.042751, -0.409311, 0.109228, -0.03639, 0.418108, 0.66217, -0.94023, 0.050537, -2.3542, 0.416617, 0.046542, 1.273554, -2.106574, 0.098273, 0.848859]}