{"hc3d": [[-0.00072, -0.219073, 0.040085], [0.082483, -0.316205, 0.037003], [-0.082111, -0.315661, 0.03975], [-0.002973, -0.10412, 0.004899], [0.13694, -0.670246, 0.20504], [-0.117644, -0.715111, -0.009448], [0.001076, 0.022283, 0.03539], [0.032046, -1.080064, 0.16573], [-0.139129, -1.075496, -0.235187], [0.003277, 0.070689, 0.073], [0.126005, -1.084421, 0.267718], [-0.144726, -1.13172, -0.106736], [0.001754, 0.292984, 0.050171], [0.088925, 0.200017, 0.05175], [-0.084105, 0.198605, 0.05021], [0.005607, 0.347211, 0.103738], [0.184125, 0.187858, 0.017163], [-0.187513, 0.184012, 0.072041], [0.210776, -0.063012, -0.081978], [-0.252124, -0.074646, 0.06717], [0.322447, -0.250476, 0.062541], [-0.23511, -0.272942, 0.243546], [0.391084, -0.298531, 0.094015], [-0.232371, -0.330062, 0.311257]], "im2d": [[0.013203, -0.099539], [0.077744, 0.02632], [-0.059715, -0.006185], [0.047225, -0.233862], [-0.036122, 0.455743], [-0.075259, 0.433608], [0.034193, -0.37283], [-0.117325, 0.894772], [0.065705, 0.812903], [0.008816, -0.423124], [-0.12266, 0.929072], [-0.04618, 0.889286], [0.040464, -0.677447], [0.104779, -0.555023], [-0.036284, -0.587425], [0.003952, -0.732285], [0.210133, -0.526377], [-0.139837, -0.588779], [0.295668, -0.247953], [-0.205865, -0.309222], [0.258652, 0.001613], [-0.347085, -0.062473], [0.286543, 0.07281], [-0.403179, 0.010004]], "theta": [1.153489, 0.012166, 0.132779, 3.045511, 0.202312, -1.235492, -0.481259, 0.078206, 0.04276, 0.084086, 0.011157, 0.006917, 0.28301, 0.056027, 0.000662, 0.492563, 0.205569, -0.173561, 0.355365, 0.192532, -0.030666, -0.192222, -0.027379, 0.007964, -0.494898, 0.275509, 0.169579, -0.413332, -0.014678, 0.038776, 0.032804, -0.000629, -0.013888, -0.001994, 0.001882, 0.001699, 0.001111, 0.002297, -0.005271, -0.051339, -0.060135, -0.043563, 0.013987, 0.188317, -0.531914, -0.017858, 0.315995, 0.473697, 0.056535, -0.194768, 0.006444, 0.227802, -0.074443, -0.86002, 0.337508, 0.208244, 0.813159, -0.251504, -0.858697, 0.239727, -0.093984, 0.66172, -0.158516, 0.025527, -0.119197, 0.587168, -0.145776, 0.218851, -0.235531, 0.109124, 0.04285, -0.411201, 0.110035, -0.038728, 0.416247, 0.66217, -0.94023, 0.050537, -2.3542, 0.416617, 0.046542, 1.273554, -2.106574, 0.098273, 0.848859]}