{"hc3d": [[-0.00072, -0.219073, 0.040085], [0.082483, -0.316205, 0.037003], [-0.082111, -0.315661, 0.03975], [-0.002973, -0.10412, 0.004899], [0.123221, -0.68044, 0.186069], [-0.102681, -0.715629, -0.013593], [0.002761, 0.021712, 0.037415], [-0.02358, -1.078867, 0.200342], [-0.155102, -0.900951, -0.393336], [0.004021, 0.068785, 0.076722], [0.090397, -1.075673, 0.279386], [-0.151533, -1.010945, -0.306269], [0.004505, 0.290902, 0.052183], [0.091115, 0.197617, 0.058573], [-0.081653, 0.196854, 0.048874], [0.008177, 0.349459, 0.100993], [0.189163, 0.179144, 0.037297], [-0.184473, 0.185293, 0.074896], [0.219026, -0.071742, -0.060882], [-0.254518, -0.071987, 0.07302], [0.314613, -0.273343, 0.075935], [-0.235212, -0.261706, 0.258365], [0.374459, -0.330858, 0.109421], [-0.233907, -0.313104, 0.330557]], "im2d": [[0.013209, -0.099542], [0.077754, 0.026322], [-0.059711, -0.006184], [0.047233, -0.233871], [-0.032751, 0.462573], [-0.059645, 0.436692], [0.033913, -0.371651], [-0.190885, 0.886311], [0.19155, 0.595223], [0.006305, -0.420438], [-0.160764, 0.913508], [0.117076, 0.729792], [0.040971, -0.674363], [0.100926, -0.551165], [-0.033303, -0.585132], [0.008428, -0.734652], [0.197475, -0.51338], [-0.139561, -0.589349], [0.28488, -0.234196], [-0.212382, -0.312081], [0.239934, 0.027405], [-0.3584, -0.073611], [0.258362, 0.10781], [-0.418917, -0.007404]], "theta": [1.153538, 0.012171, 0.13278, 3.045516, 0.202308, -1.2355, -0.435657, 0.191388, -0.011704, 0.093596, 0.003864, 0.043622, 0.299081, 0.043686, -0.01325, 0.3712, 0.279451, -0.199373, 0.910841, 0.218226, -0.074997, -0.173885, -0.050298, 0.020672, -0.559723, 0.291767, 0.239232, -0.48687, 0.041017, 0.052117, -0.009111, -0.012184, -0.00827, -0.001969, 0.001768, 0.001677, 0.001077, 0.002333, -0.005126, -0.132296, -0.071596, -0.081389, -0.011212, 0.090631, -0.568797, -0.041303, 0.404053, 0.445214, 0.049677, -0.224172, 0.000558, 0.199563, 0.021424, -0.836393, 0.330797, 0.153112, 0.833283, -0.243212, -0.792122, 0.209056, -0.033499, 0.698359, -0.1809, -0.1068, -0.129266, 0.524707, -0.136233, 0.224191, -0.282909, 0.108866, 0.042931, -0.410814, 0.10983, -0.038512, 0.416165, 0.66217, -0.94023, 0.050537, -2.3542, 0.416617, 0.046542, 1.273554, -2.106574, 0.098273, 0.848859]}