{"hc3d": [[-0.00072, -0.219073, 0.040085], [0.082483, -0.316205, 0.037003], [-0.082111, -0.315661, 0.03975], [-0.002973, -0.10412, 0.004899], [0.111043, -0.694625, 0.148938], [-0.103695, -0.719016, 0.030666], [0.002906, 0.022125, 0.035747], [-0.026106, -1.096617, 0.15853], [-0.162699, -0.88064, -0.358812], [0.004059, 0.069175, 0.075085], [0.086756, -1.095302, 0.239209], [-0.164043, -1.000354, -0.285609], [0.007416, 0.291213, 0.050067], [0.092837, 0.196891, 0.057205], [-0.079864, 0.198219, 0.04642], [0.009864, 0.350806, 0.097687], [0.19076, 0.174698, 0.039163], [-0.182595, 0.185858, 0.072428], [0.227772, -0.082628, -0.037575], [-0.247482, -0.072759, 0.06939], [0.300251, -0.303291, 0.08306], [-0.241812, -0.283781, 0.231121], [0.351466, -0.368656, 0.116458], [-0.242279, -0.345704, 0.294527]], "im2d": [[0.013209, -0.099542], [0.077754, 0.026322], [-0.059711, -0.006184], [0.047233, -0.233871], [-0.013729, 0.472242], [-0.096403, 0.445099], [0.035404, -0.372269], [-0.160387, 0.901397], [0.158777, 0.574475], [0.007683, -0.421049], [-0.132623, 0.93068], [0.090816, 0.717589], [0.045091, -0.674376], [0.103397, -0.550156], [-0.029763, -0.586593], [0.012569, -0.736204], [0.196994, -0.507835], [-0.135989, -0.589889], [0.272556, -0.217653], [-0.203721, -0.310223], [0.220431, 0.059258], [-0.343285, -0.052857], [0.231324, 0.146849], [-0.398856, 0.023969]], "theta": [1.15354, 0.012171, 0.13278, 3.045516, 0.202308, -1.2355, -0.332879, 0.197781, -0.034099, -0.015589, 0.017904, 0.041177, 0.285288, 0.026189, -0.01636, 0.270081, 0.243078, -0.177734, 1.07965, 0.194592, -0.078176, -0.159549, -0.045273, 0.017894, -0.530899, 0.297862, 0.233722, -0.426894, 0.036193, 0.080562, -0.011797, -0.00781, -0.013838, -0.002498, 0.002138, 0.002091, 0.001272, 0.002752, -0.006002, -0.149301, -0.079536, -0.058679, -0.004145, 0.062428, -0.590602, -0.040416, 0.41161, 0.464863, 0.066479, -0.236278, 0.003446, 0.180187, -0.052571, -0.786324, 0.335874, 0.15881, 0.846452, -0.186164, -0.617547, 0.130675, -0.038307, 0.567104, -0.153703, -0.07803, -0.1367, 0.489074, -0.162771, 0.216007, -0.237617, 0.108475, 0.042589, -0.410445, 0.109436, -0.037635, 0.41561, 0.66217, -0.94023, 0.050537, -2.3542, 0.416617, 0.046542, 1.273554, -2.106574, 0.098273, 0.848859]}