{"hc3d": [[-0.00072, -0.219073, 0.040085], [0.082483, -0.316205, 0.037003], [-0.082111, -0.315661, 0.03975], [-0.002973, -0.10412, 0.004899], [0.084865, -0.707999, 0.092131], [-0.106676, -0.717474, 0.074192], [0.002329, 0.022643, 0.033657], [-0.019793, -1.119719, 0.097784], [-0.150632, -0.874275, -0.319227], [0.00325, 0.069553, 0.073167], [0.079505, -1.122013, 0.194652], [-0.167147, -1.001245, -0.261799], [0.007879, 0.291625, 0.048646], [0.092756, 0.196795, 0.055537], [-0.079938, 0.199144, 0.044826], [0.009818, 0.350296, 0.097419], [0.191331, 0.175369, 0.040332], [-0.182586, 0.189015, 0.072096], [0.230027, -0.085622, -0.021807], [-0.243273, -0.070394, 0.060847], [0.294877, -0.317092, 0.081704], [-0.257878, -0.302096, 0.190539], [0.33681, -0.389184, 0.11419], [-0.261235, -0.373601, 0.242797]], "im2d": [[0.013209, -0.099542], [0.077754, 0.026322], [-0.059711, -0.006184], [0.047233, -0.233872], [0.009711, 0.476133], [-0.133867, 0.447465], [0.03665, -0.373194], [-0.107697, 0.922228], [0.137175, 0.573901], [0.00859, -0.421843], [-0.104377, 0.954687], [0.068999, 0.720559], [0.046645, -0.674904], [0.104671, -0.550243], [-0.028478, -0.587827], [0.012715, -0.735665], [0.196563, -0.508358], [-0.135508, -0.593496], [0.261494, -0.212123], [-0.193216, -0.312998], [0.216209, 0.07368], [-0.324944, -0.039647], [0.21977, 0.166971], [-0.374521, 0.046254]], "theta": [1.153541, 0.012171, 0.13278, 3.045516, 0.202308, -1.2355, -0.177762, 0.166837, -0.083841, -0.124554, 0.006797, 0.033086, 0.268078, 0.007533, -0.013754, 0.081471, 0.11471, -0.103206, 1.19772, 0.131803, -0.084985, -0.138817, -0.033915, 0.014368, -0.437274, 0.302782, 0.17026, -0.310061, 0.009467, 0.1001, -0.013272, -0.001023, -0.01948, -0.002097, 0.001839, 0.001474, 0.001439, 0.002741, -0.006106, -0.131565, -0.090637, -0.054535, 0.005781, 0.035502, -0.574151, -0.046642, 0.42327, 0.4485, 0.073181, -0.220419, 0.013955, 0.147417, -0.100193, -0.790899, 0.311687, 0.124567, 0.896399, -0.140012, -0.484324, 0.100301, -0.005123, 0.426705, -0.1346, -0.051018, -0.154611, 0.395317, -0.19156, 0.223945, -0.190607, 0.108715, 0.043328, -0.410303, 0.109537, -0.038196, 0.415899, 0.66217, -0.94023, 0.050537, -2.3542, 0.416617, 0.046542, 1.273554, -2.106574, 0.098273, 0.848859]}