{"hc3d": [[-0.000857, -0.218154, 0.038652], [0.081107, -0.31487, 0.034999], [-0.081015, -0.31429, 0.037688], [-0.003147, -0.103627, 0.004443], [0.131692, -0.709797, 0.02825], [-0.10616, -0.677754, 0.217949], [-0.000789, 0.023931, 0.032128], [0.079024, -0.967671, -0.308182], [-0.075893, -1.103862, 0.191984], [-0.001672, 0.070754, 0.070984], [0.156679, -1.067704, -0.250677], [-0.088792, -1.167966, 0.316414], [-0.011251, 0.292277, 0.052265], [0.078833, 0.202772, 0.05305], [-0.092851, 0.194975, 0.048989], [-0.005283, 0.353988, 0.097838], [0.177418, 0.194506, 0.029845], [-0.19562, 0.175893, 0.068441], [0.269885, -0.056867, -0.019437], [-0.25307, -0.0849, 0.052144], [0.308557, -0.292373, 0.090675], [-0.310725, -0.342239, 0.094742], [0.348927, -0.359765, 0.133566], [-0.334652, -0.426483, 0.108101]], "im2d": [[0.008882, -0.088605], [0.010403, 0.036781], [-0.006223, 0.000716], [0.058449, -0.213399], [-0.016513, 0.486423], [-0.246979, 0.383955], [0.040002, -0.356622], [0.332507, 0.788142], [-0.257034, 0.865322], [0.000779, -0.411886], [0.264485, 0.911349], [-0.404505, 0.923619], [0.042797, -0.658206], [0.040714, -0.539415], [0.030058, -0.56772], [-0.00195, -0.729039], [0.074332, -0.506968], [-0.002373, -0.570435], [0.112926, -0.204059], [-0.01447, -0.292286], [-0.030911, 0.056734], [-0.092554, -0.022755], [-0.082416, 0.13681], [-0.117881, 0.06443]], "theta": [1.133272, 0.008695, 0.139968, 2.358101, 0.306246, -2.170474, -0.020511, 0.085976, 0.046632, -0.491284, 0.084561, 0.016572, 0.251897, -0.046046, 0.005596, 0.824406, 0.023703, -0.048605, 0.420937, 0.080496, 0.075823, -0.116328, 0.027555, 0.030349, -0.274687, 0.315324, 0.063834, 0.112044, -0.138193, 0.166656, 0.001355, 0.037255, -0.005336, -0.003444, 0.002075, 0.004289, 0.002783, 0.00361, -0.010162, -0.196326, 0.053176, -0.038069, 0.044459, 0.092391, -0.519566, 0.06055, 0.298494, 0.477598, -0.071268, 0.07062, 0.025254, 0.182337, -0.254958, -0.682348, 0.233432, 0.205665, 0.786159, 0.095257, -0.510617, -0.107195, -0.076027, 0.085355, -0.034209, 0.325342, -0.103458, 0.461219, 0.062567, 0.083411, -0.15561, 0.109012, 0.042588, -0.409634, 0.109641, -0.035865, 0.418123, 0.686534, -0.736278, -0.016612, -2.326807, 0.330809, 0.0734, 1.240489, -2.028288, 0.100754, 0.883148]}