{"hc3d": [[-0.000857, -0.218154, 0.038652], [0.081107, -0.31487, 0.034999], [-0.081015, -0.31429, 0.037688], [-0.003147, -0.103627, 0.004443], [0.129651, -0.697361, 0.134578], [-0.142512, -0.71441, 0.074489], [-8.7e-05, 0.02479, 0.02774], [0.08307, -1.091347, -0.023741], [-0.102321, -1.11686, -0.065431], [0.001315, 0.072338, 0.06569], [0.158453, -1.145426, 0.079877], [-0.144552, -1.190474, 0.046622], [-0.000135, 0.293765, 0.043728], [0.086372, 0.200796, 0.04343], [-0.085531, 0.199723, 0.044266], [0.003554, 0.354097, 0.091343], [0.183444, 0.182079, 0.019922], [-0.187658, 0.187352, 0.071122], [0.254027, -0.078304, -0.017303], [-0.257404, -0.070933, 0.073029], [0.319249, -0.326312, 0.040328], [-0.334936, -0.321609, 0.123151], [0.362269, -0.402428, 0.059474], [-0.358911, -0.405845, 0.136477]], "im2d": [[0.009493, -0.088791], [0.011163, 0.037075], [-0.00551, 0.000793], [0.059062, -0.214074], [-0.134351, 0.465589], [-0.091093, 0.429861], [0.045451, -0.358207], [0.002391, 0.906546], [0.031367, 0.897741], [0.007301, -0.413839], [-0.113569, 0.97501], [-0.10595, 0.961586], [0.05347, -0.658912], [0.052094, -0.536491], [0.036528, -0.572925], [0.00583, -0.729041], [0.085039, -0.492583], [-0.003641, -0.583596], [0.107807, -0.184347], [-0.036736, -0.311459], [0.024143, 0.101426], [-0.124231, -0.053314], [-0.00124, 0.194043], [-0.149483, 0.034164]], "theta": [1.137223, 0.009205, 0.140077, 2.358979, 0.305493, -2.171679, -0.280332, -0.022061, 0.042413, -0.136443, -0.061337, -0.054722, 0.218931, 0.008212, 0.00478, 0.545717, 0.104515, -0.095736, 0.350142, 0.095634, 0.118757, -0.10277, 0.005819, 0.009645, -0.269259, 0.296521, 0.122485, -0.09961, -0.208374, 0.156691, 0.005055, 0.026439, -0.024519, -0.001998, 0.001773, 0.001276, 0.001866, 0.003016, -0.007345, -0.151846, 0.021884, 0.037931, 0.02391, 0.058772, -0.574403, 0.004385, 0.344025, 0.4535, -0.012431, -0.019732, 0.038003, 0.111495, -0.228212, -0.669402, 0.265749, 0.194561, 0.800846, 0.036126, -0.222892, -0.056139, -0.023128, 0.023249, -0.047386, 0.360342, -0.100651, 0.360754, 0.129012, 0.108563, -0.066791, 0.109006, 0.043595, -0.410014, 0.109996, -0.038397, 0.416124, 0.686534, -0.736278, -0.016612, -2.326807, 0.330809, 0.0734, 1.240489, -2.028288, 0.100754, 0.883148]}