{"hc3d": [[-0.000857, -0.218154, 0.038652], [0.081107, -0.31487, 0.034999], [-0.081015, -0.31429, 0.037688], [-0.003147, -0.103627, 0.004443], [0.098367, -0.712429, 0.02015], [-0.149815, -0.692813, 0.16891], [-0.000131, 0.023954, 0.031959], [0.044865, -1.130969, -0.046341], [-0.103386, -1.055135, -0.054083], [-0.000657, 0.07075, 0.070854], [0.118808, -1.164563, 0.066564], [-0.15051, -1.150582, 0.037718], [-0.005434, 0.292483, 0.052805], [0.082653, 0.201009, 0.052868], [-0.08918, 0.197018, 0.049683], [0.002284, 0.351388, 0.101707], [0.182257, 0.192999, 0.034407], [-0.190685, 0.183789, 0.07842], [0.264797, -0.065054, 0.006794], [-0.252963, -0.076395, 0.076153], [0.3316, -0.306855, 0.085234], [-0.323107, -0.329018, 0.127374], [0.373852, -0.38112, 0.111888], [-0.343009, -0.414655, 0.138243]], "im2d": [[0.009584, -0.088826], [0.01127, 0.037115], [-0.005411, 0.000801], [0.059161, -0.214186], [-0.008996, 0.484882], [-0.196249, 0.396991], [0.040665, -0.357807], [0.021113, 0.944628], [0.024686, 0.82835], [0.00118, -0.413122], [-0.103542, 0.989287], [-0.092329, 0.917098], [0.042662, -0.659715], [0.041171, -0.538568], [0.029868, -0.571449], [-0.006268, -0.727506], [0.069683, -0.506404], [-0.012478, -0.581186], [0.082877, -0.198737], [-0.040382, -0.304823], [-0.023585, 0.078996], [-0.128689, -0.042833], [-0.057344, 0.168848], [-0.150955, 0.047342]], "theta": [1.137861, 0.00928, 0.140089, 2.359078, 0.305412, -2.171814, 0.003422, 0.087932, -0.03643, -0.37624, -0.051226, -0.068159, 0.250999, -0.026419, 0.002257, 0.039157, -0.020715, -0.049001, 0.815002, -0.008743, 0.100808, -0.115052, 0.009272, 0.028864, -0.256686, 0.303174, 0.098765, -0.100242, -0.157433, 0.156937, 0.003415, 0.037938, -0.021901, -0.001417, 0.00145, 0.000446, 0.001675, 0.002681, -0.006364, -0.142848, 0.058311, -0.034589, 0.022954, 0.040308, -0.483112, 0.004801, 0.386369, 0.435999, 0.001481, -0.028297, 0.017913, 0.112507, -0.27579, -0.732338, 0.214161, 0.167417, 0.825309, 0.0642, -0.270531, -0.047764, 0.011905, 0.04197, -0.055058, 0.271908, -0.097345, 0.351607, 0.069432, 0.094062, -0.035611, 0.109525, 0.044031, -0.410678, 0.110212, -0.038922, 0.416258, 0.686534, -0.736278, -0.016612, -2.326807, 0.330809, 0.0734, 1.240489, -2.028288, 0.100754, 0.883148]}