{"hc3d": [[-0.000878, -0.218651, 0.038546], [0.081077, -0.315481, 0.034847], [-0.081029, -0.314888, 0.037512], [-0.003172, -0.103924, 0.004295], [0.102114, -0.689496, 0.171367], [-0.111042, -0.718202, -0.008243], [0.001607, 0.023472, 0.034253], [0.01227, -1.107582, 0.16943], [-0.152003, -0.843971, -0.415767], [0.006314, 0.071206, 0.071869], [0.101201, -1.116853, 0.276167], [-0.17121, -0.97909, -0.381369], [0.000631, 0.292442, 0.04723], [0.087938, 0.20026, 0.041164], [-0.083459, 0.197445, 0.055828], [0.006868, 0.356176, 0.090162], [0.181545, 0.1903, 0.002689], [-0.184454, 0.191571, 0.088909], [0.22015, -0.065015, -0.08453], [-0.254561, -0.065171, 0.118076], [0.322528, -0.287906, 0.010631], [-0.250868, -0.262691, 0.29825], [0.386255, -0.348707, 0.027027], [-0.264588, -0.301775, 0.376641]], "im2d": [[0.010601, -0.113897], [0.067568, 0.006202], [-0.054071, -0.025193], [0.044522, -0.241325], [-0.053311, 0.426305], [-0.065797, 0.40152], [0.032107, -0.375707], [-0.145889, 0.86125], [0.228162, 0.495477], [0.008069, -0.423282], [-0.16805, 0.897251], [0.176908, 0.640868], [0.038763, -0.665768], [0.101919, -0.549873], [-0.036589, -0.578349], [0.012584, -0.729913], [0.201657, -0.524446], [-0.13843, -0.588513], [0.284238, -0.248208], [-0.231062, -0.32172], [0.267167, 0.020478], [-0.388562, -0.092189], [0.296706, 0.099808], [-0.465257, -0.045939]], "theta": [1.101744, 0.010499, 0.115273, 2.996924, 0.211395, -1.32151, -0.386653, 0.1274, -0.051317, 0.073267, -0.030225, 0.019626, 0.272293, 0.103637, 0.00138, 0.292291, 0.056218, -0.09432, 1.080711, 0.167086, -0.090882, -0.157343, -0.022854, -0.009539, -0.375437, 0.333807, 0.11994, -0.21294, -0.007266, 0.084409, -0.008714, 0.039673, -0.00166, -0.006978, 0.005601, 0.006041, -0.000736, 0.005389, -0.007252, -0.212341, -0.135751, -0.067356, 0.043656, 0.148137, -0.508935, -0.094276, 0.330809, 0.391411, -0.136862, -0.085998, 0.073358, 0.12989, -0.093735, -0.820359, 0.326126, 0.214249, 0.838197, -0.185557, -0.597788, 0.073584, -0.116665, 0.536381, -0.156708, -0.088126, -0.139913, 0.568116, -0.043483, 0.279941, -0.491535, 0.103968, 0.041305, -0.40597, 0.106158, -0.040069, 0.413061, 0.70621, -0.717315, 0.011691, -2.313453, 0.346708, 0.077264, 1.258095, -2.045751, 0.094351, 0.886427]}