{"hc3d": [[-0.000878, -0.218651, 0.038546], [0.081077, -0.315481, 0.034847], [-0.081029, -0.314888, 0.037512], [-0.003172, -0.103924, 0.004295], [0.076235, -0.713487, 0.057982], [-0.120655, -0.715601, 0.096802], [0.000547, 0.024456, 0.029881], [0.019729, -1.13736, 0.061176], [-0.150653, -0.908763, -0.284459], [0.003825, 0.072192, 0.067648], [0.086459, -1.148983, 0.182829], [-0.184238, -1.038329, -0.240939], [0.007419, 0.293681, 0.044966], [0.091635, 0.19849, 0.043189], [-0.080326, 0.201682, 0.047557], [0.010223, 0.356285, 0.089875], [0.189014, 0.178099, 0.02213], [-0.181701, 0.19273, 0.078732], [0.224711, -0.08805, -0.024493], [-0.229837, -0.07064, 0.0798], [0.277431, -0.328282, 0.06892], [-0.26152, -0.313416, 0.187256], [0.313589, -0.404303, 0.099586], [-0.27513, -0.386148, 0.2361]], "im2d": [[0.012723, -0.114634], [0.070718, 0.006779], [-0.052132, -0.02498], [0.046534, -0.243673], [0.023006, 0.443237], [-0.155804, 0.411004], [0.036205, -0.381027], [-0.048304, 0.896174], [0.124979, 0.581708], [0.010415, -0.429157], [-0.099941, 0.932879], [0.055862, 0.720881], [0.045744, -0.672764], [0.103936, -0.55253], [-0.027495, -0.588883], [0.014629, -0.736597], [0.192563, -0.513314], [-0.129304, -0.595859], [0.240985, -0.219581], [-0.182552, -0.317034], [0.18792, 0.061864], [-0.310223, -0.047853], [0.184712, 0.154793], [-0.365305, 0.033511]], "theta": [1.11437, 0.012295, 0.115782, 3.000622, 0.20809, -1.326602, -0.088572, 0.066276, -0.096026, -0.184177, -0.000357, -0.001857, 0.236074, 0.040135, 0.002702, -0.037552, -0.070273, -0.011229, 1.165981, 0.074251, -0.082605, -0.121916, -0.011494, -0.014343, -0.285571, 0.310537, 0.073167, -0.122706, -0.03638, 0.108757, 0.003424, 0.028087, -0.024841, -0.003388, 0.001806, 0.004731, 0.002715, 0.004154, -0.010666, -0.195601, -0.113044, -0.00375, 0.05715, 0.018175, -0.56158, -0.077762, 0.374818, 0.448962, 0.010735, -0.118354, 0.047434, 0.105277, -0.205263, -0.78534, 0.292139, 0.167331, 0.930639, 0.001268, -0.385702, 0.053269, -0.016929, 0.246476, -0.13535, 0.072342, -0.139475, 0.357765, -0.030732, 0.221342, -0.262979, 0.108852, 0.04303, -0.408553, 0.109351, -0.036658, 0.419275, 0.70621, -0.717315, 0.011691, -2.313453, 0.346708, 0.077264, 1.258095, -2.045751, 0.094351, 0.886427]}