{"hc3d": [[-0.000878, -0.218651, 0.038546], [0.081077, -0.315481, 0.034847], [-0.081029, -0.314888, 0.037512], [-0.003172, -0.103924, 0.004295], [0.094968, -0.678852, -0.128664], [-0.063498, -0.659559, 0.253268], [0.002172, 0.025222, 0.025336], [-0.006506, -1.023618, -0.36042], [-0.082758, -1.086924, 0.276931], [0.000849, 0.072887, 0.06331], [0.094476, -1.061634, -0.272414], [-0.059601, -1.105008, 0.414576], [0.002816, 0.295345, 0.053654], [0.08844, 0.20165, 0.060487], [-0.081971, 0.202085, 0.036821], [0.008781, 0.352582, 0.104961], [0.189968, 0.199438, 0.055111], [-0.187608, 0.192712, 0.045869], [0.242478, -0.066768, 0.029414], [-0.235283, -0.049548, -0.057665], [0.262548, -0.190349, 0.260806], [-0.232395, -0.303553, 0.025786], [0.294315, -0.228725, 0.33527], [-0.23017, -0.389221, 0.048519]], "im2d": [[0.013891, -0.11515], [0.07244, 0.007039], [-0.051137, -0.024939], [0.047696, -0.24511], [0.196886, 0.394223], [-0.238736, 0.378239], [0.042046, -0.384222], [0.292921, 0.732004], [-0.298924, 0.847099], [0.01233, -0.433351], [0.292919, 0.801839], [-0.397337, 0.884532], [0.035407, -0.678728], [0.088123, -0.558278], [-0.019749, -0.594189], [0.000628, -0.735711], [0.168495, -0.536574], [-0.106962, -0.603595], [0.212993, -0.235778], [-0.071194, -0.356032], [0.027749, -0.073969], [-0.154028, -0.06801], [-0.012828, -0.018501], [-0.17652, 0.028864]], "theta": [1.121739, 0.013261, 0.115998, 3.002334, 0.206609, -1.328953, 0.37933, 0.235189, 0.00459, -0.586584, 0.267615, 0.073527, 0.195385, -0.119291, -0.020292, 0.129087, -0.002669, -0.1201, 0.429524, 0.134162, -0.045195, -0.079423, -0.003608, 0.000107, -0.60731, 0.360749, 0.161003, -0.081872, 0.022787, 0.020109, 0.060209, 0.021495, 0.017211, -0.003864, 0.002854, 0.003678, 0.002229, 0.004312, -0.008877, -0.153892, 0.059062, -0.079298, 0.044732, 0.044167, -0.408121, 0.042623, 0.310552, 0.422112, -0.036885, 0.003512, 0.005822, 0.161074, -0.374691, -0.899306, 0.380459, 0.011115, 1.002753, -0.148468, -0.980306, 0.269427, 0.149983, 0.602472, -0.15399, 0.208306, -0.059022, 0.395286, -0.061332, 0.081522, -0.073656, 0.108278, 0.042347, -0.409518, 0.108404, -0.036712, 0.415866, 0.70621, -0.717315, 0.011691, -2.313453, 0.346708, 0.077264, 1.258095, -2.045751, 0.094351, 0.886427]}