{"hc3d": [[-0.000878, -0.218651, 0.038546], [0.081077, -0.315481, 0.034847], [-0.081029, -0.314888, 0.037512], [-0.003172, -0.103924, 0.004295], [0.161404, -0.698791, 0.109604], [-0.095393, -0.714937, 0.111071], [0.001794, 0.024688, 0.028465], [0.06193, -0.933497, -0.233747], [-0.068723, -1.124855, -0.010695], [0.003066, 0.071835, 0.067082], [0.15053, -1.022479, -0.173582], [-0.092362, -1.19385, 0.10968], [0.008213, 0.292547, 0.038022], [0.092251, 0.197342, 0.043538], [-0.079696, 0.200671, 0.038718], [0.008702, 0.352429, 0.086581], [0.189496, 0.174402, 0.024592], [-0.181393, 0.180945, 0.063162], [0.223213, -0.095191, 0.002993], [-0.22934, -0.082093, 0.049232], [0.276657, -0.334828, 0.097519], [-0.274987, -0.335726, 0.120488], [0.307858, -0.414681, 0.123532], [-0.287511, -0.421094, 0.140893]], "im2d": [[0.013908, -0.115161], [0.072465, 0.007042], [-0.051124, -0.024939], [0.047715, -0.245135], [0.046984, 0.451696], [-0.147544, 0.419579], [0.039138, -0.383453], [0.244209, 0.65819], [-0.051117, 0.864477], [0.010795, -0.431449], [0.25502, 0.77909], [-0.173305, 0.947207], [0.052312, -0.676147], [0.104851, -0.554454], [-0.019705, -0.592074], [0.015875, -0.737373], [0.192065, -0.51205], [-0.117435, -0.587859], [0.218877, -0.210768], [-0.157771, -0.308977], [0.165552, 0.07237], [-0.266777, -0.031939], [0.162381, 0.168809], [-0.298358, 0.061521]], "theta": [1.121864, 0.013275, 0.116, 3.00235, 0.206596, -1.328975, -0.230898, 0.082339, 0.113806, -0.216565, 0.041639, 0.057598, 0.223275, -0.021387, -0.011635, 1.116906, 0.175933, -0.105343, 0.381235, 0.080863, 0.015565, -0.093712, -0.001663, 0.005061, -0.463929, 0.260452, 0.073368, -0.073615, -0.142472, 0.130356, -0.041812, 0.027418, -0.025923, -0.002787, 0.002436, 0.001945, 0.001679, 0.003613, -0.007433, -0.107253, -0.055288, 0.033928, 0.039812, 0.051557, -0.584617, 0.016705, 0.357507, 0.555476, 0.011581, -0.084703, 0.047501, 0.118044, -0.272218, -0.772342, 0.26063, 0.138994, 0.837253, -0.058114, -0.294285, 0.06197, 0.042282, 0.161093, -0.096448, 0.148721, -0.086445, 0.272344, -0.025703, 0.108398, -0.070858, 0.108322, 0.04326, -0.409353, 0.10919, -0.03915, 0.41565, 0.70621, -0.717315, 0.011691, -2.313453, 0.346708, 0.077264, 1.258095, -2.045751, 0.094351, 0.886427]}