{"hc3d": [[-0.000885, -0.219384, 0.038937], [0.081182, -0.316355, 0.035439], [-0.081165, -0.31576, 0.038114], [-0.003175, -0.104367, 0.004287], [0.069105, -0.644424, 0.260652], [-0.158291, -0.714837, 0.044205], [-0.004967, 0.025811, 0.020157], [0.120551, -1.013873, 0.05218], [-0.120749, -1.121859, -0.083291], [-0.000521, 0.072664, 0.059166], [0.143713, -1.06732, 0.178723], [-0.192039, -1.172626, 0.027069], [0.000833, 0.295593, 0.065943], [0.085538, 0.202386, 0.04748], [-0.086456, 0.202958, 0.060593], [0.002073, 0.337803, 0.130371], [0.184694, 0.188809, 0.028349], [-0.187192, 0.197958, 0.095353], [0.238548, -0.060195, -0.068097], [-0.266162, -0.042178, 0.183387], [0.204863, -0.313618, -0.00591], [-0.290833, -0.228206, 0.373801], [0.222432, -0.394059, 0.029743], [-0.311363, -0.279804, 0.443109]], "im2d": [[0.001485, -0.082058], [-0.084506, 0.034854], [0.082315, 0.023012], [0.025312, -0.207017], [-0.199345, 0.365704], [0.147534, 0.473002], [0.022613, -0.359011], [-0.154161, 0.831605], [0.16365, 0.965339], [-0.001064, -0.4198], [-0.245943, 0.869837], [0.178276, 0.997431], [0.00041, -0.675868], [-0.080372, -0.560201], [0.090979, -0.574662], [-0.033386, -0.736457], [-0.173482, -0.534491], [0.177008, -0.58225], [-0.185967, -0.227713], [0.205822, -0.329874], [-0.190925, 0.047803], [0.126341, -0.155523], [-0.230109, 0.134045], [0.109843, -0.111239]], "theta": [1.161175, 0.002163, 0.148716, 0.732503, 0.276706, -3.059313, -0.613162, -0.38214, -0.005804, -0.06594, -0.090283, -0.096522, 0.160716, 0.087452, 0.045515, 1.005189, 0.058825, -0.114814, 0.258823, 0.026716, 0.123955, -0.017401, -0.000541, -0.037382, -0.392572, 0.242732, 0.11157, -0.20328, -0.261053, 0.006919, 0.109304, 0.019301, -0.029661, 0.001425, -0.001323, -0.000968, 0.000863, 0.000121, -0.003105, 0.042023, -0.216672, -0.029272, 0.030695, -0.068996, -0.503277, -0.041911, 0.351189, 0.359454, 0.190335, -0.036615, 0.019936, 0.294313, -0.1681, -0.79656, 0.006487, 0.43813, 0.626927, 0.173016, -0.557388, -0.176091, -0.38006, 0.378382, -0.016135, 0.249655, -0.144163, 0.500764, -0.099101, 0.17984, -0.305999, 0.113714, 0.045875, -0.415746, 0.11309, -0.040966, 0.422798, 0.716292, -0.772065, 0.020363, -2.284672, 0.330436, 0.082947, 1.253314, -2.047842, 0.100116, 0.849198]}