{"hc3d": [[-0.000885, -0.219384, 0.038937], [0.081182, -0.316355, 0.035439], [-0.081165, -0.31576, 0.038114], [-0.003175, -0.104367, 0.004287], [0.069843, -0.713406, 0.062234], [-0.174791, -0.67361, 0.206714], [0.000196, 0.025929, 0.018872], [0.009135, -1.124049, -0.03919], [-0.123602, -0.965736, -0.102112], [0.001292, 0.07124, 0.05989], [0.039795, -1.167612, 0.089528], [-0.194115, -1.073026, -0.044185], [0.008952, 0.294055, 0.066214], [0.092226, 0.198119, 0.058136], [-0.080006, 0.204174, 0.050812], [0.008265, 0.338218, 0.129327], [0.191604, 0.175801, 0.055288], [-0.183915, 0.19555, 0.073386], [0.25871, -0.084706, 0.01241], [-0.271124, -0.057056, 0.088747], [0.249278, -0.333254, 0.098198], [-0.34466, -0.300707, 0.170598], [0.267915, -0.408481, 0.143411], [-0.3718, -0.378937, 0.202707]], "im2d": [[0.003405, -0.08245], [-0.082874, 0.036081], [0.085546, 0.023357], [0.026905, -0.208872], [-0.094601, 0.488889], [0.085558, 0.397911], [0.018712, -0.361963], [0.013044, 0.978421], [0.189025, 0.798125], [-0.003135, -0.42208], [-0.088373, 1.006309], [0.229511, 0.905999], [-0.009246, -0.680179], [-0.094334, -0.561882], [0.089863, -0.579703], [-0.040982, -0.743323], [-0.197304, -0.528497], [0.186373, -0.581432], [-0.250891, -0.214552], [0.263487, -0.298708], [-0.29242, 0.055533], [0.291219, -0.038078], [-0.337687, 0.135123], [0.300722, 0.044238]], "theta": [1.173239, 0.003787, 0.149109, 0.735537, 0.274053, -3.063482, -0.091639, -0.148998, -0.108105, -0.486092, -0.081974, -0.124523, 0.150388, 0.000822, 0.002519, 0.188077, -0.070934, -0.06616, 1.198887, -0.06905, 0.04314, 0.028652, -0.0146, 0.000456, -0.285265, 0.305008, -0.002068, -0.126127, -0.196971, 0.106171, 0.068376, -0.000732, -0.043476, -0.001211, 0.001062, 0.000428, 0.001807, 0.002958, -0.007112, 0.011145, -0.168245, -0.057569, 0.001241, -0.128337, -0.543085, -0.060149, 0.367717, 0.425296, 0.270978, -0.100998, 0.0092, 0.169771, -0.220377, -0.682515, 0.081768, 0.215057, 0.730191, 0.109564, -0.43603, -0.134984, -0.367547, 0.154659, 0.026784, 0.020335, -0.223747, 0.468991, -0.486744, 0.169397, -0.179649, 0.110331, 0.043906, -0.412089, 0.110045, -0.038386, 0.417581, 0.716292, -0.772065, 0.020363, -2.284672, 0.330436, 0.082947, 1.253314, -2.047842, 0.100116, 0.849198]}