{"hc3d": [[-0.000885, -0.219384, 0.038937], [0.081182, -0.316355, 0.035439], [-0.081165, -0.31576, 0.038114], [-0.003175, -0.104367, 0.004287], [0.061407, -0.712146, -0.002702], [-0.158596, -0.654036, 0.249826], [0.003359, 0.02511, 0.024146], [0.003163, -1.119916, -0.116416], [-0.132909, -1.068055, 0.143714], [0.003659, 0.070627, 0.064948], [0.024635, -1.168604, 0.012326], [-0.207319, -1.136384, 0.241862], [0.009563, 0.293113, 0.079449], [0.093698, 0.198055, 0.070019], [-0.07834, 0.20329, 0.058614], [0.009159, 0.339259, 0.141129], [0.194755, 0.185078, 0.071063], [-0.183559, 0.198116, 0.075443], [0.281928, -0.069606, 0.029324], [-0.275095, -0.052394, 0.052709], [0.254184, -0.27772, 0.187892], [-0.383911, -0.287983, 0.116973], [0.272511, -0.327763, 0.260075], [-0.424712, -0.364104, 0.137668]], "im2d": [[0.003426, -0.082458], [-0.08286, 0.036091], [0.085581, 0.023361], [0.026925, -0.208896], [-0.051249, 0.499324], [0.046238, 0.36825], [0.012598, -0.361843], [0.06044, 0.988121], [0.065936, 0.868774], [-0.008303, -0.422222], [-0.031511, 1.021281], [0.090074, 0.923672], [-0.016935, -0.681662], [-0.10219, -0.564041], [0.083972, -0.580128], [-0.048166, -0.74681], [-0.208775, -0.542069], [0.184996, -0.584842], [-0.283818, -0.233602], [0.286926, -0.297527], [-0.343868, -0.025425], [0.361105, -0.045322], [-0.402536, 0.019897], [0.391012, 0.03578]], "theta": [1.173388, 0.003804, 0.149111, 0.735558, 0.274036, -3.063511, 0.069566, -0.124931, -0.140227, -0.600567, -0.054196, -0.086738, 0.190428, -0.015233, -0.022577, 0.063308, -0.1378, -0.019955, 0.744982, -0.102897, 0.025566, -0.015954, -0.00884, 0.031963, -0.270316, 0.278086, -0.017605, -0.024149, -0.243585, 0.11767, 0.109531, -0.010817, -0.040474, -0.000453, 0.000602, -0.000503, 0.001546, 0.002246, -0.005486, -0.05873, -0.115039, -0.039574, 0.001158, -0.124999, -0.454614, -0.044293, 0.327303, 0.385856, 0.201375, -0.038013, -0.001077, 0.18261, -0.254418, -0.69796, 0.059169, 0.137407, 0.782411, 0.061111, -0.776999, -0.047625, -0.537873, 0.215372, -0.071183, 0.075794, -0.246754, 0.582572, -0.562601, 0.120503, -0.208152, 0.111354, 0.044149, -0.413634, 0.110838, -0.038519, 0.418103, 0.716292, -0.772065, 0.020363, -2.284672, 0.330436, 0.082947, 1.253314, -2.047842, 0.100116, 0.849198]}