{"hc3d": [[-0.000885, -0.219384, 0.038937], [0.081182, -0.316355, 0.035439], [-0.081165, -0.31576, 0.038114], [-0.003175, -0.104367, 0.004287], [0.062392, -0.706707, -0.040512], [-0.135531, -0.640001, 0.277197], [0.004877, 0.025023, 0.02415], [0.016278, -1.080829, -0.241773], [-0.129797, -1.068131, 0.275504], [0.004459, 0.070034, 0.065509], [0.041804, -1.147966, -0.122412], [-0.197712, -1.115053, 0.389629], [0.008595, 0.292174, 0.085055], [0.093515, 0.197933, 0.074533], [-0.078405, 0.202239, 0.061141], [0.007013, 0.338078, 0.146897], [0.194868, 0.187456, 0.074289], [-0.184044, 0.19719, 0.075136], [0.309568, -0.057324, 0.040644], [-0.281362, -0.04782, 0.02876], [0.253123, -0.211929, 0.245914], [-0.404242, -0.274861, 0.098225], [0.256914, -0.238749, 0.331453], [-0.452369, -0.346797, 0.118137]], "im2d": [[0.003433, -0.08246], [-0.082855, 0.036095], [0.085593, 0.023362], [0.026932, -0.208906], [-0.032069, 0.500366], [0.007921, 0.348453], [0.01101, -0.361653], [0.114206, 0.967909], [-0.007261, 0.843918], [-0.009448, -0.421607], [0.022557, 1.024474], [0.002105, 0.871486], [-0.01892, -0.681749], [-0.1044, -0.564801], [0.08268, -0.579429], [-0.049013, -0.746735], [-0.210557, -0.545448], [0.185655, -0.583776], [-0.318464, -0.248005], [0.306322, -0.298694], [-0.372017, -0.11262], [0.392662, -0.058348], [-0.422023, -0.09772], [0.43075, 0.017551]], "theta": [1.173444, 0.00381, 0.149112, 0.735565, 0.27403, -3.06352, 0.164994, -0.080166, -0.139597, -0.672213, -0.006087, -0.039514, 0.190303, -0.017846, -0.034355, 0.19424, -0.180152, -0.02147, 0.559889, -0.058888, -0.010747, -0.00307, -0.016601, 0.049848, -0.324368, 0.297367, 0.041396, 0.035503, -0.275731, 0.126537, 0.119704, -0.009825, -0.038476, -0.000529, 0.000628, -0.000321, 0.001514, 0.002065, -0.005259, -0.077014, -0.111256, -0.03246, 0.018603, -0.09572, -0.445519, -0.027767, 0.308183, 0.377761, 0.177369, -0.028681, 0.012522, 0.154269, -0.286321, -0.593763, 0.082065, 0.094698, 0.778266, 0.094672, -1.088749, -0.021577, -0.594624, 0.326236, -0.113793, 0.153936, -0.261014, 0.559863, -0.566451, 0.114253, -0.250646, 0.11126, 0.044075, -0.413563, 0.110884, -0.038078, 0.417857, 0.716292, -0.772065, 0.020363, -2.284672, 0.330436, 0.082947, 1.253314, -2.047842, 0.100116, 0.849198]}