{"hc3d": [[-0.000885, -0.219384, 0.038937], [0.081182, -0.316355, 0.035439], [-0.081165, -0.31576, 0.038114], [-0.003175, -0.104367, 0.004287], [0.067755, -0.7058, -0.046098], [-0.124973, -0.630866, 0.291171], [0.005802, 0.024975, 0.024067], [0.031775, -1.032415, -0.31928], [-0.113995, -1.058011, 0.318693], [0.004888, 0.069281, 0.066173], [0.06535, -1.118913, -0.215371], [-0.182032, -1.103697, 0.433247], [0.008345, 0.291203, 0.088165], [0.093576, 0.19722, 0.077855], [-0.07814, 0.201389, 0.062032], [0.004439, 0.335459, 0.151095], [0.195137, 0.189, 0.077622], [-0.184172, 0.197456, 0.073115], [0.324589, -0.049423, 0.053093], [-0.281358, -0.043451, 0.008537], [0.242843, -0.158143, 0.278309], [-0.409784, -0.265777, 0.083038], [0.233233, -0.170099, 0.366714], [-0.46017, -0.335963, 0.103597]], "im2d": [[0.003436, -0.082461], [-0.082853, 0.036096], [0.085598, 0.023363], [0.026935, -0.208909], [-0.03469, 0.500777], [-0.010325, 0.33598], [0.010087, -0.361522], [0.140285, 0.927905], [-0.046478, 0.8251], [-0.010266, -0.420839], [0.04796, 1.010372], [-0.037182, 0.85115], [-0.020332, -0.681251], [-0.106246, -0.564618], [0.081912, -0.578609], [-0.04861, -0.744708], [-0.212574, -0.54786], [0.186872, -0.583716], [-0.340606, -0.258451], [0.317163, -0.29988], [-0.377197, -0.181702], [0.406746, -0.066335], [-0.414354, -0.185478], [0.446896, 0.007258]], "theta": [1.173465, 0.003813, 0.149113, 0.735567, 0.274028, -3.063523, 0.179093, -0.045929, -0.122736, -0.713505, 0.002563, -0.014458, 0.189543, -0.019687, -0.041547, 0.386238, -0.159011, -0.030181, 0.532328, -0.063297, -0.020438, 0.014935, -0.027072, 0.05758, -0.346304, 0.311864, 0.046654, 0.081887, -0.295649, 0.119663, 0.11371, -0.010296, -0.035054, -0.001011, 0.000905, 0.000201, 0.001559, 0.002195, -0.005664, -0.060323, -0.144498, -0.038706, 0.027129, -0.075034, -0.431124, -0.0176, 0.29021, 0.368113, 0.178221, -0.052767, 0.036307, 0.124854, -0.313567, -0.540378, 0.113365, 0.070639, 0.797631, 0.115768, -1.298554, 0.010343, -0.599484, 0.413759, -0.146816, 0.1859, -0.256496, 0.502043, -0.575955, 0.106925, -0.261271, 0.110759, 0.044265, -0.412378, 0.110631, -0.037668, 0.417709, 0.716292, -0.772065, 0.020363, -2.284672, 0.330436, 0.082947, 1.253314, -2.047842, 0.100116, 0.849198]}