{"hc3d": [[-0.000885, -0.219384, 0.038937], [0.081182, -0.316355, 0.035439], [-0.081165, -0.31576, 0.038114], [-0.003175, -0.104367, 0.004287], [0.083234, -0.714109, 0.018584], [-0.12757, -0.647765, 0.268043], [0.004897, 0.02527, 0.022464], [0.051168, -0.961654, -0.328249], [-0.101095, -1.07052, 0.205526], [0.0041, 0.069483, 0.06467], [0.093811, -1.059726, -0.238976], [-0.170133, -1.127135, 0.314463], [0.007978, 0.291793, 0.082229], [0.093036, 0.197378, 0.074847], [-0.078464, 0.201716, 0.056865], [0.002307, 0.336459, 0.144733], [0.193863, 0.183322, 0.079151], [-0.184374, 0.197125, 0.06882], [0.299403, -0.065036, 0.041937], [-0.276262, -0.04916, 0.018306], [0.215312, -0.169449, 0.268324], [-0.394491, -0.275155, 0.098435], [0.208326, -0.18496, 0.356422], [-0.444334, -0.345071, 0.121127]], "im2d": [[0.003437, -0.082462], [-0.082853, 0.036097], [0.085599, 0.023363], [0.026936, -0.20891], [-0.085416, 0.499109], [0.004273, 0.359752], [0.011893, -0.361622], [0.126427, 0.849233], [-0.000192, 0.862125], [-0.008638, -0.420844], [0.032109, 0.948519], [0.012876, 0.901807], [-0.016783, -0.680828], [-0.10408, -0.564267], [0.085002, -0.578026], [-0.042979, -0.744803], [-0.212188, -0.541684], [0.189357, -0.582531], [-0.308702, -0.240066], [0.306514, -0.294791], [-0.343359, -0.168682], [0.382354, -0.057358], [-0.383183, -0.168105], [0.420811, 0.015555]], "theta": [1.173472, 0.003813, 0.149113, 0.735568, 0.274028, -3.063524, 0.017161, -0.072962, -0.0801, -0.6448, -0.019643, -0.014486, 0.177227, -0.019426, -0.034453, 0.797386, -0.047008, -0.093901, 0.676371, -0.060564, 0.00505, 0.029229, -0.033803, 0.044261, -0.460271, 0.294713, 0.062169, -0.022981, -0.271, 0.072454, 0.091579, -0.016642, -0.028007, -0.002172, 0.001626, 0.001271, 0.001687, 0.003121, -0.007068, -0.045347, -0.169594, -0.042253, 0.019851, -0.123069, -0.472911, -0.013399, 0.311859, 0.373365, 0.187437, -0.043093, 0.026992, 0.160267, -0.249394, -0.615346, 0.099822, 0.106473, 0.802467, 0.079322, -1.309678, 0.058443, -0.55377, 0.378421, -0.134134, 0.103758, -0.235887, 0.493108, -0.570833, 0.121792, -0.292783, 0.109378, 0.044201, -0.409718, 0.109463, -0.037431, 0.417167, 0.716292, -0.772065, 0.020363, -2.284672, 0.330436, 0.082947, 1.253314, -2.047842, 0.100116, 0.849198]}