{"hc3d": [[-0.000885, -0.219384, 0.038937], [0.081182, -0.316355, 0.035439], [-0.081165, -0.31576, 0.038114], [-0.003175, -0.104367, 0.004287], [0.108291, -0.705145, 0.1167], [-0.137551, -0.694697, 0.17404], [0.002293, 0.025683, 0.020361], [0.040189, -0.988615, -0.19572], [-0.092588, -1.110934, 0.084284], [0.001839, 0.070272, 0.062174], [0.099718, -1.078969, -0.107979], [-0.15958, -1.169486, 0.193474], [0.004768, 0.293122, 0.070808], [0.090219, 0.198902, 0.065883], [-0.081555, 0.201687, 0.050383], [4.8e-05, 0.335999, 0.134631], [0.19075, 0.18276, 0.069777], [-0.186341, 0.191772, 0.067775], [0.272816, -0.07404, 0.030736], [-0.278593, -0.05928, 0.057113], [0.233145, -0.269694, 0.202115], [-0.37591, -0.300938, 0.117142], [0.241023, -0.321446, 0.274986], [-0.410814, -0.380263, 0.136553]], "im2d": [[0.003437, -0.082462], [-0.082853, 0.036097], [0.0856, 0.023363], [0.026936, -0.208911], [-0.163508, 0.471766], [0.063515, 0.431257], [0.015743, -0.361883], [0.066924, 0.854263], [0.05432, 0.932623], [-0.004929, -0.42144], [-0.044065, 0.946123], [0.065068, 0.974642], [-0.007331, -0.680409], [-0.096339, -0.564515], [0.091677, -0.576973], [-0.035264, -0.742501], [-0.203968, -0.539464], [0.191845, -0.576286], [-0.275152, -0.229408], [0.288114, -0.290685], [-0.32923, -0.038909], [0.352377, -0.029822], [-0.377375, 0.007517], [0.376723, 0.055653]], "theta": [1.173475, 0.003814, 0.149113, 0.735568, 0.274028, -3.063525, -0.226586, -0.103719, -0.005353, -0.388521, -0.063164, -0.034852, 0.161834, -0.000257, -0.013553, 0.92842, 0.162018, -0.154266, 0.489852, -0.032854, 0.070401, 0.035018, -0.039923, 0.028441, -0.42797, 0.254687, 0.02913, -0.096878, -0.260561, 0.092771, 0.060766, -0.015805, -0.027167, -0.001115, 0.000974, -5.1e-05, 0.001422, 0.002368, -0.005846, 0.021416, -0.173317, -0.061119, -0.003893, -0.138848, -0.496545, -0.024223, 0.359533, 0.414702, 0.209562, -0.076286, 0.000929, 0.193109, -0.227714, -0.69898, 0.056593, 0.15165, 0.72457, 0.04938, -0.839219, -0.03137, -0.4781, 0.158358, -0.015958, 0.035827, -0.238343, 0.478599, -0.570939, 0.108284, -0.183639, 0.110281, 0.044607, -0.411564, 0.109855, -0.038324, 0.417599, 0.716292, -0.772065, 0.020363, -2.284672, 0.330436, 0.082947, 1.253314, -2.047842, 0.100116, 0.849198]}