{"hc3d": [[-0.000838, -0.219042, 0.039158], [0.081539, -0.316033, 0.035736], [-0.081421, -0.315451, 0.038423], [-0.00312, -0.104103, 0.004433], [0.054612, -0.704479, -0.045596], [-0.08912, -0.647129, 0.272678], [0.008596, 0.023336, 0.031456], [-0.006702, -1.031368, -0.31322], [-0.091549, -1.073662, 0.240388], [0.014506, 0.071409, 0.068767], [0.034526, -1.080821, -0.189843], [-0.120755, -1.09687, 0.376068], [0.029633, 0.293734, 0.060273], [0.109649, 0.194787, 0.058872], [-0.062296, 0.206105, 0.050694], [0.028077, 0.34668, 0.116006], [0.209504, 0.178415, 0.047162], [-0.168786, 0.201215, 0.051927], [0.263376, -0.08117, -0.014167], [-0.227095, -0.03052, -0.068193], [0.240458, -0.231587, 0.200103], [-0.250856, -0.230136, 0.10758], [0.269587, -0.272629, 0.274293], [-0.257388, -0.291458, 0.171382]], "im2d": [[0.004739, -0.101158], [0.102617, 0.00799], [-0.08708, 0.011066], [-0.000202, -0.239656], [0.079396, 0.439571], [-0.089717, 0.43609], [0.010771, -0.381241], [0.015263, 0.766266], [-0.083741, 0.920116], [0.016589, -0.429606], [0.064017, 0.845342], [-0.117533, 0.972743], [0.029658, -0.686913], [0.124824, -0.575092], [-0.075528, -0.586204], [0.026651, -0.737281], [0.241411, -0.560461], [-0.199381, -0.578236], [0.309557, -0.274785], [-0.262262, -0.333322], [0.285532, -0.061437], [-0.286182, -0.070638], [0.320129, -0.000986], [-0.292657, 0.011878]], "theta": [1.164144, 0.004909, 0.132148, 3.302848, -0.028834, -0.005201, 0.176662, 0.054104, -0.144801, -0.645458, 0.132811, 0.041304, 0.249848, 0.013907, -0.061254, 0.379476, -0.236378, -0.039007, 0.603566, -0.059725, -0.057205, -0.151719, -0.001704, -0.01141, -0.645345, 0.314221, 0.140375, -0.154075, -0.027949, -0.029225, 0.085425, -0.032565, 0.000165, -0.002216, 0.000975, 0.003859, 0.002405, 0.002488, -0.008361, -0.069704, -0.131716, 0.023531, 0.049647, -0.001434, -0.478392, 0.049766, 0.151555, 0.47155, -0.010862, -0.124687, 0.087438, 0.189772, -0.217564, -0.77726, 0.34072, -0.029401, 0.968876, 0.000936, -1.07485, 0.058153, -0.190284, 1.056131, -0.211773, -0.027913, -0.131773, 0.585811, -0.513563, 0.191185, -0.14043, 0.11078, 0.043113, -0.411788, 0.111041, -0.036386, 0.420791, 0.701645, -0.801063, 0.029328, -2.320123, 0.351647, 0.050371, 1.277355, -2.072354, 0.101334, 0.858726]}