{"hc3d": [[-0.000838, -0.219042, 0.039158], [0.081539, -0.316033, 0.035736], [-0.081421, -0.315451, 0.038423], [-0.00312, -0.104103, 0.004433], [0.104547, -0.713144, 0.037517], [-0.093956, -0.680472, 0.216041], [0.008876, 0.023491, 0.030589], [0.028392, -0.87523, -0.349997], [-0.063896, -1.097499, 0.125689], [0.012338, 0.069285, 0.070949], [0.088144, -0.983851, -0.286763], [-0.094811, -1.160023, 0.2479], [0.024404, 0.291363, 0.054654], [0.105843, 0.19363, 0.058015], [-0.0661, 0.202088, 0.046884], [0.015239, 0.342758, 0.111102], [0.205214, 0.173533, 0.048126], [-0.172356, 0.195135, 0.052071], [0.261175, -0.08395, -0.019837], [-0.239741, -0.046653, -0.040273], [0.271133, -0.272449, 0.163005], [-0.281292, -0.271201, 0.098143], [0.294037, -0.329851, 0.227947], [-0.295757, -0.341189, 0.150738]], "im2d": [[0.005829, -0.101515], [0.104397, 0.008169], [-0.086421, 0.011408], [0.000783, -0.240858], [0.139954, 0.466808], [-0.09379, 0.467143], [0.011965, -0.383544], [0.055668, 0.581983], [-0.049221, 0.931128], [0.014882, -0.428849], [0.127764, 0.718247], [-0.084486, 1.027241], [0.024243, -0.688765], [0.121703, -0.576915], [-0.079755, -0.585214], [0.012198, -0.737218], [0.238519, -0.55765], [-0.204028, -0.573979], [0.30987, -0.274269], [-0.277347, -0.310791], [0.324984, -0.021944], [-0.321603, -0.02419], [0.35282, 0.05624], [-0.337202, 0.066967]], "theta": [1.171019, 0.005816, 0.132353, 3.30448, -0.030247, -0.007441, -0.040781, 0.10306, -0.02307, -0.488909, 0.041635, 0.057509, 0.242724, 0.0076, -0.063947, 1.090341, -0.034706, -0.087734, 0.579814, -0.009555, -0.001552, -0.081629, -0.019625, 0.021199, -0.526658, 0.280322, 0.045182, -0.025583, -0.07438, 0.043335, -0.013209, -0.021767, -0.010723, -0.001534, 0.001308, 0.001204, 0.001694, 0.001612, -0.005551, -0.0014, -0.223754, 0.03971, 0.039003, -0.008487, -0.525132, 0.062671, 0.201213, 0.467863, -0.010166, -0.163697, 0.117208, 0.147997, -0.108918, -0.747511, 0.264932, -0.000629, 0.908657, -0.002072, -0.889575, 0.038719, -0.129725, 0.769138, -0.159389, -0.074669, -0.179822, 0.392537, -0.555811, 0.195216, -0.171232, 0.109956, 0.044167, -0.411606, 0.11074, -0.037569, 0.417753, 0.701645, -0.801063, 0.029328, -2.320123, 0.351647, 0.050371, 1.277355, -2.072354, 0.101334, 0.858726]}