{"hc3d": [[-0.000838, -0.219042, 0.039158], [0.081539, -0.316033, 0.035736], [-0.081421, -0.315451, 0.038423], [-0.00312, -0.104103, 0.004433], [0.12674, -0.704349, 0.109205], [-0.099579, -0.709302, 0.135874], [0.00851, 0.023808, 0.029163], [0.030559, -0.888843, -0.263555], [-0.057363, -1.119368, 0.021667], [0.012752, 0.069566, 0.069491], [0.097114, -0.996165, -0.205076], [-0.0909, -1.184853, 0.141614], [0.019963, 0.29101, 0.044188], [0.103214, 0.194799, 0.047008], [-0.069199, 0.200062, 0.044525], [0.012123, 0.342723, 0.100545], [0.201384, 0.172847, 0.030979], [-0.174034, 0.186725, 0.058572], [0.252638, -0.084394, -0.041467], [-0.240911, -0.068884, 0.017083], [0.276826, -0.304394, 0.100226], [-0.279824, -0.313793, 0.116143], [0.298163, -0.374112, 0.15239], [-0.286636, -0.393655, 0.154213]], "im2d": [[0.005887, -0.10154], [0.104493, 0.008177], [-0.08639, 0.011423], [0.000836, -0.240932], [0.165626, 0.469978], [-0.099428, 0.485508], [0.011584, -0.384294], [0.058322, 0.614285], [-0.040649, 0.9368], [0.015412, -0.429591], [0.138401, 0.748049], [-0.07893, 1.036002], [0.019126, -0.690474], [0.118716, -0.580489], [-0.083321, -0.583439], [0.008618, -0.739351], [0.234229, -0.560221], [-0.205865, -0.563161], [0.300118, -0.277789], [-0.278479, -0.274255], [0.332732, 0.002913], [-0.319075, 0.02844], [0.359055, 0.092963], [-0.32545, 0.128121]], "theta": [1.17142, 0.005864, 0.132362, 3.304547, -0.030303, -0.007533, -0.224664, 0.091053, 0.024592, -0.282054, -0.016484, 0.052478, 0.23384, 0.047382, -0.058116, 1.219692, 0.062688, -0.115268, 0.431828, 0.039603, 0.02381, -0.071703, -0.020734, 0.026165, -0.478234, 0.261021, 0.017423, -0.080606, -0.113392, 0.08657, -0.054562, -0.008127, -0.01084, -0.001931, 0.001702, 0.001551, 0.001893, 0.002261, -0.006568, 0.028171, -0.221884, 0.049349, 0.030955, 0.004481, -0.557901, 0.044821, 0.238803, 0.509867, 0.014374, -0.201286, 0.091515, 0.175168, -0.070559, -0.738559, 0.210911, 0.089019, 0.835175, 0.031406, -0.703864, -0.001616, -0.130622, 0.428424, -0.050209, -0.076392, -0.20209, 0.320395, -0.561391, 0.175828, -0.091845, 0.109499, 0.043643, -0.411126, 0.110231, -0.037139, 0.417035, 0.701645, -0.801063, 0.029328, -2.320123, 0.351647, 0.050371, 1.277355, -2.072354, 0.101334, 0.858726]}