{"hc3d": [[-0.000838, -0.219042, 0.039158], [0.081539, -0.316033, 0.035736], [-0.081421, -0.315451, 0.038423], [-0.00312, -0.104103, 0.004433], [0.075502, -0.710142, 0.089321], [-0.148971, -0.708361, 0.115907], [0.001787, 0.02552, 0.021222], [0.025682, -1.128192, 0.018673], [-0.115744, -0.835733, -0.291096], [0.008417, 0.073615, 0.058384], [0.067819, -1.160973, 0.147192], [-0.147248, -0.968916, -0.258381], [0.009042, 0.29474, 0.029523], [0.093533, 0.199763, 0.02354], [-0.077987, 0.202561, 0.041782], [0.016504, 0.34772, 0.084743], [0.19065, 0.184832, -0.003322], [-0.180243, 0.195759, 0.07116], [0.220573, -0.058996, -0.12037], [-0.242144, -0.063562, 0.092377], [0.226469, -0.271172, 0.034579], [-0.268304, -0.294178, 0.224435], [0.234877, -0.340351, 0.090975], [-0.273015, -0.363998, 0.278995]], "im2d": [[0.00592, -0.101555], [0.104548, 0.008182], [-0.086374, 0.01143], [0.000866, -0.240976], [0.105873, 0.474059], [-0.157219, 0.481758], [0.003729, -0.387716], [0.056878, 0.944881], [-0.114058, 0.550827], [0.010314, -0.436374], [0.106493, 1.006352], [-0.148177, 0.71166], [0.006329, -0.69748], [0.107399, -0.590602], [-0.093656, -0.586775], [0.013717, -0.748365], [0.221588, -0.580488], [-0.213401, -0.571182], [0.262376, -0.32155], [-0.280338, -0.266097], [0.273351, -0.046927], [-0.306429, 0.026155], [0.284507, 0.043596], [-0.310622, 0.117343]], "theta": [1.171657, 0.005891, 0.132366, 3.304579, -0.030329, -0.007576, -0.164535, 0.007206, -0.098036, -0.242339, -0.079873, -0.066117, 0.172584, 0.106976, -0.005159, 0.203387, -0.179984, -0.03148, 1.39293, 0.04448, 0.009513, -0.068792, 0.001204, -0.02049, -0.276844, 0.315787, 0.04695, -0.23079, 0.021718, 0.088653, -0.011763, 0.029526, -0.015492, -0.004472, 0.003499, 0.004281, 0.00254, 0.004988, -0.011017, 0.014989, -0.160173, -0.057295, 0.073602, 0.008257, -0.503007, -0.057106, 0.269405, 0.435461, 0.143528, -0.072211, 0.007097, 0.314052, 0.00092, -0.855794, 0.146796, 0.16433, 0.857281, 0.114327, -0.935232, 0.052143, -0.060164, 0.334229, -0.04284, -0.14752, -0.206667, 0.246673, -0.445587, 0.258999, -0.157255, 0.108207, 0.040794, -0.410914, 0.107662, -0.034692, 0.415415, 0.701645, -0.801063, 0.029328, -2.320123, 0.351647, 0.050371, 1.277355, -2.072354, 0.101334, 0.858726]}