{"hc3d": [[-0.000898, -0.218396, 0.038359], [0.080917, -0.315112, 0.034582], [-0.080914, -0.314515, 0.037248], [-0.003194, -0.103832, 0.004269], [0.065763, -0.69249, 0.161167], [-0.07482, -0.71705, -0.019861], [0.005011, 0.022614, 0.03723], [-0.009608, -1.112572, 0.146152], [-0.111148, -1.054313, -0.280603], [0.009667, 0.070184, 0.074926], [0.054468, -1.109374, 0.269535], [-0.122656, -1.127409, -0.161111], [0.010259, 0.291832, 0.058505], [0.095212, 0.197845, 0.051416], [-0.07624, 0.198987, 0.061145], [0.012877, 0.353203, 0.105049], [0.189728, 0.178965, 0.019443], [-0.179139, 0.192626, 0.08694], [0.190954, -0.044933, -0.135356], [-0.240785, -0.067485, 0.091092], [0.299631, -0.234724, 0.010298], [-0.175003, -0.199635, 0.313622], [0.362735, -0.286861, 0.046405], [-0.164453, -0.226486, 0.397313]], "im2d": [[0.009368, -0.103421], [0.095103, 0.007997], [-0.074453, -0.001088], [0.02198, -0.234566], [0.024105, 0.440346], [-0.048972, 0.440055], [0.01841, -0.370935], [-0.052501, 0.901244], [0.015712, 0.783914], [0.008426, -0.419359], [-0.035875, 0.914774], [-0.045541, 0.877688], [0.017947, -0.667341], [0.108321, -0.559151], [-0.074114, -0.568579], [0.002387, -0.730227], [0.219516, -0.536621], [-0.191781, -0.564207], [0.281409, -0.304957], [-0.260269, -0.278144], [0.333475, -0.072197], [-0.283503, -0.103227], [0.38398, -0.006896], [-0.306783, -0.063588]], "theta": [1.117551, 0.009281, 0.125854, 3.191658, 0.047417, -0.59974, -0.352054, 0.021732, -0.126188, 0.106011, 0.046069, 0.115224, 0.296197, 0.077095, -0.026707, 0.263705, -0.050126, -0.033849, 0.447685, 0.12055, -0.158355, -0.179661, -0.006338, 0.011395, -0.449512, 0.315819, 0.099834, -0.360616, -0.030054, -0.010086, 0.027836, 0.019906, -0.01486, -0.002898, 0.001358, 0.005059, 0.002039, 0.002478, -0.008149, -0.1958, -0.139912, -0.007299, 0.026062, 0.091183, -0.575706, -0.071205, 0.28791, 0.412705, -0.068596, -0.213199, 0.063851, 0.269051, 0.180034, -0.856398, 0.322283, 0.237636, 0.88702, -0.219985, -1.104709, 0.27338, -0.136843, 0.985103, -0.196542, -0.122263, -0.157523, 0.522573, -0.313432, 0.268882, -0.341514, 0.109129, 0.04271, -0.409457, 0.109752, -0.036853, 0.419743, 0.684262, -0.701977, 0.011036, -2.297396, 0.338546, 0.071588, 1.274878, -2.055526, 0.103847, 0.891004]}