{"hc3d": [[-0.000898, -0.218396, 0.038359], [0.080917, -0.315112, 0.034582], [-0.080914, -0.314515, 0.037248], [-0.003194, -0.103832, 0.004269], [0.08532, -0.71253, 0.008001], [-0.125753, -0.702347, 0.150862], [0.00601, 0.024279, 0.029669], [0.025864, -1.131191, -0.051699], [-0.112899, -1.102353, -0.00041], [0.009386, 0.070343, 0.06932], [0.078823, -1.158837, 0.073881], [-0.152333, -1.172717, 0.114689], [0.02254, 0.291535, 0.052021], [0.102927, 0.193359, 0.052427], [-0.068464, 0.203158, 0.047881], [0.020657, 0.349106, 0.103221], [0.200848, 0.168139, 0.04307], [-0.172469, 0.193349, 0.067397], [0.237357, -0.100525, 0.018961], [-0.22362, -0.064227, 0.017257], [0.267769, -0.333108, 0.137395], [-0.272994, -0.320193, 0.075172], [0.299471, -0.403807, 0.182125], [-0.274135, -0.407018, 0.092391]], "im2d": [[0.010504, -0.103854], [0.096911, 0.008217], [-0.073678, -0.000837], [0.023065, -0.235909], [0.108993, 0.44966], [-0.170573, 0.44318], [0.023395, -0.375729], [0.067588, 0.907654], [-0.098534, 0.873798], [0.011071, -0.422531], [0.071327, 0.955671], [-0.187637, 0.963413], [0.03385, -0.671035], [0.117033, -0.556933], [-0.060533, -0.577606], [0.011381, -0.729669], [0.223214, -0.524548], [-0.177554, -0.570008], [0.269023, -0.22502], [-0.212792, -0.290539], [0.250308, 0.050049], [-0.29046, -0.000494], [0.264562, 0.135861], [-0.299465, 0.098453]], "theta": [1.124827, 0.010236, 0.126067, 3.193357, 0.045947, -0.602073, 0.036508, 0.051269, -0.069532, -0.323082, -0.012094, -0.01351, 0.234159, 0.012298, -0.041689, -0.016268, -0.082674, -0.044002, 0.56668, -0.007715, -0.002639, -0.079746, -0.005865, 0.01275, -0.312561, 0.250359, 0.014599, -0.103705, -0.063098, 0.081353, -0.013214, -0.004779, -0.039101, -0.001166, 0.001355, 0.000455, 0.001429, 0.00243, -0.005546, -0.110761, -0.125986, 0.054047, 0.024142, -0.056594, -0.559938, -5.2e-05, 0.311096, 0.490982, 0.01744, -0.179694, 0.057423, 0.100996, -0.238529, -0.748683, 0.242358, 0.074136, 0.950793, 0.020395, -0.40497, 0.041246, -0.078824, 0.260709, -0.104808, 0.108092, -0.168003, 0.406768, -0.346736, 0.143311, 0.03395, 0.109946, 0.043831, -0.412025, 0.110461, -0.039106, 0.416904, 0.684262, -0.701977, 0.011036, -2.297396, 0.338546, 0.071588, 1.274878, -2.055526, 0.103847, 0.891004]}