{"hc3d": [[-0.000898, -0.218396, 0.038359], [0.080917, -0.315112, 0.034582], [-0.080914, -0.314515, 0.037248], [-0.003194, -0.103832, 0.004269], [0.079693, -0.701805, -0.060989], [-0.095576, -0.673461, 0.22771], [0.00567, 0.024466, 0.028832], [-0.020996, -1.076285, -0.23988], [-0.104836, -1.100932, 0.243049], [0.007811, 0.072238, 0.066499], [0.054093, -1.097699, -0.124804], [-0.11285, -1.107216, 0.383228], [0.024784, 0.293729, 0.059327], [0.10377, 0.194515, 0.063621], [-0.066262, 0.206836, 0.042906], [0.021857, 0.349949, 0.111961], [0.204102, 0.179187, 0.060369], [-0.172409, 0.20498, 0.047735], [0.236055, -0.090833, 0.047598], [-0.225919, -0.032234, -0.063358], [0.249885, -0.267369, 0.241736], [-0.262697, -0.268417, 0.055705], [0.28699, -0.314697, 0.307975], [-0.265545, -0.347942, 0.094487]], "im2d": [[0.010524, -0.103865], [0.096945, 0.00822], [-0.073667, -0.000833], [0.023086, -0.235938], [0.131527, 0.429584], [-0.170223, 0.421308], [0.023402, -0.376098], [0.096191, 0.822481], [-0.189893, 0.900437], [0.01061, -0.425106], [0.127472, 0.863535], [-0.255828, 0.922969], [0.033237, -0.672621], [0.113363, -0.556977], [-0.05615, -0.582237], [0.00907, -0.729644], [0.219665, -0.534824], [-0.169339, -0.585312], [0.25605, -0.232698], [-0.181876, -0.335627], [0.189402, -0.012528], [-0.271262, -0.060031], [0.200699, 0.049903], [-0.290834, 0.033129]], "theta": [1.124977, 0.010254, 0.12607, 3.193379, 0.04593, -0.602102, 0.210789, 0.092477, -0.074347, -0.514544, 0.15258, 0.026735, 0.224148, -0.05843, -0.04444, 0.117913, -0.058523, -0.119534, 0.36323, 0.041341, -0.038869, -0.115112, -0.012261, -0.006715, -0.643413, 0.310403, 0.18561, -0.174241, -0.006229, 0.001175, 0.074302, -0.023283, -0.018854, 0.000942, -0.000206, -0.001784, 0.000944, 0.000134, -0.001752, -0.126659, -0.100465, 0.021087, 0.009878, -0.011878, -0.456599, 0.035194, 0.255251, 0.429501, -0.009956, -0.116527, 0.058806, 0.1215, -0.353099, -0.848032, 0.339677, -0.012889, 1.024686, -0.104593, -0.706933, 0.164965, -0.054047, 0.737008, -0.22896, 0.135764, -0.132962, 0.532168, -0.311218, 0.13295, -0.031868, 0.112359, 0.045337, -0.415583, 0.112457, -0.040146, 0.4184, 0.684262, -0.701977, 0.011036, -2.297396, 0.338546, 0.071588, 1.274878, -2.055526, 0.103847, 0.891004]}