{"hc3d": [[-0.000898, -0.218396, 0.038359], [0.080917, -0.315112, 0.034582], [-0.080914, -0.314515, 0.037248], [-0.003194, -0.103832, 0.004269], [0.163825, -0.698701, 0.102792], [-0.103354, -0.711462, 0.122466], [0.00489, 0.025126, 0.025407], [0.052149, -0.917743, -0.246386], [-0.079297, -1.129645, 0.035305], [0.008048, 0.072663, 0.063299], [0.133082, -1.007952, -0.178186], [-0.103263, -1.181653, 0.163658], [0.020803, 0.292621, 0.034077], [0.101508, 0.195004, 0.041712], [-0.069771, 0.203716, 0.032807], [0.017089, 0.352221, 0.082796], [0.199905, 0.172871, 0.029875], [-0.174649, 0.193712, 0.046755], [0.219569, -0.098265, 0.015962], [-0.209282, -0.06082, -0.027336], [0.25347, -0.323137, 0.147602], [-0.247956, -0.320938, 0.019069], [0.282498, -0.398188, 0.186705], [-0.254555, -0.408347, 0.031422]], "im2d": [[0.010536, -0.103871], [0.096963, 0.008222], [-0.073661, -0.000832], [0.023097, -0.235955], [0.152544, 0.449287], [-0.135533, 0.451444], [0.024005, -0.377293], [0.176876, 0.648475], [-0.07818, 0.910358], [0.012182, -0.425962], [0.232916, 0.761431], [-0.156376, 0.981811], [0.039421, -0.674515], [0.119997, -0.560177], [-0.055709, -0.580126], [0.016062, -0.735808], [0.227743, -0.531494], [-0.171386, -0.572988], [0.251717, -0.228888], [-0.17947, -0.298703], [0.231309, 0.039312], [-0.241254, -0.004688], [0.245035, 0.129224], [-0.253985, 0.094086]], "theta": [1.125061, 0.010263, 0.126072, 3.193389, 0.045922, -0.602116, -0.214295, 0.081795, 0.121198, -0.246235, 0.033117, 0.037807, 0.20031, -0.001707, -0.034087, 1.135624, 0.137205, -0.17613, 0.327979, 0.084838, 0.020695, -0.08455, -0.02134, -0.007545, -0.552526, 0.243308, 0.048806, -0.105781, -0.104361, 0.064594, -0.02924, 8.5e-05, -0.018802, -0.001827, 0.001752, 0.001169, 0.001472, 0.002364, -0.00544, -0.095896, -0.133797, 0.054206, 0.059413, 0.010744, -0.540511, 0.043441, 0.270828, 0.500101, 0.003866, -0.135634, 0.089505, 0.125067, -0.313178, -0.831777, 0.324138, 0.046439, 1.032879, -0.094915, -0.411818, 0.10468, 0.001396, 0.285465, -0.154062, 0.062576, -0.081123, 0.330677, -0.304903, 0.107686, -0.057154, 0.109944, 0.043393, -0.412685, 0.110096, -0.038268, 0.416602, 0.684262, -0.701977, 0.011036, -2.297396, 0.338546, 0.071588, 1.274878, -2.055526, 0.103847, 0.891004]}