{"hc3d": [[-0.000898, -0.218396, 0.038359], [0.080917, -0.315112, 0.034582], [-0.080914, -0.314515, 0.037248], [-0.003194, -0.103832, 0.004269], [0.090504, -0.695913, 0.151053], [-0.088457, -0.721043, 0.034012], [0.002278, 0.023431, 0.034545], [0.038545, -1.095815, 0.010503], [-0.078009, -1.104497, -0.155479], [0.004046, 0.071931, 0.071289], [0.095606, -1.128907, 0.132929], [-0.09433, -1.154794, -0.025257], [0.004554, 0.293102, 0.049364], [0.090312, 0.199588, 0.050551], [-0.081406, 0.199726, 0.048345], [0.007193, 0.35107, 0.100082], [0.189303, 0.19181, 0.029284], [-0.184907, 0.195455, 0.072078], [0.19091, -0.057257, -0.080524], [-0.235611, -0.066975, 0.066175], [0.260659, -0.280171, 0.039853], [-0.215764, -0.263535, 0.245843], [0.308365, -0.349067, 0.071185], [-0.206695, -0.318524, 0.314621]], "im2d": [[0.010536, -0.103871], [0.096963, 0.008222], [-0.073661, -0.000832], [0.023097, -0.235956], [0.055964, 0.447722], [-0.083731, 0.452899], [0.017508, -0.3745], [0.055735, 0.876046], [0.001633, 0.860619], [0.004707, -0.424451], [0.065018, 0.930029], [-0.069306, 0.930783], [0.016134, -0.67419], [0.104683, -0.564899], [-0.074304, -0.574525], [-0.001404, -0.733089], [0.217042, -0.553306], [-0.192503, -0.57261], [0.26162, -0.287246], [-0.245457, -0.282603], [0.283402, -0.020592], [-0.300044, -0.041349], [0.319937, 0.06256], [-0.319224, 0.028437]], "theta": [1.125064, 0.010263, 0.126072, 3.193389, 0.045922, -0.602116, -0.324381, -0.014307, -0.057737, -0.026562, 0.042217, 0.078072, 0.271651, 0.00332, -0.013668, 0.536487, 0.014215, -0.046916, 0.366324, 0.073133, -0.041458, -0.178834, 0.01005, 0.019156, -0.444596, 0.259077, 0.04281, -0.34884, -0.016591, -0.019569, 0.027046, 0.009536, -0.021042, -0.000251, 0.000619, 7.6e-05, 0.001051, 0.001037, -0.0033, -0.102695, -0.070575, -0.019062, -0.006002, 0.065118, -0.453029, -0.023612, 0.327308, 0.386687, -0.048664, -0.114159, 0.041686, 0.265356, 0.028678, -1.047351, 0.234933, 0.200405, 0.95342, -0.143318, -0.744547, 0.234626, -0.014235, 0.666708, -0.160785, -0.095907, -0.109411, 0.455167, -0.347744, 0.262586, -0.18452, 0.111289, 0.044055, -0.414646, 0.111334, -0.039492, 0.417588, 0.684262, -0.701977, 0.011036, -2.297396, 0.338546, 0.071588, 1.274878, -2.055526, 0.103847, 0.891004]}