{"hc3d": [[-0.000872, -0.218232, 0.038353], [0.080991, -0.314946, 0.034607], [-0.08093, -0.314352, 0.037246], [-0.003169, -0.103665, 0.004241], [0.07121, -0.697513, -0.07824], [-0.094546, -0.65667, 0.25736], [0.004018, 0.024016, 0.031665], [-0.035129, -1.07811, -0.241959], [-0.103525, -1.084442, 0.281456], [0.007276, 0.072004, 0.068922], [0.050574, -1.101754, -0.134809], [-0.111075, -1.105395, 0.420407], [0.019407, 0.293871, 0.059025], [0.100576, 0.196231, 0.060896], [-0.070523, 0.204931, 0.047146], [0.019474, 0.351983, 0.109764], [0.199972, 0.179665, 0.047656], [-0.176009, 0.194358, 0.055928], [0.242255, -0.089521, 0.039319], [-0.207666, -0.054531, -0.037654], [0.275474, -0.282499, 0.215089], [-0.233967, -0.316379, 0.01003], [0.323286, -0.333504, 0.271084], [-0.230794, -0.404757, 0.016007]], "im2d": [[0.006344, -0.10221], [0.081657, 0.01172], [-0.071859, -0.00559], [0.028258, -0.231034], [0.122934, 0.417979], [-0.224758, 0.388701], [0.024073, -0.367209], [0.102987, 0.807042], [-0.263475, 0.857809], [0.007473, -0.415707], [0.120717, 0.852284], [-0.35154, 0.893465], [0.033069, -0.657979], [0.104454, -0.542563], [-0.047912, -0.57129], [0.006082, -0.716565], [0.204775, -0.515356], [-0.152418, -0.569896], [0.238972, -0.217439], [-0.137675, -0.3102], [0.16135, 0.014145], [-0.199909, -0.022014], [0.171975, 0.080361], [-0.203764, 0.075527]], "theta": [1.102631, 0.006626, 0.125535, 3.129094, 0.109788, -0.881008, 0.255038, 0.127776, -0.08887, -0.596516, 0.175033, 0.017597, 0.24777, -0.033461, -0.030128, 0.04313, -0.044912, -0.107575, 0.424931, -0.009687, -0.036575, -0.145333, 0.000465, -0.018775, -0.600423, 0.354463, 0.183293, -0.054358, 0.026361, 0.037511, 0.070052, -0.018775, -0.005493, -0.001006, 0.000239, 0.002225, 0.001996, 0.001565, -0.006359, -0.154855, -0.081961, 0.00668, 0.029483, 0.043323, -0.503651, 0.048821, 0.260203, 0.492284, -0.025741, -0.144795, 0.057899, 0.114309, -0.396832, -0.777408, 0.359389, 0.092529, 1.033572, -0.176282, -0.608079, 0.091498, -0.109983, 0.383198, -0.151501, 0.250692, -0.108488, 0.57309, -0.145538, 0.063928, 0.040964, 0.111146, 0.04422, -0.411801, 0.111552, -0.038422, 0.420639, 0.701774, -0.696183, -0.011473, -2.322015, 0.350577, 0.053781, 1.264504, -2.039458, 0.075801, 0.891104]}