{"hc3d": [[-0.000872, -0.218232, 0.038353], [0.080991, -0.314946, 0.034607], [-0.08093, -0.314352, 0.037246], [-0.003169, -0.103665, 0.004241], [0.079621, -0.693615, -0.091073], [-0.08558, -0.659483, 0.253303], [0.004434, 0.024373, 0.029824], [-0.027192, -1.053061, -0.29688], [-0.090735, -1.085124, 0.302824], [0.006818, 0.07247, 0.067007], [0.059721, -1.084134, -0.19264], [-0.094052, -1.098801, 0.442844], [0.019008, 0.294303, 0.056459], [0.100187, 0.196763, 0.061081], [-0.070459, 0.205212, 0.042426], [0.018799, 0.352737, 0.106827], [0.199784, 0.179742, 0.050131], [-0.176231, 0.195, 0.047364], [0.240472, -0.089671, 0.041227], [-0.205867, -0.050834, -0.054581], [0.281379, -0.276424, 0.222028], [-0.232647, -0.312727, -0.007408], [0.327126, -0.328345, 0.278899], [-0.230606, -0.401072, -0.000522]], "im2d": [[0.0068, -0.102374], [0.08237, 0.011834], [-0.071516, -0.005496], [0.028698, -0.231567], [0.1396, 0.414348], [-0.213967, 0.393683], [0.025858, -0.368593], [0.144714, 0.776842], [-0.263502, 0.864604], [0.008383, -0.41739], [0.164985, 0.830297], [-0.348205, 0.893086], [0.034308, -0.66032], [0.104358, -0.544451], [-0.045115, -0.573408], [0.007148, -0.719416], [0.203787, -0.516457], [-0.147898, -0.572792], [0.237096, -0.217763], [-0.126014, -0.316496], [0.163889, 0.009093], [-0.18838, -0.027563], [0.172062, 0.076411], [-0.193769, 0.070171]], "theta": [1.105556, 0.007023, 0.125632, 3.129848, 0.109127, -0.882044, 0.286923, 0.13836, -0.063703, -0.585102, 0.193826, 0.036612, 0.232346, -0.055813, -0.034843, 0.125768, -0.046357, -0.122262, 0.354802, 0.024279, -0.043682, -0.132441, -0.005229, -0.01427, -0.637402, 0.361634, 0.184909, -0.046941, 0.001977, 0.033446, 0.068992, -0.018423, -0.000706, -0.002228, 0.001253, 0.003043, 0.002356, 0.002557, -0.00792, -0.158049, -0.050798, 0.009853, 0.032229, 0.048747, -0.510382, 0.052698, 0.250678, 0.48966, -0.009527, -0.117438, 0.049885, 0.103435, -0.385967, -0.781597, 0.367983, 0.063664, 1.039356, -0.190558, -0.62698, 0.138098, -0.071041, 0.4129, -0.160068, 0.219412, -0.105854, 0.513051, -0.146314, 0.070252, 0.025865, 0.109694, 0.043559, -0.410308, 0.110269, -0.03728, 0.418922, 0.701774, -0.696183, -0.011473, -2.322015, 0.350577, 0.053781, 1.264504, -2.039458, 0.075801, 0.891104]}