{"hc3d": [[-0.000872, -0.218232, 0.038353], [0.080991, -0.314946, 0.034607], [-0.08093, -0.314352, 0.037246], [-0.003169, -0.103665, 0.004241], [0.114242, -0.70939, -0.015353], [-0.077132, -0.676545, 0.223308], [0.004535, 0.024742, 0.027871], [0.002924, -0.924879, -0.367687], [-0.073541, -1.101469, 0.167838], [0.00586, 0.071791, 0.066422], [0.084818, -1.011426, -0.295655], [-0.078486, -1.152685, 0.298819], [0.016753, 0.293162, 0.04782], [0.098498, 0.196276, 0.05532], [-0.072327, 0.203158, 0.037682], [0.014238, 0.352122, 0.097508], [0.197793, 0.176642, 0.046138], [-0.177535, 0.191394, 0.048127], [0.226861, -0.094182, 0.034861], [-0.207855, -0.059644, -0.039997], [0.264861, -0.301397, 0.192523], [-0.239701, -0.321424, 0.004579], [0.298885, -0.367821, 0.242052], [-0.244299, -0.409271, 0.015454]], "im2d": [[0.007332, -0.102592], [0.083205, 0.011956], [-0.071134, -0.005403], [0.029223, -0.23223], [0.129069, 0.444145], [-0.189077, 0.411922], [0.027498, -0.370243], [0.220859, 0.634064], [-0.16913, 0.873963], [0.008075, -0.417969], [0.253087, 0.745039], [-0.251827, 0.942905], [0.037342, -0.662106], [0.10656, -0.546252], [-0.044164, -0.573494], [0.008262, -0.722213], [0.204892, -0.515178], [-0.14997, -0.570538], [0.228885, -0.215473], [-0.136627, -0.306527], [0.165452, 0.032177], [-0.20226, -0.017546], [0.166323, 0.113752], [-0.216165, 0.079656]], "theta": [1.109099, 0.007483, 0.125731, 3.130649, 0.108438, -0.883144, 0.086931, 0.130427, 0.010393, -0.504472, 0.157358, 0.073731, 0.217056, -0.057013, -0.035255, 0.827275, 0.047996, -0.12726, 0.515605, 0.044358, -0.021918, -0.08753, -0.006287, 0.001731, -0.58836, 0.312446, 0.114002, -0.017766, -0.013673, 0.035449, 0.003289, -0.008735, -0.009645, -0.001097, 0.00099, 0.000745, 0.001597, 0.001493, -0.004917, -0.130366, -0.097853, 0.00988, 0.03434, 0.025551, -0.534356, 0.065974, 0.291997, 0.494245, -0.025354, -0.113542, 0.080044, 0.09913, -0.334191, -0.814723, 0.32243, 0.056546, 1.028006, -0.134105, -0.518495, 0.126748, 0.005402, 0.335861, -0.161816, 0.116854, -0.099929, 0.375496, -0.211253, 0.10251, -0.050288, 0.110276, 0.04426, -0.412363, 0.11076, -0.038439, 0.417667, 0.701774, -0.696183, -0.011473, -2.322015, 0.350577, 0.053781, 1.264504, -2.039458, 0.075801, 0.891104]}