{"hc3d": [[-0.000872, -0.218232, 0.038353], [0.080991, -0.314946, 0.034607], [-0.08093, -0.314352, 0.037246], [-0.003169, -0.103665, 0.004241], [0.14417, -0.704524, 0.093135], [-0.088285, -0.700298, 0.166896], [0.004022, 0.024499, 0.029307], [0.038631, -0.872873, -0.285662], [-0.081538, -1.121649, 0.089002], [0.006973, 0.07168, 0.067606], [0.118693, -0.972366, -0.230196], [-0.08996, -1.181614, 0.216033], [0.018425, 0.292273, 0.041572], [0.099764, 0.194949, 0.047703], [-0.071708, 0.202784, 0.039012], [0.01409, 0.352922, 0.089051], [0.196858, 0.169202, 0.03224], [-0.175619, 0.187066, 0.055495], [0.224001, -0.10144, 0.013955], [-0.208237, -0.068377, -0.017926], [0.261197, -0.328328, 0.141929], [-0.240052, -0.331827, 0.015418], [0.291472, -0.40262, 0.181767], [-0.242218, -0.420288, 0.020558]], "im2d": [[0.00739, -0.10262], [0.083297, 0.011969], [-0.071095, -0.005395], [0.029282, -0.232308], [0.094554, 0.452994], [-0.16766, 0.431389], [0.026217, -0.37001], [0.208997, 0.589036], [-0.131518, 0.887737], [0.008468, -0.417748], [0.248666, 0.712443], [-0.215556, 0.965581], [0.04255, -0.661807], [0.112195, -0.545611], [-0.044358, -0.573079], [0.01308, -0.724201], [0.211912, -0.508665], [-0.152632, -0.565028], [0.238199, -0.209962], [-0.150144, -0.29485], [0.190534, 0.056367], [-0.209282, -0.00505], [0.193212, 0.145263], [-0.217576, 0.092543]], "theta": [1.109506, 0.007533, 0.12574, 3.130725, 0.108374, -0.883249, -0.18431, 0.064829, 0.072206, -0.355191, 0.107342, 0.063419, 0.230456, -0.007325, -0.027787, 1.23341, 0.133388, -0.13831, 0.417824, 0.084473, -0.014557, -0.104938, -0.008666, -0.006043, -0.534297, 0.275354, 0.091961, -0.015886, -0.053304, 0.083723, -0.025127, -0.005729, -0.021499, -0.001082, 0.00121, 0.000392, 0.001352, 0.001453, -0.00456, -0.129581, -0.160168, 0.043408, 0.053695, 0.036908, -0.589667, 0.063968, 0.299333, 0.543302, -0.007651, -0.172382, 0.097472, 0.104411, -0.295807, -0.762962, 0.334989, 0.073366, 0.992355, -0.105082, -0.423821, 0.061455, -0.012027, 0.239488, -0.12794, 0.117713, -0.112677, 0.336295, -0.23713, 0.09815, -0.016706, 0.110103, 0.04416, -0.412189, 0.110793, -0.039241, 0.416923, 0.701774, -0.696183, -0.011473, -2.322015, 0.350577, 0.053781, 1.264504, -2.039458, 0.075801, 0.891104]}