{"hc3d": [[-0.000826, -0.219008, 0.039199], [0.081627, -0.316061, 0.035784], [-0.081478, -0.315488, 0.038462], [-0.003108, -0.103991, 0.004446], [0.118631, -0.707989, 0.098957], [-0.098835, -0.717856, 0.097524], [0.006633, 0.02399, 0.029247], [0.040685, -1.037845, -0.162428], [-0.067441, -1.127413, -0.025908], [0.010918, 0.071146, 0.067956], [0.111097, -1.104881, -0.062507], [-0.104276, -1.19169, 0.094035], [0.013231, 0.292824, 0.040425], [0.098357, 0.197882, 0.040661], [-0.074394, 0.200186, 0.045167], [0.013505, 0.343459, 0.098454], [0.195227, 0.176504, 0.016758], [-0.178664, 0.186983, 0.064007], [0.252745, -0.085378, -0.033682], [-0.247588, -0.069069, 0.024256], [0.28835, -0.311099, 0.097284], [-0.276099, -0.316442, 0.122349], [0.325818, -0.37919, 0.142262], [-0.284631, -0.396586, 0.159814]], "im2d": [[0.006005, -0.104647], [0.097363, 0.011721], [-0.084261, 0.000639], [0.017147, -0.242769], [0.111269, 0.474963], [-0.129254, 0.471546], [0.020754, -0.384879], [0.113113, 0.804225], [-0.055935, 0.923016], [0.012419, -0.432179], [0.155038, 0.902844], [-0.139849, 1.014708], [0.027409, -0.691252], [0.120465, -0.576511], [-0.072469, -0.589913], [0.007856, -0.73954], [0.23595, -0.549554], [-0.194788, -0.578512], [0.31426, -0.253544], [-0.260248, -0.295818], [0.304729, 0.030239], [-0.329473, 0.002979], [0.329532, 0.118556], [-0.353125, 0.100794]], "theta": [1.162694, 0.005991, 0.129004, 3.255759, 0.056937, -0.504603, -0.195554, 0.076185, 0.005665, -0.184996, -0.01414, 0.053506, 0.23416, 0.054003, -0.043084, 0.751545, 0.043561, -0.097557, 0.356812, 0.045834, -0.003338, -0.106008, -0.009355, 0.021055, -0.486765, 0.259021, 0.050986, -0.104567, -0.12557, 0.07775, -0.031615, 0.015316, -0.009933, -0.005332, 0.003088, 0.006852, 0.002724, 0.005929, -0.012927, 0.05457, -0.124101, 0.017517, 0.030315, 0.04448, -0.573675, 0.00848, 0.244239, 0.493566, -0.01239, -0.14024, 0.058022, 0.134638, -0.163248, -0.699188, 0.290819, 0.072631, 0.851283, 0.002234, -0.574965, -0.068066, -0.116345, 0.427111, -0.052214, 0.019457, -0.16571, 0.452025, -0.324091, 0.171471, -0.149691, 0.107322, 0.041533, -0.406666, 0.108229, -0.035278, 0.419117, 0.732579, -0.794783, 0.007696, -2.352124, 0.371112, 0.046561, 1.257144, -2.041329, 0.09721, 0.886304]}