{"hc3d": [[-0.000826, -0.219008, 0.039199], [0.081627, -0.316061, 0.035784], [-0.081478, -0.315488, 0.038462], [-0.003108, -0.103991, 0.004446], [0.065275, -0.714424, 0.038372], [-0.137396, -0.673285, 0.224321], [0.002936, 0.023574, 0.032369], [0.001704, -1.13406, -0.017016], [-0.11641, -0.879428, -0.151209], [0.007081, 0.071184, 0.070534], [0.051839, -1.16989, 0.108039], [-0.148872, -1.012666, -0.118519], [0.012331, 0.2932, 0.046329], [0.096049, 0.197041, 0.044121], [-0.076585, 0.201783, 0.050709], [0.01835, 0.345043, 0.102963], [0.193932, 0.178951, 0.021671], [-0.180058, 0.192535, 0.075395], [0.254899, -0.080272, -0.037673], [-0.251028, -0.063992, 0.042983], [0.295637, -0.307286, 0.089506], [-0.282026, -0.309474, 0.144995], [0.32952, -0.375632, 0.136878], [-0.278055, -0.389897, 0.182622]], "im2d": [[0.008001, -0.105285], [0.10054, 0.012148], [-0.082889, 0.001138], [0.019022, -0.244943], [0.077498, 0.473553], [-0.21558, 0.445076], [0.016986, -0.38759], [0.022232, 0.94631], [-0.059307, 0.619564], [0.008383, -0.435828], [0.033097, 1.013167], [-0.108632, 0.77769], [0.025073, -0.697234], [0.118602, -0.580541], [-0.076851, -0.596332], [0.011978, -0.74701], [0.235992, -0.557014], [-0.201559, -0.588129], [0.32301, -0.262746], [-0.271785, -0.301004], [0.320767, 0.025604], [-0.345427, -0.000415], [0.341018, 0.115445], [-0.35526, 0.099737]], "theta": [1.174941, 0.007635, 0.129399, 3.258818, 0.054263, -0.508807, -0.036364, 0.036116, -0.122948, -0.516455, -0.003687, -0.043279, 0.25751, 0.05068, -0.014271, 0.04325, -0.138613, -0.012318, 1.469695, -0.046971, -0.019382, -0.140077, 0.001071, -0.001218, -0.242853, 0.315209, 0.023585, -0.036908, 0.026273, 0.134884, -0.004348, 0.017268, -0.032647, -0.002428, 0.002186, 0.001939, 0.002011, 0.002989, -0.007461, 0.014259, -0.094988, -0.030571, 0.049345, 0.021867, -0.527529, -0.009565, 0.289955, 0.463546, 0.020262, -0.140072, 0.05101, 0.127471, -0.150958, -0.716165, 0.254334, 0.06838, 0.879955, 0.013434, -0.589997, -0.047367, -0.075534, 0.409634, -0.065847, -0.023843, -0.210442, 0.402175, -0.402295, 0.212448, -0.009831, 0.109307, 0.042232, -0.411585, 0.109811, -0.0359, 0.416082, 0.732579, -0.794783, 0.007696, -2.352124, 0.371112, 0.046561, 1.257144, -2.041329, 0.09721, 0.886304]}