{"hc3d": [[-0.000826, -0.219008, 0.039199], [0.081627, -0.316061, 0.035784], [-0.081478, -0.315488, 0.038462], [-0.003108, -0.103991, 0.004446], [0.127344, -0.712137, 0.034582], [-0.097089, -0.684285, 0.210027], [0.006033, 0.023978, 0.029536], [0.012038, -0.943245, -0.306734], [-0.071014, -1.104632, 0.128872], [0.008315, 0.070979, 0.068603], [0.091142, -1.026156, -0.227333], [-0.094324, -1.156975, 0.25768], [0.018624, 0.293172, 0.047911], [0.101002, 0.195985, 0.053266], [-0.071304, 0.202851, 0.041782], [0.015399, 0.341911, 0.107455], [0.200126, 0.174538, 0.042003], [-0.177384, 0.196045, 0.051894], [0.253522, -0.089435, -0.001614], [-0.245484, -0.044858, -0.044134], [0.27939, -0.283825, 0.174206], [-0.249404, -0.284537, 0.074893], [0.309469, -0.34547, 0.232158], [-0.240245, -0.363084, 0.115462]], "im2d": [[0.008008, -0.105289], [0.100551, 0.012149], [-0.082886, 0.001139], [0.019029, -0.244953], [0.148334, 0.474371], [-0.165461, 0.458017], [0.021478, -0.388367], [0.139615, 0.674796], [-0.111191, 0.933037], [0.010461, -0.435865], [0.198825, 0.790163], [-0.184, 1.01484], [0.03155, -0.696536], [0.120861, -0.577406], [-0.067727, -0.598815], [0.007038, -0.742816], [0.235597, -0.547936], [-0.190104, -0.596178], [0.308461, -0.245884], [-0.234137, -0.338153], [0.272437, 0.012202], [-0.28354, -0.039494], [0.284698, 0.095883], [-0.288605, 0.059349]], "theta": [1.174994, 0.007641, 0.1294, 3.258824, 0.054258, -0.508815, -0.03914, 0.130998, 0.034652, -0.469507, 0.067313, 0.045001, 0.232628, -0.021196, -0.044182, 0.909096, 0.048171, -0.154646, 0.536277, 0.00575, 0.016076, -0.100348, -0.014052, 0.010344, -0.612069, 0.283403, 0.098163, -0.085527, -0.053782, 0.056983, -0.005104, -0.000372, -0.012356, -0.00498, 0.003625, 0.004919, 0.00247, 0.004967, -0.010723, 0.058892, -0.113838, 0.014031, 0.020639, 0.005253, -0.545856, 0.069172, 0.245098, 0.453056, 0.007928, -0.148342, 0.090903, 0.106083, -0.161105, -0.73366, 0.341398, -0.007742, 0.941463, -0.024936, -0.7505, 0.031477, 0.017821, 0.740345, -0.117735, -0.000953, -0.123286, 0.39168, -0.414049, 0.1678, -0.038734, 0.106902, 0.041746, -0.407531, 0.10793, -0.035215, 0.415489, 0.732579, -0.794783, 0.007696, -2.352124, 0.371112, 0.046561, 1.257144, -2.041329, 0.09721, 0.886304]}