{"hc3d": [[-0.000709, -0.219717, 0.04079], [0.082774, -0.31688, 0.037958], [-0.082396, -0.316338, 0.040774], [-0.002949, -0.104699, 0.005199], [0.065939, -0.675586, 0.196893], [-0.184899, -0.701913, 0.083388], [-0.002132, 0.023228, 0.028562], [0.034335, -1.087051, 0.108524], [-0.132421, -0.879133, -0.297098], [0.000746, 0.065394, 0.073241], [0.061436, -1.10843, 0.242377], [-0.199728, -0.98987, -0.244562], [-0.000306, 0.288663, 0.083936], [0.086265, 0.196622, 0.067484], [-0.086851, 0.195381, 0.074628], [-0.000323, 0.342739, 0.136919], [0.186904, 0.18016, 0.062449], [-0.183306, 0.17964, 0.117588], [0.26774, -0.066588, -0.010216], [-0.25177, -0.059075, 0.211285], [0.262971, -0.32228, 0.039709], [-0.290343, -0.249896, 0.390532], [0.275806, -0.40644, 0.066815], [-0.320372, -0.301089, 0.456182]], "im2d": [[0.013413, -0.059781], [-0.06853, 0.059129], [0.090348, 0.043238], [0.041074, -0.184724], [-0.16191, 0.437804], [0.153058, 0.466424], [0.028862, -0.335019], [-0.086097, 0.921072], [0.33772, 0.743721], [-0.001057, -0.391156], [-0.197559, 0.923178], [0.367108, 0.854435], [-0.00096, -0.648131], [-0.07717, -0.532278], [0.086656, -0.547642], [-0.032998, -0.719658], [-0.1723, -0.503566], [0.152922, -0.54622], [-0.211464, -0.201213], [0.154094, -0.297099], [-0.245035, 0.081064], [0.07341, -0.115791], [-0.276836, 0.17329], [0.059812, -0.072152]], "theta": [1.159987, 0.012272, 0.168181, 0.899943, 0.277828, -3.026983, -0.442074, -0.254961, -0.075635, -0.171237, -0.127096, -0.160905, 0.229568, 0.077334, 0.024954, 0.502878, -0.020055, -0.09525, 1.195258, 0.078241, 0.102386, 0.011114, -0.024213, -0.000623, -0.344131, 0.282713, 0.167741, -0.34626, -0.209594, 0.043323, 0.038073, 0.021491, -0.03156, 0.000485, 8e-06, -0.001284, 0.001367, 0.001049, -0.004162, -0.209276, -0.19787, -0.031436, 0.048605, -0.18835, -0.511559, -0.068793, 0.49937, 0.416058, 0.160216, -0.097785, 0.053499, 0.177766, -0.164547, -0.696398, -0.034277, 0.362997, 0.560528, 0.213739, -0.434715, -0.173644, -0.292347, 0.263715, -0.058295, 0.150674, -0.167974, 0.343256, -0.043249, 0.151647, -0.370056, 0.111546, 0.045366, -0.413877, 0.111165, -0.038419, 0.418384, 0.609454, -1.060672, 0.061869, -2.295583, 0.407754, 0.11384, 1.232979, -2.17385, 0.122162, 0.802461]}