{"hc3d": [[-0.00071, -0.2192, 0.040564], [0.08266, -0.316333, 0.037652], [-0.082275, -0.315802, 0.04047], [-0.002952, -0.104283, 0.005159], [0.081366, -0.650048, 0.246623], [-0.150697, -0.702266, 0.128462], [0.001029, 0.022833, 0.031532], [0.081282, -0.9873, -0.008755], [-0.108912, -1.093393, -0.029803], [0.002329, 0.065903, 0.07528], [0.120483, -1.051262, 0.107481], [-0.165108, -1.150541, 0.08488], [0.003687, 0.288975, 0.087452], [0.08952, 0.19596, 0.073419], [-0.083478, 0.196912, 0.074148], [0.005366, 0.340509, 0.143202], [0.189724, 0.177631, 0.070033], [-0.182227, 0.17964, 0.110259], [0.258535, -0.076912, 0.011803], [-0.253561, -0.062085, 0.194445], [0.254829, -0.301612, 0.144134], [-0.255443, -0.226466, 0.402215], [0.286521, -0.364712, 0.198819], [-0.264063, -0.273911, 0.476373]], "im2d": [[0.000894, -0.029606], [-0.101152, 0.087125], [0.092216, 0.087962], [0.01988, -0.162956], [-0.1792, 0.458429], [0.127199, 0.541982], [0.013457, -0.32043], [-0.11843, 0.904099], [0.106662, 1.037541], [0.000812, -0.379042], [-0.202873, 0.963306], [0.135343, 1.08986], [0.006482, -0.650175], [-0.0949, -0.536765], [0.108614, -0.536027], [-0.009824, -0.720821], [-0.212757, -0.515285], [0.213113, -0.519489], [-0.288659, -0.200018], [0.25978, -0.239581], [-0.335341, 0.051289], [0.1911, -0.072499], [-0.392289, 0.118837], [0.176496, -0.026324]], "theta": [1.216601, 0.001444, 0.194865, 0.393653, 0.190342, -3.085597, -0.575876, -0.300726, -0.005635, -0.268197, -0.040828, -0.074336, 0.252792, 0.034718, -0.001913, 1.084493, 0.172913, -0.138042, 0.537209, -0.019643, 0.11003, -0.033861, -0.003507, 0.033809, -0.441937, 0.213334, 0.102745, -0.241025, -0.15695, 0.04524, 0.065201, 0.007202, -0.047919, 6.3e-05, 0.000532, -0.001535, 0.001138, 0.001208, -0.004307, -0.166772, -0.076428, 0.003965, -0.036528, -0.179529, -0.521933, 0.01232, 0.463893, 0.438817, 0.17214, -0.05497, 0.016597, 0.169, -0.154419, -0.728938, 0.025792, 0.453355, 0.527392, -0.04554, -0.659706, -0.079817, -0.432833, 0.507474, -0.058351, 0.125502, -0.181744, 0.562928, -0.252705, 0.183073, -0.253197, 0.110903, 0.044849, -0.412301, 0.111141, -0.038517, 0.41815, 0.618705, -1.014016, 0.073052, -2.33082, 0.380923, 0.072405, 1.263411, -2.12546, 0.130761, 0.824292]}