{"hc3d": [[-0.001004, -0.218, 0.037115], [0.079751, -0.314522, 0.032826], [-0.079954, -0.313884, 0.035427], [-0.00334, -0.103545, 0.003801], [0.090916, -0.700171, -0.079698], [-0.13985, -0.650423, 0.262019], [0.002348, 0.027259, 0.017401], [0.059086, -0.981252, -0.404487], [-0.106308, -1.067227, 0.36812], [0.002231, 0.071925, 0.05827], [0.096988, -1.092648, -0.328999], [-0.180128, -1.118611, 0.476988], [0.004517, 0.293294, 0.075097], [0.089547, 0.19983, 0.064821], [-0.08096, 0.202513, 0.052341], [-0.002677, 0.346604, 0.131339], [0.190361, 0.189688, 0.062534], [-0.186858, 0.202351, 0.059782], [0.294464, -0.057427, 0.0049], [-0.274235, -0.048687, 0.017778], [0.245176, -0.230655, 0.198856], [-0.41655, -0.273133, 0.059941], [0.242484, -0.274167, 0.277292], [-0.473706, -0.34077, 0.066249]], "im2d": [[0.007364, -0.105241], [-0.056298, 0.010037], [0.065799, -0.012262], [0.04013, -0.222179], [0.005565, 0.447854], [-0.078722, 0.297933], [0.030892, -0.364685], [0.270538, 0.808512], [-0.205662, 0.730023], [0.001163, -0.420608], [0.177468, 0.918726], [-0.235243, 0.754506], [-0.003954, -0.661557], [-0.066146, -0.547845], [0.076165, -0.570862], [-0.039761, -0.730675], [-0.143147, -0.523172], [0.152653, -0.586123], [-0.190091, -0.232606], [0.242163, -0.319666], [-0.310279, -0.090295], [0.310066, -0.105302], [-0.37111, -0.059002], [0.346592, -0.041354]], "theta": [1.100293, 0.007697, 0.122352, 1.219169, 0.333382, -2.92375, 0.257596, 0.021423, -0.054644, -0.632411, -0.053643, -0.036854, 0.135003, -0.028638, -0.015092, 0.473616, -0.172098, -0.052537, 0.278421, -0.108607, 0.049496, 0.063237, -0.016069, 0.017742, -0.255404, 0.308017, -0.038591, 0.225205, -0.368512, 0.152851, 0.089716, 0.005242, -0.021424, -0.002874, 0.00195, 0.002435, 0.001794, 0.003599, -0.008116, -0.164819, -0.198999, 0.009061, 0.04887, -0.071676, -0.460252, -0.046978, 0.228028, 0.350243, 0.107273, 0.04325, 0.064701, 0.218892, -0.260572, -0.651025, 0.033891, 0.111274, 0.836023, 0.130768, -1.060226, 0.049882, -0.522269, 0.210979, -0.1817, 0.198105, -0.225328, 0.403515, -0.42255, 0.088271, -0.304249, 0.109758, 0.043333, -0.411762, 0.109033, -0.037501, 0.417104, 0.754995, -0.501033, -0.05212, -2.297016, 0.26614, 0.111774, 1.20827, -1.979674, 0.097175, 0.893349]}