{"hc3d": [[-0.001004, -0.218, 0.037115], [0.079751, -0.314522, 0.032826], [-0.079954, -0.313884, 0.035427], [-0.00334, -0.103545, 0.003801], [0.110066, -0.715218, 0.038754], [-0.131132, -0.679556, 0.213907], [-0.000585, 0.02757, 0.015135], [0.100505, -0.955325, -0.318688], [-0.096657, -1.104857, 0.150361], [0.000788, 0.074032, 0.053925], [0.14511, -1.06138, -0.239273], [-0.15881, -1.164322, 0.262356], [0.001571, 0.29605, 0.054145], [0.087032, 0.202661, 0.047347], [-0.083859, 0.203242, 0.041742], [-0.000986, 0.348888, 0.111228], [0.186739, 0.186432, 0.03918], [-0.188339, 0.194854, 0.058576], [0.263942, -0.067463, -0.030117], [-0.262427, -0.063803, 0.053406], [0.234597, -0.297864, 0.096809], [-0.351708, -0.311489, 0.108971], [0.24058, -0.368253, 0.152147], [-0.386184, -0.391463, 0.126201]], "im2d": [[0.007432, -0.105277], [-0.056243, 0.010062], [0.065906, -0.012264], [0.040197, -0.222272], [-0.102015, 0.443935], [-0.049255, 0.33986], [0.034993, -0.365125], [0.173027, 0.769893], [-0.045278, 0.814152], [0.00578, -0.422403], [0.071898, 0.874554], [-0.086728, 0.848284], [0.014749, -0.661153], [-0.050493, -0.548077], [0.086733, -0.570241], [-0.025364, -0.729338], [-0.122357, -0.515847], [0.154481, -0.578295], [-0.139593, -0.219162], [0.204738, -0.308883], [-0.225668, 0.000297], [0.220026, -0.064998], [-0.276472, 0.066127], [0.229905, 0.013138]], "theta": [1.100787, 0.007755, 0.122362, 1.21925, 0.333315, -2.923861, -0.034623, -0.070403, -0.00979, -0.489116, -0.006041, -0.027538, 0.11864, -0.002517, 0.008181, 0.883559, -0.090696, -0.113356, 0.521144, -0.011632, 0.068769, 0.034056, -0.008117, -0.008635, -0.387629, 0.307321, 0.038025, -0.018959, -0.298559, 0.076211, 0.060418, 0.011389, -0.01275, -0.001937, 0.001488, 0.001346, 0.001687, 0.002604, -0.006547, -0.084848, -0.140195, -0.001181, 0.053554, -0.062525, -0.531008, -0.016008, 0.285371, 0.415767, 0.115151, 0.02001, 0.036771, 0.284059, -0.212914, -0.704504, 0.05525, 0.185423, 0.795788, 0.170575, -0.730443, -0.04412, -0.331989, 0.108269, -0.046552, 0.170555, -0.182736, 0.378871, -0.350334, 0.101414, -0.199701, 0.110319, 0.043508, -0.41266, 0.10996, -0.036923, 0.417148, 0.754995, -0.501033, -0.05212, -2.297016, 0.26614, 0.111774, 1.20827, -1.979674, 0.097175, 0.893349]}