{"hc3d": [[-0.001004, -0.218, 0.037115], [0.079751, -0.314522, 0.032826], [-0.079954, -0.313884, 0.035427], [-0.00334, -0.103545, 0.003801], [0.059292, -0.662389, 0.23303], [-0.156421, -0.713685, -0.014595], [-0.002758, 0.026586, 0.023621], [0.094001, -1.091648, 0.239275], [-0.114734, -1.120797, -0.151085], [0.000849, 0.073743, 0.061417], [0.084458, -1.121983, 0.375411], [-0.202107, -1.181, -0.057899], [0.007207, 0.295319, 0.073918], [0.089519, 0.200732, 0.055227], [-0.081225, 0.205157, 0.063143], [0.004654, 0.345698, 0.133183], [0.189072, 0.186137, 0.043074], [-0.181205, 0.212253, 0.098122], [0.239127, -0.0571, -0.073352], [-0.283754, -0.026684, 0.167489], [0.227882, -0.318484, -0.033251], [-0.343857, -0.193982, 0.369495], [0.240406, -0.403481, -0.007342], [-0.376001, -0.235741, 0.440939]], "im2d": [[0.00745, -0.105288], [-0.056229, 0.010068], [0.065933, -0.012265], [0.040215, -0.222298], [-0.211403, 0.342963], [0.146768, 0.417355], [0.030048, -0.366035], [-0.262084, 0.80814], [0.202721, 0.887166], [-0.000103, -0.423579], [-0.361947, 0.813247], [0.195481, 0.922385], [-0.005051, -0.663515], [-0.058646, -0.547256], [0.068128, -0.576151], [-0.04698, -0.729483], [-0.127224, -0.51603], [0.118943, -0.603771], [-0.086201, -0.225274], [0.134196, -0.373688], [-0.120139, 0.046691], [0.016364, -0.240641], [-0.15377, 0.134788], [-0.016082, -0.213756]], "theta": [1.100925, 0.007771, 0.122364, 1.219268, 0.333301, -2.923885, -0.532635, -0.427125, -0.031626, 0.063174, -0.173201, -0.10424, 0.18462, 0.062507, 0.028532, 0.422065, -0.089984, 0.00069, 0.162318, 0.031465, 0.117864, -0.048722, -0.004654, -0.027003, -0.083285, 0.194937, 0.035028, -0.144173, -0.342682, 0.022777, 0.135478, 0.015598, -0.043261, -0.000651, 0.000945, -0.000331, 0.001613, 0.00235, -0.00613, -0.095119, -0.219847, 0.031729, 0.025574, -0.102844, -0.484119, -0.089633, 0.370468, 0.263576, 0.151338, -0.026606, 0.067391, 0.269465, -0.06275, -0.827212, -0.046263, 0.305419, 0.715357, 0.283542, -0.512017, -0.065833, -0.229974, 0.462043, -0.118795, 0.347407, -0.160334, 0.353811, 0.067016, 0.155649, -0.320974, 0.110551, 0.044683, -0.411984, 0.110479, -0.03935, 0.417882, 0.754995, -0.501033, -0.05212, -2.297016, 0.26614, 0.111774, 1.20827, -1.979674, 0.097175, 0.893349]}