{"hc3d": [[-0.001004, -0.218, 0.037115], [0.079751, -0.314522, 0.032826], [-0.079954, -0.313884, 0.035427], [-0.00334, -0.103545, 0.003801], [0.03586, -0.663687, 0.226912], [-0.165948, -0.704741, -0.054161], [-0.003285, 0.026524, 0.024032], [0.040661, -1.079094, 0.340581], [-0.132396, -1.092503, -0.240231], [0.000852, 0.072938, 0.062683], [-0.003947, -1.085498, 0.472919], [-0.222461, -1.157597, -0.153092], [0.003334, 0.294156, 0.081374], [0.086883, 0.201783, 0.057743], [-0.083629, 0.202599, 0.070415], [0.00352, 0.346133, 0.139297], [0.187111, 0.192078, 0.046271], [-0.18079, 0.210447, 0.112462], [0.245669, -0.034956, -0.096036], [-0.299839, -0.016024, 0.195873], [0.218027, -0.288161, -0.024069], [-0.280724, -0.133216, 0.437343], [0.218426, -0.37144, 0.009354], [-0.286647, -0.142711, 0.525412]], "im2d": [[0.00745, -0.105288], [-0.056229, 0.010068], [0.065934, -0.012265], [0.040216, -0.222299], [-0.188482, 0.342438], [0.185362, 0.414107], [0.030136, -0.366119], [-0.298909, 0.768032], [0.287077, 0.871591], [-0.001126, -0.422959], [-0.367506, 0.743485], [0.286422, 0.912882], [-0.007894, -0.664217], [-0.058509, -0.549224], [0.064226, -0.575123], [-0.050839, -0.731283], [-0.127928, -0.5233], [0.107382, -0.604542], [-0.07266, -0.243855], [0.125079, -0.392763], [-0.118292, 0.010994], [-0.082856, -0.310742], [-0.14827, 0.094188], [-0.147209, -0.318302]], "theta": [1.100929, 0.007771, 0.122364, 1.219268, 0.333301, -2.923885, -0.526936, -0.510458, -0.073341, 0.15379, -0.211496, -0.142309, 0.187834, 0.077208, 0.033547, 0.180043, -0.263667, 0.054934, 0.194072, 0.073866, 0.114283, -0.031809, 0.000496, -0.028085, -0.010702, 0.182276, 0.037844, -0.173267, -0.340228, -0.00019, 0.142773, 0.026283, -0.030006, -0.00335, 0.002548, 0.00284, 0.002497, 0.005022, -0.010883, -0.151657, -0.213434, 0.004947, 0.027712, -0.131695, -0.448002, -0.090253, 0.405453, 0.219118, 0.147201, 0.010748, 0.068585, 0.303064, 0.016688, -0.849094, -0.045099, 0.292235, 0.625997, 0.343163, -0.767164, -0.031584, -0.050666, 0.795879, -0.106236, 0.3595, -0.176456, 0.272083, 0.182468, 0.21519, -0.462597, 0.108193, 0.043558, -0.407872, 0.10872, -0.03767, 0.417176, 0.754995, -0.501033, -0.05212, -2.297016, 0.26614, 0.111774, 1.20827, -1.979674, 0.097175, 0.893349]}