{"hc3d": [[-0.001004, -0.218, 0.037115], [0.079751, -0.314522, 0.032826], [-0.079954, -0.313884, 0.035427], [-0.00334, -0.103545, 0.003801], [0.034689, -0.690149, 0.168417], [-0.159942, -0.715447, 0.012206], [-0.003153, 0.027911, 0.010615], [0.036739, -1.113852, 0.091092], [-0.109038, -0.971878, -0.330955], [0.000818, 0.074963, 0.048506], [0.043638, -1.148164, 0.22644], [-0.191133, -1.077131, -0.284863], [0.006773, 0.296828, 0.054255], [0.08939, 0.201839, 0.039326], [-0.081431, 0.206241, 0.045348], [0.002127, 0.348466, 0.112296], [0.18888, 0.184305, 0.03121], [-0.181056, 0.212424, 0.081493], [0.243321, -0.063938, -0.071923], [-0.271744, -0.028461, 0.160038], [0.229899, -0.320673, -0.008969], [-0.309932, -0.193138, 0.369395], [0.226856, -0.406604, 0.016707], [-0.337418, -0.224609, 0.447724]], "im2d": [[0.007451, -0.105288], [-0.056229, 0.010068], [0.065935, -0.012265], [0.040216, -0.2223], [-0.143207, 0.382037], [0.128572, 0.413617], [0.040536, -0.365006], [-0.103213, 0.853037], [0.34482, 0.762422], [0.010024, -0.422408], [-0.215421, 0.864751], [0.368153, 0.855889], [0.010656, -0.661407], [-0.046123, -0.5454], [0.082186, -0.573916], [-0.028638, -0.72877], [-0.117922, -0.511799], [0.131778, -0.600731], [-0.090873, -0.21764], [0.130581, -0.368752], [-0.140701, 0.044628], [-0.009895, -0.237039], [-0.162089, 0.131715], [-0.050869, -0.221934]], "theta": [1.100932, 0.007772, 0.122364, 1.219268, 0.333301, -2.923886, -0.371854, -0.360183, -0.140893, -0.003781, -0.173884, -0.107002, 0.085153, 0.05999, 0.028328, 0.437699, -0.120386, -0.003781, 0.82884, 0.050566, 0.036428, 0.052359, -0.019283, -0.041993, -0.223399, 0.321585, 0.124286, -0.156514, -0.303777, 0.008703, 0.102567, 0.023384, -0.025296, -0.001804, 0.001368, 0.001201, 0.001583, 0.003054, -0.007126, -0.082914, -0.273771, 0.012754, 0.032249, -0.133588, -0.504268, -0.139571, 0.408754, 0.279933, 0.225309, -0.043286, 0.036355, 0.250291, -0.061247, -0.797798, 0.040893, 0.309865, 0.74394, 0.282428, -0.552511, -0.052804, -0.149589, 0.467973, -0.137685, 0.254476, -0.208317, 0.175976, 0.038889, 0.205551, -0.427575, 0.109271, 0.044578, -0.409963, 0.109723, -0.039852, 0.417301, 0.754995, -0.501033, -0.05212, -2.297016, 0.26614, 0.111774, 1.20827, -1.979674, 0.097175, 0.893349]}