{"hc3d": [[-0.000798, -0.219003, 0.039826], [0.081937, -0.316035, 0.03665], [-0.081738, -0.315473, 0.039399], [-0.003065, -0.104063, 0.004772], [0.06488, -0.707451, 0.097398], [-0.169192, -0.693159, 0.15624], [0.000454, 0.025979, 0.013291], [0.015805, -1.115723, -0.013378], [-0.122292, -0.930868, -0.195091], [0.001486, 0.070566, 0.055207], [0.047397, -1.162388, 0.113635], [-0.190618, -1.047181, -0.155802], [0.006, 0.293778, 0.05737], [0.090727, 0.198915, 0.050866], [-0.0819, 0.202413, 0.044297], [0.005759, 0.337617, 0.120067], [0.190129, 0.176576, 0.046751], [-0.185169, 0.189787, 0.067758], [0.266693, -0.080967, 0.006978], [-0.269792, -0.062151, 0.09413], [0.259816, -0.319703, 0.11556], [-0.325979, -0.298441, 0.203878], [0.27166, -0.393152, 0.165486], [-0.35161, -0.370512, 0.248793]], "im2d": [[0.007751, -0.073001], [-0.083139, 0.045054], [0.087272, 0.035123], [0.036237, -0.198999], [-0.121859, 0.486083], [0.092426, 0.44375], [0.035561, -0.352131], [-0.033554, 0.983854], [0.222438, 0.802468], [0.014051, -0.413469], [-0.139398, 1.011109], [0.265677, 0.925372], [0.02135, -0.673578], [-0.069673, -0.557189], [0.115442, -0.568904], [-0.010303, -0.738814], [-0.173123, -0.524993], [0.210234, -0.564975], [-0.246906, -0.21212], [0.269659, -0.282119], [-0.313592, 0.040875], [0.25426, -0.034841], [-0.357861, 0.115712], [0.252187, 0.037542]], "theta": [1.187142, 0.007327, 0.157511, 0.753822, 0.308684, -3.031266, -0.179727, -0.190781, -0.112687, -0.351371, -0.100222, -0.111669, 0.109796, 0.028596, 0.000348, 0.298212, -0.050104, -0.059735, 1.219933, -0.020285, 0.02233, 0.078969, -0.037393, 0.010208, -0.273849, 0.335063, 0.011313, -0.112367, -0.209658, 0.110743, 0.044816, 0.002025, -0.034834, -0.001529, 0.001239, 0.000831, 0.001874, 0.003042, -0.007479, 0.021143, -0.161313, -0.070431, 0.011268, -0.121749, -0.561122, -0.055547, 0.377022, 0.450609, 0.315277, -0.101488, -0.005396, 0.170889, -0.222945, -0.641588, 0.136375, 0.254889, 0.687102, 0.081433, -0.518341, -0.123963, -0.31277, 0.232381, 0.018244, 0.052252, -0.238139, 0.374463, -0.430855, 0.212453, -0.246785, 0.109755, 0.044063, -0.410768, 0.109819, -0.038489, 0.417537, 0.680887, -0.88937, 0.01918, -2.338115, 0.332314, 0.06432, 1.24034, -2.090069, 0.122203, 0.853509]}