{"hc3d": [[-0.000798, -0.219003, 0.039826], [0.081937, -0.316035, 0.03665], [-0.081738, -0.315473, 0.039399], [-0.003065, -0.104063, 0.004772], [0.05941, -0.699584, -0.061179], [-0.122635, -0.573367, 0.348858], [0.004885, 0.023504, 0.030449], [0.027181, -0.979992, -0.380081], [-0.068149, -0.985479, 0.445464], [0.004532, 0.066138, 0.07436], [0.05371, -1.07989, -0.287214], [-0.142647, -1.036282, 0.553213], [0.007551, 0.288261, 0.096747], [0.093064, 0.194602, 0.085114], [-0.079191, 0.198204, 0.07204], [0.004682, 0.328148, 0.161967], [0.193827, 0.179093, 0.083444], [-0.183594, 0.180698, 0.084995], [0.308455, -0.063146, 0.03925], [-0.263837, -0.070566, 0.043078], [0.212253, -0.156821, 0.264644], [-0.318069, -0.280884, 0.197544], [0.209421, -0.167699, 0.353534], [-0.337472, -0.350342, 0.249193]], "im2d": [[0.007763, -0.073004], [-0.083132, 0.045061], [0.08729, 0.035126], [0.036249, -0.199012], [-0.028357, 0.512558], [-0.055364, 0.263187], [0.021326, -0.352923], [0.164398, 0.909486], [-0.190181, 0.724013], [5.5e-05, -0.412516], [0.079502, 1.006181], [-0.174253, 0.754837], [-0.002275, -0.676031], [-0.091234, -0.559831], [0.097089, -0.570179], [-0.032795, -0.73738], [-0.197062, -0.536066], [0.198572, -0.558252], [-0.307482, -0.237972], [0.291031, -0.260476], [-0.336052, -0.185006], [0.250508, -0.053435], [-0.382646, -0.192605], [0.238343, 0.014718]], "theta": [1.187226, 0.007336, 0.157512, 0.753832, 0.308677, -3.031279, 0.219898, -0.027127, -0.143721, -0.912072, 0.022318, -0.017509, 0.240733, -0.030661, -0.036547, 0.50032, -0.151283, -0.013571, 0.5795, -0.289606, 0.002812, -0.005585, -0.004547, 0.048298, -0.380652, 0.2676, -0.010508, 0.197116, -0.267411, 0.105281, 0.089562, -0.00468, -0.030302, -7.1e-05, 0.000329, -0.000768, 0.001284, 0.000831, -0.003551, -0.00696, -0.135862, -0.046143, 0.030054, -0.104081, -0.503241, -0.000174, 0.329803, 0.484556, 0.20089, -0.12159, 0.022077, 0.167142, -0.26304, -0.547704, 0.14659, 0.174747, 0.719717, 0.054721, -1.410935, -0.015999, -0.419576, 0.658741, -0.12275, 0.174191, -0.203492, 0.574555, -0.501034, 0.11323, -0.165045, 0.111018, 0.045177, -0.411963, 0.111495, -0.038921, 0.418134, 0.680887, -0.88937, 0.01918, -2.338115, 0.332314, 0.06432, 1.24034, -2.090069, 0.122203, 0.853509]}