{"hc3d": [[-0.000798, -0.219003, 0.039826], [0.081937, -0.316035, 0.03665], [-0.081738, -0.315473, 0.039399], [-0.003065, -0.104063, 0.004772], [0.099425, -0.710297, 0.074587], [-0.129117, -0.662465, 0.242618], [0.001111, 0.025364, 0.019838], [0.05079, -0.92249, -0.291438], [-0.083779, -1.068398, 0.118918], [0.00109, 0.069384, 0.062362], [0.101961, -1.023252, -0.21059], [-0.150228, -1.136117, 0.222548], [0.003094, 0.292583, 0.067583], [0.089006, 0.198718, 0.062249], [-0.083394, 0.200477, 0.050815], [0.000588, 0.336679, 0.13005], [0.187955, 0.174167, 0.060552], [-0.186678, 0.182021, 0.069952], [0.270298, -0.080942, 0.016834], [-0.26765, -0.071772, 0.088981], [0.240545, -0.300355, 0.157562], [-0.31087, -0.30161, 0.216813], [0.253346, -0.363814, 0.219506], [-0.330234, -0.374983, 0.262749]], "im2d": [[0.007763, -0.073004], [-0.083131, 0.045061], [0.087292, 0.035126], [0.03625, -0.199013], [-0.145743, 0.496426], [0.004639, 0.390622], [0.03124, -0.352888], [0.094223, 0.823731], [0.001051, 0.893625], [0.010467, -0.413763], [-0.00999, 0.925457], [0.009791, 0.945501], [0.018714, -0.6747], [-0.074143, -0.559665], [0.113321, -0.568246], [-0.010423, -0.740308], [-0.178587, -0.525463], [0.21017, -0.556553], [-0.256124, -0.2142], [0.2697, -0.269661], [-0.315334, 0.007835], [0.231115, -0.033284], [-0.366632, 0.068377], [0.221821, 0.040721]], "theta": [1.18723, 0.007337, 0.157512, 0.753832, 0.308676, -3.03128, -0.121233, -0.075187, -0.034855, -0.567078, 0.00732, -0.02565, 0.159033, -0.015534, -0.005577, 1.025912, 0.028479, -0.155642, 0.747618, -0.09968, 0.058784, 0.043322, -0.019256, 0.015037, -0.510167, 0.294111, 0.057701, -0.08664, -0.261508, 0.074333, 0.044945, 0.002969, -0.022385, -0.003138, 0.002147, 0.002801, 0.002109, 0.003698, -0.008612, 0.004043, -0.121767, -0.033777, 0.002634, -0.129749, -0.593315, 0.003623, 0.368127, 0.4904, 0.207086, -0.083644, 0.010092, 0.193796, -0.199693, -0.608524, 0.096811, 0.280985, 0.639608, 0.062547, -0.709936, -0.114908, -0.337823, 0.342131, 0.018685, 0.026861, -0.213482, 0.477513, -0.484909, 0.153795, -0.210518, 0.108631, 0.043098, -0.409348, 0.108844, -0.035572, 0.416584, 0.680887, -0.88937, 0.01918, -2.338115, 0.332314, 0.06432, 1.24034, -2.090069, 0.122203, 0.853509]}