{"hc3d": [[-0.000798, -0.219003, 0.039826], [0.081937, -0.316035, 0.03665], [-0.081738, -0.315473, 0.039399], [-0.003065, -0.104063, 0.004772], [0.106632, -0.703322, 0.117809], [-0.138181, -0.689448, 0.18398], [0.000736, 0.025654, 0.017214], [0.036499, -0.959777, -0.214874], [-0.075862, -1.100391, 0.087129], [0.000644, 0.069835, 0.059572], [0.096883, -1.053071, -0.131461], [-0.148811, -1.166972, 0.18706], [0.002365, 0.293078, 0.062465], [0.088386, 0.199275, 0.057836], [-0.084051, 0.200689, 0.046928], [-0.001079, 0.334375, 0.126773], [0.18765, 0.175989, 0.056874], [-0.187346, 0.183661, 0.067289], [0.267569, -0.079083, 0.008672], [-0.274738, -0.066617, 0.099742], [0.240113, -0.312869, 0.124529], [-0.314238, -0.287368, 0.243767], [0.250546, -0.383966, 0.178047], [-0.328998, -0.358598, 0.294531]], "im2d": [[0.007764, -0.073004], [-0.083131, 0.045061], [0.087292, 0.035126], [0.03625, -0.199013], [-0.176687, 0.478906], [0.044834, 0.434826], [0.033096, -0.352652], [0.064882, 0.849061], [0.008338, 0.938487], [0.012497, -0.41368], [-0.049976, 0.941998], [0.026007, 0.98953], [0.022326, -0.674157], [-0.07103, -0.559348], [0.116164, -0.567648], [-0.007005, -0.736972], [-0.176134, -0.526767], [0.212435, -0.557895], [-0.248655, -0.214661], [0.271528, -0.278474], [-0.29744, 0.029856], [0.220661, -0.056144], [-0.342066, 0.101073], [0.204002, 0.014518]], "theta": [1.18723, 0.007337, 0.157512, 0.753832, 0.308676, -3.03128, -0.229536, -0.096931, -0.010629, -0.412361, -0.048703, -0.038195, 0.139005, -0.008421, -0.002346, 1.007227, 0.146818, -0.167488, 0.538355, -0.108567, 0.092571, 0.059484, -0.028112, 0.012726, -0.465308, 0.278245, 0.042959, -0.073112, -0.291429, 0.10539, 0.03834, 0.007681, -0.022082, -0.00265, 0.001848, 0.002203, 0.002019, 0.003453, -0.008186, 0.059105, -0.144719, -0.041749, -0.011046, -0.13558, -0.579409, -0.013953, 0.373869, 0.477466, 0.236305, -0.102868, -0.007185, 0.214818, -0.171687, -0.642375, 0.103471, 0.293527, 0.613564, 0.092885, -0.62187, -0.143313, -0.31441, 0.371401, 0.028732, 0.032386, -0.211024, 0.438282, -0.441757, 0.146479, -0.170913, 0.108995, 0.043266, -0.409966, 0.109053, -0.036443, 0.416632, 0.680887, -0.88937, 0.01918, -2.338115, 0.332314, 0.06432, 1.24034, -2.090069, 0.122203, 0.853509]}