{"hc3d": [[-0.000873, -0.218229, 0.03834], [0.080983, -0.314944, 0.034587], [-0.080921, -0.314348, 0.037224], [-0.00317, -0.10366, 0.004235], [0.047522, -0.706562, 0.103792], [-0.08455, -0.72128, 0.019987], [0.005044, 0.024865, 0.02705], [-0.018927, -1.126359, 0.054406], [-0.114732, -0.892599, -0.37181], [0.00938, 0.072478, 0.064673], [0.032286, -1.157756, 0.180055], [-0.141751, -1.024255, -0.329956], [0.0096, 0.292897, 0.034665], [0.095016, 0.198904, 0.03484], [-0.076743, 0.199923, 0.041387], [0.013889, 0.356071, 0.078792], [0.191455, 0.178503, 0.010005], [-0.179181, 0.189444, 0.068178], [0.191492, -0.070298, -0.101701], [-0.220366, -0.0747, 0.085426], [0.27147, -0.287781, 0.023205], [-0.246895, -0.293836, 0.23664], [0.310577, -0.356214, 0.065824], [-0.260364, -0.353944, 0.300421]], "im2d": [[0.006134, -0.100512], [0.093996, 0.009177], [-0.078045, 0.003978], [0.015971, -0.23101], [0.033766, 0.449916], [-0.075631, 0.455135], [0.016424, -0.371788], [-0.018631, 0.910749], [0.033534, 0.610874], [0.007457, -0.421372], [-0.009739, 0.958089], [-0.010071, 0.760192], [0.018468, -0.66921], [0.108679, -0.562103], [-0.075184, -0.567724], [0.007109, -0.735545], [0.219532, -0.538719], [-0.193078, -0.556757], [0.259812, -0.271588], [-0.242781, -0.262582], [0.299388, -0.016424], [-0.325227, -0.006432], [0.325379, 0.064562], [-0.362413, 0.065581]], "theta": [1.11638, 0.006367, 0.128195, 3.179247, 0.021488, -0.526657, -0.202375, 0.018244, -0.169148, 0.004577, -0.016642, 0.086357, 0.216695, 0.078948, -0.029562, 0.196402, -0.087139, 0.024536, 1.039439, 0.08345, -0.140525, -0.101106, -0.009803, 0.021442, -0.266296, 0.296386, 0.024192, -0.15846, -0.03561, 0.07661, -0.033485, 0.003589, -0.017959, -0.001602, 0.0016, 0.000947, 0.001245, 0.002173, -0.005427, -0.17306, -0.113482, -0.031871, 0.036093, 0.048704, -0.570653, -0.093901, 0.317079, 0.463357, 0.045767, -0.099013, -0.02118, 0.262924, 0.049301, -0.916399, 0.227714, 0.167745, 0.912538, -0.175654, -0.781819, 0.256078, -0.073654, 0.370862, -0.173397, -0.143179, -0.209465, 0.306346, -0.325482, 0.27701, -0.278077, 0.109208, 0.04372, -0.410978, 0.1097, -0.038997, 0.416593, 0.706077, -0.694061, -0.019234, -2.323023, 0.353935, 0.048993, 1.25902, -2.036587, 0.079538, 0.887915]}