{"hc3d": [[-0.000873, -0.218229, 0.03834], [0.080983, -0.314944, 0.034587], [-0.080921, -0.314348, 0.037224], [-0.00317, -0.10366, 0.004235], [0.041564, -0.711038, 0.063387], [-0.097954, -0.717006, 0.096221], [0.004469, 0.024384, 0.029788], [-0.022936, -1.131817, 0.020165], [-0.103543, -0.851507, -0.310773], [0.008008, 0.071669, 0.067905], [0.026306, -1.173183, 0.143697], [-0.132549, -0.988753, -0.29905], [0.00837, 0.291902, 0.036561], [0.093873, 0.198005, 0.038347], [-0.077954, 0.198877, 0.042797], [0.013243, 0.354708, 0.08115], [0.191118, 0.178279, 0.016263], [-0.180054, 0.187408, 0.07046], [0.198526, -0.077204, -0.078888], [-0.221042, -0.077039, 0.082851], [0.267194, -0.312494, 0.017137], [-0.256884, -0.307695, 0.213632], [0.304829, -0.386909, 0.049917], [-0.267365, -0.375224, 0.270133]], "im2d": [[0.006138, -0.100515], [0.094003, 0.009178], [-0.078042, 0.003979], [0.015976, -0.231017], [0.042022, 0.45123], [-0.117237, 0.456613], [0.014835, -0.371043], [-0.010533, 0.913763], [0.023389, 0.570795], [0.004847, -0.420244], [-0.002961, 0.971954], [-0.011468, 0.723664], [0.016489, -0.667994], [0.106214, -0.560849], [-0.076971, -0.56649], [0.00558, -0.733865], [0.216933, -0.537954], [-0.194825, -0.554335], [0.259045, -0.261727], [-0.242572, -0.260229], [0.297069, 0.010419], [-0.327504, 0.0067], [0.325049, 0.097169], [-0.358913, 0.086429]], "theta": [1.116415, 0.006371, 0.128196, 3.179251, 0.021485, -0.526663, -0.099881, 0.043041, -0.18312, -0.183801, -0.016027, 0.055053, 0.236703, 0.051786, -0.02651, 0.082185, -0.107958, 0.049342, 1.316816, 0.006325, -0.108609, -0.112049, 0.002316, 0.02356, -0.183666, 0.293765, -0.013975, -0.046598, 0.004495, 0.117792, -0.048466, 0.006693, -0.022371, -0.000864, 0.001191, -0.000121, 0.001106, 0.001643, -0.00439, -0.159792, -0.094016, -0.037138, 0.029194, 0.033922, -0.56048, -0.069465, 0.334817, 0.472017, 0.017221, -0.087391, -0.015963, 0.225347, 0.011699, -0.9076, 0.223, 0.157039, 0.909548, -0.16711, -0.591186, 0.175564, -0.051212, 0.290768, -0.163928, -0.118805, -0.205601, 0.331023, -0.329845, 0.278894, -0.206157, 0.109887, 0.044069, -0.412065, 0.110347, -0.039355, 0.416793, 0.706077, -0.694061, -0.019234, -2.323023, 0.353935, 0.048993, 1.25902, -2.036587, 0.079538, 0.887915]}