{"hc3d": [[-0.000873, -0.218229, 0.03834], [0.080983, -0.314944, 0.034587], [-0.080921, -0.314348, 0.037224], [-0.00317, -0.10366, 0.004235], [0.052692, -0.713007, 0.030256], [-0.110226, -0.699333, 0.166963], [0.004517, 0.022963, 0.036079], [-0.006018, -1.133046, -0.026352], [-0.096652, -0.955191, -0.17672], [0.00683, 0.069423, 0.075289], [0.042888, -1.177108, 0.096379], [-0.124269, -1.083439, -0.125684], [0.010128, 0.290339, 0.049401], [0.09472, 0.195633, 0.051766], [-0.077145, 0.197998, 0.050427], [0.013704, 0.351192, 0.096736], [0.193452, 0.176404, 0.037082], [-0.179216, 0.184016, 0.077018], [0.218477, -0.088187, -0.024117], [-0.224714, -0.079853, 0.068701], [0.263923, -0.333836, 0.058881], [-0.266441, -0.32894, 0.157047], [0.297905, -0.411346, 0.08831], [-0.265524, -0.411121, 0.19033]], "im2d": [[0.006143, -0.100517], [0.09401, 0.009179], [-0.07804, 0.003979], [0.01598, -0.231023], [0.065718, 0.450889], [-0.155675, 0.442739], [0.012625, -0.368926], [0.0241, 0.91162], [-0.017569, 0.69801], [0.000947, -0.417151], [0.031604, 0.972734], [-0.065114, 0.844325], [0.013728, -0.665109], [0.102285, -0.557037], [-0.078862, -0.564844], [0.000458, -0.728608], [0.211915, -0.534009], [-0.196303, -0.549982], [0.260424, -0.244175], [-0.241362, -0.258441], [0.2786, 0.037692], [-0.317236, 0.025151], [0.303927, 0.12749], [-0.32824, 0.119507]], "theta": [1.116449, 0.006374, 0.128196, 3.179255, 0.021482, -0.526668, -0.01735, 0.052118, -0.153073, -0.361916, 0.005482, 0.023435, 0.284326, 0.010609, -0.030013, 0.031291, -0.089272, 0.039486, 1.174969, -0.042971, -0.048901, -0.138006, 0.013752, 0.030855, -0.188033, 0.258552, -0.024065, -0.029213, 0.02113, 0.126632, -0.04501, 0.002597, -0.031473, -0.000392, 0.000988, -0.000831, 0.001078, 0.001534, -0.004077, -0.141848, -0.081393, -0.023849, 0.008135, -0.013126, -0.542605, -0.021996, 0.357922, 0.494694, -0.016993, -0.123319, 0.009808, 0.160861, -0.089088, -0.865894, 0.202257, 0.12347, 0.891105, -0.068425, -0.397199, 0.064152, -0.035951, 0.215969, -0.100401, -0.022084, -0.18086, 0.373475, -0.351335, 0.220626, -0.005109, 0.110262, 0.044595, -0.412248, 0.110871, -0.040052, 0.416858, 0.706077, -0.694061, -0.019234, -2.323023, 0.353935, 0.048993, 1.25902, -2.036587, 0.079538, 0.887915]}