{"hc3d": [[-0.000873, -0.218229, 0.03834], [0.080983, -0.314944, 0.034587], [-0.080921, -0.314348, 0.037224], [-0.00317, -0.10366, 0.004235], [0.105354, -0.705652, -0.043044], [-0.071756, -0.682223, 0.211833], [0.006706, 0.024758, 0.026989], [-0.000129, -0.964817, -0.366758], [-0.055435, -1.108764, 0.172313], [0.008036, 0.071638, 0.065742], [0.077488, -1.042191, -0.280822], [-0.07035, -1.148675, 0.306476], [0.018433, 0.292956, 0.045859], [0.100406, 0.196354, 0.054737], [-0.070276, 0.202591, 0.035407], [0.018209, 0.35149, 0.096161], [0.200039, 0.17674, 0.050063], [-0.175869, 0.192091, 0.043228], [0.229504, -0.092045, 0.014469], [-0.209835, -0.054883, -0.054832], [0.265475, -0.290898, 0.183171], [-0.21995, -0.308384, 0.030171], [0.296566, -0.357184, 0.234826], [-0.213867, -0.392616, 0.057193]], "im2d": [[0.006145, -0.100519], [0.094014, 0.009179], [-0.078039, 0.00398], [0.015982, -0.231027], [0.147765, 0.437904], [-0.131173, 0.428734], [0.018213, -0.371654], [0.152861, 0.695087], [-0.099648, 0.9004], [0.005661, -0.420416], [0.203959, 0.790922], [-0.163707, 0.95601], [0.023781, -0.668096], [0.107227, -0.557423], [-0.066196, -0.571064], [0.005428, -0.728869], [0.214208, -0.533072], [-0.180603, -0.561811], [0.258193, -0.236215], [-0.181168, -0.296509], [0.235495, 0.000746], [-0.222431, -0.007361], [0.249765, 0.079898], [-0.225721, 0.088889]], "theta": [1.116468, 0.006377, 0.128197, 3.179257, 0.02148, -0.52667, 0.156315, 0.160727, -0.004061, -0.47477, 0.140549, 0.092913, 0.209322, -0.065678, -0.052337, 0.631668, -0.020359, -0.119685, 0.446772, 0.017992, -0.035563, -0.07526, -0.010898, 0.009202, -0.606101, 0.302274, 0.066251, -0.064842, -0.049539, 0.01112, -0.006502, -0.004017, 0.004423, -0.002338, 0.001952, 0.001994, 0.001735, 0.002742, -0.006396, -0.11822, -0.045367, -0.000804, 0.028297, -0.009205, -0.529926, 0.067401, 0.273605, 0.482266, -0.058324, -0.100364, 0.070641, 0.142757, -0.225632, -0.844851, 0.337032, 0.015548, 1.027799, -0.155199, -0.654471, 0.169419, 0.042531, 0.557359, -0.166917, 0.001017, -0.085203, 0.354595, -0.339321, 0.138874, -0.034625, 0.109254, 0.043252, -0.41131, 0.109589, -0.038175, 0.416701, 0.706077, -0.694061, -0.019234, -2.323023, 0.353935, 0.048993, 1.25902, -2.036587, 0.079538, 0.887915]}