{"hc3d": [[-0.000887, -0.218369, 0.038309], [0.080865, -0.315091, 0.034531], [-0.080834, -0.314499, 0.037185], [-0.003184, -0.103776, 0.00424], [0.083904, -0.713308, 0.011628], [-0.131615, -0.685575, 0.196841], [0.000175, 0.023802, 0.033321], [0.017366, -1.132877, -0.038134], [-0.121921, -1.035036, -0.050968], [0.000687, 0.070957, 0.071777], [0.091224, -1.156493, 0.077492], [-0.157687, -1.129503, 0.046992], [0.002994, 0.293068, 0.059672], [0.088318, 0.199015, 0.060434], [-0.083259, 0.200231, 0.050763], [0.007416, 0.349896, 0.111634], [0.188767, 0.188491, 0.049313], [-0.186131, 0.190926, 0.076118], [0.252292, -0.076081, 0.032361], [-0.234663, -0.066051, 0.018666], [0.293023, -0.30132, 0.162088], [-0.279476, -0.327519, 0.052485], [0.330953, -0.368598, 0.207411], [-0.287665, -0.415742, 0.054476]], "im2d": [[0.018371, -0.123704], [0.057875, 0.000529], [-0.029057, -0.039715], [0.058478, -0.249703], [0.053609, 0.429634], [-0.237391, 0.356618], [0.040917, -0.384952], [0.037696, 0.863237], [-0.015568, 0.722769], [0.007046, -0.433644], [-0.038106, 0.913034], [-0.136376, 0.821108], [0.035759, -0.673326], [0.072892, -0.550852], [-0.007142, -0.594855], [-0.00855, -0.730772], [0.135407, -0.515402], [-0.086195, -0.608751], [0.166363, -0.215282], [-0.073715, -0.346529], [0.045269, 0.044626], [-0.148556, -0.073681], [0.016138, 0.128943], [-0.16101, 0.019583]], "theta": [1.107691, 0.017471, 0.106691, 2.825012, 0.276664, -1.678171, 0.026285, 0.074327, -0.072378, -0.439795, 0.025395, -0.034697, 0.260709, -0.026841, -0.000107, -0.022959, -0.015236, -0.048034, 0.937986, -0.008504, 0.030797, -0.131613, -0.006597, 0.002801, -0.31458, 0.30315, 0.106677, -0.140189, -0.063853, 0.09659, 0.034443, 0.011279, -0.016765, -0.003431, 0.002483, 0.003317, 0.002457, 0.004102, -0.00973, -0.126993, -0.029249, -0.047551, 0.047432, 0.005965, -0.47752, 0.00683, 0.390302, 0.419951, -0.019576, -0.143434, 0.060903, 0.09843, -0.342307, -0.77083, 0.295794, 0.081073, 0.994311, -0.001013, -0.435515, 0.02075, 0.020514, 0.184714, -0.102361, 0.270332, -0.096082, 0.407672, -0.02539, 0.083871, 0.006549, 0.10827, 0.042466, -0.408978, 0.109023, -0.036084, 0.416059, 0.701552, -0.691528, -0.007457, -2.308689, 0.34079, 0.087696, 1.255189, -2.019366, 0.083585, 0.886578]}