{"hc3d": [[-0.000887, -0.218369, 0.038309], [0.080865, -0.315091, 0.034531], [-0.080834, -0.314499, 0.037185], [-0.003184, -0.103776, 0.00424], [0.095185, -0.67367, -0.139615], [-0.065344, -0.638652, 0.283053], [0.001595, 0.025678, 0.023003], [0.000368, -1.016055, -0.377781], [-0.088159, -1.06099, 0.351878], [-0.000403, 0.074215, 0.059646], [0.101888, -1.053662, -0.29025], [-0.062973, -1.066528, 0.490204], [-0.000902, 0.296618, 0.05496], [0.085655, 0.203833, 0.060018], [-0.084464, 0.202899, 0.035678], [0.005304, 0.353757, 0.106397], [0.187118, 0.206055, 0.055038], [-0.190123, 0.192769, 0.04243], [0.288607, -0.046941, 0.058839], [-0.271735, -0.042557, -0.05583], [0.238866, -0.164853, 0.288715], [-0.28754, -0.274249, 0.076782], [0.245393, -0.18804, 0.374965], [-0.299873, -0.351383, 0.118645]], "im2d": [[0.018514, -0.123789], [0.058073, 0.000552], [-0.028928, -0.039733], [0.05863, -0.249903], [0.210105, 0.381878], [-0.283522, 0.327247], [0.051961, -0.387487], [0.368721, 0.715429], [-0.392369, 0.781309], [0.018602, -0.438417], [0.333716, 0.785708], [-0.514524, 0.800908], [0.038606, -0.678912], [0.072333, -0.557165], [0.007155, -0.599323], [-0.004291, -0.736316], [0.13034, -0.534864], [-0.05533, -0.614022], [0.161788, -0.236537], [-0.018721, -0.385304], [-0.096724, -0.109137], [-0.172671, -0.131928], [-0.179077, -0.07787], [-0.225387, -0.049437]], "theta": [1.108649, 0.017587, 0.106711, 2.825178, 0.276526, -1.678397, 0.410912, 0.205136, 0.0014, -0.673808, 0.287517, 0.051541, 0.177367, -0.113743, -0.014544, 0.105286, -0.017926, -0.11658, 0.413674, 0.173158, -0.032977, -0.08486, -0.019992, 0.003549, -0.596097, 0.40525, 0.203275, -0.072581, -0.019274, 0.030972, 0.106336, 0.029404, 0.016287, -0.002444, 0.001866, 0.002023, 0.002144, 0.002709, -0.006725, -0.171745, 0.082356, -0.07778, 0.041782, 0.051231, -0.376974, 0.040476, 0.293935, 0.420019, -0.056167, 0.067373, 0.010252, 0.172603, -0.464389, -0.717718, 0.359501, -0.010469, 0.847869, 0.064419, -1.059055, 0.085369, 0.051174, 0.794958, -0.173799, 0.327481, -0.131393, 0.459717, -0.00034, 0.051835, -0.1672, 0.109945, 0.042675, -0.412333, 0.110032, -0.035811, 0.416852, 0.701552, -0.691528, -0.007457, -2.308689, 0.34079, 0.087696, 1.255189, -2.019366, 0.083585, 0.886578]}