{"hc3d": [[-0.000887, -0.218369, 0.038309], [0.080865, -0.315091, 0.034531], [-0.080834, -0.314499, 0.037185], [-0.003184, -0.103776, 0.00424], [0.118672, -0.679828, -0.122467], [-0.063725, -0.66592, 0.242067], [0.001398, 0.026337, 0.017758], [0.03362, -0.943893, -0.448008], [-0.081845, -1.094008, 0.235817], [-0.002319, 0.073644, 0.055848], [0.131622, -1.015113, -0.379411], [-0.068863, -1.128322, 0.371659], [-0.007538, 0.295634, 0.042494], [0.080949, 0.205003, 0.051602], [-0.088965, 0.199458, 0.026457], [-0.000822, 0.354977, 0.091305], [0.182407, 0.204374, 0.046111], [-0.193871, 0.184133, 0.034948], [0.27186, -0.052994, 0.037119], [-0.261321, -0.065744, -0.033648], [0.254729, -0.191902, 0.259901], [-0.278859, -0.312832, 0.067134], [0.265356, -0.235504, 0.337395], [-0.296152, -0.38994, 0.107255]], "im2d": [[0.018522, -0.123794], [0.058084, 0.000553], [-0.028922, -0.039734], [0.058639, -0.249915], [0.205233, 0.395245], [-0.244626, 0.354908], [0.057027, -0.388547], [0.459714, 0.641959], [-0.278199, 0.812327], [0.02127, -0.438496], [0.438967, 0.746654], [-0.406342, 0.859861], [0.047234, -0.680184], [0.078173, -0.560064], [0.013559, -0.597239], [0.007318, -0.739985], [0.136478, -0.534713], [-0.050598, -0.606052], [0.173812, -0.235298], [-0.03655, -0.356535], [-0.062241, -0.077576], [-0.161448, -0.088656], [-0.135355, -0.023725], [-0.215057, -0.007504]], "theta": [1.108705, 0.017593, 0.106712, 2.825184, 0.276521, -1.678407, 0.356263, 0.22407, 0.06153, -0.556409, 0.235441, 0.08452, 0.136343, -0.135616, -0.011445, 0.437885, -0.024485, -0.08095, 0.467294, 0.20115, -0.020955, -0.010117, -0.01355, 0.015873, -0.521898, 0.388815, 0.114882, -0.038779, -0.10328, 0.048677, 0.036607, 0.043083, 0.022936, -0.003558, 0.002598, 0.003228, 0.002421, 0.004076, -0.00875, -0.175517, 0.118029, -0.084726, 0.051865, 0.053188, -0.42733, 0.040142, 0.316725, 0.447263, -0.03828, 0.1145, -0.008222, 0.19071, -0.407127, -0.761208, 0.34624, 0.06686, 0.83843, 0.0453, -0.944709, 0.147045, 0.141978, 0.537654, -0.129758, 0.2389, -0.086517, 0.296353, 0.03705, 0.094369, -0.272632, 0.108843, 0.042367, -0.410659, 0.108783, -0.036109, 0.416133, 0.701552, -0.691528, -0.007457, -2.308689, 0.34079, 0.087696, 1.255189, -2.019366, 0.083585, 0.886578]}