{"hc3d": [[-0.000887, -0.218369, 0.038309], [0.080865, -0.315091, 0.034531], [-0.080834, -0.314499, 0.037185], [-0.003184, -0.103776, 0.00424], [0.120423, -0.672457, 0.207262], [-0.111025, -0.68856, -0.120717], [0.001333, 0.018357, 0.051105], [0.05979, -1.068765, 0.356272], [-0.121814, -1.030674, -0.378531], [0.000796, 0.062687, 0.092784], [0.165398, -1.051806, 0.445388], [-0.127814, -1.10685, -0.260377], [-0.009266, 0.284893, 0.089814], [0.081074, 0.195755, 0.085346], [-0.09046, 0.187856, 0.078452], [-0.006238, 0.346536, 0.136076], [0.176187, 0.194552, 0.049618], [-0.19196, 0.179938, 0.109227], [0.215233, -0.039266, -0.085015], [-0.312501, -0.048214, 0.180712], [0.40567, -0.218757, -0.11217], [-0.258913, -0.155356, 0.419806], [0.480328, -0.257816, -0.142498], [-0.24525, -0.16925, 0.506262]], "im2d": [[0.018527, -0.123797], [0.05809, 0.000554], [-0.028918, -0.039735], [0.058644, -0.249922], [-0.114951, 0.405426], [0.082944, 0.348252], [0.023907, -0.378168], [-0.319935, 0.826417], [0.304654, 0.701156], [-0.013901, -0.423929], [-0.350503, 0.838877], [0.180893, 0.788273], [-0.000582, -0.66649], [0.044675, -0.548252], [-0.038755, -0.582306], [-0.039777, -0.729821], [0.129121, -0.525465], [-0.12235, -0.597082], [0.264346, -0.270618], [-0.27114, -0.376562], [0.377641, -0.031406], [-0.483931, -0.234854], [0.443465, 0.027513], [-0.562108, -0.21185]], "theta": [1.108737, 0.017596, 0.106713, 2.825188, 0.276518, -1.678411, -0.491226, 0.155019, -0.016525, 0.358459, -0.049634, 0.011252, 0.4044, 0.023451, -0.002703, 0.045552, 0.156946, -0.090663, 0.169037, 0.29603, -0.033246, -0.204658, -0.028196, 0.043424, -0.28017, 0.345398, 0.156273, -0.365824, -0.091251, 0.117219, 0.005106, 0.013281, -0.000178, -0.003794, 0.002739, 0.003694, 0.001481, 0.004142, -0.008465, -0.263191, -0.032211, -0.061012, -0.073059, 0.225971, -0.477784, -0.04722, 0.426591, 0.342246, -0.057363, -0.141977, 0.055421, 0.060901, 0.166126, -0.835781, 0.227141, 0.306116, 0.515052, -0.618037, -0.517023, 0.316536, -0.045745, 0.931866, -0.162274, 0.064823, -0.149254, 0.507167, 0.050928, 0.242691, -0.345412, 0.107144, 0.044159, -0.405889, 0.109613, -0.039082, 0.416554, 0.701552, -0.691528, -0.007457, -2.308689, 0.34079, 0.087696, 1.255189, -2.019366, 0.083585, 0.886578]}