{"hc3d": [[-0.000929, -0.218312, 0.037921], [0.080589, -0.315071, 0.033885], [-0.080635, -0.314464, 0.036541], [-0.003243, -0.103681, 0.004161], [0.06412, -0.65827, 0.239881], [-0.156879, -0.700466, -0.074798], [-0.003437, 0.02501, 0.030006], [0.136377, -1.081434, 0.257037], [-0.136184, -1.080746, -0.275291], [-0.002149, 0.071933, 0.06865], [0.11312, -1.100563, 0.393336], [-0.164914, -1.136779, -0.149072], [-0.01785, 0.293967, 0.072236], [0.073356, 0.207194, 0.054717], [-0.097322, 0.194885, 0.068228], [-0.007778, 0.34844, 0.126384], [0.171121, 0.210298, 0.027237], [-0.194444, 0.197964, 0.111407], [0.23512, -0.015396, -0.113838], [-0.292483, -0.041687, 0.183347], [0.278061, -0.275765, -0.102808], [-0.26216, -0.21573, 0.385464], [0.316814, -0.356313, -0.095299], [-0.255967, -0.223344, 0.473666]], "im2d": [[0.010142, -0.127249], [-0.018087, -0.015263], [0.030077, -0.03588], [0.0529, -0.244206], [-0.244961, 0.320607], [0.140411, 0.372221], [0.035604, -0.382164], [-0.314073, 0.771855], [0.310853, 0.795872], [-0.000717, -0.435485], [-0.446055, 0.77424], [0.188276, 0.837435], [0.015801, -0.670914], [-0.001146, -0.56676], [0.038122, -0.576153], [-0.038469, -0.732779], [-0.003923, -0.555083], [0.025225, -0.595955], [0.103294, -0.294926], [-0.033122, -0.364153], [0.060768, -0.017514], [-0.259236, -0.199749], [0.035437, 0.070971], [-0.351012, -0.200612]], "theta": [1.062617, 0.010474, 0.098561, 1.881363, 0.240029, -2.543898, -0.553183, -0.383016, -0.028792, 0.228165, -0.095807, -0.107758, 0.234735, 0.043042, 0.033377, 0.455345, -0.35251, 0.007953, 0.120008, 0.347821, 0.146199, -0.095016, 0.026663, 0.01715, -0.11284, 0.243466, 0.186019, -0.330778, -0.213283, -0.054508, 0.08965, 0.053889, -0.005787, 0.001852, -0.001714, -0.000291, 0.002109, 0.000117, -0.003849, -0.133773, -0.015718, -0.079745, 0.034724, 0.040157, -0.438605, 0.002601, 0.395194, 0.204834, -0.002781, 0.152744, 0.06352, 0.214683, 0.026373, -0.844205, 0.099108, 0.353528, 0.674916, 0.294949, -0.467492, -0.093948, 0.112914, 0.616918, -0.107516, 0.477787, -0.062363, 0.373283, 0.496726, 0.263246, -0.696458, 0.113784, 0.046349, -0.415179, 0.114485, -0.038631, 0.423238, 0.743004, -0.611215, -0.019789, -2.333287, 0.333605, 0.104436, 1.219402, -2.017824, 0.123413, 0.916896]}