{"hc3d": [[-0.000929, -0.218312, 0.037921], [0.080589, -0.315071, 0.033885], [-0.080635, -0.314464, 0.036541], [-0.003243, -0.103681, 0.004161], [0.079966, -0.702577, 0.135522], [-0.147924, -0.716847, 0.064248], [-0.002577, 0.026099, 0.023813], [0.099075, -1.123165, 0.049945], [-0.136876, -0.966616, -0.286083], [0.00022, 0.073142, 0.06223], [0.12373, -1.169057, 0.179445], [-0.176947, -1.084229, -0.219316], [-0.012293, 0.294916, 0.047461], [0.077378, 0.205589, 0.03586], [-0.093207, 0.197082, 0.052988], [-0.001231, 0.351299, 0.099416], [0.173186, 0.195287, 0.003653], [-0.189055, 0.182734, 0.096737], [0.225012, -0.054954, -0.094478], [-0.226774, -0.078313, 0.148228], [0.268563, -0.314904, -0.077544], [-0.275891, -0.330447, 0.226188], [0.29467, -0.400719, -0.076808], [-0.298878, -0.404284, 0.269726]], "im2d": [[0.011178, -0.127852], [-0.016941, -0.015012], [0.031515, -0.036019], [0.053885, -0.245665], [-0.145906, 0.383534], [-0.001937, 0.377867], [0.042206, -0.384838], [-0.092488, 0.83956], [0.335162, 0.680739], [0.005265, -0.438322], [-0.235331, 0.877253], [0.272056, 0.792886], [0.038919, -0.672667], [0.016415, -0.565855], [0.052488, -0.579947], [-0.013825, -0.736442], [0.018183, -0.539583], [0.037343, -0.581411], [0.08526, -0.25816], [-0.020403, -0.315753], [0.03704, 0.020165], [-0.100926, -0.06377], [0.022349, 0.114026], [-0.142885, 0.006733]], "theta": [1.069492, 0.011381, 0.098767, 1.882995, 0.238615, -2.546138, -0.277229, -0.149494, -0.068744, -0.112743, -0.06007, -0.067982, 0.18717, 0.055708, 0.026412, 0.367762, -0.235417, 0.019549, 0.942074, 0.154829, 0.073908, -0.050392, 0.026328, 0.005175, -0.140226, 0.322551, 0.119914, -0.191109, -0.163862, 0.070551, 0.010166, 0.057206, -0.010085, -0.00201, 0.001694, 0.001997, 0.00214, 0.003128, -0.007773, -0.087387, 0.000721, -0.050363, 0.077809, 0.061291, -0.544378, -0.017506, 0.419584, 0.420342, 0.110072, 0.018942, 0.025301, 0.203429, -0.122488, -0.779608, 0.135453, 0.304478, 0.785007, 0.175568, -0.301894, -0.070886, 0.032129, -0.05664, -0.008386, 0.309442, -0.08043, 0.221622, 0.245001, 0.180389, -0.333769, 0.109648, 0.043152, -0.411677, 0.110227, -0.037168, 0.416774, 0.743004, -0.611215, -0.019789, -2.333287, 0.333605, 0.104436, 1.219402, -2.017824, 0.123413, 0.916896]}