{"hc3d": [[-0.000929, -0.218312, 0.037921], [0.080589, -0.315071, 0.033885], [-0.080635, -0.314464, 0.036541], [-0.003243, -0.103681, 0.004161], [0.088975, -0.703534, -0.06367], [-0.15787, -0.672415, 0.21851], [-0.003581, 0.026568, 0.020427], [0.082145, -1.039175, -0.331779], [-0.103042, -1.089713, 0.308486], [-0.004763, 0.071633, 0.061225], [0.110557, -1.125991, -0.226232], [-0.18189, -1.124499, 0.420151], [-0.018874, 0.293686, 0.068418], [0.072978, 0.206328, 0.059119], [-0.098236, 0.195619, 0.053136], [-0.017169, 0.345822, 0.125687], [0.174497, 0.209256, 0.061981], [-0.20142, 0.190406, 0.078284], [0.277594, 0.012858, -0.098439], [-0.261826, -0.071449, 0.079865], [0.097821, -0.167207, -0.027614], [-0.232675, -0.27912, 0.24745], [0.050532, -0.236469, 0.004209], [-0.237477, -0.339329, 0.312472]], "im2d": [[0.011263, -0.127914], [-0.016855, -0.015], [0.031629, -0.036034], [0.053976, -0.245801], [0.054401, 0.40726], [-0.153021, 0.313354], [0.04607, -0.385312], [0.307908, 0.790026], [-0.289657, 0.751817], [0.007803, -0.437481], [0.185532, 0.87407], [-0.380816, 0.76681], [0.019564, -0.674814], [-0.005846, -0.569988], [0.053873, -0.579378], [-0.035951, -0.735863], [-0.040782, -0.560728], [0.06062, -0.589428], [0.077185, -0.323019], [0.060932, -0.320241], [0.050134, -0.162621], [-0.132908, -0.114953], [0.028122, -0.098687], [-0.201662, -0.058848]], "theta": [1.070119, 0.011455, 0.098779, 1.883093, 0.238535, -2.546272, 0.220817, -0.029233, -0.067505, -0.515178, -0.082663, -0.078705, 0.159295, -0.068842, 0.027821, 0.330355, -0.250991, -0.016124, 0.208586, -0.112845, 0.145227, 0.025067, 0.019994, -0.006798, -0.30863, 0.308739, 0.057696, 0.065331, -0.318771, 0.062551, 0.065686, 0.05869, 0.024433, -0.004665, 0.003103, 0.004715, 0.002747, 0.005036, -0.010886, -0.119497, -0.094501, -0.094876, 0.095209, -0.1348, -0.386149, -0.003229, 0.346036, 0.297155, 0.079965, 0.103312, 0.002485, 0.525119, 0.030085, -0.911993, 0.073888, 0.25956, 0.865879, 0.678779, -1.416663, -0.120539, 0.171338, 0.636355, -0.067953, 0.247106, -0.022808, 0.249459, 0.223883, 0.087074, -0.317138, 0.107838, 0.042031, -0.40923, 0.107442, -0.035171, 0.415983, 0.743004, -0.611215, -0.019789, -2.333287, 0.333605, 0.104436, 1.219402, -2.017824, 0.123413, 0.916896]}