{"hc3d": [[-0.000929, -0.218312, 0.037921], [0.080589, -0.315071, 0.033885], [-0.080635, -0.314464, 0.036541], [-0.003243, -0.103681, 0.004161], [0.117958, -0.712234, 0.07071], [-0.100609, -0.71934, 0.090241], [-0.000959, 0.024797, 0.030947], [0.068509, -1.062392, -0.173273], [-0.060845, -1.130015, -0.032246], [-0.002859, 0.068793, 0.07287], [0.145072, -1.13582, -0.08255], [-0.086178, -1.18568, 0.09486], [-0.021783, 0.290418, 0.063768], [0.071808, 0.204543, 0.059171], [-0.099207, 0.189847, 0.057433], [-0.01529, 0.345162, 0.118189], [0.17254, 0.202399, 0.046089], [-0.194464, 0.162846, 0.096209], [0.238081, -0.05035, -0.036121], [-0.219754, -0.102897, 0.127204], [0.264796, -0.309258, 0.008717], [-0.247208, -0.364589, 0.180358], [0.286591, -0.395553, 0.019873], [-0.261266, -0.450785, 0.196123]], "im2d": [[0.011265, -0.127915], [-0.016854, -0.015], [0.03163, -0.036035], [0.053977, -0.245804], [-0.092418, 0.405691], [-0.043459, 0.383852], [0.034393, -0.384243], [0.149053, 0.795913], [0.04181, 0.836186], [-0.004864, -0.435492], [0.027398, 0.873394], [-0.083451, 0.87828], [0.025015, -0.67123], [-0.005645, -0.568258], [0.04942, -0.573861], [-0.028944, -0.734135], [-0.024405, -0.552025], [0.038318, -0.561343], [0.022004, -0.267785], [-0.002767, -0.286812], [-0.049249, 0.004524], [-0.065497, -0.019206], [-0.073223, 0.097298], [-0.08279, 0.068499]], "theta": [1.07013, 0.011456, 0.098779, 1.883094, 0.238534, -2.546273, -0.12525, 0.064689, 0.007599, -0.165128, 0.043407, 0.045539, 0.241173, -0.016644, 0.009484, 0.620947, 0.064842, -0.027035, 0.326218, 0.107221, 0.063236, -0.030773, 0.010652, 0.054983, -0.308883, 0.269156, 0.093042, -0.184429, -0.173462, 0.089219, -0.034071, 0.047384, 0.003632, -0.005312, 0.003777, 0.005228, 0.002818, 0.0058, -0.012415, -0.086299, 0.016719, -0.089078, 0.041374, -0.023159, -0.48308, 0.021204, 0.490667, 0.487027, 0.070568, -0.050298, 0.007443, 0.243712, -0.156765, -0.878687, 0.064959, 0.235658, 0.750244, 0.201509, -0.367566, -0.059661, 0.036428, -0.034831, 0.038036, 0.185271, -0.063397, 0.229889, 0.12681, 0.067448, -0.135178, 0.106947, 0.040899, -0.408202, 0.107358, -0.034881, 0.414984, 0.743004, -0.611215, -0.019789, -2.333287, 0.333605, 0.104436, 1.219402, -2.017824, 0.123413, 0.916896]}