{"hc3d": [[-0.000929, -0.218312, 0.037921], [0.080589, -0.315071, 0.033885], [-0.080635, -0.314464, 0.036541], [-0.003243, -0.103681, 0.004161], [0.111068, -0.698504, 0.145873], [-0.13043, -0.717246, -0.013405], [-0.002712, 0.025443, 0.027742], [0.123506, -1.111758, 0.029041], [-0.094741, -1.13663, -0.103303], [-0.003221, 0.071079, 0.067915], [0.172285, -1.162731, 0.149486], [-0.125026, -1.179506, 0.027619], [-0.017271, 0.293194, 0.062842], [0.074282, 0.205345, 0.055403], [-0.097027, 0.1945, 0.055959], [-0.011648, 0.344615, 0.120505], [0.173942, 0.20358, 0.035715], [-0.195948, 0.178226, 0.091406], [0.234325, -0.049663, -0.048889], [-0.243888, -0.082399, 0.136082], [0.292709, -0.306934, -0.036221], [-0.296494, -0.335759, 0.20752], [0.32309, -0.391332, -0.035916], [-0.320001, -0.415657, 0.238174]], "im2d": [[0.011265, -0.127915], [-0.016854, -0.015], [0.031631, -0.036035], [0.053977, -0.245804], [-0.165986, 0.382266], [0.071849, 0.389016], [0.038261, -0.384802], [-0.077986, 0.833314], [0.124599, 0.846562], [0.000455, -0.437424], [-0.219659, 0.880402], [-0.002141, 0.874106], [0.024711, -0.673505], [-0.002534, -0.568394], [0.050538, -0.578353], [-0.032498, -0.733351], [-0.014191, -0.55199], [0.0447, -0.577277], [0.036264, -0.267613], [-0.002814, -0.312447], [-0.01212, 0.010359], [-0.075663, -0.058746], [-0.027627, 0.103362], [-0.10473, 0.019526]], "theta": [1.070131, 0.011456, 0.098779, 1.883094, 0.238534, -2.546273, -0.301915, -0.113285, 0.007, 0.082972, -0.034993, -0.028587, 0.21673, 0.005437, 0.024692, 0.456448, -0.0302, -0.004565, -0.001984, 0.217009, 0.097432, -0.04579, 0.01051, 0.028659, -0.171795, 0.265369, 0.086585, -0.198757, -0.210625, 0.060111, 0.022139, 0.031586, -0.006919, -0.002201, 0.00193, 0.001674, 0.002105, 0.00366, -0.008265, -0.046593, -0.020242, -0.068206, 0.032109, 0.031064, -0.470403, -0.01504, 0.434136, 0.407837, 0.12264, -0.018816, 0.00973, 0.173929, -0.148448, -0.872226, 0.081792, 0.289738, 0.746653, 0.167108, -0.222444, -0.024691, 0.016255, -0.027351, 0.01626, 0.298289, -0.086111, 0.213091, 0.184576, 0.13095, -0.217785, 0.109147, 0.043428, -0.410718, 0.109782, -0.038341, 0.416279, 0.743004, -0.611215, -0.019789, -2.333287, 0.333605, 0.104436, 1.219402, -2.017824, 0.123413, 0.916896]}