{"hc3d": [[-0.000893, -0.21952, 0.038904], [0.081213, -0.316543, 0.035364], [-0.081214, -0.31594, 0.038035], [-0.003187, -0.104436, 0.004252], [0.060968, -0.619615, 0.293134], [-0.153037, -0.712206, 0.095408], [-0.002689, 0.023842, 0.032206], [0.121295, -0.942964, 0.019889], [-0.102061, -1.103052, -0.072585], [0.000912, 0.068071, 0.074319], [0.14954, -1.010717, 0.138393], [-0.170303, -1.160548, 0.036522], [0.00582, 0.289959, 0.097018], [0.089422, 0.196703, 0.073991], [-0.082859, 0.199522, 0.082886], [0.002918, 0.334322, 0.160056], [0.189576, 0.179622, 0.065657], [-0.182623, 0.196682, 0.120709], [0.233086, -0.066903, -0.042324], [-0.272168, -0.036418, 0.217726], [0.198094, -0.311365, 0.049154], [-0.274764, -0.152403, 0.458837], [0.220852, -0.387923, 0.090206], [-0.289901, -0.181674, 0.541379]], "im2d": [[-0.00278, -0.076062], [-0.097709, 0.037478], [0.083404, 0.035249], [0.016351, -0.203558], [-0.174695, 0.345001], [0.127703, 0.484161], [0.011839, -0.35687], [-0.164056, 0.766035], [0.110515, 0.965588], [-0.00449, -0.41518], [-0.238478, 0.824741], [0.147798, 1.013356], [-0.008191, -0.676021], [-0.098076, -0.563552], [0.092077, -0.569461], [-0.024274, -0.738056], [-0.208211, -0.541695], [0.191, -0.573209], [-0.231097, -0.237619], [0.248751, -0.320115], [-0.233086, 0.029932], [0.165557, -0.2264], [-0.275661, 0.111854], [0.153484, -0.206501]], "theta": [1.17067, -0.001481, 0.154547, 0.457356, 0.224455, -3.08426, -0.717075, -0.411813, 0.00191, -0.189383, -0.063932, -0.078967, 0.25425, 0.056527, 0.029562, 1.297643, 0.146886, -0.129845, 0.486922, -0.02594, 0.121952, -0.04638, 0.010429, -0.018813, -0.450613, 0.19503, 0.107935, -0.246793, -0.207767, -0.023094, 0.115789, 0.011082, -0.045399, -0.00087, 0.00011, 0.001439, 0.002319, 0.002398, -0.008418, -0.059245, -0.253993, 0.00232, 0.001961, -0.170037, -0.499751, -0.043625, 0.402147, 0.318706, 0.199319, -0.05432, 0.032612, 0.228997, -0.088443, -0.841875, -0.051294, 0.465822, 0.56764, 0.062708, -0.690729, -0.106741, -0.476941, 0.677661, -0.095629, 0.130061, -0.136253, 0.552168, -0.133974, 0.159428, -0.314736, 0.111778, 0.044547, -0.412241, 0.111575, -0.036572, 0.422029, 0.727607, -0.764902, 0.01964, -2.285586, 0.348038, 0.063159, 1.259934, -2.063545, 0.123706, 0.846025]}