{"hc3d": [[-0.000893, -0.21952, 0.038904], [0.081213, -0.316543, 0.035364], [-0.081214, -0.31594, 0.038035], [-0.003187, -0.104436, 0.004252], [0.055545, -0.618382, 0.294095], [-0.157377, -0.711788, 0.092632], [-0.003597, 0.023714, 0.032787], [0.111199, -0.945817, 0.024752], [-0.107624, -1.080515, -0.119842], [-0.000108, 0.067638, 0.075228], [0.139322, -1.009384, 0.145581], [-0.174421, -1.145793, -0.014276], [0.005925, 0.289124, 0.101322], [0.089119, 0.195758, 0.077285], [-0.083186, 0.199414, 0.085386], [0.001853, 0.334761, 0.163378], [0.189728, 0.180226, 0.071955], [-0.182131, 0.199019, 0.1254], [0.225836, -0.063469, -0.044821], [-0.27379, -0.029233, 0.231542], [0.193131, -0.307745, 0.04799], [-0.271646, -0.102093, 0.488993], [0.214031, -0.385517, 0.087728], [-0.286978, -0.115779, 0.575461]], "im2d": [[-0.002321, -0.076138], [-0.09735, 0.037791], [0.084195, 0.035363], [0.016726, -0.203992], [-0.168456, 0.34464], [0.134914, 0.485337], [0.012839, -0.357635], [-0.153455, 0.770683], [0.135611, 0.949728], [-0.00361, -0.415761], [-0.228511, 0.82441], [0.17225, 1.007262], [-0.010048, -0.677349], [-0.099219, -0.564211], [0.09171, -0.571176], [-0.024565, -0.740824], [-0.211054, -0.544483], [0.189294, -0.578226], [-0.222209, -0.241516], [0.246921, -0.331698], [-0.226949, 0.02633], [0.154478, -0.290363], [-0.267069, 0.110138], [0.141905, -0.289132]], "theta": [1.173594, -0.001085, 0.154644, 0.458109, 0.223795, -3.085295, -0.723047, -0.419629, -0.009164, -0.183784, -0.070009, -0.089727, 0.258476, 0.046725, 0.03578, 1.288814, 0.161109, -0.131003, 0.59853, -0.018346, 0.117754, -0.043412, 0.012343, -0.027758, -0.465694, 0.197425, 0.139328, -0.283225, -0.185302, -0.033592, 0.12418, 0.01218, -0.047128, -0.002022, 0.001063, 0.002217, 0.002529, 0.003195, -0.009801, -0.093125, -0.277007, 0.005973, 0.002199, -0.189977, -0.47191, -0.06216, 0.425947, 0.290208, 0.213148, -0.042778, 0.026376, 0.234793, -0.071747, -0.900434, -0.081392, 0.468859, 0.55919, 0.041568, -0.714203, -0.053077, -0.496514, 0.796433, -0.163405, 0.103503, -0.134331, 0.51761, -0.123436, 0.162506, -0.33687, 0.110535, 0.043855, -0.411109, 0.110558, -0.035479, 0.420461, 0.727607, -0.764902, 0.01964, -2.285586, 0.348038, 0.063159, 1.259934, -2.063545, 0.123706, 0.846025]}