{"hc3d": [[-0.000893, -0.21952, 0.038904], [0.081213, -0.316543, 0.035364], [-0.081214, -0.31594, 0.038035], [-0.003187, -0.104436, 0.004252], [0.115587, -0.702274, 0.128837], [-0.134553, -0.710309, 0.122328], [0.002288, 0.026089, 0.01729], [0.045348, -1.026781, -0.140642], [-0.082039, -1.132778, 0.073925], [0.001413, 0.070303, 0.059564], [0.10478, -1.115468, -0.051011], [-0.147612, -1.189087, 0.185265], [0.000972, 0.293385, 0.062369], [0.087837, 0.200343, 0.058618], [-0.084199, 0.200086, 0.045525], [1.6e-05, 0.339209, 0.124413], [0.188391, 0.183931, 0.062019], [-0.18764, 0.184978, 0.067048], [0.257812, -0.07607, 0.01834], [-0.268369, -0.069295, 0.091435], [0.246897, -0.306894, 0.144656], [-0.336134, -0.317127, 0.166144], [0.263214, -0.374753, 0.201165], [-0.359232, -0.398235, 0.194196]], "im2d": [[-0.001641, -0.076293], [-0.096862, 0.038219], [0.085366, 0.035528], [0.017309, -0.204697], [-0.182752, 0.472655], [0.101136, 0.480747], [0.0119, -0.359042], [-0.024855, 0.895655], [0.041574, 0.98202], [0.000271, -0.417708], [-0.125864, 0.984586], [0.075398, 1.028366], [0.008695, -0.678323], [-0.09166, -0.568373], [0.106726, -0.567504], [-0.0095, -0.742187], [-0.206828, -0.548853], [0.215419, -0.55448], [-0.280588, -0.237668], [0.288014, -0.262828], [-0.320423, 0.010183], [0.32914, 0.012984], [-0.360735, 0.079979], [0.342412, 0.102636]], "theta": [1.178183, -0.000499, 0.154765, 0.459086, 0.22296, -3.086635, -0.257448, -0.099987, 0.014241, -0.256079, -0.073818, -0.029979, 0.138286, -0.002552, -0.013582, 0.825437, 0.193524, -0.14538, 0.263034, -0.047658, 0.089931, 0.06853, -0.036586, 0.036586, -0.338186, 0.242024, -0.047223, -0.04702, -0.254103, 0.128242, 0.024709, 0.000127, -0.022633, 0.000164, 0.000231, -0.001479, 0.001267, 0.001461, -0.004498, -0.001501, -0.104231, -0.059525, -0.028569, -0.151083, -0.512894, -0.009815, 0.388107, 0.447341, 0.197719, -0.05287, -0.016709, 0.202167, -0.182045, -0.7577, 0.052445, 0.252965, 0.673493, 0.043094, -0.590753, -0.047527, -0.382013, 0.096385, 0.050619, -0.002215, -0.227161, 0.444336, -0.516593, 0.14502, -0.153619, 0.111273, 0.045195, -0.413198, 0.110774, -0.039611, 0.418219, 0.727607, -0.764902, 0.01964, -2.285586, 0.348038, 0.063159, 1.259934, -2.063545, 0.123706, 0.846025]}