{"hc3d": [[-0.0007, -0.219049, 0.040646], [0.082812, -0.316149, 0.03775], [-0.082406, -0.315623, 0.04057], [-0.002938, -0.104218, 0.005246], [0.186789, -0.675912, 0.158118], [-0.078448, -0.710137, 0.116741], [0.005307, 0.017853, 0.048475], [-0.045295, -0.930599, -0.086387], [-0.184318, -1.062157, -0.093505], [0.006552, 0.064189, 0.088733], [0.06811, -0.967569, -0.01663], [-0.123361, -1.098771, 0.026796], [0.004066, 0.286358, 0.066135], [0.091745, 0.194076, 0.069417], [-0.081168, 0.191629, 0.064786], [0.004655, 0.347514, 0.110919], [0.184673, 0.168734, 0.036094], [-0.184164, 0.173756, 0.085199], [0.188688, -0.062147, -0.103188], [-0.273871, -0.075851, 0.093497], [0.341084, -0.249335, -0.005382], [-0.239381, -0.214683, 0.316014], [0.416345, -0.297134, -0.00794], [-0.233073, -0.252897, 0.395388]], "im2d": [[0.017212, -0.081048], [0.087928, 0.042747], [-0.056168, 0.014808], [0.046465, -0.216583], [0.072284, 0.484953], [-0.124803, 0.473582], [0.024297, -0.347769], [0.052998, 0.701379], [-0.065364, 0.826341], [-0.004139, -0.394602], [0.095358, 0.77195], [-0.107051, 0.894651], [0.01863, -0.650212], [0.08832, -0.530336], [-0.056738, -0.557218], [-0.013363, -0.71335], [0.193013, -0.490565], [-0.161572, -0.551419], [0.29617, -0.24706], [-0.253433, -0.282115], [0.345333, 0.004357], [-0.400162, -0.088215], [0.410356, 0.070873], [-0.457272, -0.032887]], "theta": [1.155218, 0.0156, 0.14889, 3.084841, 0.155457, -1.177136, -0.397558, 0.287316, 0.147783, -0.219068, 0.256133, 0.083773, 0.388169, 0.000703, -0.038432, 1.161605, 0.220152, -0.340259, 0.699514, 0.328045, -0.053265, -0.249442, -0.019868, 0.037407, -0.872686, 0.311394, 0.352872, -0.583365, 0.104888, 0.00713, -0.009445, 0.032108, 0.00609, -0.004806, 0.003257, 0.005397, 0.002445, 0.004419, -0.010764, -0.20504, -0.061046, -0.009651, -0.001015, 0.172187, -0.671079, 0.071575, 0.316215, 0.492484, -0.072684, -0.126548, 0.034371, 0.199645, 0.158995, -0.782711, 0.280887, 0.254066, 0.645776, -0.499713, -0.942025, 0.301175, -0.140673, 0.933697, -0.204471, -0.09276, -0.056669, 0.671069, -0.175021, 0.178573, -0.239495, 0.106646, 0.042002, -0.406337, 0.108352, -0.035031, 0.417331, 0.602159, -1.026338, 0.086949, -2.339106, 0.391704, 0.075634, 1.264544, -2.157384, 0.11682, 0.865383]}