{"hc3d": [[-0.0007, -0.219049, 0.040646], [0.082812, -0.316149, 0.03775], [-0.082406, -0.315623, 0.04057], [-0.002938, -0.104218, 0.005246], [0.19195, -0.676702, 0.150973], [-0.07832, -0.71028, 0.11599], [0.005452, 0.018784, 0.045721], [-0.046213, -0.919521, -0.099683], [-0.169818, -1.063882, -0.098307], [0.006604, 0.065046, 0.086067], [0.06605, -0.966096, -0.033947], [-0.11454, -1.104632, 0.023399], [0.003588, 0.286782, 0.059613], [0.091451, 0.194721, 0.063995], [-0.081482, 0.1919, 0.060411], [0.004544, 0.348291, 0.103904], [0.184887, 0.168339, 0.03298], [-0.183672, 0.171894, 0.082799], [0.191423, -0.069021, -0.094846], [-0.265636, -0.080148, 0.096092], [0.323852, -0.269237, 0.006181], [-0.236889, -0.237755, 0.306594], [0.394843, -0.323135, 0.009431], [-0.230575, -0.283708, 0.381752]], "im2d": [[0.017391, -0.081091], [0.088195, 0.042816], [-0.056023, 0.014851], [0.046641, -0.216762], [0.082552, 0.486249], [-0.12393, 0.474151], [0.026693, -0.349461], [0.063289, 0.687421], [-0.048867, 0.830795], [-0.001937, -0.39624], [0.107487, 0.768246], [-0.096706, 0.903152], [0.023299, -0.65222], [0.09239, -0.532302], [-0.053627, -0.558644], [-0.00804, -0.715804], [0.195805, -0.490922], [-0.159453, -0.550003], [0.292245, -0.237893], [-0.248602, -0.275698], [0.321396, 0.025677], [-0.391738, -0.062833], [0.378128, 0.099264], [-0.445896, 0.000786]], "theta": [1.156309, 0.015741, 0.14892, 3.085082, 0.155252, -1.177465, -0.382239, 0.296098, 0.162635, -0.217998, 0.240698, 0.08554, 0.365782, 0.001769, -0.039339, 1.19373, 0.236135, -0.339259, 0.692203, 0.308496, -0.036454, -0.225147, -0.020183, 0.040122, -0.837905, 0.28719, 0.319294, -0.547867, 0.091545, 0.020525, -0.028776, 0.037706, 0.005095, -0.00488, 0.003449, 0.005192, 0.002376, 0.004438, -0.010515, -0.195344, -0.048587, -0.004586, 0.00618, 0.146794, -0.674185, 0.072714, 0.329782, 0.513172, -0.062514, -0.117956, 0.022977, 0.205897, 0.122667, -0.787733, 0.265973, 0.25017, 0.651763, -0.433702, -0.856746, 0.267864, -0.111202, 0.823536, -0.175177, -0.096403, -0.060249, 0.639549, -0.208106, 0.176515, -0.215157, 0.106566, 0.041848, -0.406759, 0.108118, -0.034853, 0.416705, 0.602159, -1.026338, 0.086949, -2.339106, 0.391704, 0.075634, 1.264544, -2.157384, 0.11682, 0.865383]}