{"hc3d": [[-0.0007, -0.219049, 0.040646], [0.082812, -0.316149, 0.03775], [-0.082406, -0.315623, 0.04057], [-0.002938, -0.104218, 0.005246], [0.109483, -0.702206, -0.032807], [-0.108272, -0.673045, 0.222336], [0.002206, 0.022371, 0.033299], [0.017024, -1.08614, -0.182996], [-0.133742, -1.094244, 0.186669], [0.001946, 0.068692, 0.073593], [0.107531, -1.106173, -0.080524], [-0.13427, -1.114736, 0.324902], [0.014955, 0.291398, 0.063175], [0.096233, 0.19356, 0.069173], [-0.07534, 0.202597, 0.048984], [0.014708, 0.348502, 0.113026], [0.194417, 0.167102, 0.062234], [-0.179137, 0.184203, 0.06422], [0.258461, -0.09421, 0.080573], [-0.238839, -0.067369, 0.004494], [0.287637, -0.299126, 0.23865], [-0.269198, -0.326791, 0.046404], [0.322778, -0.35789, 0.29581], [-0.26842, -0.415102, 0.045498]], "im2d": [[0.017651, -0.081164], [0.088585, 0.042913], [-0.055824, 0.014909], [0.046905, -0.217041], [0.153384, 0.476661], [-0.230526, 0.442245], [0.033811, -0.356249], [0.177297, 0.876911], [-0.238771, 0.912025], [0.003943, -0.403385], [0.175278, 0.929131], [-0.346849, 0.954409], [0.030558, -0.655914], [0.092663, -0.530142], [-0.039135, -0.572084], [-0.006336, -0.713985], [0.181689, -0.484496], [-0.140894, -0.566515], [0.214009, -0.173999], [-0.154395, -0.29874], [0.110062, 0.085872], [-0.221526, -0.003007], [0.094153, 0.166542], [-0.223072, 0.097431]], "theta": [1.157967, 0.015944, 0.148957, 3.085387, 0.154996, -1.177884, 0.138441, 0.13773, 0.002725, -0.49838, 0.147191, -0.002367, 0.263438, -0.078106, -0.020693, 0.138171, 0.04845, -0.144019, 0.464711, 0.113701, -0.005571, -0.12482, -0.002907, 0.007029, -0.560595, 0.302293, 0.203166, -0.211, -0.034274, 0.088281, 0.041702, -0.006585, -0.0358, -0.001333, 0.001476, 0.000363, 0.00143, 0.00215, -0.005393, -0.171359, -0.021544, 0.019491, 0.000925, -0.011151, -0.590766, 0.047522, 0.378826, 0.543373, 0.025422, -0.185427, 0.038239, 0.047157, -0.387806, -0.592859, 0.327905, 0.112851, 0.848488, -0.024461, -0.445714, -0.003025, 0.02099, 0.275718, -0.047982, 0.247175, -0.127852, 0.444285, -0.107977, 0.054634, 0.073684, 0.109178, 0.044077, -0.410006, 0.110068, -0.040003, 0.415793, 0.602159, -1.026338, 0.086949, -2.339106, 0.391704, 0.075634, 1.264544, -2.157384, 0.11682, 0.865383]}