{"hc3d": [[-0.0007, -0.219049, 0.040646], [0.082812, -0.316149, 0.03775], [-0.082406, -0.315623, 0.04057], [-0.002938, -0.104218, 0.005246], [0.108726, -0.683351, -0.100888], [-0.078918, -0.647951, 0.266411], [-0.000123, 0.022654, 0.032332], [0.005335, -1.019582, -0.334919], [-0.108776, -1.056223, 0.37482], [-0.001634, 0.069943, 0.071457], [0.104303, -1.045013, -0.241901], [-0.07164, -1.041888, 0.508775], [0.010328, 0.292917, 0.067517], [0.091821, 0.195434, 0.075907], [-0.078292, 0.203985, 0.045655], [0.008498, 0.3502, 0.117129], [0.191968, 0.176686, 0.073214], [-0.182972, 0.185336, 0.051861], [0.257622, -0.083381, 0.101086], [-0.243605, -0.059287, -0.031223], [0.271475, -0.263707, 0.288491], [-0.258466, -0.315648, 0.032305], [0.300827, -0.312678, 0.357017], [-0.254838, -0.403574, 0.039797]], "im2d": [[0.017656, -0.081166], [0.088592, 0.042915], [-0.055821, 0.01491], [0.04691, -0.217047], [0.206039, 0.445663], [-0.238524, 0.424771], [0.032567, -0.357108], [0.286986, 0.778204], [-0.36159, 0.899105], [0.002558, -0.405717], [0.299388, 0.836677], [-0.432783, 0.907627], [0.023268, -0.657836], [0.083721, -0.532096], [-0.039053, -0.574636], [-0.014799, -0.716411], [0.17141, -0.494297], [-0.134597, -0.570179], [0.197783, -0.183615], [-0.130599, -0.313696], [0.058761, 0.049788], [-0.201011, -0.015829], [0.029398, 0.119924], [-0.206588, 0.085818]], "theta": [1.158001, 0.015947, 0.148958, 3.085391, 0.154993, -1.177889, 0.315857, 0.170022, 0.019696, -0.621082, 0.292285, 0.02359, 0.255191, -0.12277, -0.005955, 0.201134, 0.029379, -0.156211, 0.267789, 0.199637, -0.061795, -0.141916, -0.010005, -0.013285, -0.69521, 0.366636, 0.245602, -0.135487, 0.032882, 0.063665, 0.093857, -0.013288, -0.018766, -0.001718, 0.001628, 0.000845, 0.001573, 0.00204, -0.00567, -0.203892, -0.033678, -0.013101, 0.01053, 0.01614, -0.526192, 0.049825, 0.355802, 0.540657, 0.040179, -0.135171, 0.02883, 0.038825, -0.464165, -0.635408, 0.357293, 0.071572, 0.841298, -0.0375, -0.56368, 0.041231, 0.041722, 0.465046, -0.070155, 0.269446, -0.134536, 0.446869, -0.104194, 0.042552, 0.042233, 0.108854, 0.044176, -0.409524, 0.109766, -0.039752, 0.415858, 0.602159, -1.026338, 0.086949, -2.339106, 0.391704, 0.075634, 1.264544, -2.157384, 0.11682, 0.865383]}