{"hc3d": [[-0.0007, -0.219049, 0.040646], [0.082812, -0.316149, 0.03775], [-0.082406, -0.315623, 0.04057], [-0.002938, -0.104218, 0.005246], [0.163281, -0.698227, 0.085396], [-0.091107, -0.712852, 0.100504], [0.002662, 0.021133, 0.038319], [0.03467, -0.974537, -0.207219], [-0.068468, -1.115331, -0.029219], [0.000845, 0.064616, 0.081623], [0.131403, -1.048954, -0.142424], [-0.0854, -1.17386, 0.096544], [0.006501, 0.287088, 0.062921], [0.090976, 0.192141, 0.070882], [-0.081136, 0.19503, 0.053687], [0.003177, 0.343734, 0.113183], [0.189834, 0.169055, 0.061806], [-0.184128, 0.179458, 0.075921], [0.2329, -0.096082, 0.037941], [-0.237927, -0.077619, 0.038013], [0.295584, -0.342861, 0.092722], [-0.279643, -0.334805, 0.083757], [0.329847, -0.424737, 0.101542], [-0.294682, -0.420903, 0.096459]], "im2d": [[0.017659, -0.081167], [0.088596, 0.042916], [-0.055819, 0.014911], [0.046913, -0.21705], [0.108397, 0.497603], [-0.1228, 0.473531], [0.030285, -0.354084], [0.214937, 0.749631], [-0.016232, 0.917091], [-0.003348, -0.397837], [0.245633, 0.859528], [-0.130046, 0.99825], [0.023339, -0.652499], [0.086776, -0.529198], [-0.048012, -0.563826], [-0.016541, -0.710511], [0.178151, -0.487567], [-0.154403, -0.56036], [0.224939, -0.182089], [-0.179884, -0.282294], [0.228376, 0.116719], [-0.259686, 0.009532], [0.248348, 0.216825], [-0.285306, 0.106682]], "theta": [1.15802, 0.015949, 0.148958, 3.085393, 0.154991, -1.177892, -0.181147, 0.184878, 0.117686, -0.187618, 0.041146, 0.069572, 0.303434, -0.069938, -0.024992, 0.93619, 0.195148, -0.120115, 0.372233, 0.137462, 0.013602, -0.095309, -0.012817, 0.035988, -0.498968, 0.24546, 0.087957, -0.173514, -0.138255, 0.126758, -0.061987, 0.019798, -0.026778, -0.001072, 0.001163, 0.000421, 0.001733, 0.002434, -0.005755, -0.125663, -0.100667, -0.008428, 0.01767, 0.002742, -0.589848, 0.023069, 0.415024, 0.487612, 0.006548, -0.192497, 0.106315, 0.008992, -0.216402, -0.74331, 0.256234, 0.100236, 0.885247, -0.100089, -0.148564, 0.030693, 0.069387, 0.179526, -0.057862, 0.047499, -0.054313, 0.287983, -0.045617, 0.091092, -0.114126, 0.109565, 0.044539, -0.410608, 0.110368, -0.039663, 0.416777, 0.602159, -1.026338, 0.086949, -2.339106, 0.391704, 0.075634, 1.264544, -2.157384, 0.11682, 0.865383]}