{"hc3d": [[-0.0007, -0.219049, 0.040646], [0.082812, -0.316149, 0.03775], [-0.082406, -0.315623, 0.04057], [-0.002938, -0.104218, 0.005246], [0.123847, -0.704807, 0.082368], [-0.098481, -0.714224, 0.088711], [0.001863, 0.020043, 0.042316], [0.042144, -1.081691, -0.090242], [-0.081666, -1.102409, -0.079692], [-0.0002, 0.063545, 0.08559], [0.129966, -1.128249, 0.005744], [-0.102161, -1.16609, 0.043], [0.002136, 0.286503, 0.072939], [0.088011, 0.192579, 0.077178], [-0.084341, 0.1935, 0.062328], [4.3e-05, 0.342116, 0.124405], [0.188117, 0.176733, 0.066414], [-0.187127, 0.181061, 0.087317], [0.236237, -0.085809, 0.027968], [-0.248614, -0.075766, 0.061258], [0.300788, -0.331261, 0.086416], [-0.290521, -0.325844, 0.136641], [0.342715, -0.40876, 0.100254], [-0.30538, -0.408634, 0.163572]], "im2d": [[0.017659, -0.081167], [0.088596, 0.042916], [-0.055819, 0.014911], [0.046913, -0.21705], [0.076571, 0.498031], [-0.12007, 0.472215], [0.026468, -0.352425], [0.127329, 0.88898], [0.011883, 0.893175], [-0.007352, -0.396245], [0.12714, 0.970019], [-0.102793, 0.979167], [0.01181, -0.651179], [0.079366, -0.529321], [-0.057507, -0.561427], [-0.027975, -0.707643], [0.173362, -0.49595], [-0.16575, -0.561108], [0.235867, -0.194595], [-0.207008, -0.282976], [0.238118, 0.103527], [-0.309673, 0.004843], [0.260952, 0.200641], [-0.346037, 0.100236]], "theta": [1.158021, 0.015949, 0.148958, 3.085393, 0.154991, -1.177892, -0.159011, 0.141825, 0.018897, -0.159072, 0.019971, 0.052562, 0.335994, -0.059302, -0.018643, 0.494182, 0.135169, -0.067683, 0.442928, 0.115933, 0.007482, -0.128232, -0.001039, 0.049585, -0.411047, 0.237788, 0.095095, -0.224536, -0.109178, 0.12028, -0.033742, 0.014171, -0.036647, -0.001668, 0.001485, 0.001181, 0.001866, 0.002858, -0.006631, -0.134537, -0.091585, -0.02274, -0.002567, 0.009098, -0.531849, -0.004569, 0.427977, 0.438484, 0.009145, -0.199343, 0.084016, 0.035119, -0.186342, -0.799986, 0.212511, 0.110445, 0.870494, -0.057865, -0.216512, 0.03107, 0.016749, 0.254943, -0.072209, 0.072885, -0.081613, 0.374602, -0.053087, 0.132755, -0.143936, 0.109233, 0.044175, -0.410177, 0.110134, -0.038424, 0.416659, 0.602159, -1.026338, 0.086949, -2.339106, 0.391704, 0.075634, 1.264544, -2.157384, 0.11682, 0.865383]}