{"hc3d": [[-0.0007, -0.219049, 0.040646], [0.082812, -0.316149, 0.03775], [-0.082406, -0.315623, 0.04057], [-0.002938, -0.104218, 0.005246], [0.130818, -0.693634, 0.137396], [-0.115977, -0.714804, 0.009163], [-0.000356, 0.020569, 0.040737], [0.045951, -1.107003, 0.116536], [-0.138045, -1.081794, -0.200982], [-0.0017, 0.066352, 0.081619], [0.143975, -1.107988, 0.213922], [-0.140827, -1.138679, -0.07337], [-0.00247, 0.289347, 0.069429], [0.084699, 0.196594, 0.073009], [-0.087727, 0.195196, 0.059083], [-0.002149, 0.344613, 0.12131], [0.184064, 0.189274, 0.051534], [-0.191571, 0.187788, 0.081573], [0.226921, -0.063122, -0.033211], [-0.275807, -0.063673, 0.072014], [0.328983, -0.28844, 0.048306], [-0.271782, -0.26433, 0.244345], [0.389108, -0.352183, 0.064957], [-0.274204, -0.32111, 0.311951]], "im2d": [[0.017659, -0.081167], [0.088596, 0.042916], [-0.055819, 0.014911], [0.046913, -0.21705], [0.040366, 0.49413], [-0.073606, 0.458899], [0.025798, -0.353616], [-0.030214, 0.947086], [0.057865, 0.843423], [-0.005478, -0.400241], [-0.021197, 0.978205], [-0.045143, 0.925349], [0.010654, -0.655675], [0.079873, -0.535023], [-0.057856, -0.564375], [-0.027385, -0.71128], [0.181799, -0.512958], [-0.164909, -0.570304], [0.275931, -0.230449], [-0.238344, -0.299813], [0.293295, 0.054285], [-0.374838, -0.047026], [0.330074, 0.139206], [-0.431106, 0.026518]], "theta": [1.158021, 0.01595, 0.148958, 3.085393, 0.154991, -1.177892, -0.303844, 0.145807, 0.026381, 0.039616, 0.013069, 0.010432, 0.324412, -0.033089, 0.002057, 0.27221, 0.153978, -0.132621, 0.359836, 0.229044, -0.022763, -0.171766, -0.018824, 0.025696, -0.455053, 0.283805, 0.173483, -0.377842, -0.042912, 0.084564, 0.023252, 0.010943, -0.019732, -0.002174, 0.001832, 0.001993, 0.001558, 0.002981, -0.006618, -0.133198, -0.078811, -0.061221, -0.008135, 0.12198, -0.482557, -0.022926, 0.391702, 0.382755, 0.019382, -0.177036, 0.050118, 0.120143, -0.081174, -0.883088, 0.279696, 0.173633, 0.810005, -0.189805, -0.499843, 0.166387, -0.007687, 0.672507, -0.141139, 0.013366, -0.100805, 0.492437, -0.076776, 0.216329, -0.263361, 0.108973, 0.043404, -0.410523, 0.110006, -0.038437, 0.41634, 0.602159, -1.026338, 0.086949, -2.339106, 0.391704, 0.075634, 1.264544, -2.157384, 0.11682, 0.865383]}