{"hc3d": [[-0.00074, -0.218903, 0.039874], [0.082259, -0.315938, 0.036695], [-0.081924, -0.315384, 0.039438], [-0.002999, -0.104066, 0.004871], [0.170097, -0.635689, 0.252865], [-0.125988, -0.707201, -0.049557], [0.001518, 0.021354, 0.039378], [0.019081, -1.031622, 0.285081], [-0.175841, -1.004519, -0.350392], [0.004557, 0.068814, 0.077957], [0.136375, -1.015831, 0.357481], [-0.153307, -1.06739, -0.227007], [-0.002284, 0.29125, 0.05957], [0.086706, 0.200189, 0.056812], [-0.085965, 0.195099, 0.060186], [-5.7e-05, 0.345751, 0.113004], [0.179071, 0.189053, 0.015174], [-0.188672, 0.181662, 0.085371], [0.228067, -0.057282, -0.086985], [-0.265964, -0.073355, 0.096146], [0.344638, -0.238199, 0.062087], [-0.205552, -0.225903, 0.305535], [0.423103, -0.276212, 0.082168], [-0.197424, -0.260448, 0.386708]], "im2d": [[0.012751, -0.088765], [0.060421, 0.035937], [-0.043671, 3.1e-05], [0.052031, -0.218018], [-0.109768, 0.420797], [-0.014371, 0.416937], [0.031079, -0.353167], [-0.260512, 0.826647], [0.216376, 0.715292], [5.3e-05, -0.40244], [-0.254734, 0.839062], [0.110361, 0.797114], [0.0283, -0.65027], [0.07969, -0.530832], [-0.03063, -0.562312], [-0.016669, -0.706561], [0.175086, -0.501183], [-0.118686, -0.568126], [0.284261, -0.22537], [-0.194075, -0.303024], [0.204249, 0.00849], [-0.363413, -0.108834], [0.231359, 0.068589], [-0.436833, -0.063967]], "theta": [1.12507, 0.012073, 0.140006, 2.886574, 0.237032, -1.542587, -0.645128, 0.181993, 0.098229, 0.187578, 0.034551, -0.010559, 0.315401, 0.099157, 0.002911, 0.558161, 0.323051, -0.279212, 0.488313, 0.281319, -0.024054, -0.200056, -0.05003, 0.003697, -0.632192, 0.309825, 0.292026, -0.585634, 0.090017, -0.042059, 0.02634, 0.009781, 0.006798, -0.005758, 0.004927, 0.004687, -0.001584, 0.003613, -0.004061, -0.07339, -0.151602, -0.081506, 0.000614, 0.229616, -0.554954, -0.013227, 0.316957, 0.437719, -0.058903, -0.231587, 0.07619, 0.190791, -0.083259, -0.751725, 0.398614, 0.277393, 0.749253, -0.246511, -0.902989, 0.110711, -0.166886, 0.893692, -0.191066, 0.080026, -0.065452, 0.763494, 0.036301, 0.212703, -0.363431, 0.104524, 0.041727, -0.406573, 0.107231, -0.042483, 0.41368, 0.65911, -0.909977, 0.037952, -2.345598, 0.397227, 0.064145, 1.246703, -2.107578, 0.094558, 0.85316]}