{"hc3d": [[-0.00074, -0.218903, 0.039874], [0.082259, -0.315938, 0.036695], [-0.081924, -0.315384, 0.039438], [-0.002999, -0.104066, 0.004871], [0.089974, -0.704065, -0.040656], [-0.115037, -0.676077, 0.218843], [0.001358, 0.023389, 0.030901], [0.026148, -1.101863, -0.175897], [-0.121179, -1.093156, 0.132865], [0.000658, 0.070407, 0.070128], [0.100519, -1.139557, -0.065005], [-0.142067, -1.148892, 0.259915], [0.003055, 0.293137, 0.054372], [0.088805, 0.199087, 0.058878], [-0.083456, 0.199939, 0.045551], [0.008365, 0.349438, 0.10568], [0.188403, 0.185248, 0.042213], [-0.186381, 0.1793, 0.0641], [0.262925, -0.075307, 0.033514], [-0.237979, -0.080543, 0.033388], [0.319153, -0.29978, 0.155957], [-0.281397, -0.339031, 0.078808], [0.358853, -0.366852, 0.199891], [-0.285407, -0.427458, 0.082437]], "im2d": [[0.01614, -0.089513], [0.065289, 0.037384], [-0.040398, 0.000704], [0.055278, -0.221307], [0.120009, 0.468661], [-0.254952, 0.410812], [0.041035, -0.361364], [0.18452, 0.890785], [-0.202483, 0.870864], [0.006025, -0.411394], [0.122928, 0.95751], [-0.340449, 0.937952], [0.036378, -0.661738], [0.080096, -0.537022], [-0.015291, -0.576986], [-0.005827, -0.719973], [0.157706, -0.500718], [-0.098925, -0.57523], [0.196681, -0.19275], [-0.118073, -0.297508], [0.101093, 0.080228], [-0.204743, -0.013982], [0.079891, 0.167382], [-0.216204, 0.084542]], "theta": [1.145065, 0.014835, 0.140731, 2.891984, 0.232246, -1.550029, 0.161159, 0.101884, -0.050333, -0.492467, 0.090338, -0.006723, 0.243563, -0.064595, -0.012077, 0.049503, -0.052925, -0.055288, 0.573041, 0.045794, 0.014991, -0.116564, 0.010309, 0.022974, -0.382886, 0.321173, 0.116053, -0.071043, -0.078918, 0.117771, 0.028062, 0.013405, -0.021423, -0.001337, 0.001418, 0.000471, 0.001499, 0.002334, -0.005764, -0.122091, 0.051604, -0.026539, 0.02487, 0.070145, -0.52344, 0.041927, 0.360134, 0.529072, 0.030849, -0.08595, -0.00341, 0.108025, -0.366466, -0.689763, 0.267091, 0.16755, 0.820177, -0.05551, -0.375272, -0.002683, 0.001853, 0.149796, -0.05074, 0.22151, -0.144561, 0.388943, -0.068474, 0.081159, 0.050535, 0.109625, 0.043955, -0.410993, 0.110321, -0.039707, 0.416183, 0.65911, -0.909977, 0.037952, -2.345598, 0.397227, 0.064145, 1.246703, -2.107578, 0.094558, 0.85316]}