{"hc3d": [[-0.00074, -0.218903, 0.039874], [0.082259, -0.315938, 0.036695], [-0.081924, -0.315384, 0.039438], [-0.002999, -0.104066, 0.004871], [0.161508, -0.703286, 0.017541], [-0.085361, -0.695665, 0.176394], [0.00071, 0.023377, 0.031061], [0.043597, -0.92135, -0.327642], [-0.088201, -1.11455, 0.099502], [-0.002271, 0.068564, 0.072282], [0.142453, -1.001215, -0.271983], [-0.084051, -1.15944, 0.232364], [-0.000303, 0.291172, 0.054834], [0.08562, 0.197679, 0.064586], [-0.085712, 0.197387, 0.04228], [-0.000375, 0.348665, 0.105085], [0.185545, 0.179259, 0.056532], [-0.188512, 0.173877, 0.057867], [0.244816, -0.085091, 0.045418], [-0.239991, -0.085314, 0.021891], [0.300814, -0.313792, 0.159884], [-0.281253, -0.3438, 0.069287], [0.333813, -0.389869, 0.193476], [-0.296032, -0.430501, 0.079919]], "im2d": [[0.01616, -0.089521], [0.065316, 0.037391], [-0.040383, 0.000706], [0.055299, -0.221332], [0.109411, 0.487862], [-0.196963, 0.436309], [0.040491, -0.361523], [0.351728, 0.681317], [-0.151199, 0.899826], [0.002024, -0.409863], [0.355678, 0.796746], [-0.278339, 0.960715], [0.033715, -0.660317], [0.072571, -0.535793], [-0.013733, -0.574925], [-0.010792, -0.721159], [0.141882, -0.493651], [-0.094646, -0.570138], [0.173362, -0.184933], [-0.108643, -0.293471], [0.084985, 0.092191], [-0.195852, -0.009292], [0.068898, 0.187225], [-0.220661, 0.085437]], "theta": [1.145203, 0.01485, 0.140733, 2.892002, 0.232233, -1.550053, -0.006496, 0.172578, 0.127211, -0.377003, 0.147544, 0.064366, 0.243828, -0.101105, -0.010005, 0.941288, 0.134092, -0.119352, 0.437168, 0.177464, 0.011839, -0.070949, -0.010038, 0.025122, -0.542398, 0.304839, 0.115864, -0.132483, -0.094576, 0.086882, -0.02496, 0.019608, -0.01193, -0.002176, 0.001888, 0.0014, 0.001871, 0.003181, -0.007118, -0.13678, -0.008517, -0.031192, 0.028679, 0.029347, -0.567224, 0.041076, 0.385347, 0.549209, 0.023401, -0.079137, 0.050015, 0.079578, -0.311484, -0.716776, 0.261071, 0.120061, 0.799795, -0.072499, -0.335951, 0.048832, 0.078109, 0.180343, -0.051139, 0.111363, -0.078633, 0.279998, -0.016716, 0.067647, -0.092973, 0.108745, 0.043594, -0.40978, 0.109374, -0.03945, 0.416102, 0.65911, -0.909977, 0.037952, -2.345598, 0.397227, 0.064145, 1.246703, -2.107578, 0.094558, 0.85316]}