{"hc3d": [[-0.00074, -0.218903, 0.039874], [0.082259, -0.315938, 0.036695], [-0.081924, -0.315384, 0.039438], [-0.002999, -0.104066, 0.004871], [0.166805, -0.696647, 0.104504], [-0.096179, -0.714421, 0.102275], [0.003683, 0.021445, 0.038687], [-0.007847, -1.009035, -0.124662], [-0.069488, -1.106359, -0.062217], [0.002222, 0.065585, 0.081108], [0.103046, -1.063836, -0.061824], [-0.084461, -1.162206, 0.065617], [0.00526, 0.287949, 0.060912], [0.090764, 0.193906, 0.0689], [-0.08122, 0.194696, 0.052372], [0.001908, 0.343926, 0.112738], [0.188817, 0.168784, 0.056916], [-0.182916, 0.171783, 0.074653], [0.232519, -0.09711, 0.026772], [-0.227588, -0.089746, 0.047623], [0.289522, -0.33736, 0.113793], [-0.263422, -0.349578, 0.091981], [0.327526, -0.415792, 0.134018], [-0.269844, -0.437895, 0.094694]], "im2d": [[0.01616, -0.089521], [0.065317, 0.037391], [-0.040382, 0.000706], [0.0553, -0.221333], [0.030045, 0.487896], [-0.134088, 0.449579], [0.034951, -0.358148], [0.120018, 0.783003], [0.015605, 0.883051], [-0.003772, -0.404892], [0.12622, 0.873505], [-0.119418, 0.951638], [0.031201, -0.655036], [0.071445, -0.530114], [-0.020722, -0.570186], [-0.016966, -0.714789], [0.142923, -0.481155], [-0.107302, -0.565339], [0.182716, -0.175525], [-0.125718, -0.283897], [0.120482, 0.112784], [-0.206698, 0.002771], [0.120166, 0.210595], [-0.218792, 0.100584]], "theta": [1.145207, 0.014851, 0.140733, 2.892002, 0.232232, -1.550053, -0.236814, 0.217591, 0.118507, -0.192196, 0.04969, 0.056257, 0.305488, -0.04259, -0.029753, 0.867291, 0.320901, -0.190512, 0.460823, 0.10672, 0.041326, -0.107341, -0.024203, 0.046188, -0.576226, 0.242535, 0.175953, -0.280223, -0.094394, 0.113532, -0.062595, 0.010064, -0.019943, -0.002969, 0.002394, 0.002395, 0.001883, 0.003683, -0.007972, -0.091564, -0.077263, 0.001463, 0.009587, 0.026744, -0.624578, 0.031488, 0.41536, 0.550619, 0.043518, -0.244325, 0.068039, 0.069862, -0.208197, -0.722969, 0.272861, 0.13775, 0.833426, -0.09766, -0.298991, 0.039875, 0.045276, 0.1324, -0.043988, 0.058582, -0.051058, 0.349807, -0.011, 0.056126, 0.017311, 0.107996, 0.043055, -0.408561, 0.108873, -0.038003, 0.415653, 0.65911, -0.909977, 0.037952, -2.345598, 0.397227, 0.064145, 1.246703, -2.107578, 0.094558, 0.85316]}