{"hc3d": [[-0.00074, -0.218903, 0.039874], [0.082259, -0.315938, 0.036695], [-0.081924, -0.315384, 0.039438], [-0.002999, -0.104066, 0.004871], [0.117975, -0.70788, 0.07902], [-0.099537, -0.71762, 0.0752], [0.004686, 0.020767, 0.04091], [0.013883, -1.115273, 0.017354], [-0.073554, -1.070329, -0.162088], [0.002933, 0.063548, 0.084691], [0.122239, -1.140827, 0.100148], [-0.095803, -1.151793, -0.050047], [0.004396, 0.286375, 0.070249], [0.090565, 0.192791, 0.076229], [-0.08134, 0.192737, 0.058883], [0.001335, 0.342288, 0.122162], [0.18953, 0.169999, 0.067534], [-0.182557, 0.171805, 0.084971], [0.239289, -0.094402, 0.03386], [-0.226842, -0.090094, 0.061058], [0.297254, -0.333856, 0.122426], [-0.262263, -0.350779, 0.100459], [0.334498, -0.41154, 0.146573], [-0.264732, -0.439322, 0.102059]], "im2d": [[0.01616, -0.089521], [0.065317, 0.037391], [-0.040382, 0.000706], [0.0553, -0.221333], [0.023037, 0.487859], [-0.110522, 0.450461], [0.033415, -0.357006], [-0.008628, 0.917232], [0.110723, 0.834509], [-0.006876, -0.402191], [-0.021279, 0.975825], [-0.015364, 0.92907], [0.021639, -0.652785], [0.064247, -0.528377], [-0.027142, -0.567545], [-0.026433, -0.712396], [0.133299, -0.481591], [-0.116936, -0.564537], [0.180361, -0.176553], [-0.13811, -0.282368], [0.117305, 0.111188], [-0.214147, 0.004989], [0.11281, 0.208277], [-0.222709, 0.103848]], "theta": [1.145208, 0.014851, 0.140733, 2.892002, 0.232232, -1.550054, -0.156519, 0.220793, 0.000792, -0.127888, -0.000804, 0.050744, 0.32366, -0.030715, -0.036572, 0.256766, 0.268625, -0.101834, 0.595865, 0.072405, 0.016275, -0.093798, -0.02377, 0.065027, -0.397114, 0.226554, 0.124212, -0.263287, -0.070834, 0.132594, -0.068221, -0.003452, -0.024184, -0.004358, 0.003251, 0.003912, 0.002122, 0.005123, -0.010262, -0.117234, -0.086323, -0.018504, -0.019257, -0.006687, -0.601372, 0.000788, 0.460653, 0.516286, 0.068234, -0.302316, 0.055919, 0.059823, -0.170645, -0.732024, 0.264585, 0.131138, 0.856178, -0.09048, -0.319874, 0.028221, 0.048607, 0.105883, -0.029086, 0.088128, -0.086151, 0.338067, -0.044119, 0.088902, 0.044492, 0.106759, 0.042525, -0.406548, 0.107689, -0.037472, 0.415031, 0.65911, -0.909977, 0.037952, -2.345598, 0.397227, 0.064145, 1.246703, -2.107578, 0.094558, 0.85316]}