{"hc3d": [[-0.000783, -0.218516, 0.039552], [0.081798, -0.3154, 0.036289], [-0.081558, -0.314848, 0.039025], [-0.00305, -0.103816, 0.004757], [0.115507, -0.658418, 0.232208], [-0.163944, -0.711174, 0.0407], [-0.002993, 0.024922, 0.023795], [0.159185, -1.064258, 0.11169], [-0.117986, -1.114446, -0.090299], [-3.7e-05, 0.074374, 0.059494], [0.194469, -1.116539, 0.235346], [-0.176382, -1.178679, 0.019966], [-0.004055, 0.296744, 0.043475], [0.082938, 0.204348, 0.034936], [-0.089071, 0.20212, 0.047708], [0.005072, 0.346791, 0.100597], [0.179002, 0.190172, 0.004394], [-0.191204, 0.199237, 0.077663], [0.261018, -0.057566, -0.070263], [-0.284764, -0.046678, 0.122205], [0.29268, -0.31485, -0.032009], [-0.347707, -0.274095, 0.24559], [0.33218, -0.391324, -0.007676], [-0.375857, -0.339515, 0.298235]], "im2d": [[0.014206, -0.088302], [-0.019965, 0.038005], [0.036825, 0.003623], [0.061892, -0.212588], [-0.272584, 0.401532], [0.034305, 0.432277], [0.051123, -0.360191], [-0.188704, 0.884792], [0.128979, 0.914673], [0.014963, -0.420511], [-0.3405, 0.93241], [0.025108, 0.958596], [0.051189, -0.669036], [0.021508, -0.546091], [0.070303, -0.580606], [-0.010539, -0.73195], [0.018582, -0.505993], [0.07476, -0.602671], [0.050733, -0.199531], [0.041282, -0.35183], [-0.022561, 0.090599], [-0.08792, -0.127263], [-0.069481, 0.181053], [-0.140116, -0.067264]], "theta": [1.152655, 0.013107, 0.141909, 1.873313, 0.336692, -2.58454, -0.523735, -0.256692, 0.067725, -0.059872, -0.111974, -0.112116, 0.190273, 0.055545, 0.029498, 0.690005, -0.029006, -0.081048, 0.256473, 0.121617, 0.176322, -0.12679, 0.014379, -0.011846, -0.161473, 0.266855, 0.090026, -0.136672, -0.269733, 0.065827, 0.088991, 0.039963, -0.026066, -0.000508, 0.000104, 0.001408, 0.002235, 0.002097, -0.007088, 0.003222, 0.012484, 0.006159, 0.029342, 0.059451, -0.541907, -0.002433, 0.295479, 0.353894, 0.037118, 0.094338, 0.046486, 0.180916, -0.161306, -0.648457, 0.18067, 0.307369, 0.712073, 0.252806, -0.330766, -0.198826, -0.086422, 0.203506, -0.032624, 0.468742, -0.106133, 0.477876, 0.209394, 0.169836, -0.292104, 0.11143, 0.044608, -0.411751, 0.111992, -0.038189, 0.420802, 0.662281, -0.862944, 0.013452, -2.33949, 0.339102, 0.073813, 1.243726, -2.053073, 0.089439, 0.864021]}