{"hc3d": [[-0.000783, -0.218516, 0.039552], [0.081798, -0.3154, 0.036289], [-0.081558, -0.314848, 0.039025], [-0.00305, -0.103816, 0.004757], [0.062667, -0.652286, 0.244431], [-0.165181, -0.699428, -0.055684], [-0.003487, 0.025795, 0.016453], [0.121332, -1.072036, 0.205613], [-0.160472, -0.983854, -0.373458], [-0.000204, 0.073607, 0.054294], [0.115005, -1.092405, 0.342778], [-0.196278, -1.076132, -0.273975], [-0.007915, 0.296273, 0.045276], [0.080348, 0.205585, 0.032517], [-0.09138, 0.200219, 0.047873], [0.002554, 0.346908, 0.101644], [0.17804, 0.197631, 0.005036], [-0.189413, 0.19759, 0.089339], [0.263188, -0.041786, -0.090377], [-0.284061, -0.044174, 0.151011], [0.303339, -0.297686, -0.050828], [-0.341276, -0.272008, 0.2764], [0.325209, -0.382636, -0.033342], [-0.369076, -0.324474, 0.342112]], "im2d": [[0.01538, -0.088603], [-0.018667, 0.038626], [0.038432, 0.003751], [0.063001, -0.213765], [-0.265318, 0.385347], [0.144264, 0.43553], [0.060048, -0.362245], [-0.275773, 0.878206], [0.469924, 0.805013], [0.020901, -0.421225], [-0.425499, 0.879813], [0.366994, 0.887418], [0.050334, -0.673478], [0.025082, -0.550689], [0.070967, -0.582454], [-0.011576, -0.736882], [0.018725, -0.517412], [0.061308, -0.605878], [0.074168, -0.214831], [0.010294, -0.360952], [-0.00319, 0.077271], [-0.123361, -0.133384], [-0.036792, 0.175369], [-0.189188, -0.089416]], "theta": [1.159779, 0.014044, 0.14212, 1.874987, 0.335243, -2.586839, -0.569913, -0.390409, -0.030194, 0.179542, -0.13223, -0.133095, 0.133665, 0.085936, 0.032381, 0.570831, -0.241424, -0.054372, 0.526922, 0.35794, 0.129499, -0.02543, 0.000548, -0.003403, -0.201377, 0.29959, 0.220876, -0.366866, -0.226533, 0.004023, 0.074029, 0.039316, -0.018231, 0.001777, -0.000719, -0.002393, 0.001319, 0.000759, -0.00264, -0.038875, -0.034281, -0.058074, 0.043672, 0.017142, -0.495578, -0.018697, 0.395817, 0.313744, 0.171227, 0.060118, 0.039078, 0.189841, -0.106798, -0.693797, 0.11086, 0.271197, 0.680306, 0.304371, -0.41357, -0.141087, 0.023936, 0.171316, 0.008979, 0.420236, -0.165358, 0.2211, 0.236331, 0.222556, -0.484345, 0.11262, 0.046061, -0.415306, 0.112982, -0.040062, 0.418841, 0.662281, -0.862944, 0.013452, -2.33949, 0.339102, 0.073813, 1.243726, -2.053073, 0.089439, 0.864021]}