{"hc3d": [[-0.000783, -0.218516, 0.039552], [0.081798, -0.3154, 0.036289], [-0.081558, -0.314848, 0.039025], [-0.00305, -0.103816, 0.004757], [0.10107, -0.711327, 0.02907], [-0.160911, -0.681772, 0.190467], [-0.001586, 0.024751, 0.024864], [0.040342, -1.110484, -0.105556], [-0.092789, -1.06246, 0.010642], [-0.002271, 0.070985, 0.064747], [0.105715, -1.15648, 0.007934], [-0.158327, -1.14142, 0.106373], [-0.012327, 0.293397, 0.052394], [0.078019, 0.203944, 0.04873], [-0.0943, 0.196106, 0.048615], [-0.001819, 0.340403, 0.111814], [0.178422, 0.199876, 0.032457], [-0.193772, 0.174216, 0.079648], [0.287665, -0.046764, 0.002312], [-0.257533, -0.083398, 0.107589], [0.299222, -0.282718, 0.115682], [-0.294706, -0.329474, 0.202294], [0.320125, -0.35551, 0.163275], [-0.304301, -0.413606, 0.228244]], "im2d": [[0.015435, -0.088623], [-0.018613, 0.038651], [0.038503, 0.003755], [0.063059, -0.213829], [-0.047442, 0.491896], [-0.126052, 0.38044], [0.050082, -0.362014], [0.092771, 0.950905], [0.017774, 0.851889], [0.010015, -0.420344], [-0.059303, 0.999874], [-0.069128, 0.913638], [0.04394, -0.672388], [0.008032, -0.551857], [0.070946, -0.578695], [-0.021632, -0.732139], [-0.011335, -0.524049], [0.071823, -0.579093], [-0.036899, -0.217778], [0.045297, -0.304793], [-0.183283, 0.035085], [-0.063432, -0.047836], [-0.24867, 0.114835], [-0.094695, 0.041604]], "theta": [1.160149, 0.014087, 0.142127, 1.875041, 0.335199, -2.586914, -0.014083, 0.037946, -0.032047, -0.437755, -0.073942, -0.091883, 0.197851, -0.001921, 0.015672, 0.216792, -0.025489, -0.078657, 0.777607, -0.072637, 0.137313, -0.0508, -0.000693, 0.029559, -0.313627, 0.295172, 0.110911, -0.154148, -0.222397, 0.110834, 0.021591, 0.043408, -0.015234, -0.00491, 0.003503, 0.004681, 0.002673, 0.005486, -0.011662, 0.035327, 0.049709, -0.085642, 0.025978, -0.002097, -0.463003, 0.011841, 0.404161, 0.485101, 0.13777, -0.040233, -0.027931, 0.200587, -0.305848, -0.665462, 0.148293, 0.233427, 0.679067, 0.260586, -0.53261, -0.164274, 0.017495, 0.160542, 0.005507, 0.255621, -0.128837, 0.358387, -0.015073, 0.091115, -0.050434, 0.10726, 0.041265, -0.408099, 0.107721, -0.034255, 0.414965, 0.662281, -0.862944, 0.013452, -2.33949, 0.339102, 0.073813, 1.243726, -2.053073, 0.089439, 0.864021]}