{"hc3d": [[-0.000783, -0.218516, 0.039552], [0.081798, -0.3154, 0.036289], [-0.081558, -0.314848, 0.039025], [-0.00305, -0.103816, 0.004757], [0.094748, -0.689824, -0.093406], [-0.124472, -0.628585, 0.2912], [-0.000315, 0.024349, 0.027167], [0.042001, -0.997391, -0.382817], [-0.078025, -1.041609, 0.386878], [-0.003429, 0.068192, 0.069556], [0.105883, -1.090355, -0.301912], [-0.129877, -1.083665, 0.510316], [-0.008768, 0.291056, 0.074439], [0.080087, 0.200117, 0.07092], [-0.091734, 0.196283, 0.056155], [-0.005648, 0.335787, 0.136409], [0.18151, 0.195785, 0.063383], [-0.195585, 0.176297, 0.068494], [0.314199, -0.040828, 0.072434], [-0.276605, -0.07637, 0.040096], [0.302795, -0.254376, 0.223854], [-0.33513, -0.321275, 0.126704], [0.311742, -0.311791, 0.291855], [-0.360059, -0.403085, 0.149709]], "im2d": [[0.015437, -0.088624], [-0.018611, 0.038652], [0.038506, 0.003756], [0.063062, -0.213832], [0.090948, 0.484222], [-0.246049, 0.313013], [0.047058, -0.361638], [0.405012, 0.863921], [-0.399111, 0.776157], [0.004955, -0.418134], [0.285735, 0.970533], [-0.518699, 0.794903], [0.018256, -0.672245], [-0.017374, -0.55036], [0.06174, -0.579479], [-0.047569, -0.731327], [-0.046726, -0.523322], [0.084892, -0.580197], [-0.12319, -0.229288], [0.126933, -0.306805], [-0.301222, -0.012129], [0.035031, -0.054409], [-0.383464, 0.044744], [0.012816, 0.029657]], "theta": [1.160167, 0.014089, 0.142127, 1.875043, 0.335197, -2.586916, 0.297378, 0.109875, -0.029688, -0.710687, 0.042083, -0.026325, 0.214007, -0.072778, 0.001229, 0.337598, -0.073867, -0.030045, 0.363134, -0.087378, 0.083467, -0.008668, -0.000819, 0.039364, -0.295951, 0.30099, 0.025218, 0.163837, -0.288934, 0.167394, 0.042555, 0.028558, -0.022937, -0.001336, 0.001095, 0.000869, 0.002068, 0.001892, -0.006032, -0.010326, -0.019553, -0.087955, 0.036304, -0.00637, -0.454845, 0.011448, 0.317916, 0.484189, 0.12231, -0.03372, 0.017919, 0.095371, -0.431023, -0.518014, 0.157455, 0.156052, 0.686796, 0.26888, -0.651623, -0.194386, -0.10308, 0.32746, -0.03575, 0.30726, -0.194817, 0.420012, -0.12372, 0.033868, -0.159731, 0.110619, 0.043658, -0.412614, 0.110715, -0.037003, 0.417272, 0.662281, -0.862944, 0.013452, -2.33949, 0.339102, 0.073813, 1.243726, -2.053073, 0.089439, 0.864021]}