{"hc3d": [[-0.000783, -0.218516, 0.039552], [0.081798, -0.3154, 0.036289], [-0.081558, -0.314848, 0.039025], [-0.00305, -0.103816, 0.004757], [0.095319, -0.68597, -0.103986], [-0.117103, -0.630252, 0.290265], [-0.000251, 0.024724, 0.024897], [0.053556, -0.96623, -0.421553], [-0.07031, -1.050927, 0.34264], [-0.004729, 0.067815, 0.067929], [0.114078, -1.069131, -0.350719], [-0.120976, -1.106971, 0.460905], [-0.011146, 0.290678, 0.071404], [0.078158, 0.200112, 0.070804], [-0.093183, 0.195441, 0.051421], [-0.009266, 0.337006, 0.13224], [0.179659, 0.19347, 0.066861], [-0.197234, 0.174918, 0.060851], [0.304231, -0.047537, 0.075306], [-0.273647, -0.07949, 0.035383], [0.304083, -0.270601, 0.212797], [-0.337264, -0.325676, 0.114439], [0.31477, -0.336391, 0.272447], [-0.366051, -0.406217, 0.13742]], "im2d": [[0.015437, -0.088624], [-0.018611, 0.038652], [0.038506, 0.003756], [0.063062, -0.213832], [0.102642, 0.481529], [-0.247858, 0.316566], [0.049555, -0.361716], [0.44562, 0.836726], [-0.354084, 0.794796], [0.00719, -0.417739], [0.337891, 0.955368], [-0.469476, 0.830381], [0.022433, -0.671865], [-0.016537, -0.550738], [0.067407, -0.578131], [-0.041571, -0.732846], [-0.050037, -0.521596], [0.093785, -0.577857], [-0.12318, -0.224181], [0.130785, -0.301968], [-0.290773, 0.008127], [0.04895, -0.04807], [-0.365115, 0.076067], [0.028275, 0.033763]], "theta": [1.160168, 0.014089, 0.142127, 1.875043, 0.335197, -2.586916, 0.325596, 0.111646, -0.026415, -0.706706, 0.048219, -0.008569, 0.195629, -0.09796, -4.1e-05, 0.400416, -0.103837, -0.011034, 0.460514, -0.070171, 0.075227, 0.02739, -0.002592, 0.04568, -0.271424, 0.311486, -0.006374, 0.177155, -0.304465, 0.161888, 0.019828, 0.02987, -0.021503, -0.001316, 0.00108, 0.000765, 0.002066, 0.00202, -0.006111, -0.030731, -0.009187, -0.088335, 0.04108, -0.020824, -0.478892, 0.010896, 0.316343, 0.486023, 0.119539, -0.001443, 0.018762, 0.097985, -0.414424, -0.535398, 0.14858, 0.171192, 0.690137, 0.266852, -0.558322, -0.167906, -0.096383, 0.278944, -0.038566, 0.272058, -0.18067, 0.351569, -0.131649, 0.055174, -0.199213, 0.110436, 0.04389, -0.412088, 0.110683, -0.037204, 0.417316, 0.662281, -0.862944, 0.013452, -2.33949, 0.339102, 0.073813, 1.243726, -2.053073, 0.089439, 0.864021]}