{"hc3d": [[-0.001022, -0.21798, 0.037002], [0.079648, -0.314415, 0.032723], [-0.079897, -0.313772, 0.035286], [-0.003359, -0.103577, 0.003689], [0.102869, -0.684795, 0.186863], [-0.140655, -0.716418, -0.012746], [-0.0001, 0.025111, 0.031158], [0.06714, -1.112752, 0.217322], [-0.111625, -0.930635, -0.385858], [0.002158, 0.073058, 0.067995], [0.141289, -1.136634, 0.333392], [-0.151849, -1.059113, -0.343241], [-0.005859, 0.294337, 0.053936], [0.08254, 0.203775, 0.046571], [-0.088271, 0.198037, 0.054074], [-0.003303, 0.35037, 0.107986], [0.176069, 0.19801, 0.007748], [-0.190199, 0.197026, 0.084065], [0.234839, -0.053984, -0.08299], [-0.245744, -0.063921, 0.118595], [0.32695, -0.300267, -0.052999], [-0.255046, -0.293062, 0.259253], [0.385653, -0.368145, -0.05416], [-0.263617, -0.339495, 0.334425]], "im2d": [[0.020452, -0.100331], [0.032145, 0.021189], [-0.00343, -0.013373], [0.067233, -0.222505], [-0.166021, 0.417315], [-0.003986, 0.411763], [0.051008, -0.362509], [-0.248602, 0.87048], [0.383313, 0.671347], [0.016478, -0.416016], [-0.360906, 0.905136], [0.316331, 0.79919], [0.051896, -0.656027], [0.069092, -0.539039], [0.025236, -0.569376], [-0.000341, -0.719221], [0.129675, -0.510761], [-0.028221, -0.591587], [0.214732, -0.220667], [-0.102747, -0.323342], [0.176978, 0.063201], [-0.279088, -0.085937], [0.183608, 0.149033], [-0.366547, -0.041987]], "theta": [1.102769, 0.019568, 0.126999, 2.480901, 0.294912, -2.035095, -0.421279, 0.017501, -0.031232, 0.06957, -0.109734, -0.059983, 0.243612, 0.059129, 0.009971, 0.231888, 0.009237, -0.018027, 0.862961, 0.14051, 0.050076, -0.128415, -0.017543, 0.004117, -0.119327, 0.356562, 0.068795, -0.099607, -0.12707, 0.049616, 0.030775, 0.040523, -0.000884, -0.001491, 0.000531, 0.003164, 0.001398, 0.001892, -0.006075, -0.074793, -0.101234, -0.018397, 0.031322, 0.194017, -0.502446, -0.052703, 0.326657, 0.319454, 0.013426, -0.079788, 0.092412, 0.058394, -0.098923, -0.770556, 0.365604, 0.400396, 0.883601, -0.029327, -0.333958, -0.028658, 0.023471, 0.289724, -0.141064, 0.254361, -0.064778, 0.489044, 0.317877, 0.259665, -0.544963, 0.110547, 0.044754, -0.410311, 0.111901, -0.040465, 0.42087, 0.752943, -0.498629, -0.070078, -2.276898, 0.278375, 0.086252, 1.217457, -1.974068, 0.075152, 0.91228]}