{"hc3d": [[-0.001022, -0.21798, 0.037002], [0.079648, -0.314415, 0.032723], [-0.079897, -0.313772, 0.035286], [-0.003359, -0.103577, 0.003689], [0.084117, -0.709521, 0.105876], [-0.134286, -0.717744, 0.079676], [0.000177, 0.026133, 0.025796], [0.043323, -1.138104, 0.107633], [-0.113608, -0.919497, -0.300868], [0.003358, 0.074783, 0.061629], [0.110086, -1.162934, 0.227911], [-0.158009, -1.049552, -0.268389], [0.00391, 0.295782, 0.041999], [0.088833, 0.201767, 0.037621], [-0.082122, 0.20272, 0.043853], [0.006695, 0.352069, 0.095773], [0.184731, 0.184498, 0.009452], [-0.183617, 0.198302, 0.074986], [0.231301, -0.079987, -0.045935], [-0.232936, -0.066106, 0.069799], [0.289273, -0.331562, 0.012276], [-0.277523, -0.318678, 0.151013], [0.327149, -0.411262, 0.028648], [-0.29614, -0.394758, 0.192795]], "im2d": [[0.021778, -0.100727], [0.033864, 0.021715], [-0.001912, -0.013258], [0.068502, -0.223876], [-0.082717, 0.448587], [-0.10028, 0.41227], [0.057686, -0.365507], [-0.134305, 0.906174], [0.298147, 0.657393], [0.024084, -0.419761], [-0.253573, 0.940796], [0.241142, 0.787624], [0.066791, -0.659058], [0.080097, -0.538334], [0.038001, -0.57629], [0.014344, -0.722705], [0.128916, -0.497461], [-0.017283, -0.594923], [0.173312, -0.196593], [-0.047299, -0.31744], [0.097862, 0.086355], [-0.16909, -0.056624], [0.080249, 0.180283], [-0.225671, 0.019867]], "theta": [1.110481, 0.020634, 0.127274, 2.482989, 0.293068, -2.037966, -0.208732, 0.002963, -0.074583, -0.150848, -0.057545, -0.033642, 0.201888, 0.047367, 0.005807, 0.084257, -0.031918, 0.004712, 1.118041, 0.052547, 0.006018, -0.106772, -0.012313, -0.013248, -0.165663, 0.336203, 0.086825, -0.067481, -0.128638, 0.090932, 0.027631, 0.034024, -0.017014, -0.003375, 0.002004, 0.004335, 0.002725, 0.004167, -0.010491, -0.055608, -0.084271, 0.01973, 0.061024, 0.085721, -0.556987, -0.063814, 0.354232, 0.394465, 0.098048, -0.106253, 0.062985, 0.079471, -0.200431, -0.753677, 0.336066, 0.204686, 0.974186, 0.072128, -0.29075, -0.017057, 0.066808, 0.141464, -0.128582, 0.281036, -0.095876, 0.325694, 0.239752, 0.181382, -0.282569, 0.108468, 0.042998, -0.408089, 0.109656, -0.037234, 0.418039, 0.752943, -0.498629, -0.070078, -2.276898, 0.278375, 0.086252, 1.217457, -1.974068, 0.075152, 0.91228]}