{"hc3d": [[-0.001022, -0.21798, 0.037002], [0.079648, -0.314415, 0.032723], [-0.079897, -0.313772, 0.035286], [-0.003359, -0.103577, 0.003689], [0.139096, -0.706339, 0.098612], [-0.107769, -0.717258, 0.102695], [0.000625, 0.026559, 0.023042], [0.115053, -0.966828, -0.243321], [-0.071181, -1.142577, 0.041779], [0.000408, 0.072112, 0.062865], [0.194956, -1.063001, -0.180818], [-0.10811, -1.206462, 0.162177], [9e-06, 0.2937, 0.051702], [0.086147, 0.200694, 0.051795], [-0.084639, 0.199864, 0.041956], [-0.004351, 0.348166, 0.107218], [0.184453, 0.181571, 0.035716], [-0.187624, 0.180548, 0.05959], [0.249886, -0.082901, 0.004709], [-0.230169, -0.08446, 0.041379], [0.296525, -0.325295, 0.100152], [-0.289185, -0.345271, 0.070899], [0.320063, -0.407301, 0.128003], [-0.309994, -0.431338, 0.077213]], "im2d": [[0.02252, -0.101008], [0.0348, 0.021974], [-0.001101, -0.013225], [0.069257, -0.224722], [-0.061976, 0.459483], [-0.118785, 0.418032], [0.061323, -0.367115], [0.28147, 0.75744], [-0.08509, 0.893966], [0.022141, -0.419092], [0.22073, 0.87636], [-0.230236, 0.949312], [0.055287, -0.660712], [0.064258, -0.540536], [0.039416, -0.575876], [-0.001036, -0.72417], [0.100425, -0.497601], [-0.003072, -0.5779], [0.122749, -0.192834], [-0.017209, -0.296493], [0.005257, 0.076921], [-0.086466, -0.025801], [-0.028035, 0.170095], [-0.105856, 0.063425]], "theta": [1.115066, 0.021218, 0.127395, 2.483966, 0.292234, -2.039306, -0.189423, -0.01591, 0.064754, -0.19939, 0.015029, 0.028401, 0.178641, -0.02506, -0.002317, 0.996554, 0.091095, -0.028869, 0.217495, 0.111808, 0.052232, -0.001341, -0.00916, 0.015848, -0.28663, 0.303166, 0.065696, 0.017701, -0.257264, 0.107518, -0.016391, 0.012128, -0.017546, -0.004271, 0.003233, 0.003609, 0.002245, 0.004871, -0.010328, -0.060502, -0.105634, 0.025969, 0.057596, 0.04237, -0.585981, 0.000737, 0.32744, 0.51604, 0.125802, -0.097291, 0.057594, 0.102085, -0.297189, -0.676191, 0.267654, 0.211202, 0.841768, 0.094235, -0.348058, -0.013636, -0.013851, 0.016542, -0.058778, 0.290535, -0.097478, 0.175688, 0.043132, 0.077522, -0.101713, 0.107069, 0.042532, -0.407005, 0.108076, -0.037925, 0.414861, 0.752943, -0.498629, -0.070078, -2.276898, 0.278375, 0.086252, 1.217457, -1.974068, 0.075152, 0.91228]}