{"hc3d": [[-0.001022, -0.21798, 0.037002], [0.079648, -0.314415, 0.032723], [-0.079897, -0.313772, 0.035286], [-0.003359, -0.103577, 0.003689], [0.129289, -0.692479, 0.159544], [-0.131097, -0.719379, 0.003917], [-0.001441, 0.026289, 0.025066], [0.116575, -1.091437, -0.001766], [-0.098549, -1.130134, -0.123227], [-0.001255, 0.073429, 0.062997], [0.191788, -1.150256, 0.100332], [-0.141824, -1.199175, -0.007896], [-0.002713, 0.295056, 0.052722], [0.08371, 0.202352, 0.050074], [-0.087279, 0.200962, 0.044945], [-0.005914, 0.348632, 0.109175], [0.181239, 0.189754, 0.025223], [-0.190459, 0.191406, 0.068448], [0.235695, -0.073731, -0.027678], [-0.244763, -0.071525, 0.085445], [0.304719, -0.32527, 0.017079], [-0.28361, -0.316552, 0.189511], [0.343585, -0.405307, 0.028836], [-0.30185, -0.388607, 0.238047]], "im2d": [[0.02252, -0.101008], [0.034801, 0.021974], [-0.001101, -0.013225], [0.069258, -0.224722], [-0.1292, 0.438931], [-0.01603, 0.420667], [0.05866, -0.367375], [0.006321, 0.880874], [0.09049, 0.883401], [0.021777, -0.420898], [-0.09506, 0.955823], [-0.050935, 0.943289], [0.053736, -0.662837], [0.065788, -0.542781], [0.03571, -0.577808], [-0.003453, -0.725124], [0.111987, -0.506669], [-0.012297, -0.590856], [0.156018, -0.20416], [-0.067107, -0.316154], [0.097629, 0.083151], [-0.212031, -0.062397], [0.085276, 0.178344], [-0.275638, 0.009788]], "theta": [1.115069, 0.021219, 0.127395, 2.483966, 0.292234, -2.039306, -0.342156, -0.057382, 0.047979, 0.035972, -0.05423, -0.030979, 0.194598, -0.014959, 0.013909, 0.609989, 0.098897, -0.033341, 0.141747, 0.155037, 0.085831, -0.058237, -0.006231, 0.001875, -0.200075, 0.303273, 0.092374, -0.084224, -0.246589, 0.080886, 0.028386, 0.025974, -0.019713, -0.003055, 0.002473, 0.002565, 0.002148, 0.004049, -0.008843, -0.048819, -0.096549, 0.035844, 0.031886, 0.111739, -0.535722, -0.032942, 0.346917, 0.417697, 0.123746, -0.099946, 0.048702, 0.082399, -0.231169, -0.77365, 0.301598, 0.327699, 0.839726, 0.136954, -0.21982, 0.015555, 0.08142, 0.176509, -0.10413, 0.341454, -0.078593, 0.275598, 0.265878, 0.164421, -0.290958, 0.107955, 0.04332, -0.408036, 0.109489, -0.038622, 0.415623, 0.752943, -0.498629, -0.070078, -2.276898, 0.278375, 0.086252, 1.217457, -1.974068, 0.075152, 0.91228]}