{"hc3d": [[-0.000968, -0.218226, 0.037238], [0.080044, -0.314867, 0.03303], [-0.08017, -0.314231, 0.035594], [-0.0033, -0.103607, 0.003741], [0.053401, -0.694252, 0.164239], [-0.068685, -0.712997, -0.061161], [0.003349, 0.025465, 0.02866], [0.02323, -1.124325, 0.160592], [-0.077074, -1.10494, -0.242308], [0.006683, 0.074077, 0.064773], [0.061297, -1.136008, 0.294777], [-0.096154, -1.156829, -0.112127], [0.008067, 0.296034, 0.051898], [0.093046, 0.20183, 0.046567], [-0.078331, 0.202989, 0.04901], [0.009076, 0.34922, 0.108793], [0.190813, 0.191414, 0.021145], [-0.181619, 0.202191, 0.074542], [0.189653, -0.042626, -0.122401], [-0.236238, -0.061448, 0.063643], [0.276463, -0.252173, 0.01457], [-0.209591, -0.251823, 0.252376], [0.323458, -0.316257, 0.05658], [-0.204096, -0.300515, 0.326591]], "im2d": [[0.007339, -0.132927], [0.093892, -0.027016], [-0.074139, -0.030838], [0.014239, -0.260356], [0.02901, 0.396052], [-0.029857, 0.391519], [0.012671, -0.397476], [0.001763, 0.860607], [0.019254, 0.797741], [0.00483, -0.446464], [0.000842, 0.887301], [-0.039813, 0.866355], [0.008562, -0.687973], [0.099579, -0.584728], [-0.080071, -0.589363], [-0.008049, -0.739911], [0.209434, -0.573896], [-0.195641, -0.588162], [0.25352, -0.334739], [-0.247422, -0.305003], [0.304081, -0.092553], [-0.275523, -0.079735], [0.34085, -0.018045], [-0.291966, -0.019585]], "theta": [1.08719, 0.007719, 0.09596, 3.201907, 0.010408, -0.456738, -0.357269, -0.09866, -0.138392, 0.203681, 0.022124, 0.129572, 0.225202, 0.055947, -0.017057, 0.245828, -0.083249, 0.059329, 0.121709, 0.130712, -0.149296, -0.128409, -0.00779, 0.012999, -0.280452, 0.281711, -0.003624, -0.303289, -0.070381, -0.043832, 0.057119, 0.000194, -0.018711, -0.001831, 0.001567, 0.002076, 0.001249, 0.001664, -0.004935, -0.031493, -0.138585, -0.014456, 0.025351, 0.080292, -0.488381, -0.074971, 0.320129, 0.357505, 0.042721, -0.169976, 0.054609, 0.316225, 0.084083, -0.999044, 0.247978, 0.171696, 0.982694, -0.226117, -0.96528, 0.290615, -0.078082, 0.745528, -0.147037, -0.05598, -0.17578, 0.372937, -0.369654, 0.287737, -0.253761, 0.109474, 0.043439, -0.41136, 0.109962, -0.039107, 0.416658, 0.776895, -0.519078, -0.054168, -2.315724, 0.319339, 0.080833, 1.228738, -1.987654, 0.071614, 0.888575]}