{"hc3d": [[-0.000968, -0.218226, 0.037238], [0.080044, -0.314867, 0.03303], [-0.08017, -0.314231, 0.035594], [-0.0033, -0.103607, 0.003741], [0.039099, -0.714268, 0.05874], [-0.104205, -0.71585, 0.117032], [0.003555, 0.025811, 0.026735], [-0.007294, -1.140569, 0.014002], [-0.08775, -0.903588, -0.271539], [0.007894, 0.073682, 0.06372], [0.025951, -1.189967, 0.140674], [-0.120117, -1.039889, -0.252101], [0.01099, 0.294162, 0.035233], [0.094939, 0.198893, 0.034457], [-0.076303, 0.202094, 0.041021], [0.014698, 0.351852, 0.087435], [0.193035, 0.180436, 0.015756], [-0.17796, 0.194034, 0.071384], [0.206578, -0.083695, -0.057952], [-0.206723, -0.07366, 0.06042], [0.249761, -0.330021, 0.029602], [-0.229341, -0.328273, 0.145468], [0.272065, -0.411278, 0.060907], [-0.223186, -0.409837, 0.180374]], "im2d": [[0.007339, -0.132927], [0.093892, -0.027016], [-0.074139, -0.030838], [0.014239, -0.260357], [0.046261, 0.407007], [-0.121023, 0.411444], [0.013468, -0.398037], [0.01453, 0.863081], [0.015515, 0.576669], [0.006417, -0.446117], [0.011132, 0.929759], [-0.023179, 0.72545], [0.016688, -0.687532], [0.105254, -0.582705], [-0.075523, -0.589142], [0.004286, -0.744751], [0.213471, -0.562499], [-0.190804, -0.579568], [0.25192, -0.283565], [-0.215543, -0.291479], [0.272212, -0.007364], [-0.26312, -0.007945], [0.286583, 0.084157], [-0.266698, 0.083923]], "theta": [1.087193, 0.007719, 0.09596, 3.201907, 0.010408, -0.456738, -0.090041, -0.022147, -0.186463, -0.237166, -0.018731, 0.040346, 0.210611, 0.062205, -0.018578, 0.077014, -0.149903, 0.080977, 1.241326, -0.053837, -0.089279, -0.094182, -0.000522, 0.004417, -0.115949, 0.289296, -0.067064, 0.015602, 0.014542, 0.099929, -0.032383, 0.008412, -0.025331, -0.0026, 0.00228, 0.002028, 0.001664, 0.003055, -0.007183, -0.044802, -0.135861, -0.024563, 0.047511, -0.006986, -0.531398, -0.056772, 0.344316, 0.452124, 0.058208, -0.141464, 0.03134, 0.181144, -0.076924, -0.903421, 0.243789, 0.133311, 1.018559, -0.061317, -0.461409, 0.088653, 0.023985, 0.203444, -0.111111, -0.043347, -0.191811, 0.244153, -0.387901, 0.254993, -0.045942, 0.108742, 0.04313, -0.410252, 0.109239, -0.037573, 0.415927, 0.776895, -0.519078, -0.054168, -2.315724, 0.319339, 0.080833, 1.228738, -1.987654, 0.071614, 0.888575]}