{"hc3d": [[-0.000858, -0.218307, 0.038511], [0.081102, -0.31509, 0.034739], [-0.081003, -0.314507, 0.037428], [-0.003152, -0.103718, 0.004423], [0.206982, -0.687185, 0.102778], [-0.170861, -0.686771, 0.17511], [-0.006081, 0.024122, 0.03172], [-0.000482, -0.925158, -0.185643], [-0.247068, -1.088081, 0.045906], [-0.007668, 0.068513, 0.073369], [0.121983, -0.954844, -0.126559], [-0.186392, -1.11669, 0.169547], [-0.032944, 0.289728, 0.072065], [0.062598, 0.206821, 0.060018], [-0.108063, 0.187331, 0.067052], [-0.030743, 0.346654, 0.12386], [0.161021, 0.211749, 0.035146], [-0.205794, 0.167213, 0.103838], [0.308908, 0.010998, -0.075153], [-0.324875, -0.04609, 0.213632], [0.234927, -0.157301, 0.113029], [-0.15669, -0.088751, 0.417088], [0.236514, -0.207496, 0.187161], [-0.109261, -0.080923, 0.491542]], "im2d": [[0.016016, -0.11007], [0.002473, 0.011413], [0.023858, -0.024059], [0.059647, -0.230421], [-0.110716, 0.431102], [-0.132515, 0.343869], [0.037585, -0.37027], [0.219723, 0.665977], [-0.003317, 0.768307], [-0.004854, -0.421664], [0.135717, 0.71895], [-0.147974, 0.801491], [0.012597, -0.663887], [0.006757, -0.553669], [0.023602, -0.569835], [-0.040711, -0.728752], [0.01925, -0.535832], [-0.002746, -0.572259], [0.105522, -0.279938], [-0.115718, -0.378479], [-0.096658, -0.131333], [-0.363744, -0.314008], [-0.180013, -0.083477], [-0.451097, -0.318535]], "theta": [1.095394, 0.015479, 0.117823, 2.124241, 0.303712, -2.425077, -0.247176, 0.211651, 0.222836, -0.358577, 0.172682, -0.156492, 0.248886, -0.007979, 0.049633, 1.125533, 0.210839, -0.366317, 0.527924, 0.463086, 0.199704, -0.053493, -0.023913, -0.002833, -0.791044, 0.453781, 0.589107, -0.418122, 0.071632, 0.033338, 0.01679, 0.125494, 0.040975, -0.004158, 0.00211, 0.005269, 0.001791, 0.003299, -0.009364, -0.172743, -0.108246, -0.097895, 0.059845, 0.049472, -0.463702, 0.080536, 0.394338, 0.384921, -0.075139, 0.157471, 0.016793, 0.298089, -0.10798, -0.557218, 0.235865, 0.422806, 0.258261, 0.358019, -1.425951, -0.182406, 0.069657, 1.286409, -0.188948, 0.492255, 0.003858, 0.384307, 0.498086, 0.117876, -0.362251, 0.109665, 0.043148, -0.410304, 0.109888, -0.034051, 0.420896, 0.699875, -0.712939, -0.009278, -2.333218, 0.360404, 0.106868, 1.232607, -2.036182, 0.107648, 0.888348]}