{"hc3d": [[-0.000858, -0.218307, 0.038511], [0.081102, -0.31509, 0.034739], [-0.081003, -0.314507, 0.037428], [-0.003152, -0.103718, 0.004423], [0.172351, -0.690427, 0.133355], [-0.162938, -0.692777, 0.163164], [-0.004749, 0.024905, 0.027881], [0.027082, -0.95213, -0.172044], [-0.242063, -1.04082, -0.073808], [-0.006235, 0.070624, 0.068072], [0.134042, -0.992295, -0.09257], [-0.20856, -1.100189, 0.049237], [-0.023865, 0.292486, 0.061524], [0.069099, 0.206176, 0.054094], [-0.102265, 0.192591, 0.056276], [-0.022134, 0.350472, 0.112149], [0.168387, 0.199213, 0.033525], [-0.200617, 0.173952, 0.092172], [0.294623, -0.023912, -0.059304], [-0.290169, -0.063077, 0.178953], [0.234592, -0.208149, 0.118637], [-0.186785, -0.1871, 0.392096], [0.237863, -0.2633, 0.189102], [-0.158988, -0.203916, 0.474551]], "im2d": [[0.017304, -0.110541], [0.004039, 0.011921], [0.025554, -0.024078], [0.060819, -0.231853], [-0.136877, 0.428496], [-0.119027, 0.355899], [0.042145, -0.372829], [0.204745, 0.704085], [0.133448, 0.733386], [0.000878, -0.425729], [0.099794, 0.764135], [-0.008994, 0.794674], [0.022223, -0.668302], [0.011838, -0.554452], [0.034566, -0.577137], [-0.030279, -0.734583], [0.018971, -0.523738], [0.009231, -0.581282], [0.089672, -0.248169], [-0.084334, -0.352119], [-0.105098, -0.076956], [-0.339014, -0.213275], [-0.185374, -0.022497], [-0.434078, -0.195817]], "theta": [1.103106, 0.016545, 0.118098, 2.126329, 0.301868, -2.427948, -0.29669, 0.093245, 0.138916, -0.336565, 0.12173, -0.125892, 0.218892, -0.010006, 0.039289, 1.078038, 0.155138, -0.2877, 0.799754, 0.38757, 0.170955, -0.055604, -0.017798, 0.006804, -0.682832, 0.427375, 0.529157, -0.447396, 0.027437, -0.002566, 0.026894, 0.086213, 0.014119, -0.003224, 0.001762, 0.003985, 0.002633, 0.002897, -0.009429, -0.171653, -0.060504, -0.050321, 0.035354, 0.016068, -0.535429, 0.069421, 0.419092, 0.407698, 0.01257, 0.099351, 0.013331, 0.270612, -0.099509, -0.568714, 0.249553, 0.437412, 0.447812, 0.404683, -1.216998, -0.127535, 0.094305, 0.87395, -0.152756, 0.463591, -0.028529, 0.371342, 0.476252, 0.150781, -0.400543, 0.109522, 0.043113, -0.41038, 0.110137, -0.033272, 0.419287, 0.699875, -0.712939, -0.009278, -2.333218, 0.360404, 0.106868, 1.232607, -2.036182, 0.107648, 0.888348]}