{"hc3d": [[-0.000858, -0.218307, 0.038511], [0.081102, -0.31509, 0.034739], [-0.081003, -0.314507, 0.037428], [-0.003152, -0.103718, 0.004423], [0.096966, -0.710683, 0.081474], [-0.153425, -0.705821, 0.122512], [-0.000719, 0.02513, 0.026535], [0.056734, -1.13271, 0.025488], [-0.093689, -0.963617, -0.21442], [-0.000864, 0.070926, 0.066665], [0.124713, -1.164391, 0.142728], [-0.148156, -1.078007, -0.153303], [-0.012146, 0.293031, 0.055763], [0.078156, 0.203901, 0.04882], [-0.093479, 0.195389, 0.053691], [-0.00317, 0.344019, 0.112752], [0.177725, 0.199816, 0.028839], [-0.190778, 0.177443, 0.092676], [0.279961, -0.048686, -0.017337], [-0.240839, -0.083325, 0.127709], [0.303059, -0.272157, 0.119547], [-0.268062, -0.329535, 0.228407], [0.326824, -0.344374, 0.166849], [-0.280911, -0.406043, 0.271252]], "im2d": [[0.017869, -0.110786], [0.004704, 0.012117], [0.02628, -0.024107], [0.061361, -0.23253], [-0.06895, 0.439838], [-0.075816, 0.37664], [0.043317, -0.37318], [-0.022981, 0.892161], [0.271054, 0.695638], [0.001717, -0.425982], [-0.16325, 0.931865], [0.206547, 0.802609], [0.026634, -0.667874], [0.016069, -0.551176], [0.036235, -0.579815], [-0.034545, -0.725655], [0.0227, -0.523422], [0.007332, -0.584761], [0.045209, -0.22854], [-0.036705, -0.316361], [-0.119525, 0.007299], [-0.155364, -0.063998], [-0.178583, 0.086824], [-0.204226, 0.012537]], "theta": [1.10665, 0.017005, 0.118197, 2.127131, 0.301179, -2.429048, -0.147224, 0.019908, -0.043929, -0.263019, -0.093898, -0.075467, 0.209174, 0.027381, 0.01083, 0.157228, -0.022481, -0.022102, 1.070433, 0.015715, 0.091978, -0.047208, -0.011055, 0.037181, -0.216916, 0.309353, 0.13338, -0.190917, -0.171581, 0.080305, 0.007911, 0.054445, -0.017431, -0.004948, 0.003459, 0.005008, 0.002898, 0.00581, -0.012478, -0.023607, 0.007374, -0.069302, 0.037592, 0.009184, -0.471379, -0.024807, 0.451444, 0.443603, 0.125428, -0.073906, 0.026327, 0.135475, -0.247937, -0.687683, 0.212295, 0.261598, 0.754873, 0.299729, -0.642522, -0.092072, 0.101011, 0.132244, -0.03801, 0.301977, -0.07419, 0.274866, 0.216541, 0.145688, -0.229932, 0.107117, 0.041617, -0.407378, 0.107803, -0.034497, 0.415528, 0.699875, -0.712939, -0.009278, -2.333218, 0.360404, 0.106868, 1.232607, -2.036182, 0.107648, 0.888348]}