{"hc3d": [[-0.000858, -0.218307, 0.038511], [0.081102, -0.31509, 0.034739], [-0.081003, -0.314507, 0.037428], [-0.003152, -0.103718, 0.004423], [0.132179, -0.669579, 0.209835], [-0.157764, -0.706802, -0.038882], [-0.004679, 0.025466, 0.024566], [0.145103, -1.071781, 0.065177], [-0.128133, -1.120235, -0.147259], [-0.006421, 0.072175, 0.063592], [0.207539, -1.10515, 0.185003], [-0.152092, -1.157164, -0.013658], [-0.026923, 0.293868, 0.060719], [0.067363, 0.20895, 0.053937], [-0.103802, 0.19306, 0.051741], [-0.020571, 0.337121, 0.124099], [0.165036, 0.223074, 0.029641], [-0.205952, 0.188647, 0.080983], [0.264465, 0.002054, -0.095265], [-0.346241, -0.038974, 0.096502], [0.281626, -0.222696, 0.040393], [-0.247932, -0.178198, 0.302541], [0.302633, -0.297358, 0.085135], [-0.217766, -0.194159, 0.384331]], "im2d": [[0.018024, -0.110867], [0.004878, 0.012163], [0.026473, -0.024119], [0.061522, -0.232735], [-0.212677, 0.393211], [0.101922, 0.390048], [0.046195, -0.374582], [-0.07637, 0.843182], [0.195366, 0.85293], [0.006038, -0.42867], [-0.218845, 0.883377], [0.050676, 0.876992], [0.023481, -0.673006], [0.01237, -0.55989], [0.039858, -0.579923], [-0.044771, -0.723532], [0.024945, -0.55189], [0.023028, -0.599814], [0.135668, -0.280802], [0.015739, -0.385219], [-0.026977, -0.044514], [-0.232009, -0.229445], [-0.082969, 0.037353], [-0.327031, -0.212113]], "theta": [1.107696, 0.01713, 0.118219, 2.127306, 0.301034, -2.429288, -0.468615, -0.151203, 0.080174, 0.144407, -0.060365, -0.101742, 0.193239, -0.001788, 0.039306, 0.686899, 0.011656, -0.094888, -0.031482, 0.328297, 0.161868, -0.055085, -0.018078, 0.016659, -0.29391, 0.32721, 0.263463, -0.264276, -0.218641, -0.007305, 0.069009, 0.054984, 0.022873, -0.002545, 0.001927, 0.002184, 0.002395, 0.003688, -0.008615, 0.062927, -0.055683, -0.149361, 0.027643, 0.119022, -0.361107, 0.005351, 0.359703, 0.267593, 0.080742, 0.064698, 0.021552, 0.257771, -0.053313, -0.840333, 0.269227, 0.158365, 0.585593, 0.379819, -0.946239, -0.030546, 0.271221, 1.157195, -0.151675, 0.400379, -0.051629, 0.226334, 0.375833, 0.214657, -0.459417, 0.109412, 0.042864, -0.411481, 0.110239, -0.035339, 0.417283, 0.699875, -0.712939, -0.009278, -2.333218, 0.360404, 0.106868, 1.232607, -2.036182, 0.107648, 0.888348]}