{"hc3d": [[-0.000891, -0.219482, 0.038941], [0.081173, -0.316459, 0.035461], [-0.081172, -0.315863, 0.038125], [-0.003183, -0.104429, 0.004254], [0.05409, -0.648057, 0.254408], [-0.162682, -0.713955, 0.021946], [-0.004642, 0.025371, 0.023359], [0.130569, -1.059482, 0.167059], [-0.129667, -1.11166, -0.133708], [-0.000447, 0.073479, 0.06086], [0.120266, -1.091425, 0.302314], [-0.206256, -1.165288, -0.028291], [0.005523, 0.296391, 0.068569], [0.088393, 0.201459, 0.050026], [-0.083706, 0.205567, 0.062498], [0.007134, 0.343575, 0.129509], [0.187437, 0.18373, 0.033571], [-0.183179, 0.208973, 0.101078], [0.238573, -0.060308, -0.076329], [-0.285045, -0.022137, 0.189943], [0.221794, -0.322765, -0.066284], [-0.306853, -0.159037, 0.418611], [0.237564, -0.409198, -0.047953], [-0.328345, -0.187505, 0.499962]], "im2d": [[0.006623, -0.093575], [-0.066229, 0.027733], [0.07599, 0.004536], [0.037282, -0.216739], [-0.212498, 0.353992], [0.149875, 0.446234], [0.027879, -0.367361], [-0.226729, 0.846586], [0.225025, 0.931318], [-0.002267, -0.428721], [-0.31826, 0.853795], [0.213816, 0.960093], [-0.007412, -0.681148], [-0.069806, -0.558982], [0.073927, -0.589457], [-0.05259, -0.746573], [-0.14608, -0.522214], [0.133874, -0.614604], [-0.116767, -0.217455], [0.152674, -0.385514], [-0.116166, 0.074551], [-0.000349, -0.28033], [-0.145969, 0.170548], [-0.042061, -0.267617]], "theta": [1.155086, 0.006625, 0.138471, 1.082644, 0.329492, -2.984826, -0.597616, -0.470835, -0.02248, -0.01465, -0.113996, -0.110827, 0.185331, 0.067697, 0.043151, 0.72142, -0.094734, -0.058739, 0.275795, 0.066129, 0.122975, -0.07415, 0.009456, -0.041484, -0.274024, 0.21233, 0.143436, -0.235896, -0.313309, 0.009908, 0.146754, 0.023003, -0.044845, -0.000549, 0.000172, 0.000997, 0.002388, 0.002275, -0.007631, -0.042391, -0.164863, 0.023099, 0.035169, -0.097049, -0.517263, -0.05927, 0.383279, 0.292126, 0.184125, 0.019964, 0.038753, 0.277037, -0.08809, -0.781689, -0.036799, 0.362654, 0.63133, 0.253513, -0.394155, -0.162865, -0.255517, 0.590392, -0.109636, 0.3165, -0.159226, 0.4202, 0.058715, 0.174078, -0.365065, 0.111537, 0.044408, -0.412975, 0.111387, -0.037463, 0.420503, 0.722653, -0.770651, 0.023112, -2.281463, 0.32972, 0.07741, 1.24946, -2.043958, 0.088631, 0.865483]}