{"hc3d": [[-0.000891, -0.219482, 0.038941], [0.081173, -0.316459, 0.035461], [-0.081172, -0.315863, 0.038125], [-0.003183, -0.104429, 0.004254], [0.039716, -0.661831, 0.22944], [-0.167147, -0.710705, -0.007609], [-0.004695, 0.025551, 0.022086], [0.078791, -1.087504, 0.234442], [-0.145033, -1.077398, -0.227912], [-9.3e-05, 0.0729, 0.060495], [0.047276, -1.09973, 0.369638], [-0.221579, -1.142184, -0.128928], [0.006107, 0.295705, 0.070702], [0.088768, 0.200932, 0.050491], [-0.083235, 0.205019, 0.064229], [0.007675, 0.344572, 0.130303], [0.188174, 0.185235, 0.034154], [-0.182051, 0.207166, 0.104548], [0.234856, -0.05766, -0.080171], [-0.28182, -0.024736, 0.193726], [0.226777, -0.320432, -0.067849], [-0.313388, -0.173938, 0.413382], [0.237827, -0.408074, -0.051973], [-0.338636, -0.204392, 0.492915]], "im2d": [[0.007076, -0.093712], [-0.065818, 0.027977], [0.076719, 0.004569], [0.037677, -0.217221], [-0.181177, 0.373914], [0.177208, 0.448992], [0.029076, -0.368161], [-0.230321, 0.860047], [0.311434, 0.911708], [-0.002268, -0.428908], [-0.302665, 0.84218], [0.304661, 0.954514], [-0.009761, -0.682315], [-0.070746, -0.559647], [0.072277, -0.590572], [-0.054056, -0.749489], [-0.14752, -0.52498], [0.130433, -0.614682], [-0.110516, -0.220506], [0.147403, -0.383911], [-0.11903, 0.073316], [0.009148, -0.263863], [-0.142814, 0.170808], [-0.028023, -0.248963]], "theta": [1.157963, 0.007002, 0.138554, 1.08331, 0.328918, -2.98574, -0.534138, -0.490486, -0.070737, 0.054077, -0.141385, -0.128588, 0.175583, 0.077726, 0.043689, 0.438667, -0.203953, -0.012931, 0.37242, 0.103918, 0.094191, -0.0441, 0.010581, -0.040441, -0.207273, 0.211651, 0.124674, -0.270734, -0.299063, 0.004595, 0.138284, 0.018088, -0.046212, -0.001081, 0.000839, 0.000908, 0.002181, 0.002865, -0.007763, -0.080729, -0.193861, 0.009395, 0.036362, -0.101777, -0.495958, -0.083882, 0.400205, 0.299874, 0.23042, -0.010544, 0.036103, 0.272263, -0.086033, -0.816479, -0.071378, 0.327359, 0.63358, 0.2517, -0.397186, -0.110838, -0.218598, 0.522118, -0.088266, 0.291789, -0.18907, 0.331063, 0.040751, 0.191469, -0.387646, 0.110667, 0.044182, -0.412524, 0.110426, -0.038413, 0.418831, 0.722653, -0.770651, 0.023112, -2.281463, 0.32972, 0.07741, 1.24946, -2.043958, 0.088631, 0.865483]}