{"hc3d": [[-0.000891, -0.219482, 0.038941], [0.081173, -0.316459, 0.035461], [-0.081172, -0.315863, 0.038125], [-0.003183, -0.104429, 0.004254], [0.077118, -0.714665, 0.042057], [-0.170671, -0.666541, 0.223592], [-0.000753, 0.025616, 0.021506], [0.019734, -1.123829, -0.067676], [-0.122533, -0.992781, -0.049788], [-1.7e-05, 0.072154, 0.061154], [0.051579, -1.168477, 0.060437], [-0.194102, -1.092573, 0.019306], [0.006636, 0.295158, 0.064311], [0.090417, 0.199433, 0.057915], [-0.081916, 0.204618, 0.049856], [0.00687, 0.341265, 0.126091], [0.190688, 0.181488, 0.053633], [-0.186553, 0.200031, 0.070468], [0.265818, -0.075871, 0.004958], [-0.274096, -0.052869, 0.062522], [0.255028, -0.325911, 0.086383], [-0.362337, -0.296118, 0.129977], [0.273416, -0.401961, 0.130355], [-0.391144, -0.376647, 0.153968]], "im2d": [[0.007316, -0.093801], [-0.065617, 0.028095], [0.077104, 0.004585], [0.0379, -0.217499], [-0.076658, 0.477557], [0.010745, 0.352211], [0.026131, -0.368062], [0.045816, 0.955678], [0.162554, 0.783977], [-0.002783, -0.428741], [-0.078654, 0.98471], [0.172657, 0.873265], [-0.005585, -0.681235], [-0.077855, -0.559932], [0.081831, -0.587844], [-0.050472, -0.745976], [-0.164482, -0.524953], [0.159687, -0.60119], [-0.201656, -0.213068], [0.237396, -0.324948], [-0.258546, 0.05237], [0.260055, -0.075014], [-0.309403, 0.13219], [0.265964, 0.007448]], "theta": [1.159587, 0.007201, 0.13859, 1.083611, 0.328666, -2.986152, -0.040656, -0.117058, -0.093513, -0.530199, -0.07127, -0.115005, 0.1703, -0.012267, 0.009224, 0.160013, -0.101303, -0.068143, 1.125016, -0.064252, 0.06125, -0.02079, -0.008689, -0.004201, -0.284387, 0.295705, 0.029247, -0.120756, -0.229725, 0.100143, 0.083137, 0.003365, -0.041531, -0.002483, 0.001891, 0.001906, 0.002, 0.003856, -0.008559, -0.006117, -0.135255, -0.049917, 0.027522, -0.095652, -0.510949, -0.052207, 0.342351, 0.389205, 0.197616, -0.068231, 0.014645, 0.188699, -0.229523, -0.693687, 0.088453, 0.143812, 0.800134, 0.174032, -0.459936, -0.143568, -0.335817, 0.169914, -0.023548, 0.077611, -0.191016, 0.469537, -0.413655, 0.126682, -0.136829, 0.109543, 0.042743, -0.411512, 0.109062, -0.037144, 0.416496, 0.722653, -0.770651, 0.023112, -2.281463, 0.32972, 0.07741, 1.24946, -2.043958, 0.088631, 0.865483]}