{"hc3d": [[-0.000891, -0.219482, 0.038941], [0.081173, -0.316459, 0.035461], [-0.081172, -0.315863, 0.038125], [-0.003183, -0.104429, 0.004254], [0.067776, -0.713605, 0.008561], [-0.162839, -0.655567, 0.246247], [0.001462, 0.02536, 0.022918], [0.005145, -1.122471, -0.099398], [-0.123268, -1.041317, 0.064266], [0.002275, 0.071833, 0.062641], [0.034017, -1.17257, 0.027397], [-0.197318, -1.126915, 0.148195], [0.010023, 0.294661, 0.071137], [0.093373, 0.198677, 0.063187], [-0.078856, 0.204954, 0.053789], [0.009432, 0.342412, 0.131653], [0.19401, 0.182627, 0.060121], [-0.184317, 0.202153, 0.070067], [0.279121, -0.073422, 0.022147], [-0.276674, -0.047906, 0.045047], [0.263733, -0.312207, 0.131743], [-0.392854, -0.285522, 0.084382], [0.282451, -0.37822, 0.189597], [-0.431634, -0.364618, 0.095794]], "im2d": [[0.007321, -0.093803], [-0.065613, 0.028097], [0.077112, 0.004585], [0.037905, -0.217505], [-0.043462, 0.481873], [-0.012757, 0.33627], [0.023106, -0.367764], [0.082387, 0.95859], [0.077463, 0.815814], [-0.005934, -0.428375], [-0.038593, 0.99366], [0.079125, 0.88567], [-0.013677, -0.681609], [-0.084419, -0.559752], [0.076199, -0.588619], [-0.056853, -0.748073], [-0.172228, -0.527117], [0.158049, -0.603225], [-0.2262, -0.217502], [0.252783, -0.327399], [-0.299605, 0.028849], [0.321334, -0.081985], [-0.360806, 0.094529], [0.345495, 3.4e-05]], "theta": [1.159622, 0.007205, 0.138591, 1.083616, 0.328662, -2.986158, 0.041806, -0.104414, -0.121423, -0.592299, -0.064758, -0.095073, 0.181135, -0.01141, -0.007733, 0.076306, -0.115375, -0.041529, 0.928909, -0.084463, 0.047596, -0.029744, -0.004089, 0.01389, -0.242758, 0.283908, 0.012208, -0.049038, -0.264648, 0.123301, 0.105222, -0.009912, -0.046253, -0.002706, 0.002045, 0.002145, 0.00196, 0.004083, -0.008548, -0.055461, -0.122935, -0.024059, 0.020618, -0.097789, -0.486117, -0.059943, 0.308513, 0.380425, 0.18263, -0.037295, 0.00599, 0.180862, -0.272643, -0.662826, 0.060778, 0.096323, 0.807718, 0.136829, -0.551516, -0.132618, -0.495935, 0.127203, -0.070808, 0.122242, -0.227834, 0.533748, -0.47807, 0.089058, -0.154162, 0.109542, 0.042229, -0.411745, 0.10887, -0.036645, 0.416297, 0.722653, -0.770651, 0.023112, -2.281463, 0.32972, 0.07741, 1.24946, -2.043958, 0.088631, 0.865483]}