{"hc3d": [[-0.000891, -0.219482, 0.038941], [0.081173, -0.316459, 0.035461], [-0.081172, -0.315863, 0.038125], [-0.003183, -0.104429, 0.004254], [0.096688, -0.709648, -0.026102], [-0.136988, -0.649989, 0.26313], [0.002677, 0.025758, 0.019493], [0.050729, -0.985906, -0.349086], [-0.11728, -1.077849, 0.257338], [0.001317, 0.070952, 0.060651], [0.100514, -1.083282, -0.262716], [-0.182569, -1.127711, 0.371818], [0.003326, 0.293446, 0.077298], [0.089229, 0.199657, 0.070397], [-0.082384, 0.202499, 0.052192], [-0.002079, 0.339057, 0.13921], [0.190984, 0.193282, 0.070663], [-0.188881, 0.202816, 0.059466], [0.314631, -0.048453, 0.047792], [-0.290161, -0.035605, -0.008234], [0.256752, -0.183993, 0.265841], [-0.43675, -0.255449, 0.032831], [0.251624, -0.209919, 0.351613], [-0.49373, -0.323314, 0.038998]], "im2d": [[0.007328, -0.093806], [-0.065609, 0.0281], [0.077122, 0.004585], [0.037912, -0.217514], [-0.04342, 0.488402], [-0.04817, 0.330094], [0.024577, -0.36737], [0.230281, 0.860662], [-0.071924, 0.818978], [-0.003623, -0.427123], [0.119476, 0.960388], [-0.099849, 0.843343], [-0.012306, -0.682428], [-0.08605, -0.562916], [0.080472, -0.586022], [-0.052281, -0.747413], [-0.177093, -0.541766], [0.170004, -0.602484], [-0.276258, -0.246129], [0.30463, -0.33242], [-0.389687, -0.144604], [0.399442, -0.111667], [-0.449357, -0.133292], [0.443989, -0.043814]], "theta": [1.159673, 0.00721, 0.138592, 1.083621, 0.328658, -2.986166, 0.127414, -0.005258, -0.044469, -0.632021, -0.027714, -0.036828, 0.154176, -0.027511, -0.017487, 0.603011, -0.090292, -0.097025, 0.52799, -0.001496, 0.038919, 0.029351, -0.034982, 0.03307, -0.379267, 0.318708, 0.053931, 0.033068, -0.314637, 0.116976, 0.109944, -0.008958, -0.027576, -0.00322, 0.002217, 0.002615, 0.001926, 0.004043, -0.00868, -0.056677, -0.162849, -0.046549, 0.032087, -0.06044, -0.422416, -0.03134, 0.257936, 0.333286, 0.155889, 0.003577, 0.041629, 0.140935, -0.325673, -0.583445, 0.088142, 0.027995, 0.810078, 0.100622, -1.14135, 0.027817, -0.551431, 0.302709, -0.15277, 0.190838, -0.242315, 0.43861, -0.534224, 0.082904, -0.288687, 0.109244, 0.043275, -0.41042, 0.108817, -0.036601, 0.41688, 0.722653, -0.770651, 0.023112, -2.281463, 0.32972, 0.07741, 1.24946, -2.043958, 0.088631, 0.865483]}