{"hc3d": [[-0.000891, -0.219482, 0.038941], [0.081173, -0.316459, 0.035461], [-0.081172, -0.315863, 0.038125], [-0.003183, -0.104429, 0.004254], [0.11761, -0.704086, 0.1194], [-0.139607, -0.706853, 0.133493], [0.000158, 0.025889, 0.01913], [0.05186, -1.032598, -0.146131], [-0.091582, -1.122422, 0.041392], [-0.000978, 0.070521, 0.060902], [0.11211, -1.120785, -0.056613], [-0.156581, -1.18925, 0.147051], [0.00069, 0.293588, 0.065757], [0.08672, 0.199736, 0.062004], [-0.085244, 0.201273, 0.047285], [-0.003853, 0.335411, 0.130354], [0.187289, 0.182982, 0.062202], [-0.190258, 0.19153, 0.063775], [0.267049, -0.073936, 0.018852], [-0.28271, -0.059587, 0.054934], [0.255863, -0.311938, 0.130636], [-0.379787, -0.304868, 0.098749], [0.269214, -0.382943, 0.183885], [-0.413061, -0.386042, 0.112677]], "im2d": [[0.007328, -0.093806], [-0.065609, 0.0281], [0.077123, 0.004585], [0.037912, -0.217515], [-0.169827, 0.455501], [0.048903, 0.420452], [0.027096, -0.367791], [0.077628, 0.872639], [0.064214, 0.916774], [-0.001774, -0.427002], [-0.044613, 0.962749], [0.042157, 0.962198], [-0.001395, -0.680614], [-0.077587, -0.56165], [0.08663, -0.584033], [-0.044223, -0.741732], [-0.167778, -0.528885], [0.167759, -0.590753], [-0.213014, -0.217918], [0.250561, -0.317007], [-0.29177, 0.027693], [0.298581, -0.061175], [-0.344896, 0.09923], [0.31592, 0.023448]], "theta": [1.159675, 0.00721, 0.138592, 1.083621, 0.328658, -2.986166, -0.233671, -0.088965, 0.017175, -0.285927, -0.082172, -0.040882, 0.152132, -0.008089, 0.002531, 0.788679, 0.166886, -0.140807, 0.392675, 0.00755, 0.093396, 0.044347, -0.035765, 0.023401, -0.307147, 0.241801, 0.009653, -0.053165, -0.296577, 0.132034, 0.043557, -0.008319, -0.033831, -0.002984, 0.002189, 0.002188, 0.001909, 0.00412, -0.008748, 0.054944, -0.174988, -0.070207, 0.00645, -0.107116, -0.517448, -0.037103, 0.345304, 0.413993, 0.227801, -0.088217, -0.00329, 0.192441, -0.223989, -0.697348, 0.064765, 0.138555, 0.726448, 0.114071, -0.556813, -0.090323, -0.392368, 0.089462, 0.004319, 0.094232, -0.221427, 0.421562, -0.471492, 0.102293, -0.15956, 0.108846, 0.042946, -0.410289, 0.108332, -0.037, 0.416247, 0.722653, -0.770651, 0.023112, -2.281463, 0.32972, 0.07741, 1.24946, -2.043958, 0.088631, 0.865483]}