{"hc3d": [[-0.000749, -0.219117, 0.040086], [0.082313, -0.316261, 0.037016], [-0.082007, -0.315717, 0.039763], [-0.003008, -0.104083, 0.004867], [0.099834, -0.656873, 0.239118], [-0.09768, -0.714575, -0.027889], [0.004321, 0.022863, 0.032838], [-0.025444, -1.063002, 0.212132], [-0.142117, -0.83429, -0.435153], [0.010249, 0.070161, 0.071394], [0.066965, -1.06805, 0.315784], [-0.153675, -0.963954, -0.382204], [0.005805, 0.29221, 0.044981], [0.093026, 0.199264, 0.039326], [-0.079395, 0.197658, 0.055279], [0.011461, 0.346254, 0.098722], [0.185623, 0.180525, 0.000604], [-0.180865, 0.191911, 0.088018], [0.242593, -0.06379, -0.103411], [-0.267336, -0.06078, 0.084503], [0.323856, -0.266932, 0.041138], [-0.215609, -0.250881, 0.263838], [0.385184, -0.320188, 0.07897], [-0.207922, -0.29673, 0.339397]], "im2d": [[0.011925, -0.097704], [0.079829, 0.027902], [-0.064557, -0.005173], [0.044127, -0.232347], [-0.080057, 0.441575], [-0.053163, 0.432073], [0.037662, -0.370198], [-0.194819, 0.870455], [0.208261, 0.504591], [0.016762, -0.417229], [-0.193429, 0.908202], [0.149732, 0.655279], [0.047432, -0.671688], [0.121168, -0.550319], [-0.040356, -0.580857], [0.015264, -0.724379], [0.229415, -0.515797], [-0.153372, -0.590356], [0.34135, -0.242882], [-0.242193, -0.323469], [0.289189, 0.02113], [-0.345372, -0.07548], [0.310234, 0.09833], [-0.39882, -0.012386]], "theta": [1.151433, 0.011106, 0.134263, 3.096708, 0.205262, -1.150747, -0.57142, 0.079485, -0.059074, 0.127536, -0.023761, 0.053449, 0.267019, 0.153426, -0.016488, 0.536797, 0.145703, -0.144325, 1.04279, 0.178425, -0.10134, -0.146376, -0.045587, 0.004833, -0.49351, 0.338166, 0.193675, -0.357295, 0.007378, 0.031351, -0.015531, 0.019931, -0.004574, -0.006758, 0.005313, 0.006318, -0.000602, 0.004681, -0.006845, -0.026383, -0.169749, -0.073369, 0.027189, 0.129155, -0.585204, -0.057303, 0.316661, 0.394352, -0.072892, -0.225343, 0.103797, 0.147941, -0.013545, -0.65513, 0.396652, 0.135509, 0.84965, -0.09394, -0.851276, -0.047997, -0.091332, 0.802332, -0.106097, -0.094373, -0.180543, 0.601839, -0.17806, 0.266094, -0.376955, 0.10397, 0.040708, -0.406019, 0.106617, -0.038566, 0.413301, 0.686255, -0.922257, 0.039691, -2.364411, 0.372801, 0.063428, 1.246502, -2.084704, 0.09441, 0.877325]}