{"hc3d": [[-0.000749, -0.219117, 0.040086], [0.082313, -0.316261, 0.037016], [-0.082007, -0.315717, 0.039763], [-0.003008, -0.104083, 0.004867], [0.090176, -0.710768, -0.001332], [-0.138144, -0.672114, 0.223447], [0.00248, 0.023521, 0.030133], [0.015173, -1.123726, -0.073477], [-0.133313, -1.08529, 0.116524], [0.006593, 0.071695, 0.067831], [0.088731, -1.148534, 0.041772], [-0.164454, -1.15069, 0.236952], [0.013707, 0.294347, 0.047862], [0.097051, 0.19776, 0.046078], [-0.075999, 0.203479, 0.048776], [0.017332, 0.343892, 0.10594], [0.193839, 0.177188, 0.020907], [-0.178834, 0.18685, 0.072214], [0.265788, -0.08336, -0.005414], [-0.245282, -0.068241, 0.029137], [0.3061, -0.292386, 0.147713], [-0.270424, -0.327577, 0.084707], [0.347259, -0.348836, 0.20382], [-0.260579, -0.415546, 0.090613]], "im2d": [[0.015228, -0.098499], [0.08477, 0.029041], [-0.061742, -0.004504], [0.047291, -0.235565], [0.097557, 0.47652], [-0.274042, 0.417951], [0.0403, -0.376848], [0.062453, 0.923504], [-0.212187, 0.876428], [0.017752, -0.42577], [0.036791, 0.983175], [-0.3363, 0.962049], [0.052759, -0.681889], [0.12159, -0.554746], [-0.032245, -0.595988], [0.014157, -0.729582], [0.224826, -0.515166], [-0.141692, -0.594481], [0.292712, -0.206241], [-0.182207, -0.322239], [0.19758, 0.062827], [-0.262698, -0.022748], [0.187125, 0.143726], [-0.263877, 0.080728]], "theta": [1.170527, 0.013759, 0.134968, 3.10196, 0.200607, -1.157973, 0.061972, 0.086627, -0.055812, -0.509503, 0.035963, -0.054362, 0.24081, 0.029186, -0.013324, -0.004193, -0.031927, -0.083692, 0.643454, -0.043867, 0.025155, -0.143984, 0.008744, -0.009401, -0.368169, 0.310436, 0.096425, -0.044106, -0.014596, 0.131843, 0.040273, 0.008374, -0.027087, -0.002362, 0.002021, 0.001904, 0.001922, 0.003018, -0.007556, 0.022691, -0.071106, 0.009865, 0.015087, 0.059379, -0.555714, 0.037156, 0.310891, 0.528907, 0.062116, -0.182387, 0.033604, 0.13283, -0.292432, -0.64177, 0.312153, 0.113923, 0.840485, -0.031168, -0.587554, -0.050682, -0.036906, 0.289167, -0.016481, 0.227039, -0.186884, 0.489495, -0.237364, 0.103792, 0.118024, 0.108705, 0.043281, -0.409571, 0.109726, -0.0381, 0.416322, 0.686255, -0.922257, 0.039691, -2.364411, 0.372801, 0.063428, 1.246502, -2.084704, 0.09441, 0.877325]}