{"hc3d": [[-0.000749, -0.219117, 0.040086], [0.082313, -0.316261, 0.037016], [-0.082007, -0.315717, 0.039763], [-0.003008, -0.104083, 0.004867], [0.093781, -0.702455, 0.12585], [-0.103944, -0.718696, 0.071953], [0.003386, 0.022945, 0.032694], [0.043928, -1.093652, -0.03491], [-0.070452, -1.10947, -0.096407], [0.005393, 0.069829, 0.072148], [0.11136, -1.147059, 0.074219], [-0.111111, -1.192026, 0.009806], [0.006015, 0.292135, 0.047597], [0.09216, 0.198022, 0.047938], [-0.080988, 0.198709, 0.050246], [0.00764, 0.343131, 0.104497], [0.188606, 0.178334, 0.020822], [-0.18353, 0.185503, 0.076925], [0.243588, -0.079391, -0.044828], [-0.253635, -0.071716, 0.060613], [0.298937, -0.316217, 0.053227], [-0.287734, -0.322496, 0.14381], [0.336468, -0.38948, 0.088617], [-0.293177, -0.405577, 0.174442]], "im2d": [[0.015387, -0.098561], [0.085007, 0.029088], [-0.061626, -0.004486], [0.047457, -0.235756], [0.003444, 0.486278], [-0.129878, 0.457073], [0.039218, -0.375944], [0.060198, 0.901182], [0.00608, 0.88732], [0.01335, -0.423596], [0.032127, 0.99157], [-0.11657, 0.988736], [0.046146, -0.681515], [0.116027, -0.556225], [-0.038024, -0.591816], [0.00673, -0.731468], [0.220608, -0.517977], [-0.149598, -0.5937], [0.304194, -0.221075], [-0.214079, -0.315727], [0.263058, 0.075303], [-0.323271, -0.02364], [0.264384, 0.171851], [-0.356664, 0.074752]], "theta": [1.171568, 0.013883, 0.13499, 3.102136, 0.200462, -1.158213, -0.256907, -0.00165, -0.052381, -0.122242, -0.043971, 0.041012, 0.26084, 0.023546, -0.020545, 0.524106, 0.079979, -0.014398, 0.408268, 0.041738, 0.000598, -0.128951, 0.01093, 0.035091, -0.306846, 0.261216, 0.079102, -0.077465, -0.158909, 0.152321, -0.016423, 0.015465, -0.036583, -0.001912, 0.001778, 0.001121, 0.001735, 0.002955, -0.0069, 0.019645, -0.076588, 0.012355, 0.005873, 0.082696, -0.57329, -0.009585, 0.33836, 0.471841, 0.059109, -0.169423, 0.029783, 0.137155, -0.116245, -0.715648, 0.276769, 0.113983, 0.831322, 0.012931, -0.488405, -0.030286, -0.028094, 0.279834, -0.033499, 0.124945, -0.181647, 0.370512, -0.132557, 0.184034, -0.091695, 0.108665, 0.043771, -0.409376, 0.110029, -0.038563, 0.416134, 0.686255, -0.922257, 0.039691, -2.364411, 0.372801, 0.063428, 1.246502, -2.084704, 0.09441, 0.877325]}