{"hc3d": [[-0.000749, -0.219117, 0.040086], [0.082313, -0.316261, 0.037016], [-0.082007, -0.315717, 0.039763], [-0.003008, -0.104083, 0.004867], [0.112382, -0.675744, 0.201445], [-0.109275, -0.71739, -0.002953], [0.000203, 0.023057, 0.032735], [0.055686, -1.087695, 0.109545], [-0.111902, -1.096417, -0.199173], [0.002044, 0.071284, 0.070543], [0.129256, -1.109967, 0.225303], [-0.131586, -1.160949, -0.075892], [0.001007, 0.293989, 0.049931], [0.087853, 0.200531, 0.048625], [-0.085296, 0.199883, 0.050907], [0.006922, 0.344036, 0.107387], [0.184933, 0.190532, 0.018623], [-0.18887, 0.194389, 0.076268], [0.231931, -0.05971, -0.075849], [-0.28323, -0.053506, 0.044858], [0.303083, -0.27203, 0.060615], [-0.255703, -0.262065, 0.208322], [0.352894, -0.33307, 0.103293], [-0.2459, -0.321175, 0.273746]], "im2d": [[0.015388, -0.098561], [0.085008, 0.029088], [-0.061626, -0.004486], [0.047458, -0.235756], [-0.036915, 0.470242], [-0.0767, 0.443821], [0.036392, -0.376712], [-0.040548, 0.917337], [0.049682, 0.84932], [0.01173, -0.426172], [-0.06647, 0.974265], [-0.066606, 0.936786], [0.04005, -0.684323], [0.111859, -0.559875], [-0.042253, -0.593942], [0.003923, -0.732239], [0.219805, -0.533004], [-0.153257, -0.605054], [0.319052, -0.250397], [-0.226868, -0.344829], [0.263651, 0.026602], [-0.341248, -0.077141], [0.270889, 0.112685], [-0.386637, 0.001856]], "theta": [1.171571, 0.013883, 0.13499, 3.102136, 0.200462, -1.158213, -0.457386, -0.029443, 0.000632, 0.066077, -0.009702, 0.026273, 0.261157, 0.039698, 0.005472, 0.556118, 0.121769, -0.077039, 0.290214, 0.17067, -0.024952, -0.163779, -0.008247, 0.011172, -0.391677, 0.278173, 0.128451, -0.2756, -0.095193, 0.083354, 0.035743, 0.018043, -0.029123, -0.001819, 0.001651, 0.001623, 0.001627, 0.002533, -0.006314, 0.015457, -0.05586, -0.050759, 0.01586, 0.121277, -0.495531, -0.022013, 0.319393, 0.389425, 0.020254, -0.141867, 0.054948, 0.180598, -0.063893, -0.819181, 0.340887, 0.071094, 0.84134, -0.035263, -0.760455, 0.072429, 0.021494, 0.786807, -0.08755, 0.027264, -0.154261, 0.468501, -0.175152, 0.25501, -0.230608, 0.109641, 0.042744, -0.412097, 0.110414, -0.037847, 0.416487, 0.686255, -0.922257, 0.039691, -2.364411, 0.372801, 0.063428, 1.246502, -2.084704, 0.09441, 0.877325]}