{"hc3d": [[-0.000749, -0.219117, 0.040086], [0.082313, -0.316261, 0.037016], [-0.082007, -0.315717, 0.039763], [-0.003008, -0.104083, 0.004867], [0.120839, -0.646596, 0.252801], [-0.103767, -0.697254, -0.093899], [0.003144, 0.022875, 0.033065], [-0.023922, -1.046613, 0.272671], [-0.167773, -0.916181, -0.454655], [0.006029, 0.070168, 0.071973], [0.085215, -1.034359, 0.357803], [-0.154428, -1.013077, -0.353744], [0.008896, 0.292911, 0.051962], [0.09444, 0.198275, 0.054078], [-0.078642, 0.199995, 0.049011], [0.007994, 0.34801, 0.104916], [0.191232, 0.176672, 0.029798], [-0.181686, 0.192225, 0.075891], [0.237465, -0.068945, -0.076454], [-0.273518, -0.05801, 0.05881], [0.312927, -0.283554, 0.053981], [-0.228476, -0.250852, 0.237018], [0.362039, -0.346988, 0.093889], [-0.216214, -0.305172, 0.306078]], "im2d": [[0.015388, -0.098561], [0.085008, 0.029088], [-0.061625, -0.004486], [0.047458, -0.235757], [-0.067352, 0.445904], [-0.000485, 0.408921], [0.038715, -0.375861], [-0.233966, 0.877394], [0.208426, 0.595195], [0.014066, -0.423882], [-0.202907, 0.89764], [0.136513, 0.723234], [0.045359, -0.6812], [0.113313, -0.555179], [-0.03493, -0.592991], [0.007011, -0.736926], [0.215895, -0.514263], [-0.146776, -0.601172], [0.323834, -0.238786], [-0.229358, -0.335713], [0.276739, 0.04085], [-0.338765, -0.080366], [0.285356, 0.129137], [-0.38451, -0.005836]], "theta": [1.171573, 0.013884, 0.13499, 3.102136, 0.200462, -1.158213, -0.615827, 0.078951, -0.005047, 0.297972, -0.0038, 0.040691, 0.266143, 0.093473, -0.012522, 0.499515, 0.293649, -0.20341, 0.624479, 0.331229, -0.087277, -0.145275, -0.069534, 0.009037, -0.581629, 0.334478, 0.289364, -0.539449, -0.006627, 0.022813, 0.015236, -0.018704, -0.013565, -0.000931, 0.000944, 0.000907, 0.001028, 0.001394, -0.004156, -0.074948, -0.159616, -0.042844, -0.000458, 0.088857, -0.592736, -0.049789, 0.385297, 0.419419, 0.101706, -0.301528, 0.070095, 0.177714, 0.03313, -0.724949, 0.377011, 0.099836, 0.819592, -0.124743, -0.782724, 0.079281, -0.001046, 0.83513, -0.104418, -0.095964, -0.171094, 0.451014, -0.175865, 0.219286, -0.252887, 0.110197, 0.043087, -0.413438, 0.110793, -0.038653, 0.416751, 0.686255, -0.922257, 0.039691, -2.364411, 0.372801, 0.063428, 1.246502, -2.084704, 0.09441, 0.877325]}