{"hc3d": [[-0.000918, -0.218602, 0.038196], [0.080702, -0.315342, 0.034347], [-0.080738, -0.314742, 0.037005], [-0.003221, -0.103946, 0.004182], [0.14842, -0.6659, 0.21249], [-0.152646, -0.708514, -0.038349], [-0.002544, 0.023567, 0.034907], [0.137734, -1.09219, 0.177258], [-0.137631, -1.11939, -0.159637], [-0.002586, 0.07069, 0.073433], [0.211843, -1.107567, 0.294158], [-0.153615, -1.166232, -0.027877], [-0.011932, 0.292883, 0.068704], [0.077665, 0.203286, 0.06018], [-0.093974, 0.196085, 0.062884], [-0.010198, 0.350126, 0.120421], [0.173586, 0.198228, 0.027045], [-0.195342, 0.190089, 0.094549], [0.249121, -0.049392, -0.058676], [-0.286914, -0.054377, 0.154297], [0.335859, -0.297489, -0.044315], [-0.232324, -0.215315, 0.360901], [0.396832, -0.363091, -0.043775], [-0.219781, -0.235543, 0.446274]], "im2d": [[0.017623, -0.092583], [0.011825, 0.033973], [0.015758, -0.009391], [0.063469, -0.214756], [-0.213543, 0.417816], [0.075822, 0.403894], [0.037933, -0.355026], [-0.203012, 0.879368], [0.182207, 0.862109], [-0.001767, -0.40902], [-0.337467, 0.906587], [0.032863, 0.898541], [0.019107, -0.651752], [0.018669, -0.530474], [0.022449, -0.568079], [-0.034675, -0.717248], [0.051171, -0.497201], [-0.00894, -0.590702], [0.126532, -0.202578], [-0.088362, -0.354634], [0.089866, 0.087849], [-0.331906, -0.181783], [0.082185, 0.17491], [-0.428952, -0.16311]], "theta": [1.11717, 0.016692, 0.13573, 2.259194, 0.351452, -2.329571, -0.487294, -0.057063, 0.103108, 0.147796, -0.022884, -0.08473, 0.273297, 0.00839, 0.024132, 0.449017, 0.06076, -0.09561, 0.001982, 0.279005, 0.114305, -0.140809, -0.003295, 0.012409, -0.239741, 0.317377, 0.186216, -0.224604, -0.157007, 0.042342, 0.063639, 0.051824, -0.01205, -0.003928, 0.0021, 0.005878, 0.003069, 0.004785, -0.011911, -0.159345, -0.026892, 0.012862, 0.002596, 0.147536, -0.505273, -0.004954, 0.3686, 0.334764, -0.026496, 0.014316, 0.083423, 0.072874, -0.125766, -0.735898, 0.287242, 0.405356, 0.640121, 0.074417, -0.242438, -0.056323, 0.040782, 0.725628, -0.164307, 0.395689, -0.036045, 0.50929, 0.391493, 0.234262, -0.505282, 0.108899, 0.042164, -0.40882, 0.110242, -0.035227, 0.419624, 0.70719, -0.673952, -2.5e-05, -2.29213, 0.331251, 0.118101, 1.248613, -2.027453, 0.093243, 0.890115]}