{"hc3d": [[-0.000918, -0.218602, 0.038196], [0.080702, -0.315342, 0.034347], [-0.080738, -0.314742, 0.037005], [-0.003221, -0.103946, 0.004182], [0.103466, -0.712442, 0.002651], [-0.147475, -0.697739, 0.158515], [-1.2e-05, 0.025123, 0.027311], [0.046437, -1.125338, -0.094008], [-0.123507, -1.104809, 0.026322], [-0.000765, 0.07153, 0.066689], [0.120708, -1.152222, 0.020689], [-0.172903, -1.16028, 0.145877], [-0.00317, 0.293933, 0.063447], [0.084071, 0.201725, 0.059632], [-0.087545, 0.199714, 0.051688], [-0.000563, 0.346303, 0.12006], [0.185123, 0.198865, 0.049404], [-0.19024, 0.189066, 0.077268], [0.279688, -0.056921, 0.048655], [-0.26129, -0.06852, 0.059372], [0.317309, -0.278918, 0.184976], [-0.331198, -0.318824, 0.12283], [0.346374, -0.344819, 0.238211], [-0.358374, -0.40178, 0.138156]], "im2d": [[0.018839, -0.092956], [0.013304, 0.034528], [0.017254, -0.009327], [0.064645, -0.216037], [0.02175, 0.475824], [-0.141432, 0.3814], [0.047057, -0.357596], [0.105443, 0.917898], [-0.020947, 0.841332], [0.005966, -0.411303], [-0.028175, 0.958489], [-0.156617, 0.879784], [0.024348, -0.654148], [0.018832, -0.530109], [0.034939, -0.573043], [-0.035829, -0.714738], [0.025805, -0.499315], [0.009924, -0.590688], [0.00577, -0.195234], [0.016077, -0.32749], [-0.163388, 0.046687], [-0.068609, -0.077956], [-0.228691, 0.122324], [-0.090104, 0.0041]], "theta": [1.12463, 0.017669, 0.135947, 2.260919, 0.349961, -2.331939, 0.047262, 0.06918, -0.02253, -0.345803, -0.024352, -0.066325, 0.213357, -0.024282, 0.002101, 0.067016, -0.016578, -0.070469, 0.539323, 0.053708, 0.096125, -0.062758, -0.015696, 0.019805, -0.361131, 0.298706, 0.147979, -0.193829, -0.200462, 0.077887, 0.052952, 0.030952, -0.018797, -0.0026, 0.001975, 0.002033, 0.002272, 0.00393, -0.008833, -0.080272, -0.027823, -0.027964, 0.031985, -0.006819, -0.4207, -0.023468, 0.387493, 0.405717, 0.06332, -0.08577, 0.043432, 0.087111, -0.409566, -0.708442, 0.193583, 0.135911, 0.832904, 0.175116, -0.440629, -0.033286, 0.006689, 0.155594, -0.080667, 0.343825, -0.129096, 0.34225, 0.055683, 0.041089, -0.109688, 0.109139, 0.043237, -0.410308, 0.109362, -0.036897, 0.416318, 0.70719, -0.673952, -2.5e-05, -2.29213, 0.331251, 0.118101, 1.248613, -2.027453, 0.093243, 0.890115]}