{"hc3d": [[-0.000918, -0.218602, 0.038196], [0.080702, -0.315342, 0.034347], [-0.080738, -0.314742, 0.037005], [-0.003221, -0.103946, 0.004182], [0.098295, -0.71023, -0.020108], [-0.151191, -0.678483, 0.206222], [0.001416, 0.024954, 0.028002], [0.041718, -1.10887, -0.164898], [-0.126552, -1.103781, 0.158579], [-0.000583, 0.070914, 0.067858], [0.103507, -1.152249, -0.047874], [-0.183143, -1.143718, 0.281106], [-0.001203, 0.293253, 0.07449], [0.08545, 0.20045, 0.071909], [-0.085354, 0.200489, 0.053327], [-0.001579, 0.345629, 0.131157], [0.187031, 0.198738, 0.070275], [-0.19095, 0.196083, 0.065331], [0.299815, -0.049304, 0.081425], [-0.262031, -0.052174, -0.005626], [0.288622, -0.252929, 0.247839], [-0.361247, -0.300612, -0.004461], [0.300177, -0.305703, 0.319274], [-0.397539, -0.380918, -0.013889]], "im2d": [[0.018841, -0.092958], [0.013307, 0.03453], [0.017257, -0.009327], [0.064648, -0.216041], [0.047655, 0.47373], [-0.193526, 0.355891], [0.046212, -0.357089], [0.186269, 0.903958], [-0.169124, 0.829615], [0.004608, -0.410677], [0.049486, 0.959035], [-0.306801, 0.848997], [0.01183, -0.653713], [0.004917, -0.52927], [0.033059, -0.573436], [-0.048282, -0.715108], [0.002301, -0.500223], [0.023809, -0.597652], [-0.031352, -0.200606], [0.090109, -0.340696], [-0.230979, 0.006058], [0.076683, -0.096384], [-0.315091, 0.061375], [0.083524, -0.017808]], "theta": [1.124651, 0.017671, 0.135947, 2.260921, 0.349959, -2.331943, 0.107785, 0.028813, -0.036962, -0.474388, -0.033506, -0.073469, 0.218113, -0.039427, -0.010009, 0.11712, -0.056452, -0.070084, 0.465787, 0.052682, 0.104693, -0.055842, -0.026685, 0.038422, -0.347294, 0.287512, 0.131915, -0.132055, -0.268504, 0.095363, 0.085704, -0.005078, -0.025193, -0.003106, 0.002304, 0.002491, 0.002432, 0.004359, -0.009641, -0.126404, -0.049707, -0.04269, 0.038301, -0.025227, -0.398438, -0.014571, 0.309135, 0.359896, 0.075222, -0.068388, 0.048375, 0.081636, -0.442461, -0.627665, 0.19342, 0.043023, 0.913361, 0.267864, -0.651477, -0.069166, -0.173558, 0.121142, -0.107322, 0.380573, -0.154203, 0.422817, -0.083972, -0.001775, -0.139095, 0.10894, 0.042749, -0.410081, 0.108934, -0.036467, 0.416113, 0.70719, -0.673952, -2.5e-05, -2.29213, 0.331251, 0.118101, 1.248613, -2.027453, 0.093243, 0.890115]}