{"hc3d": [[-0.000918, -0.218602, 0.038196], [0.080702, -0.315342, 0.034347], [-0.080738, -0.314742, 0.037005], [-0.003221, -0.103946, 0.004182], [0.108755, -0.706385, -0.03988], [-0.146972, -0.674857, 0.21543], [0.002428, 0.024908, 0.028033], [0.050932, -1.087919, -0.224724], [-0.126065, -1.098362, 0.278374], [-0.00062, 0.070169, 0.068616], [0.120641, -1.139901, -0.115946], [-0.176538, -1.115481, 0.408642], [-0.001068, 0.292196, 0.082149], [0.08546, 0.199277, 0.079522], [-0.08464, 0.200368, 0.055355], [-0.004315, 0.344813, 0.138498], [0.187026, 0.19813, 0.082218], [-0.190837, 0.199012, 0.06122], [0.317075, -0.039688, 0.112202], [-0.275406, -0.037317, -0.032138], [0.27535, -0.218184, 0.301093], [-0.399836, -0.2741, -0.036282], [0.271983, -0.255558, 0.382417], [-0.447626, -0.347655, -0.048964]], "im2d": [[0.018843, -0.092959], [0.013309, 0.03453], [0.017259, -0.009327], [0.06465, -0.216043], [0.069648, 0.473796], [-0.203798, 0.352384], [0.046132, -0.356775], [0.254382, 0.888016], [-0.303187, 0.81497], [0.003711, -0.409935], [0.125944, 0.955193], [-0.44831, 0.810535], [0.003163, -0.653098], [-0.003701, -0.528558], [0.030746, -0.57327], [-0.056455, -0.7155], [-0.011137, -0.500452], [0.028611, -0.600518], [-0.065984, -0.208773], [0.121405, -0.358496], [-0.287874, -0.039299], [0.115779, -0.133209], [-0.381429, -0.005478], [0.127205, -0.064814]], "theta": [1.124664, 0.017672, 0.135947, 2.260923, 0.349958, -2.331944, 0.155932, 0.053401, -0.007248, -0.497184, -0.01893, -0.065595, 0.218015, -0.045289, -0.018207, 0.176854, -0.022629, -0.085784, 0.224301, 0.099064, 0.102191, -0.037992, -0.044085, 0.051155, -0.362177, 0.288462, 0.148045, -0.064388, -0.308132, 0.130912, 0.099142, -0.014405, -0.028162, -0.001439, 0.001233, 0.000439, 0.00195, 0.002816, -0.00697, -0.160937, -0.073652, -0.037463, 0.034121, -0.033672, -0.387347, -0.014306, 0.277973, 0.337366, 0.062845, -0.045373, 0.064913, 0.058944, -0.477295, -0.533355, 0.189146, -0.016847, 0.878723, 0.286755, -0.808984, -0.078589, -0.286985, 0.198483, -0.14122, 0.43308, -0.195699, 0.464669, -0.131482, -0.01701, -0.211717, 0.110482, 0.043958, -0.412315, 0.110173, -0.037967, 0.417103, 0.70719, -0.673952, -2.5e-05, -2.29213, 0.331251, 0.118101, 1.248613, -2.027453, 0.093243, 0.890115]}