{"hc3d": [[-0.001019, -0.218089, 0.036934], [0.079623, -0.314588, 0.032585], [-0.079858, -0.313941, 0.03517], [-0.003359, -0.103641, 0.003693], [0.079798, -0.688558, 0.179869], [-0.132294, -0.718443, 0.078039], [-0.000981, 0.027202, 0.019159], [0.080642, -1.038497, -0.071108], [-0.084558, -1.141564, 0.009301], [0.001252, 0.072389, 0.059387], [0.117309, -1.123095, 0.033988], [-0.155066, -1.197894, 0.117929], [0.001321, 0.294184, 0.065636], [0.086708, 0.201423, 0.053079], [-0.084153, 0.201419, 0.053796], [-0.00063, 0.346378, 0.123493], [0.186087, 0.182063, 0.049824], [-0.184098, 0.185481, 0.085756], [0.221638, -0.07608, -0.035684], [-0.238642, -0.064722, 0.168338], [0.203297, -0.330608, 0.034557], [-0.276846, -0.286463, 0.315941], [0.2165, -0.412544, 0.068706], [-0.288592, -0.357551, 0.367812]], "im2d": [[-0.001478, -0.092536], [-0.086711, 0.013351], [0.075541, 0.010304], [0.018659, -0.210786], [-0.159498, 0.393409], [0.094724, 0.439563], [0.016278, -0.354553], [-0.081187, 0.811857], [0.052788, 0.908169], [0.000811, -0.409821], [-0.162295, 0.886681], [0.081294, 0.9506], [0.008385, -0.650344], [-0.078428, -0.54711], [0.096147, -0.549289], [-0.009155, -0.716078], [-0.179766, -0.524475], [0.18561, -0.538451], [-0.195442, -0.231465], [0.198886, -0.282258], [-0.214738, 0.03183], [0.172122, -0.067107], [-0.244869, 0.114954], [0.161306, 0.001139]], "theta": [1.091974, -0.000334, 0.133347, 0.553756, 0.231272, -3.068043, -0.388042, -0.252222, -0.041508, -0.146941, -0.058526, -0.028884, 0.150176, 0.035514, 0.012885, 0.880791, 0.108734, -0.079743, 0.203294, -0.072428, 0.076044, 0.036928, -0.006089, -0.001433, -0.282325, 0.234689, -0.014753, -0.062599, -0.243334, 0.055392, 0.052491, 0.007497, -0.022962, -0.002702, 0.00194, 0.002018, 0.002029, 0.003731, -0.009242, -0.09785, -0.151119, 0.013203, -0.007315, -0.165329, -0.541094, -0.04672, 0.415544, 0.457674, 0.171251, -0.034332, -0.015086, 0.290684, -0.121995, -0.868268, -0.020004, 0.410343, 0.637983, 0.059603, -0.487983, -0.027299, -0.307682, 0.165635, -0.002019, 0.153239, -0.172835, 0.389688, -0.236647, 0.154908, -0.133263, 0.108942, 0.043376, -0.409797, 0.109129, -0.037024, 0.417382, 0.754144, -0.483571, -0.049122, -2.276326, 0.273617, 0.093211, 1.223328, -1.976566, 0.101536, 0.877156]}