{"hc3d": [[-0.001019, -0.218089, 0.036934], [0.079623, -0.314588, 0.032585], [-0.079858, -0.313941, 0.03517], [-0.003359, -0.103641, 0.003693], [0.053163, -0.644107, 0.261196], [-0.140227, -0.718876, 0.0595], [-0.001927, 0.026009, 0.027225], [0.124042, -0.990315, 0.015098], [-0.089404, -1.134542, -0.043816], [0.001754, 0.071343, 0.067179], [0.145826, -1.065904, 0.130675], [-0.161641, -1.183266, 0.067325], [0.004506, 0.292714, 0.081993], [0.088191, 0.199762, 0.061746], [-0.082429, 0.201244, 0.070718], [0.002919, 0.34535, 0.139459], [0.187818, 0.182905, 0.054553], [-0.179682, 0.190818, 0.111919], [0.219719, -0.069873, -0.04693], [-0.235083, -0.045324, 0.228386], [0.203258, -0.320725, 0.035879], [-0.251786, -0.216031, 0.435738], [0.220502, -0.400708, 0.072747], [-0.261978, -0.267457, 0.507387]], "im2d": [[-0.001333, -0.092599], [-0.086613, 0.013419], [0.075793, 0.010319], [0.018788, -0.210976], [-0.1609, 0.332375], [0.110258, 0.443367], [0.014217, -0.354907], [-0.155775, 0.747242], [0.078714, 0.91001], [-0.00266, -0.410319], [-0.225269, 0.810558], [0.10841, 0.943833], [-0.001168, -0.651974], [-0.083382, -0.547186], [0.088051, -0.552358], [-0.018957, -0.718173], [-0.18346, -0.526564], [0.171588, -0.54895], [-0.189015, -0.23653], [0.173621, -0.313182], [-0.214775, 0.021058], [0.104513, -0.162345], [-0.249992, 0.101778], [0.0855, -0.118452]], "theta": [1.093047, -0.000201, 0.133372, 0.553969, 0.231093, -3.068334, -0.619486, -0.408857, -0.035995, -0.10305, -0.067167, -0.049607, 0.21245, 0.0631, 0.023272, 1.130866, 0.089068, -0.075017, 0.242934, -0.052654, 0.10087, -0.027923, 0.009698, -0.012542, -0.326399, 0.198903, 0.060915, -0.178888, -0.226316, -0.009115, 0.095508, 0.008962, -0.037474, 0.000292, 0.000277, -0.001796, 0.001157, 0.001163, -0.004468, -0.143492, -0.188999, 0.033557, -0.007275, -0.172612, -0.505231, -0.049334, 0.452598, 0.392336, 0.163865, -0.026124, 0.015593, 0.268748, -0.092926, -0.89332, -0.108958, 0.494, 0.575049, 0.044333, -0.588076, -0.012762, -0.354378, 0.334469, -0.045816, 0.226607, -0.156505, 0.411361, -0.108802, 0.154795, -0.197125, 0.111318, 0.045587, -0.412816, 0.111547, -0.039168, 0.418643, 0.754144, -0.483571, -0.049122, -2.276326, 0.273617, 0.093211, 1.223328, -1.976566, 0.101536, 0.877156]}