{"hc3d": [[-0.001019, -0.218089, 0.036934], [0.079623, -0.314588, 0.032585], [-0.079858, -0.313941, 0.03517], [-0.003359, -0.103641, 0.003693], [0.037559, -0.624455, 0.285091], [-0.15236, -0.717257, 0.052167], [-0.002553, 0.025119, 0.03171], [0.120983, -0.980958, 0.05839], [-0.096605, -1.115952, -0.10265], [0.001719, 0.069486, 0.072679], [0.136128, -1.046818, 0.180781], [-0.173354, -1.169411, 0.003164], [0.006728, 0.290085, 0.095984], [0.089134, 0.197335, 0.070299], [-0.081229, 0.199811, 0.083113], [0.00328, 0.342445, 0.153621], [0.188717, 0.18017, 0.063228], [-0.176405, 0.194032, 0.129723], [0.217919, -0.065116, -0.055917], [-0.232158, -0.02672, 0.2731], [0.200728, -0.314658, 0.030617], [-0.226741, -0.135523, 0.519164], [0.218663, -0.393978, 0.068573], [-0.235147, -0.162916, 0.603194]], "im2d": [[-0.001281, -0.092624], [-0.08658, 0.013441], [0.075883, 0.010325], [0.018836, -0.211047], [-0.153059, 0.307222], [0.125688, 0.442811], [0.013149, -0.354801], [-0.16855, 0.730395], [0.109412, 0.899655], [-0.004773, -0.409342], [-0.23341, 0.78204], [0.14555, 0.939414], [-0.008872, -0.651594], [-0.087723, -0.546115], [0.082095, -0.552998], [-0.024846, -0.717567], [-0.18785, -0.525163], [0.16169, -0.555468], [-0.183579, -0.240307], [0.154593, -0.340603], [-0.209929, 0.015354], [0.050897, -0.262615], [-0.246242, 0.095224], [0.026431, -0.246667]], "theta": [1.093448, -0.000153, 0.133381, 0.554036, 0.231037, -3.068426, -0.700746, -0.460084, -0.044866, -0.089988, -0.094735, -0.080047, 0.24706, 0.067431, 0.029588, 1.168696, 0.090624, -0.077763, 0.362738, -0.053208, 0.118448, -0.038059, 0.018697, -0.021165, -0.351913, 0.188325, 0.104677, -0.246922, -0.218883, -0.035721, 0.1111, 0.014682, -0.045948, 0.000206, 0.000327, -0.001678, 0.001174, 0.001282, -0.004615, -0.175484, -0.250456, 0.047311, -0.015977, -0.201763, -0.494175, -0.065979, 0.478436, 0.334176, 0.189408, -0.029149, 0.025017, 0.260128, -0.033608, -0.905733, -0.170604, 0.559321, 0.514302, 0.044015, -0.668466, 0.000901, -0.398235, 0.503203, -0.099261, 0.226974, -0.16059, 0.421274, -0.034163, 0.157711, -0.265318, 0.111139, 0.045906, -0.412056, 0.111624, -0.039328, 0.418781, 0.754144, -0.483571, -0.049122, -2.276326, 0.273617, 0.093211, 1.223328, -1.976566, 0.101536, 0.877156]}