{"hc3d": [[-0.001019, -0.218089, 0.036934], [0.079623, -0.314588, 0.032585], [-0.079858, -0.313941, 0.03517], [-0.003359, -0.103641, 0.003693], [0.032418, -0.619963, 0.289614], [-0.155596, -0.716815, 0.048034], [-0.00308, 0.02507, 0.031946], [0.110922, -0.972538, 0.055146], [-0.100443, -1.101766, -0.138528], [0.001365, 0.069045, 0.073316], [0.128549, -1.035816, 0.178562], [-0.176022, -1.160019, -0.034416], [0.006975, 0.289318, 0.099392], [0.089118, 0.196681, 0.072486], [-0.08123, 0.199447, 0.085446], [0.002319, 0.341357, 0.157235], [0.188783, 0.179654, 0.066286], [-0.175894, 0.19579, 0.133297], [0.217731, -0.062264, -0.059615], [-0.235265, -0.021235, 0.280849], [0.199572, -0.310609, 0.030107], [-0.219307, -0.102273, 0.536962], [0.214839, -0.390417, 0.068204], [-0.225262, -0.11975, 0.623801]], "im2d": [[-0.00127, -0.09263], [-0.086573, 0.013446], [0.075903, 0.010326], [0.018847, -0.211064], [-0.149299, 0.301602], [0.130624, 0.442997], [0.013606, -0.354821], [-0.156619, 0.721754], [0.127623, 0.890135], [-0.004668, -0.409004], [-0.224301, 0.770479], [0.162997, 0.935371], [-0.010453, -0.651366], [-0.08857, -0.545804], [0.081203, -0.553027], [-0.025284, -0.717044], [-0.189112, -0.525137], [0.159905, -0.557988], [-0.181862, -0.242813], [0.155102, -0.347855], [-0.208373, 0.01105], [0.038028, -0.301374], [-0.242029, 0.0914], [0.010426, -0.296572]], "theta": [1.093541, -0.000142, 0.133382, 0.55405, 0.231026, -3.068445, -0.718756, -0.463639, -0.054076, -0.080881, -0.099256, -0.088542, 0.248731, 0.066419, 0.033587, 1.203384, 0.108476, -0.086561, 0.433822, -0.039189, 0.117357, -0.030156, 0.018532, -0.028256, -0.381618, 0.201856, 0.135357, -0.274131, -0.209206, -0.047444, 0.114423, 0.015484, -0.044701, -0.000434, 0.000699, -0.00091, 0.001255, 0.001769, -0.005481, -0.180565, -0.285959, 0.044722, -0.016877, -0.212006, -0.487596, -0.076341, 0.486825, 0.309356, 0.1951, -0.037277, 0.027918, 0.258127, -0.010834, -0.913695, -0.173474, 0.561627, 0.503514, 0.041649, -0.707996, 0.008477, -0.402583, 0.601562, -0.128823, 0.204029, -0.165042, 0.3935, -0.025633, 0.156385, -0.278733, 0.110556, 0.045629, -0.411112, 0.111133, -0.039036, 0.418541, 0.754144, -0.483571, -0.049122, -2.276326, 0.273617, 0.093211, 1.223328, -1.976566, 0.101536, 0.877156]}