{"hc3d": [[-0.001019, -0.218089, 0.036934], [0.079623, -0.314588, 0.032585], [-0.079858, -0.313941, 0.03517], [-0.003359, -0.103641, 0.003693], [0.040111, -0.700838, -0.071317], [-0.129845, -0.630476, 0.291131], [0.005353, 0.025006, 0.030877], [-0.000106, -1.098125, -0.232541], [-0.117999, -1.061528, 0.300534], [0.005104, 0.068603, 0.072881], [-0.002019, -1.164415, -0.109463], [-0.190846, -1.113878, 0.409609], [0.008099, 0.288623, 0.101415], [0.092826, 0.195276, 0.088732], [-0.077081, 0.199815, 0.071265], [0.003673, 0.342021, 0.158024], [0.19296, 0.183476, 0.098498], [-0.18178, 0.190344, 0.085857], [0.254103, -0.072036, 0.01983], [-0.230436, -0.071691, 0.048886], [0.185726, -0.226247, 0.223787], [-0.322753, -0.311319, 0.129329], [0.194492, -0.265448, 0.304038], [-0.361026, -0.387252, 0.154852]], "im2d": [[-0.001252, -0.09264], [-0.086564, 0.013453], [0.075934, 0.010328], [0.018864, -0.21109], [-0.023933, 0.447513], [0.015963, 0.310734], [0.005377, -0.354518], [0.060664, 0.902759], [-0.019007, 0.775601], [-0.008346, -0.40846], [0.012993, 0.954559], [0.011953, 0.813692], [-0.012402, -0.65101], [-0.098599, -0.546929], [0.08236, -0.551156], [-0.026945, -0.717964], [-0.205455, -0.534483], [0.183707, -0.544587], [-0.249709, -0.244641], [0.235883, -0.255805], [-0.263859, -0.111642], [0.289285, -0.010771], [-0.305024, -0.08209], [0.315438, 0.066756]], "theta": [1.093686, -0.000126, 0.133385, 0.554068, 0.231011, -3.068469, 0.23543, -0.119091, -0.20284, -0.712715, 0.010527, -0.030331, 0.237909, -0.03756, -0.040327, 0.032719, -0.268677, 0.065504, 0.581572, -0.183159, -0.052486, -0.011784, -0.001605, 0.046884, -0.240487, 0.252361, -0.063446, 0.112665, -0.196463, 0.06659, 0.114136, -0.028434, -0.02468, -0.004321, 0.003147, 0.003667, 0.002222, 0.005126, -0.010558, -0.218611, -0.145516, -0.010897, 0.029357, -0.168162, -0.435176, -0.029636, 0.348598, 0.407249, 0.184202, -0.030041, -0.000804, 0.236798, -0.238161, -0.854328, 0.038004, 0.199794, 0.895903, -0.03657, -1.151778, 0.143922, -0.519828, 0.317132, -0.186209, 0.08577, -0.176639, 0.552502, -0.463391, 0.129019, -0.238525, 0.107639, 0.042282, -0.407631, 0.107999, -0.036386, 0.416053, 0.754144, -0.483571, -0.049122, -2.276326, 0.273617, 0.093211, 1.223328, -1.976566, 0.101536, 0.877156]}