{"hc3d": [[-0.001019, -0.218089, 0.036934], [0.079623, -0.314588, 0.032585], [-0.079858, -0.313941, 0.03517], [-0.003359, -0.103641, 0.003693], [0.049272, -0.709566, -0.035364], [-0.121218, -0.630474, 0.292668], [0.004446, 0.025777, 0.02725], [0.045033, -1.024796, -0.328723], [-0.095111, -1.055002, 0.221046], [0.004505, 0.069755, 0.068855], [0.055699, -1.115567, -0.222924], [-0.164456, -1.12016, 0.325402], [0.008589, 0.290502, 0.090897], [0.09284, 0.196505, 0.079978], [-0.077242, 0.201174, 0.064345], [0.003338, 0.344767, 0.146604], [0.192585, 0.180873, 0.08823], [-0.181907, 0.193734, 0.080285], [0.248179, -0.076171, 0.010442], [-0.235528, -0.068775, 0.055584], [0.181034, -0.239691, 0.207439], [-0.3294, -0.3078, 0.136024], [0.188727, -0.284155, 0.285013], [-0.371433, -0.381763, 0.161416]], "im2d": [[-0.001252, -0.09264], [-0.086564, 0.013453], [0.075934, 0.010328], [0.018865, -0.21109], [-0.047344, 0.451263], [0.006539, 0.310593], [0.007717, -0.354778], [0.054149, 0.839547], [-0.012032, 0.781668], [-0.006154, -0.409064], [-0.000956, 0.920774], [0.016557, 0.834419], [-0.008832, -0.651338], [-0.09524, -0.546844], [0.08521, -0.55151], [-0.022149, -0.719095], [-0.201294, -0.530014], [0.186102, -0.547355], [-0.240262, -0.238727], [0.238692, -0.260104], [-0.253452, -0.094519], [0.293716, -0.015742], [-0.292738, -0.058857], [0.323862, 0.059628]], "theta": [1.093687, -0.000126, 0.133385, 0.554068, 0.231011, -3.068469, 0.145205, -0.12468, -0.173552, -0.715544, 0.020621, -0.010945, 0.210028, -0.035273, -0.032635, 0.488063, -0.205133, 0.00548, 0.772523, -0.158614, -0.034645, 0.006648, -0.000674, 0.035945, -0.387788, 0.286176, -0.015083, 0.041857, -0.200899, 0.038147, 0.093834, -0.022367, -0.026603, -0.003447, 0.002504, 0.002735, 0.002053, 0.004265, -0.009245, -0.203063, -0.156596, 0.005363, 0.022375, -0.174461, -0.47252, -0.020091, 0.342659, 0.396046, 0.15363, 0.003541, 0.019421, 0.238198, -0.201383, -0.840876, 0.021211, 0.216683, 0.88616, -0.002139, -1.101036, 0.116522, -0.516958, 0.272676, -0.1678, 0.05227, -0.169501, 0.530769, -0.458894, 0.143512, -0.277749, 0.10848, 0.042933, -0.408734, 0.108695, -0.036428, 0.416684, 0.754144, -0.483571, -0.049122, -2.276326, 0.273617, 0.093211, 1.223328, -1.976566, 0.101536, 0.877156]}