{"hc3d": [[-0.000798, -0.219011, 0.039653], [0.081828, -0.316075, 0.036463], [-0.081631, -0.315516, 0.039179], [-0.003068, -0.103982, 0.004612], [0.043297, -0.696252, -0.072817], [-0.072885, -0.630555, 0.294843], [0.009806, 0.02275, 0.032593], [0.002685, -0.967273, -0.400091], [-0.06184, -1.057293, 0.322472], [0.013744, 0.068723, 0.072792], [0.042034, -1.050212, -0.295474], [-0.091097, -1.082387, 0.457842], [0.026099, 0.291739, 0.071835], [0.107679, 0.193848, 0.071091], [-0.064284, 0.20324, 0.055445], [0.0196, 0.338549, 0.132241], [0.208389, 0.179353, 0.06372], [-0.170865, 0.197709, 0.053221], [0.284045, -0.060937, -0.039195], [-0.250817, -0.012586, -0.091571], [0.239892, -0.138089, 0.208106], [-0.268485, -0.169999, 0.123406], [0.250684, -0.155877, 0.295374], [-0.271063, -0.214085, 0.200479]], "im2d": [[0.00244, -0.107799], [0.101399, 0.003049], [-0.090821, 0.005918], [-0.002442, -0.247563], [0.062923, 0.427506], [-0.074139, 0.415851], [0.0104, -0.390495], [0.019509, 0.687871], [-0.053161, 0.916871], [0.014263, -0.437213], [0.067544, 0.801454], [-0.08681, 0.969668], [0.024644, -0.697093], [0.122393, -0.584846], [-0.080029, -0.595223], [0.01626, -0.741149], [0.241074, -0.571119], [-0.205263, -0.587173], [0.334288, -0.310476], [-0.295679, -0.365652], [0.284327, -0.177766], [-0.313073, -0.145557], [0.297533, -0.142409], [-0.315122, -0.081088]], "theta": [1.176073, 0.002872, 0.12735, 3.286813, -0.026189, 0.001076, 0.249739, 0.077724, -0.169367, -0.71496, 0.140501, 0.07835, 0.257981, -0.015116, -0.073261, 0.508516, -0.229859, 0.029645, 0.531294, -0.070441, -0.075388, -0.104782, -0.00579, 0.015035, -0.545167, 0.31779, 0.104048, -0.012029, -0.038926, -0.002613, 0.06515, -0.038885, 0.005978, -0.001911, 0.001614, 0.001432, 0.001656, 0.001703, -0.005864, 0.000909, -0.185613, -0.006294, 0.042543, -0.005689, -0.474404, 0.065581, 0.162983, 0.460755, 0.006609, -0.133789, 0.09268, 0.25215, -0.065868, -0.7528, 0.330516, -0.135205, 0.862615, -0.050619, -1.566455, 0.12457, -0.132771, 1.393336, -0.22556, -0.089989, -0.188126, 0.467344, -0.601518, 0.221528, -0.130043, 0.109481, 0.044184, -0.410019, 0.110519, -0.037553, 0.417551, 0.706057, -0.862878, 0.011921, -2.348987, 0.336637, 0.053049, 1.26385, -2.044817, 0.097997, 0.849455]}