{"hc3d": [[-0.000798, -0.219011, 0.039653], [0.081828, -0.316075, 0.036463], [-0.081631, -0.315516, 0.039179], [-0.003068, -0.103982, 0.004612], [0.04225, -0.699054, -0.062138], [-0.073079, -0.642549, 0.279317], [0.010637, 0.02249, 0.033364], [0.001735, -0.957971, -0.399081], [-0.051737, -1.069535, 0.26453], [0.014138, 0.067488, 0.074691], [0.041559, -1.051623, -0.304132], [-0.08512, -1.111767, 0.394578], [0.026408, 0.290495, 0.071976], [0.108026, 0.192633, 0.072119], [-0.063919, 0.201832, 0.056169], [0.017405, 0.338302, 0.131268], [0.208132, 0.173738, 0.066755], [-0.170301, 0.193005, 0.056497], [0.280181, -0.072579, -0.023753], [-0.248527, -0.033716, -0.062077], [0.245614, -0.204881, 0.20066], [-0.272712, -0.228287, 0.119205], [0.255844, -0.240506, 0.282359], [-0.276467, -0.28656, 0.186141]], "im2d": [[0.002474, -0.107816], [0.101456, 0.003053], [-0.090804, 0.005926], [-0.002411, -0.247609], [0.061829, 0.432691], [-0.074157, 0.427269], [0.011415, -0.390151], [0.018293, 0.677359], [-0.041137, 0.92126], [0.014781, -0.435542], [0.067074, 0.801779], [-0.079343, 0.993191], [0.025055, -0.695761], [0.122874, -0.583377], [-0.079566, -0.593581], [0.0137, -0.741127], [0.240956, -0.564176], [-0.204524, -0.581261], [0.330095, -0.294291], [-0.292558, -0.336151], [0.292369, -0.101441], [-0.317005, -0.078376], [0.305235, -0.046253], [-0.320196, 0.000915]], "theta": [1.176318, 0.002901, 0.127355, 3.286851, -0.026221, 0.001024, 0.222019, 0.084586, -0.17169, -0.668037, 0.110249, 0.089608, 0.263955, -0.016836, -0.079949, 0.572495, -0.198022, 0.040889, 0.581559, -0.075899, -0.064294, -0.086002, -0.004721, 0.027772, -0.484599, 0.30362, 0.063362, 0.005004, -0.062732, 0.017146, 0.032451, -0.039054, 0.001395, -0.002253, 0.001829, 0.001806, 0.001817, 0.002128, -0.006634, -0.005101, -0.210981, 0.015366, 0.024778, -0.035058, -0.510678, 0.05426, 0.195938, 0.484268, 0.016987, -0.174677, 0.100977, 0.220321, -0.062989, -0.727513, 0.28091, -0.067286, 0.84265, -0.026143, -1.291336, 0.055351, -0.128656, 1.099473, -0.148503, -0.099768, -0.21269, 0.433361, -0.609094, 0.213662, -0.1159, 0.10898, 0.044303, -0.40894, 0.110134, -0.037546, 0.417216, 0.706057, -0.862878, 0.011921, -2.348987, 0.336637, 0.053049, 1.26385, -2.044817, 0.097997, 0.849455]}