{"hc3d": [[-0.000798, -0.219011, 0.039653], [0.081828, -0.316075, 0.036463], [-0.081631, -0.315516, 0.039179], [-0.003068, -0.103982, 0.004612], [0.068882, -0.70922, 0.093299], [-0.159432, -0.702202, 0.134632], [0.00155, 0.024509, 0.026484], [0.013109, -1.127349, 0.027974], [-0.141039, -0.809945, -0.278943], [0.007303, 0.071427, 0.065351], [0.061098, -1.157513, 0.155092], [-0.170389, -0.944929, -0.251954], [0.009033, 0.293726, 0.043662], [0.093817, 0.198793, 0.037493], [-0.078634, 0.201297, 0.050084], [0.008914, 0.346382, 0.099425], [0.19156, 0.181706, 0.013802], [-0.180906, 0.190386, 0.07866], [0.236898, -0.061356, -0.099864], [-0.245681, -0.068875, 0.091677], [0.238122, -0.275885, 0.05191], [-0.253409, -0.298084, 0.22846], [0.245821, -0.345184, 0.108364], [-0.250482, -0.366324, 0.285249]], "im2d": [[0.002493, -0.107826], [0.101489, 0.003055], [-0.090795, 0.00593], [-0.002393, -0.247637], [0.093702, 0.470567], [-0.174912, 0.473719], [0.000691, -0.393548], [0.035749, 0.947141], [-0.152126, 0.528295], [0.006665, -0.44164], [0.093025, 1.003014], [-0.18408, 0.690552], [0.004514, -0.704103], [0.106002, -0.59625], [-0.096874, -0.593788], [0.003509, -0.755884], [0.221248, -0.58223], [-0.216916, -0.574303], [0.278873, -0.31955], [-0.288255, -0.269117], [0.284623, -0.044017], [-0.292792, 0.021116], [0.295087, 0.046117], [-0.287961, 0.110164]], "theta": [1.176463, 0.002917, 0.127358, 3.286869, -0.026235, 0.001, -0.173449, 0.003297, -0.114894, -0.287715, -0.060697, -0.092765, 0.213818, 0.103674, -0.001466, 0.199805, -0.159631, -0.024971, 1.485069, 0.055106, -0.00649, -0.080346, -0.009555, -0.014294, -0.290806, 0.344126, 0.058064, -0.221736, 0.071123, 0.075753, -0.00671, 0.010335, -0.020814, -0.004195, 0.003295, 0.004003, 0.002561, 0.004148, -0.010379, -0.010441, -0.26229, -0.045738, 0.050689, -0.003325, -0.527841, -0.048782, 0.300474, 0.463126, 0.163816, -0.185852, 0.052626, 0.275698, 0.005325, -0.786622, 0.193829, 0.179971, 0.819838, 0.104653, -0.923938, -0.015576, -0.073728, 0.416412, -0.026237, -0.138744, -0.217658, 0.259787, -0.476036, 0.277396, -0.149213, 0.10765, 0.041756, -0.409161, 0.107897, -0.035794, 0.415528, 0.706057, -0.862878, 0.011921, -2.348987, 0.336637, 0.053049, 1.26385, -2.044817, 0.097997, 0.849455]}