{"hc3d": [[-0.00091, -0.218024, 0.037963], [0.080672, -0.314747, 0.033943], [-0.080677, -0.314151, 0.036607], [-0.003219, -0.103484, 0.004227], [0.062749, -0.664594, 0.227848], [-0.153946, -0.702672, -0.066751], [-0.003846, 0.024909, 0.03034], [0.09696, -1.092456, 0.238371], [-0.130457, -1.019956, -0.356201], [-0.003737, 0.071367, 0.069503], [0.096086, -1.105304, 0.377264], [-0.16293, -1.104329, -0.24806], [-0.024984, 0.292849, 0.069258], [0.068551, 0.208196, 0.054344], [-0.101907, 0.191838, 0.065912], [-0.01308, 0.349468, 0.120597], [0.167315, 0.218614, 0.033056], [-0.197755, 0.194171, 0.111775], [0.239396, 0.000957, -0.11624], [-0.308837, -0.039201, 0.184922], [0.269551, -0.248753, -0.036269], [-0.217551, -0.163375, 0.404514], [0.299532, -0.328759, -0.009136], [-0.188393, -0.15156, 0.487444]], "im2d": [[0.010106, -0.128432], [-0.020799, -0.016532], [0.032929, -0.036304], [0.052447, -0.245674], [-0.232705, 0.32861], [0.136499, 0.375971], [0.034981, -0.383929], [-0.283742, 0.782314], [0.39802, 0.745042], [-0.001317, -0.4372], [-0.423865, 0.780406], [0.29507, 0.81821], [0.02111, -0.673048], [-0.002218, -0.571267], [0.044614, -0.575222], [-0.030866, -0.736993], [-0.014634, -0.568355], [0.032165, -0.593944], [0.095709, -0.314077], [-0.018087, -0.369082], [-0.011827, -0.056251], [-0.278919, -0.251828], [-0.054897, 0.028562], [-0.371654, -0.270035]], "theta": [1.065974, 0.010391, 0.097541, 1.837867, 0.235397, -2.572856, -0.523441, -0.313284, -0.056251, 0.206285, -0.107419, -0.100994, 0.237465, 0.035956, 0.035954, 0.40509, -0.250878, 0.007877, 0.403075, 0.29804, 0.140258, -0.089021, 0.015495, 0.027151, -0.135087, 0.268849, 0.210587, -0.337632, -0.174544, -0.065409, 0.06359, 0.065132, 0.006173, 0.000685, -0.000748, 0.000289, 0.002092, 0.000854, -0.004787, -0.15818, 0.011625, -0.126851, 0.026655, 0.000378, -0.375258, -0.012973, 0.44002, 0.190633, -0.064359, 0.175046, 0.035854, 0.255461, 0.091089, -0.906548, 0.132474, 0.272009, 0.63886, 0.35792, -0.780347, -0.038081, 0.218045, 0.937468, -0.175642, 0.428591, -0.044757, 0.295455, 0.514377, 0.283426, -0.684519, 0.112548, 0.04561, -0.414302, 0.113211, -0.037471, 0.421509, 0.732227, -0.622275, -0.03002, -2.348028, 0.342861, 0.105831, 1.230652, -2.012751, 0.121685, 0.918508]}