{"hc3d": [[-0.00091, -0.218024, 0.037963], [0.080672, -0.314747, 0.033943], [-0.080677, -0.314151, 0.036607], [-0.003219, -0.103484, 0.004227], [0.078893, -0.697029, 0.152984], [-0.152673, -0.716342, 0.044255], [-0.002762, 0.026306, 0.022154], [0.100687, -1.118374, 0.073359], [-0.131415, -0.962718, -0.307668], [-6.6e-05, 0.073564, 0.060252], [0.121841, -1.16222, 0.204076], [-0.177326, -1.078935, -0.24245], [-0.011485, 0.29522, 0.044619], [0.077934, 0.205569, 0.034404], [-0.092852, 0.19782, 0.049539], [-0.000753, 0.351903, 0.096144], [0.174507, 0.193993, 0.00515], [-0.189764, 0.184968, 0.091235], [0.232818, -0.054961, -0.092222], [-0.234815, -0.073452, 0.14904], [0.274177, -0.315045, -0.074733], [-0.294529, -0.322544, 0.228793], [0.300006, -0.400848, -0.072172], [-0.32224, -0.393997, 0.273443]], "im2d": [[0.010632, -0.128753], [-0.020231, -0.016415], [0.033665, -0.036383], [0.052953, -0.246432], [-0.164651, 0.374519], [0.024872, 0.379524], [0.043207, -0.385572], [-0.119561, 0.831315], [0.356169, 0.681107], [0.006936, -0.439397], [-0.261652, 0.865843], [0.298892, 0.791417], [0.041202, -0.673391], [0.014302, -0.566927], [0.058383, -0.580553], [-0.010806, -0.737705], [0.009201, -0.540082], [0.049459, -0.582975], [0.070666, -0.259302], [-0.009947, -0.321397], [0.021524, 0.018654], [-0.085736, -0.073819], [0.004276, 0.112143], [-0.125722, -0.006435]], "theta": [1.069517, 0.010851, 0.09764, 1.838668, 0.234708, -2.573956, -0.321282, -0.185719, -0.063332, -0.067869, -0.08973, -0.081558, 0.174557, 0.058728, 0.027558, 0.39779, -0.223772, 0.006373, 0.906737, 0.164433, 0.085941, -0.045863, 0.017622, 0.003094, -0.142941, 0.319667, 0.120151, -0.205943, -0.195938, 0.063425, 0.015504, 0.050467, -0.010764, -0.000572, 0.000736, 0.000426, 0.001838, 0.001904, -0.005788, -0.093353, 0.002872, -0.051111, 0.073465, 0.041044, -0.548227, -0.026079, 0.410166, 0.412866, 0.108751, 0.040311, 0.017603, 0.209693, -0.10764, -0.755587, 0.12501, 0.305301, 0.764033, 0.204969, -0.307012, -0.085595, -0.000411, -0.072921, -0.006212, 0.320829, -0.08835, 0.227315, 0.229453, 0.188923, -0.350486, 0.110699, 0.044242, -0.412828, 0.111267, -0.038397, 0.417619, 0.732227, -0.622275, -0.03002, -2.348028, 0.342861, 0.105831, 1.230652, -2.012751, 0.121685, 0.918508]}