{"hc3d": [[-0.00091, -0.218024, 0.037963], [0.080672, -0.314747, 0.033943], [-0.080677, -0.314151, 0.036607], [-0.003219, -0.103484, 0.004227], [0.084167, -0.714954, 0.022319], [-0.16743, -0.688116, 0.176692], [-0.003295, 0.025901, 0.02488], [0.04584, -1.123031, -0.105552], [-0.112234, -1.092089, 0.039719], [-0.003341, 0.073009, 0.063259], [0.079382, -1.166841, 0.022559], [-0.178969, -1.151791, 0.148576], [-0.017026, 0.295032, 0.058322], [0.074351, 0.207113, 0.050706], [-0.096953, 0.196556, 0.051575], [-0.007836, 0.346583, 0.115253], [0.175326, 0.209919, 0.040117], [-0.197722, 0.184432, 0.083107], [0.266187, -0.023824, -0.069281], [-0.24962, -0.077928, 0.108123], [0.205902, -0.266859, 0.014143], [-0.288642, -0.332005, 0.184906], [0.205596, -0.347338, 0.053626], [-0.30683, -0.415577, 0.208402]], "im2d": [[0.010758, -0.12884], [-0.020103, -0.016395], [0.033836, -0.036405], [0.053082, -0.246628], [-0.035687, 0.408796], [-0.101496, 0.333731], [0.0407, -0.385815], [0.080203, 0.850092], [-0.008952, 0.782745], [0.005053, -0.439872], [-0.06371, 0.886396], [-0.099301, 0.826111], [0.029309, -0.675898], [-0.000783, -0.571217], [0.057731, -0.580406], [-0.028009, -0.735595], [-0.025327, -0.561082], [0.060459, -0.58295], [0.037976, -0.291007], [0.036311, -0.314195], [-0.040918, -0.050088], [-0.044059, -0.05835], [-0.085905, 0.030718], [-0.066842, 0.025363]], "theta": [1.070418, 0.01096, 0.097659, 1.838826, 0.234577, -2.574172, 0.00452, -0.059526, -0.076504, -0.404677, -0.08495, -0.106148, 0.194598, -0.008825, 0.028169, 0.166636, -0.190367, -0.043855, 0.628364, -0.023442, 0.146804, -0.063138, 0.015611, 0.009733, -0.292657, 0.299028, 0.120612, -0.189329, -0.219838, 0.050034, 0.062944, 0.040999, 0.006777, -0.002591, 0.001937, 0.002311, 0.002211, 0.003412, -0.008176, -0.055154, -0.003134, -0.111786, 0.06635, -0.045824, -0.407485, -0.001795, 0.384492, 0.374459, 0.091153, 0.047136, -0.018991, 0.385193, -0.129304, -0.850902, 0.067169, 0.256433, 0.80614, 0.427153, -0.830055, -0.133428, 0.013087, 0.090798, 0.018076, 0.260668, -0.066388, 0.363349, 0.091106, 0.066572, -0.144637, 0.109557, 0.042753, -0.411825, 0.109469, -0.036046, 0.41653, 0.732227, -0.622275, -0.03002, -2.348028, 0.342861, 0.105831, 1.230652, -2.012751, 0.121685, 0.918508]}