{"hc3d": [[-0.00091, -0.218024, 0.037963], [0.080672, -0.314747, 0.033943], [-0.080677, -0.314151, 0.036607], [-0.003219, -0.103484, 0.004227], [0.119327, -0.710969, 0.076692], [-0.101802, -0.716463, 0.105156], [-0.000638, 0.024367, 0.032764], [0.057261, -1.078096, -0.137111], [-0.066423, -1.122684, -0.031719], [-0.000501, 0.068979, 0.074018], [0.137993, -1.145661, -0.0456], [-0.088558, -1.184156, 0.093177], [-0.018609, 0.290479, 0.063243], [0.074077, 0.204034, 0.054635], [-0.096836, 0.190422, 0.062411], [-0.009581, 0.345099, 0.117263], [0.173194, 0.200091, 0.032812], [-0.190064, 0.164224, 0.106207], [0.227035, -0.052866, -0.056483], [-0.214491, -0.101409, 0.137738], [0.259846, -0.313145, -0.027532], [-0.238657, -0.363533, 0.18951], [0.287523, -0.39819, -0.02142], [-0.2495, -0.450732, 0.201584]], "im2d": [[0.010776, -0.128855], [-0.020085, -0.016393], [0.03386, -0.036409], [0.053103, -0.24666], [-0.102614, 0.402846], [-0.054138, 0.379377], [0.031724, -0.38479], [0.111037, 0.807455], [0.045136, 0.828473], [-0.007057, -0.436505], [-0.014052, 0.8785], [-0.077172, 0.877241], [0.024606, -0.671894], [-0.00485, -0.568494], [0.046364, -0.575164], [-0.029527, -0.734546], [-0.017846, -0.550203], [0.033152, -0.563264], [0.036915, -0.266339], [-0.007417, -0.288471], [-0.020778, 0.009843], [-0.06828, -0.019577], [-0.042197, 0.102457], [-0.082347, 0.070107]], "theta": [1.070562, 0.010976, 0.097662, 1.838844, 0.234562, -2.574196, -0.143478, 0.097338, 0.009256, -0.200899, 0.060407, 0.040731, 0.256341, 0.012532, 0.009531, 0.563646, 0.077393, -0.041247, 0.397453, 0.076602, 0.062194, -0.06214, 0.023242, 0.042738, -0.298132, 0.269369, 0.101563, -0.174119, -0.142564, 0.112505, -0.027911, 0.058579, 0.001099, -0.005366, 0.003878, 0.005377, 0.002625, 0.005642, -0.011958, -0.073878, 0.023359, -0.071059, 0.049459, 0.008917, -0.500786, 0.025782, 0.486598, 0.489624, 0.048198, -0.059126, 0.015716, 0.226899, -0.140398, -0.875554, 0.060158, 0.227727, 0.757394, 0.163039, -0.318992, -0.067257, 0.017659, -0.036837, 0.046749, 0.182284, -0.062525, 0.290383, 0.12447, 0.058079, -0.090311, 0.106992, 0.04073, -0.408661, 0.107453, -0.034852, 0.414898, 0.732227, -0.622275, -0.03002, -2.348028, 0.342861, 0.105831, 1.230652, -2.012751, 0.121685, 0.918508]}