{"hc3d": [[-0.00091, -0.218024, 0.037963], [0.080672, -0.314747, 0.033943], [-0.080677, -0.314151, 0.036607], [-0.003219, -0.103484, 0.004227], [0.115478, -0.711082, 0.07889], [-0.115872, -0.71898, 0.079901], [-0.001098, 0.024374, 0.032773], [0.078696, -1.103686, -0.090981], [-0.079958, -1.12636, -0.053346], [-0.001792, 0.068333, 0.074717], [0.151379, -1.16784, 0.00931], [-0.107376, -1.193094, 0.067743], [-0.018019, 0.290089, 0.066547], [0.074184, 0.203053, 0.05874], [-0.096953, 0.190659, 0.06271], [-0.011057, 0.345209, 0.120364], [0.173957, 0.199041, 0.040159], [-0.192042, 0.166536, 0.103598], [0.23521, -0.056411, -0.036341], [-0.224819, -0.097144, 0.142974], [0.282653, -0.31465, -0.009477], [-0.263414, -0.356255, 0.20081], [0.312044, -0.399153, -0.003887], [-0.278189, -0.442085, 0.217604]], "im2d": [[0.010776, -0.128855], [-0.020085, -0.016393], [0.03386, -0.036409], [0.053103, -0.24666], [-0.10349, 0.40227], [-0.023876, 0.383141], [0.031877, -0.384852], [0.055289, 0.832026], [0.071474, 0.833128], [-0.007351, -0.43605], [-0.075617, 0.897547], [-0.045481, 0.887259], [0.021039, -0.671773], [-0.009094, -0.567893], [0.046119, -0.575462], [-0.032133, -0.735177], [-0.025598, -0.549805], [0.036629, -0.56566], [0.013487, -0.263824], [-0.008802, -0.294781], [-0.047099, 0.012159], [-0.070527, -0.031446], [-0.068558, 0.10446], [-0.08789, 0.055806]], "theta": [1.070563, 0.010976, 0.097662, 1.838844, 0.234562, -2.574196, -0.144894, 0.054455, 0.001164, -0.141707, 0.014705, 0.009557, 0.256131, 0.001208, 0.012027, 0.437817, 0.04882, -0.016425, 0.33144, 0.097692, 0.076033, -0.046513, 0.019164, 0.046788, -0.214262, 0.260106, 0.073449, -0.126873, -0.159661, 0.123179, -0.030032, 0.05128, -0.009284, -0.004803, 0.00356, 0.00453, 0.002537, 0.005475, -0.011576, -0.097807, 0.006248, -0.064656, 0.035951, -0.003821, -0.492828, 0.006486, 0.479145, 0.473905, 0.063612, -0.048425, 0.015549, 0.174228, -0.158193, -0.853634, 0.06901, 0.250256, 0.734596, 0.158421, -0.255646, -0.055126, 0.021755, -0.055862, 0.033965, 0.223917, -0.078598, 0.252986, 0.130474, 0.086585, -0.105582, 0.107177, 0.041589, -0.408274, 0.107773, -0.035746, 0.415045, 0.732227, -0.622275, -0.03002, -2.348028, 0.342861, 0.105831, 1.230652, -2.012751, 0.121685, 0.918508]}