{"hc3d": [[-0.000963, -0.218633, 0.038084], [0.08045, -0.315275, 0.034217], [-0.080596, -0.314663, 0.036867], [-0.00327, -0.104035, 0.004091], [0.027348, -0.688405, -0.095671], [-0.072872, -0.659578, 0.252718], [0.011643, 0.02394, 0.029164], [-0.010236, -1.046918, -0.325409], [-0.052907, -1.083017, 0.313401], [0.015564, 0.070946, 0.067566], [0.015652, -1.117053, -0.207986], [-0.092469, -1.107759, 0.446116], [0.029117, 0.292671, 0.066875], [0.109629, 0.194626, 0.067379], [-0.060731, 0.204939, 0.048634], [0.024103, 0.347549, 0.12098], [0.210645, 0.183866, 0.06615], [-0.166973, 0.204731, 0.043634], [0.268138, -0.07195, -0.008238], [-0.222894, -0.012451, -0.102365], [0.230233, -0.192107, 0.222794], [-0.322578, -0.192552, 0.068323], [0.245024, -0.220427, 0.306463], [-0.357522, -0.245513, 0.130181]], "im2d": [[-0.001965, -0.120505], [0.089249, -0.017841], [-0.08792, -0.01295], [-0.009937, -0.250989], [0.025881, 0.373285], [-0.052421, 0.396587], [0.006336, -0.387917], [-0.030038, 0.733096], [-0.016447, 0.868729], [0.013335, -0.433834], [0.010861, 0.826495], [-0.047102, 0.916777], [0.023858, -0.677222], [0.114516, -0.572345], [-0.075109, -0.580952], [0.022333, -0.729145], [0.225889, -0.563982], [-0.192608, -0.578057], [0.287257, -0.296668], [-0.263644, -0.360036], [0.269515, -0.129588], [-0.353925, -0.134267], [0.294207, -0.086638], [-0.385582, -0.065966]], "theta": [1.105737, -0.000814, 0.109652, 3.274122, -0.038499, 0.137088, 0.306252, 0.028874, -0.216248, -0.592111, 0.098092, 0.094437, 0.228016, -0.015742, -0.086964, 0.152256, -0.264354, 0.101688, 0.331391, -0.073734, -0.090435, -0.096303, -0.00863, 0.027342, -0.371901, 0.286369, 0.045199, 0.047315, -0.087009, 0.009373, 0.082245, -0.053801, 0.003146, -0.004881, 0.003007, 0.005838, 0.00283, 0.004978, -0.012221, -0.125191, -0.134121, 0.026539, 0.030171, -0.034612, -0.420444, 0.035009, 0.146703, 0.420417, -0.023406, -0.031831, 0.06415, 0.235191, -0.17462, -0.859145, 0.280476, -0.163353, 0.971717, -0.035452, -1.255138, 0.166304, -0.265666, 1.130302, -0.336674, 0.044792, -0.194492, 0.494794, -0.494047, 0.201238, -0.175518, 0.1076, 0.042344, -0.406318, 0.108964, -0.035693, 0.418375, 0.698131, -0.67064, -0.020048, -2.255424, 0.31204, 0.095383, 1.254894, -2.0273, 0.115465, 0.882333]}