{"hc3d": [[-0.000963, -0.218633, 0.038084], [0.08045, -0.315275, 0.034217], [-0.080596, -0.314663, 0.036867], [-0.00327, -0.104035, 0.004091], [0.043777, -0.700386, -0.06202], [-0.067828, -0.661916, 0.248692], [0.010931, 0.023291, 0.032641], [-0.006694, -0.990033, -0.372312], [-0.04654, -1.088872, 0.223447], [0.012877, 0.069394, 0.072269], [0.035581, -1.075817, -0.271162], [-0.072917, -1.126523, 0.356403], [0.025075, 0.291179, 0.06928], [0.106128, 0.193681, 0.073739], [-0.063555, 0.202638, 0.049091], [0.018006, 0.34623, 0.122977], [0.207248, 0.18566, 0.079385], [-0.169899, 0.20192, 0.047349], [0.250265, -0.073497, 0.006805], [-0.223138, -0.016604, -0.097647], [0.217303, -0.209173, 0.229863], [-0.307682, -0.184028, 0.092955], [0.232203, -0.2478, 0.309282], [-0.339309, -0.23009, 0.161733]], "im2d": [[-0.00146, -0.120781], [0.090098, -0.017839], [-0.087649, -0.01286], [-0.009488, -0.251696], [0.048334, 0.392069], [-0.046783, 0.399924], [0.00631, -0.387776], [-0.030576, 0.665526], [-0.017023, 0.864535], [0.011232, -0.432564], [0.027311, 0.773525], [-0.033007, 0.92665], [0.019971, -0.677076], [0.111925, -0.571937], [-0.078083, -0.579928], [0.016063, -0.729297], [0.224368, -0.56558], [-0.195758, -0.575929], [0.270348, -0.293115], [-0.263732, -0.355797], [0.257468, -0.109609], [-0.336011, -0.140584], [0.282124, -0.055778], [-0.363618, -0.078657]], "theta": [1.109281, -0.000353, 0.109751, 3.274923, -0.039188, 0.135989, 0.217247, 0.077175, -0.166959, -0.580438, 0.113847, 0.103639, 0.2532, -0.043372, -0.084371, 0.480161, -0.146978, 0.039957, 0.520177, -0.058964, -0.070604, -0.095314, -0.01339, 0.041137, -0.468333, 0.263529, 0.06598, -0.043185, -0.017491, -0.023205, 0.0455, -0.054557, -0.00024, -0.003676, 0.002656, 0.003524, 0.002112, 0.003628, -0.008893, -0.116541, -0.164621, -2.4e-05, 0.006245, -0.066546, -0.390851, 0.053453, 0.207741, 0.404259, -0.035056, -0.056452, 0.088542, 0.230545, -0.151137, -0.96448, 0.258537, -0.179235, 0.99016, -0.065643, -1.159458, 0.195324, -0.174949, 1.210431, -0.371726, -0.021513, -0.163245, 0.461633, -0.515059, 0.222353, -0.207904, 0.108153, 0.043121, -0.408407, 0.10928, -0.036343, 0.417164, 0.698131, -0.67064, -0.020048, -2.255424, 0.31204, 0.095383, 1.254894, -2.0273, 0.115465, 0.882333]}