{"hc3d": [[-0.000963, -0.218633, 0.038084], [0.08045, -0.315275, 0.034217], [-0.080596, -0.314663, 0.036867], [-0.00327, -0.104035, 0.004091], [0.05001, -0.708769, -0.021932], [-0.066177, -0.656969, 0.256495], [0.009906, 0.02338, 0.032735], [0.000717, -0.943441, -0.3758], [-0.050834, -1.0688, 0.140126], [0.012906, 0.069902, 0.071803], [0.043103, -1.035275, -0.280159], [-0.070996, -1.120047, 0.269578], [0.024066, 0.291658, 0.065034], [0.10563, 0.194547, 0.068486], [-0.064768, 0.202484, 0.048951], [0.01831, 0.345687, 0.119915], [0.206891, 0.186991, 0.071764], [-0.17104, 0.19943, 0.05201], [0.240033, -0.070328, -0.011715], [-0.216329, -0.029731, -0.078546], [0.207672, -0.217456, 0.204054], [-0.273921, -0.204997, 0.115033], [0.222095, -0.26419, 0.279082], [-0.29495, -0.256158, 0.184262]], "im2d": [[-0.001405, -0.120815], [0.090192, -0.01784], [-0.087622, -0.012852], [-0.009439, -0.251779], [0.059236, 0.40722], [-0.044287, 0.395772], [0.005231, -0.387957], [-0.023541, 0.613767], [-0.029874, 0.830473], [0.011254, -0.433337], [0.034095, 0.727632], [-0.039053, 0.906837], [0.018489, -0.678437], [0.110944, -0.573855], [-0.079427, -0.579933], [0.016155, -0.729412], [0.223354, -0.56837], [-0.196571, -0.572646], [0.257397, -0.299143], [-0.254199, -0.338851], [0.244717, -0.104079], [-0.296277, -0.11536], [0.268605, -0.041954], [-0.312035, -0.048078]], "theta": [1.109688, -0.000303, 0.10976, 3.275, -0.039252, 0.135884, 0.114032, 0.065207, -0.154988, -0.602701, 0.12921, 0.102848, 0.255302, -0.024119, -0.074704, 0.745256, -0.124354, 0.002633, 0.758514, -0.068434, -0.054862, -0.109596, -0.009841, 0.027013, -0.563535, 0.267831, 0.093565, -0.142769, 0.028111, -0.072595, 0.040891, -0.048033, 0.004564, -0.003786, 0.002718, 0.003822, 0.002112, 0.003356, -0.008458, -0.08313, -0.16442, -0.004873, 0.029906, -0.068776, -0.391463, 0.0597, 0.224581, 0.418907, -0.033066, -0.080406, 0.091602, 0.259823, -0.145703, -1.008484, 0.248394, -0.125034, 1.02605, -0.072652, -1.141311, 0.196264, -0.139031, 1.155973, -0.347515, -0.082625, -0.133496, 0.444767, -0.534548, 0.199064, -0.182494, 0.108372, 0.042479, -0.40941, 0.109111, -0.035104, 0.417026, 0.698131, -0.67064, -0.020048, -2.255424, 0.31204, 0.095383, 1.254894, -2.0273, 0.115465, 0.882333]}