{"hc3d": [[-0.000963, -0.218633, 0.038084], [0.08045, -0.315275, 0.034217], [-0.080596, -0.314663, 0.036867], [-0.00327, -0.104035, 0.004091], [0.067702, -0.713673, 0.039962], [-0.071562, -0.667682, 0.239138], [0.008351, 0.024116, 0.029995], [0.01895, -0.887853, -0.347348], [-0.05609, -1.049838, 0.046526], [0.013678, 0.071557, 0.067685], [0.065229, -0.98379, -0.257727], [-0.074468, -1.10823, 0.173188], [0.023538, 0.293027, 0.053544], [0.105474, 0.196169, 0.053881], [-0.065925, 0.203296, 0.046673], [0.020401, 0.346315, 0.109353], [0.206542, 0.186951, 0.049218], [-0.171445, 0.197704, 0.05878], [0.226818, -0.064974, -0.052778], [-0.2089, -0.051592, -0.030996], [0.202259, -0.225075, 0.154621], [-0.222705, -0.24707, 0.150952], [0.214319, -0.281221, 0.223349], [-0.226346, -0.308396, 0.214812]], "im2d": [[-0.001372, -0.120836], [0.090248, -0.017841], [-0.087606, -0.012848], [-0.009409, -0.25183], [0.084733, 0.421394], [-0.051618, 0.405228], [0.003269, -0.389205], [-0.001786, 0.556445], [-0.044756, 0.795971], [0.011718, -0.435886], [0.059688, 0.673819], [-0.052085, 0.879736], [0.016829, -0.681787], [0.109424, -0.577942], [-0.08093, -0.58125], [0.017489, -0.731904], [0.220939, -0.571814], [-0.196375, -0.569836], [0.238935, -0.310816], [-0.241132, -0.30801], [0.234356, -0.102946], [-0.235478, -0.065414], [0.255237, -0.031325], [-0.232308, 0.011687]], "theta": [1.109937, -0.000273, 0.109766, 3.275043, -0.039288, 0.135825, -0.043018, 0.055299, -0.115067, -0.552314, 0.120335, 0.093469, 0.236461, 0.018428, -0.0589, 1.061048, -0.095001, -0.056786, 0.898095, -0.066104, -0.026223, -0.117506, -0.005405, -0.002925, -0.665446, 0.283475, 0.122602, -0.271962, 0.0401, -0.112574, 0.034926, -0.024867, 0.01138, -0.003736, 0.002743, 0.003927, 0.00203, 0.002886, -0.007704, -0.039389, -0.165144, 0.009087, 0.063812, -0.059299, -0.413872, 0.049819, 0.241202, 0.440212, -0.007374, -0.111517, 0.087278, 0.309295, -0.109895, -1.030178, 0.228131, 0.013869, 1.050718, -0.059911, -1.141457, 0.200484, -0.08395, 0.93626, -0.271159, -0.137728, -0.097018, 0.381455, -0.507561, 0.162493, -0.146404, 0.10854, 0.042059, -0.410077, 0.108991, -0.034169, 0.416691, 0.698131, -0.67064, -0.020048, -2.255424, 0.31204, 0.095383, 1.254894, -2.0273, 0.115465, 0.882333]}