{"hc3d": [[-0.000963, -0.218633, 0.038084], [0.08045, -0.315275, 0.034217], [-0.080596, -0.314663, 0.036867], [-0.00327, -0.104035, 0.004091], [0.077387, -0.706095, 0.112747], [-0.083181, -0.705398, 0.150608], [0.006908, 0.025035, 0.025679], [0.038347, -0.938445, -0.243923], [-0.058626, -1.077034, -0.060735], [0.013215, 0.073884, 0.061367], [0.085878, -1.022545, -0.143696], [-0.080232, -1.130394, 0.067626], [0.020462, 0.294714, 0.038396], [0.103106, 0.198459, 0.03801], [-0.068487, 0.204222, 0.039685], [0.020137, 0.346812, 0.095402], [0.203483, 0.192286, 0.023587], [-0.17303, 0.198809, 0.058492], [0.210306, -0.057264, -0.085771], [-0.20205, -0.063591, 0.01473], [0.205813, -0.247064, 0.096453], [-0.212853, -0.276908, 0.175623], [0.218319, -0.313446, 0.15526], [-0.211543, -0.346598, 0.230341]], "im2d": [[-0.001353, -0.120849], [0.090282, -0.017842], [-0.087597, -0.012846], [-0.009391, -0.251862], [0.102119, 0.42371], [-0.071949, 0.433872], [0.00127, -0.390865], [0.030374, 0.626997], [-0.05699, 0.809992], [0.010586, -0.43943], [0.093989, 0.732923], [-0.067835, 0.888599], [0.011995, -0.685899], [0.105308, -0.582836], [-0.084431, -0.583304], [0.015899, -0.734626], [0.215101, -0.581496], [-0.198191, -0.571113], [0.217493, -0.32374], [-0.229063, -0.288227], [0.233357, -0.087613], [-0.221693, -0.029234], [0.254014, -0.006228], [-0.213732, 0.055541]], "theta": [1.110089, -0.000255, 0.109769, 3.275067, -0.039308, 0.135791, -0.225553, -0.00355, -0.091362, -0.31702, 0.059231, 0.083291, 0.204778, 0.056777, -0.045533, 1.088113, -0.049681, -0.070211, 0.712369, -0.0116, -0.012817, -0.123627, -0.0034, -0.010893, -0.623979, 0.277035, 0.119974, -0.368196, 0.012177, -0.09967, 0.03318, -0.013134, 0.006458, -0.003088, 0.002393, 0.003246, 0.001813, 0.002432, -0.006693, 0.018847, -0.151663, 0.010914, 0.071819, -0.006939, -0.39728, 0.016587, 0.253916, 0.436057, 0.049767, -0.121469, 0.044254, 0.35565, -0.099076, -1.081377, 0.178131, 0.114594, 1.055351, -0.04657, -1.00778, 0.203642, -0.08495, 0.655477, -0.218696, -0.107913, -0.103128, 0.307242, -0.471505, 0.136962, -0.095538, 0.109192, 0.041923, -0.411664, 0.109269, -0.034622, 0.416542, 0.698131, -0.67064, -0.020048, -2.255424, 0.31204, 0.095383, 1.254894, -2.0273, 0.115465, 0.882333]}