{"hc3d": [[-0.000963, -0.218633, 0.038084], [0.08045, -0.315275, 0.034217], [-0.080596, -0.314663, 0.036867], [-0.00327, -0.104035, 0.004091], [0.08347, -0.681568, 0.191497], [-0.135621, -0.717531, 0.019912], [0.00123, 0.024675, 0.029429], [0.08574, -1.087686, 0.058128], [-0.113639, -1.010758, -0.291402], [0.009571, 0.07337, 0.06491], [0.107646, -1.101558, 0.194895], [-0.143569, -1.066495, -0.165751], [0.010183, 0.294982, 0.049624], [0.092739, 0.200343, 0.03165], [-0.076181, 0.202881, 0.062308], [0.013268, 0.35328, 0.100181], [0.187538, 0.192013, -0.00392], [-0.174542, 0.201852, 0.102761], [0.170884, -0.005571, -0.190906], [-0.206034, -0.04888, 0.190809], [0.182402, -0.180338, 0.005497], [-0.193811, -0.22225, 0.394036], [0.194313, -0.243276, 0.068092], [-0.193114, -0.27255, 0.466987]], "im2d": [[-0.001325, -0.120869], [0.090329, -0.017843], [-0.087585, -0.012844], [-0.009367, -0.251908], [0.115749, 0.408431], [-0.141882, 0.429431], [-0.00463, -0.389793], [0.114041, 0.834952], [-0.140665, 0.704492], [0.00692, -0.438295], [0.151308, 0.869991], [-0.160928, 0.7856], [0.001687, -0.684303], [0.093249, -0.585631], [-0.090802, -0.578293], [0.008635, -0.740932], [0.194967, -0.584909], [-0.195816, -0.567876], [0.163105, -0.395119], [-0.217366, -0.277927], [0.197699, -0.173871], [-0.181385, -0.057216], [0.217986, -0.095668], [-0.172793, 0.009009]], "theta": [1.110307, -0.00023, 0.109772, 3.275097, -0.039332, 0.135751, -0.427484, -0.11744, -0.055295, -0.002385, -0.066656, -0.042318, 0.2343, 0.12548, 0.004206, 0.617029, -0.226253, -0.078098, 0.697663, 0.112504, 0.052889, -0.143644, 0.03089, -0.041594, -0.506612, 0.300349, 0.165848, -0.647861, -0.019596, -0.090794, 0.059278, 0.053322, -0.014655, -0.001356, 0.0016, 0.000686, 0.001296, 0.001827, -0.00518, -0.130487, -0.235304, 0.024874, 0.090826, 0.032626, -0.453138, -0.055575, 0.302615, 0.366327, 0.093687, -0.095881, 0.051981, 0.482053, 0.180053, -1.01291, -0.03574, 0.423887, 0.839674, 0.101682, -1.434173, 0.250643, -0.128669, 0.416878, -0.114051, -0.048886, -0.098923, 0.232548, -0.23667, 0.185959, -0.213249, 0.11075, 0.044637, -0.413429, 0.109682, -0.039837, 0.41717, 0.698131, -0.67064, -0.020048, -2.255424, 0.31204, 0.095383, 1.254894, -2.0273, 0.115465, 0.882333]}