{"hc3d": [[-0.000963, -0.218633, 0.038084], [0.08045, -0.315275, 0.034217], [-0.080596, -0.314663, 0.036867], [-0.00327, -0.104035, 0.004091], [0.077032, -0.708758, 0.098061], [-0.163198, -0.712097, 0.065857], [0.000806, 0.025595, 0.024291], [0.039082, -1.128512, 0.026712], [-0.135799, -0.90868, -0.313599], [0.009443, 0.072865, 0.061582], [0.07298, -1.151291, 0.159789], [-0.17109, -1.024345, -0.241717], [0.008043, 0.29405, 0.041055], [0.091555, 0.199797, 0.025653], [-0.077507, 0.201461, 0.055575], [0.009916, 0.35283, 0.09111], [0.186177, 0.184231, -0.007904], [-0.175515, 0.189412, 0.095092], [0.18818, -0.041956, -0.159943], [-0.201648, -0.063439, 0.178727], [0.201567, -0.257672, -0.009819], [-0.208302, -0.277337, 0.339073], [0.210605, -0.330775, 0.041128], [-0.214023, -0.339653, 0.401813]], "im2d": [[-0.001324, -0.120871], [0.090333, -0.017843], [-0.087584, -0.012844], [-0.009365, -0.251911], [0.100468, 0.424542], [-0.168214, 0.431254], [-0.005595, -0.391567], [0.060328, 0.876679], [-0.169313, 0.589649], [0.00648, -0.438241], [0.110698, 0.920568], [-0.199309, 0.728774], [-0.001459, -0.684502], [0.091395, -0.5859], [-0.092868, -0.577707], [0.004091, -0.741698], [0.193252, -0.576912], [-0.197357, -0.555322], [0.185866, -0.351038], [-0.213349, -0.263876], [0.219042, -0.091756], [-0.201427, -0.004403], [0.23527, -0.004025], [-0.200644, 0.073716]], "theta": [1.110324, -0.000229, 0.109773, 3.275099, -0.039334, 0.135748, -0.187917, -0.007627, -0.091861, -0.123623, -0.097821, -0.106678, 0.194747, 0.140254, 0.005826, 0.228231, -0.265318, -0.035663, 1.101357, 0.075045, 0.035251, -0.065687, 0.017462, -0.039413, -0.329832, 0.332757, 0.092096, -0.357756, 0.029263, 0.0314, -0.003846, 0.047722, -0.010631, -0.003367, 0.002898, 0.002839, 0.002047, 0.003722, -0.008907, -0.113837, -0.275134, 0.003512, 0.09299, 0.007222, -0.522329, -0.068891, 0.309149, 0.471225, 0.172631, -0.119399, 0.016576, 0.385302, 0.077612, -0.907075, 0.034505, 0.387669, 0.779261, 0.097112, -1.043655, 0.143251, -0.097684, 0.199858, -0.060362, -0.049469, -0.165228, 0.204787, -0.280158, 0.219883, -0.239912, 0.108177, 0.043219, -0.409328, 0.108051, -0.037592, 0.416199, 0.698131, -0.67064, -0.020048, -2.255424, 0.31204, 0.095383, 1.254894, -2.0273, 0.115465, 0.882333]}