{"hc3d": [[-0.000729, -0.21837, 0.039858], [0.082272, -0.315303, 0.036633], [-0.081909, -0.31476, 0.039401], [-0.002987, -0.103748, 0.005018], [0.127268, -0.705581, -0.01005], [-0.136017, -0.671955, 0.220194], [-0.002397, 0.024051, 0.02817], [0.083102, -0.975639, -0.334841], [-0.090565, -1.095094, 0.215085], [-0.00668, 0.068507, 0.069903], [0.150853, -1.07129, -0.260927], [-0.131009, -1.137931, 0.342195], [-0.022679, 0.290873, 0.061731], [0.070435, 0.204273, 0.065788], [-0.100571, 0.191257, 0.047167], [-0.017457, 0.344842, 0.115297], [0.172164, 0.207014, 0.063524], [-0.203753, 0.170352, 0.0626], [0.290529, -0.030502, 0.008855], [-0.265331, -0.088264, 0.044302], [0.261575, -0.259222, 0.132366], [-0.325756, -0.345527, 0.072337], [0.269459, -0.333344, 0.181581], [-0.349304, -0.430705, 0.075719]], "im2d": [[0.012108, -0.109762], [0.006714, 0.013603], [0.008064, -0.019031], [0.05924, -0.234205], [0.030547, 0.456712], [-0.218129, 0.351607], [0.042206, -0.376911], [0.376947, 0.770232], [-0.243211, 0.828032], [-0.001353, -0.429898], [0.285578, 0.883552], [-0.387611, 0.858146], [0.023787, -0.67794], [0.010679, -0.564561], [0.035243, -0.581974], [-0.032628, -0.74046], [0.010673, -0.547697], [0.019255, -0.580029], [0.052167, -0.258461], [0.02334, -0.305054], [-0.101506, -0.020599], [-0.024451, -0.034755], [-0.16207, 0.059158], [-0.033566, 0.054485]], "theta": [1.123518, 0.011506, 0.120675, 2.247162, 0.271123, -2.289172, 0.081663, 0.065949, 0.038103, -0.506639, -0.001156, -0.041214, 0.222848, -0.080929, 0.016233, 0.674785, -0.034846, -0.075206, 0.390349, 0.053972, 0.135872, -0.036994, 0.001868, 0.045285, -0.33947, 0.30447, 0.054124, -0.025163, -0.228752, 0.119628, 0.009895, 0.02104, 0.011893, -0.00394, 0.002762, 0.003575, 0.002788, 0.004278, -0.010689, -0.120912, 0.042885, -0.134621, 0.045737, -0.02568, -0.427273, 0.042577, 0.351422, 0.443689, 0.03367, 0.071197, -0.010833, 0.276777, -0.23084, -0.736008, 0.135106, 0.167911, 0.74578, 0.266896, -0.768962, -0.117691, -0.06495, 0.057245, 0.015599, 0.239576, -0.071757, 0.324619, -0.042449, 0.043457, -0.131345, 0.108, 0.042508, -0.408465, 0.108373, -0.034972, 0.4163, 0.639348, -0.904234, 0.03243, -2.36778, 0.382737, 0.078868, 1.23212, -2.113958, 0.09936, 0.88135]}