{"hc3d": [[-0.000729, -0.21837, 0.039858], [0.082272, -0.315303, 0.036633], [-0.081909, -0.31476, 0.039401], [-0.002987, -0.103748, 0.005018], [0.144382, -0.685545, 0.161471], [-0.139843, -0.71403, 0.018682], [-0.002772, 0.0238, 0.029518], [0.090141, -1.064453, -0.022533], [-0.095423, -1.12299, -0.090481], [-0.006043, 0.069366, 0.070129], [0.173566, -1.123699, 0.070917], [-0.122422, -1.170157, 0.038647], [-0.019305, 0.291575, 0.055391], [0.072726, 0.203833, 0.059616], [-0.098891, 0.192667, 0.046123], [-0.014551, 0.346093, 0.108441], [0.174096, 0.206974, 0.050919], [-0.200485, 0.177689, 0.073984], [0.266188, -0.044429, 0.009347], [-0.271471, -0.078741, 0.088594], [0.31635, -0.282058, 0.106415], [-0.340004, -0.325798, 0.158506], [0.348507, -0.359565, 0.137025], [-0.363907, -0.408036, 0.180567]], "im2d": [[0.012248, -0.109832], [0.006877, 0.013647], [0.008229, -0.019036], [0.059388, -0.234391], [-0.160664, 0.425731], [0.005211, 0.412489], [0.040782, -0.377107], [0.02084, 0.847439], [0.097994, 0.88108], [-0.00152, -0.431076], [-0.090384, 0.922263], [-0.049446, 0.918499], [0.030859, -0.678145], [0.017526, -0.563617], [0.036507, -0.583611], [-0.024991, -0.741363], [0.024773, -0.546767], [0.006939, -0.588827], [0.051417, -0.247999], [-0.025413, -0.320288], [-0.075403, 0.017243], [-0.119226, -0.065684], [-0.116014, 0.1069], [-0.149065, 0.018944]], "theta": [1.124475, 0.011622, 0.120696, 2.247327, 0.270985, -2.289399, -0.351178, -0.025615, 0.081763, 0.004964, -0.063273, -0.052556, 0.234328, -0.029881, 0.022429, 0.69695, 0.196821, -0.105327, 0.123039, 0.2107, 0.146859, -0.076172, -0.01765, 0.044156, -0.273364, 0.275021, 0.137006, -0.215766, -0.160881, 0.079815, 0.004628, 0.016143, -0.005706, -0.001321, 0.00138, 0.000299, 0.001688, 0.00255, -0.006414, -0.099726, 0.005669, -0.119183, 0.005079, 0.006354, -0.410975, 0.006982, 0.437692, 0.397951, 0.021149, -0.005696, 0.007787, 0.152592, -0.217223, -0.827104, 0.172852, 0.191398, 0.746412, 0.17028, -0.41353, -0.033816, 0.025276, 0.071425, -0.028689, 0.32808, -0.059258, 0.250593, 0.107871, 0.105615, -0.112033, 0.109666, 0.044256, -0.410988, 0.11021, -0.03871, 0.41673, 0.639348, -0.904234, 0.03243, -2.36778, 0.382737, 0.078868, 1.23212, -2.113958, 0.09936, 0.88135]}