{"hc3d": [[-0.000729, -0.21837, 0.039858], [0.082272, -0.315303, 0.036633], [-0.081909, -0.31476, 0.039401], [-0.002987, -0.103748, 0.005018], [0.190235, -0.681119, 0.141722], [-0.155646, -0.705263, 0.112011], [-0.00298, 0.022824, 0.034146], [0.012141, -1.0104, -0.058845], [-0.204996, -1.097177, -0.046439], [-0.003068, 0.069528, 0.073579], [0.131653, -1.03127, 0.008118], [-0.159202, -1.128181, 0.082283], [-0.010233, 0.292007, 0.058701], [0.079098, 0.201424, 0.057819], [-0.093283, 0.19563, 0.054611], [-0.007248, 0.346998, 0.111392], [0.175624, 0.191527, 0.027057], [-0.194986, 0.183525, 0.083451], [0.254692, -0.057861, -0.043415], [-0.289861, -0.065448, 0.087914], [0.328755, -0.298803, 0.026354], [-0.326172, -0.305267, 0.196497], [0.379788, -0.370466, 0.041792], [-0.345233, -0.384976, 0.229725]], "im2d": [[0.012259, -0.109838], [0.006888, 0.01365], [0.008241, -0.019036], [0.059399, -0.234406], [-0.139425, 0.431225], [-0.098457, 0.392918], [0.035535, -0.376431], [0.067476, 0.77527], [0.053355, 0.828102], [-0.005455, -0.430957], [-0.012333, 0.816637], [-0.094473, 0.861828], [0.026934, -0.677148], [0.019207, -0.559621], [0.027044, -0.586458], [-0.028437, -0.741208], [0.050436, -0.527683], [-0.003421, -0.594943], [0.110004, -0.231532], [-0.023223, -0.338522], [0.012935, 0.044033], [-0.160793, -0.088477], [-0.010754, 0.132017], [-0.203118, -0.006517]], "theta": [1.124552, 0.01163, 0.120697, 2.247336, 0.270978, -2.289411, -0.335686, 0.17271, 0.175938, -0.20366, 0.12736, -0.098786, 0.270936, -0.018281, 0.024602, 0.874323, 0.265889, -0.330986, 0.448708, 0.412482, 0.148924, -0.140256, -0.005973, -0.003422, -0.686463, 0.392364, 0.468291, -0.456884, 0.027204, 0.100823, 0.029305, 0.0455, 0.000322, -0.001027, 0.001141, 0.000238, 0.001596, 0.001658, -0.005164, -0.101095, -0.032988, -0.038778, 0.014733, 0.153292, -0.540765, 0.092103, 0.374472, 0.401165, 0.05262, -0.037333, 0.038012, 0.126252, -0.179733, -0.694734, 0.273871, 0.250026, 0.689873, -0.013933, -0.396706, -0.066772, 0.038268, 0.32915, -0.054356, 0.269904, -0.038121, 0.427291, 0.267941, 0.042293, -0.114597, 0.110486, 0.043434, -0.413515, 0.110946, -0.036518, 0.416818, 0.639348, -0.904234, 0.03243, -2.36778, 0.382737, 0.078868, 1.23212, -2.113958, 0.09936, 0.88135]}