{"hc3d": [[-0.000729, -0.21837, 0.039858], [0.082272, -0.315303, 0.036633], [-0.081909, -0.31476, 0.039401], [-0.002987, -0.103748, 0.005018], [0.186603, -0.696633, 0.051584], [-0.088363, -0.692805, 0.181678], [3e-06, 0.021576, 0.038985], [-0.085859, -0.982204, -0.105209], [-0.20227, -1.069028, 0.018524], [0.000291, 0.06659, 0.080336], [0.050084, -1.003904, -0.089359], [-0.114545, -1.101265, 0.122893], [-0.011443, 0.288912, 0.066028], [0.079442, 0.199979, 0.061929], [-0.092813, 0.191036, 0.064678], [-0.006868, 0.343271, 0.119258], [0.172794, 0.194436, 0.021727], [-0.190524, 0.173006, 0.102747], [0.219181, -0.058384, -0.063963], [-0.262135, -0.083405, 0.114322], [0.307016, -0.299708, -0.014426], [-0.256022, -0.327462, 0.219301], [0.362671, -0.369519, -0.0171], [-0.261473, -0.411374, 0.24669]], "im2d": [[0.01226, -0.109839], [0.00689, 0.01365], [0.008242, -0.019037], [0.059401, -0.234408], [-0.039266, 0.454276], [-0.177571, 0.387112], [0.029939, -0.374831], [0.124106, 0.72848], [-0.017648, 0.792766], [-0.013332, -0.427556], [0.101149, 0.777702], [-0.139366, 0.837782], [0.01853, -0.674505], [0.014486, -0.558262], [0.015415, -0.582031], [-0.037534, -0.737598], [0.056696, -0.531061], [-0.025926, -0.58387], [0.133982, -0.236346], [-0.054852, -0.315229], [0.059217, 0.043801], [-0.189817, -0.051996], [0.055854, 0.131963], [-0.226249, 0.037681]], "theta": [1.124561, 0.011631, 0.120697, 2.247337, 0.270977, -2.289412, -0.146516, 0.44533, 0.181015, -0.376951, 0.339887, 0.024039, 0.308534, -0.043562, -0.001663, 0.866897, 0.373681, -0.371021, 0.722896, 0.412111, 0.072277, -0.135807, 0.017987, 0.011551, -0.795417, 0.40255, 0.496584, -0.518763, 0.177808, 0.061604, -0.010731, 0.085662, 0.021409, -0.004202, 0.002925, 0.004399, 0.002055, 0.003494, -0.008178, -0.090245, -0.046062, -0.061172, 0.002824, 0.220706, -0.52644, 0.121652, 0.435962, 0.427141, 0.032756, -0.137192, 0.047382, 0.141441, -0.146211, -0.827608, 0.225186, 0.26958, 0.708231, -0.181032, -0.393406, 0.009631, 0.075922, 0.351954, -0.008311, 0.161872, -0.017963, 0.498331, 0.241603, 0.009402, -0.060441, 0.108173, 0.041757, -0.41063, 0.109092, -0.034483, 0.416194, 0.639348, -0.904234, 0.03243, -2.36778, 0.382737, 0.078868, 1.23212, -2.113958, 0.09936, 0.88135]}