{"hc3d": [[-0.000729, -0.21837, 0.039858], [0.082272, -0.315303, 0.036633], [-0.081909, -0.31476, 0.039401], [-0.002987, -0.103748, 0.005018], [0.154968, -0.704149, 0.0426], [-0.115478, -0.695589, 0.169957], [-0.000121, 0.022341, 0.036038], [-0.037525, -1.066332, -0.067583], [-0.204581, -0.99964, -0.114211], [-0.000194, 0.067976, 0.076704], [0.095108, -1.080262, -0.029938], [-0.167538, -1.078986, -0.004851], [-0.010905, 0.289941, 0.05705], [0.079702, 0.200632, 0.056329], [-0.092606, 0.192332, 0.056816], [-0.003999, 0.344155, 0.110176], [0.175862, 0.193223, 0.023776], [-0.190061, 0.17438, 0.09557], [0.240058, -0.062981, -0.036645], [-0.260421, -0.082177, 0.110964], [0.321176, -0.304887, 0.020867], [-0.284765, -0.330993, 0.201071], [0.372268, -0.377829, 0.027751], [-0.296219, -0.415743, 0.223596]], "im2d": [[0.01226, -0.109839], [0.00689, 0.01365], [0.008242, -0.019037], [0.059401, -0.234409], [-0.028857, 0.457098], [-0.163883, 0.385783], [0.033302, -0.375484], [0.074724, 0.828092], [0.136189, 0.725356], [-0.009147, -0.428916], [0.027941, 0.866485], [0.006953, 0.812232], [0.028661, -0.674881], [0.020808, -0.558525], [0.024323, -0.582849], [-0.027359, -0.737353], [0.05423, -0.529276], [-0.01779, -0.584773], [0.102446, -0.229213], [-0.051044, -0.316008], [0.018873, 0.049688], [-0.168833, -0.052338], [0.004692, 0.139725], [-0.199705, 0.037456]], "theta": [1.124563, 0.011631, 0.120697, 2.247337, 0.270977, -2.289412, -0.097516, 0.389613, 0.105553, -0.352453, 0.178855, -0.015017, 0.285485, -0.029313, 0.001215, 0.487999, 0.286017, -0.291607, 0.993608, 0.275685, 0.077422, -0.127796, 0.003536, 0.016755, -0.655912, 0.379107, 0.387897, -0.44621, 0.097737, 0.093333, -0.019181, 0.071707, 0.013374, -0.002501, 0.001905, 0.002267, 0.001599, 0.002441, -0.005967, -0.065339, -0.006608, -0.077826, 5.8e-05, 0.154652, -0.520034, 0.07567, 0.461605, 0.441266, 0.043172, -0.130731, 0.02781, 0.125699, -0.190544, -0.783621, 0.226044, 0.213171, 0.723985, -0.109126, -0.311619, -0.02303, 0.071449, 0.216813, -0.006438, 0.168305, -0.042351, 0.42935, 0.185211, 0.047371, -0.051891, 0.109067, 0.043047, -0.411371, 0.109903, -0.036569, 0.416446, 0.639348, -0.904234, 0.03243, -2.36778, 0.382737, 0.078868, 1.23212, -2.113958, 0.09936, 0.88135]}