{"hc3d": [[-0.000814, -0.219318, 0.039863], [0.081907, -0.316396, 0.036714], [-0.081749, -0.315828, 0.039456], [-0.003083, -0.104262, 0.004712], [0.048766, -0.558279, 0.34911], [-0.196302, -0.704049, 0.051339], [-0.005089, 0.024761, 0.024468], [0.119355, -0.875023, 0.073209], [-0.158296, -0.987556, -0.265502], [0.00048, 0.069683, 0.065753], [0.153711, -0.926942, 0.197512], [-0.22628, -1.073515, -0.177448], [0.010383, 0.291829, 0.086949], [0.091914, 0.19666, 0.063806], [-0.080559, 0.203242, 0.074709], [0.003517, 0.331026, 0.152349], [0.191057, 0.178646, 0.047662], [-0.181037, 0.205269, 0.110731], [0.263977, -0.062431, -0.054178], [-0.304242, -0.01493, 0.198464], [0.233573, -0.304785, 0.041918], [-0.312082, -0.101688, 0.450448], [0.244361, -0.38059, 0.088579], [-0.335055, -0.118544, 0.53452]], "im2d": [[0.007747, -0.070101], [-0.083527, 0.048503], [0.089865, 0.038092], [0.03386, -0.196757], [-0.221983, 0.260142], [0.187789, 0.482123], [0.031791, -0.351787], [-0.168756, 0.69447], [0.298672, 0.884856], [0.00648, -0.412989], [-0.272543, 0.729609], [0.321442, 0.961983], [-0.004682, -0.676344], [-0.084195, -0.555632], [0.094651, -0.575351], [-0.029523, -0.73687], [-0.182534, -0.525516], [0.183326, -0.591262], [-0.218775, -0.217685], [0.258934, -0.360494], [-0.247674, 0.042282], [0.132167, -0.315168], [-0.287028, 0.121075], [0.112183, -0.315293]], "theta": [1.188888, 0.00733, 0.160354, 0.709082, 0.30183, -3.04958, -0.924249, -0.4884, 0.044166, -0.095912, -0.138861, -0.192642, 0.19575, 0.121027, 0.049272, 1.509534, 0.181486, -0.224225, 0.823826, 0.132883, 0.157554, -0.010426, -0.029724, -0.052653, -0.524143, 0.262193, 0.254872, -0.367001, -0.224419, -0.022182, 0.139951, -0.006676, -0.044911, -0.000655, 0.000609, 0.000142, 0.001891, 0.001955, -0.006444, 0.028003, -0.378541, -0.019213, 0.028638, -0.101352, -0.511457, -0.044458, 0.368113, 0.301964, 0.363951, -0.122798, 0.058738, 0.195825, -0.125921, -0.679393, 0.000336, 0.403493, 0.51604, 0.152807, -0.726555, -0.190438, -0.493308, 0.824162, -0.139765, 0.181265, -0.209033, 0.431758, -0.131746, 0.132633, -0.394078, 0.111336, 0.044402, -0.413627, 0.111204, -0.037239, 0.419096, 0.689821, -0.895226, 0.021974, -2.322584, 0.332601, 0.06294, 1.241707, -2.092757, 0.125099, 0.848724]}