{"hc3d": [[-0.000814, -0.219318, 0.039863], [0.081907, -0.316396, 0.036714], [-0.081749, -0.315828, 0.039456], [-0.003083, -0.104262, 0.004712], [0.053972, -0.709927, -0.002652], [-0.150583, -0.639476, 0.272894], [0.003299, 0.0247, 0.023932], [-0.004026, -1.106162, -0.147791], [-0.110702, -1.042587, 0.138284], [0.00369, 0.069121, 0.066122], [0.021357, -1.158829, -0.021661], [-0.187343, -1.117241, 0.229483], [0.008314, 0.292008, 0.08014], [0.093181, 0.197406, 0.070767], [-0.079379, 0.201592, 0.060067], [0.00955, 0.333302, 0.144592], [0.193583, 0.179182, 0.072181], [-0.183324, 0.18692, 0.079501], [0.286261, -0.072328, 0.027907], [-0.272717, -0.06419, 0.061703], [0.216333, -0.233471, 0.222937], [-0.325515, -0.290154, 0.192993], [0.221399, -0.271445, 0.304008], [-0.344352, -0.363342, 0.239562]], "im2d": [[0.007837, -0.070123], [-0.083465, 0.048556], [0.090014, 0.038115], [0.033946, -0.196851], [-0.051558, 0.515147], [0.026914, 0.36075], [0.023165, -0.351301], [0.067396, 1.006499], [0.035474, 0.8633], [0.002869, -0.412436], [-0.027841, 1.041644], [0.066409, 0.926089], [0.001073, -0.675507], [-0.089167, -0.558228], [0.100991, -0.570433], [-0.031859, -0.737844], [-0.198044, -0.531632], [0.201263, -0.563409], [-0.285816, -0.223024], [0.294287, -0.271303], [-0.320146, -0.081734], [0.271789, -0.039335], [-0.369532, -0.054963], [0.264253, 0.034811]], "theta": [1.189507, 0.007402, 0.160366, 0.709179, 0.30175, -3.049713, 0.070195, -0.113426, -0.159522, -0.664201, -0.029579, -0.072305, 0.190741, -0.013398, -0.022418, 0.142377, -0.118135, -0.012149, 0.88315, -0.170079, 0.011915, 0.004196, -0.01155, 0.02967, -0.316112, 0.279718, -0.004238, -0.030768, -0.224824, 0.083348, 0.091312, -0.003954, -0.032626, -0.00086, 0.000792, 0.000108, 0.00175, 0.002347, -0.006053, 0.005994, -0.106603, -0.072862, 0.00764, -0.15048, -0.50876, -0.038331, 0.370024, 0.460255, 0.221601, -0.101164, -0.013944, 0.212158, -0.232083, -0.632996, 0.14318, 0.159386, 0.707763, 0.027952, -1.071632, -0.058141, -0.376769, 0.484652, -0.032994, 0.034525, -0.224619, 0.559913, -0.548167, 0.145284, -0.167201, 0.110752, 0.044098, -0.412195, 0.110614, -0.038039, 0.417751, 0.689821, -0.895226, 0.021974, -2.322584, 0.332601, 0.06294, 1.241707, -2.092757, 0.125099, 0.848724]}