{"hc3d": [[-0.000814, -0.219318, 0.039863], [0.081907, -0.316396, 0.036714], [-0.081749, -0.315828, 0.039456], [-0.003083, -0.104262, 0.004712], [0.057166, -0.708619, -0.015683], [-0.134667, -0.629953, 0.289465], [0.004155, 0.024378, 0.025701], [0.022023, -1.073966, -0.231826], [-0.109113, -1.050889, 0.223369], [0.00364, 0.067809, 0.068909], [0.043959, -1.144706, -0.114176], [-0.182852, -1.113056, 0.325654], [0.006964, 0.290281, 0.088704], [0.092436, 0.19628, 0.078792], [-0.079865, 0.200068, 0.064405], [0.005389, 0.329697, 0.154313], [0.192792, 0.177778, 0.079796], [-0.184369, 0.184355, 0.079558], [0.294601, -0.069404, 0.031395], [-0.271241, -0.066083, 0.046415], [0.205967, -0.186755, 0.248805], [-0.324465, -0.288657, 0.183209], [0.204526, -0.207835, 0.335946], [-0.347622, -0.359506, 0.231418]], "im2d": [[0.007838, -0.070124], [-0.083464, 0.048557], [0.090016, 0.038116], [0.033947, -0.196852], [-0.048127, 0.516672], [0.001729, 0.346877], [0.021314, -0.35127], [0.084808, 0.988877], [-0.010893, 0.854354], [0.001411, -0.411523], [-0.003179, 1.0468], [0.011755, 0.900285], [-0.002022, -0.675456], [-0.092601, -0.558726], [0.099182, -0.56964], [-0.03264, -0.736014], [-0.201228, -0.531717], [0.202231, -0.560488], [-0.296406, -0.226738], [0.30058, -0.265646], [-0.320345, -0.142558], [0.275832, -0.03887], [-0.365146, -0.137213], [0.272169, 0.031941]], "theta": [1.189515, 0.007403, 0.160366, 0.70918, 0.301749, -3.049714, 0.103658, -0.104638, -0.152839, -0.709275, 0.001751, -0.039894, 0.204119, -0.021363, -0.029589, 0.298588, -0.146953, -0.004758, 0.753697, -0.153622, -0.01315, 0.014466, -0.016383, 0.044363, -0.338531, 0.27763, 0.005796, 0.021702, -0.237519, 0.075565, 0.093681, -0.010958, -0.032667, -0.001654, 0.001303, 0.001024, 0.001918, 0.002835, -0.007043, 0.010611, -0.128917, -0.071733, 0.019551, -0.13086, -0.522177, -0.024888, 0.353828, 0.464884, 0.238471, -0.117023, -0.005346, 0.195453, -0.234097, -0.589896, 0.159405, 0.161809, 0.714086, 0.042363, -1.300783, -0.00745, -0.403612, 0.560534, -0.061572, 0.086013, -0.221181, 0.559435, -0.543521, 0.151899, -0.214854, 0.109785, 0.043811, -0.41042, 0.110107, -0.037399, 0.417414, 0.689821, -0.895226, 0.021974, -2.322584, 0.332601, 0.06294, 1.241707, -2.092757, 0.125099, 0.848724]}