{"hc3d": [[-0.000814, -0.219318, 0.039863], [0.081907, -0.316396, 0.036714], [-0.081749, -0.315828, 0.039456], [-0.003083, -0.104262, 0.004712], [0.057609, -0.695446, -0.076982], [-0.119847, -0.565151, 0.356262], [0.004717, 0.023358, 0.031046], [0.035311, -0.965808, -0.40537], [-0.080073, -0.98524, 0.420698], [0.002972, 0.065446, 0.075532], [0.058724, -1.06725, -0.313237], [-0.149363, -1.036924, 0.531568], [0.004709, 0.28727, 0.101749], [0.090862, 0.193951, 0.091305], [-0.081042, 0.197428, 0.072714], [0.000286, 0.328464, 0.166125], [0.191872, 0.17956, 0.093418], [-0.186397, 0.183357, 0.082716], [0.30466, -0.062521, 0.043595], [-0.267012, -0.066307, 0.03238], [0.199718, -0.134953, 0.273019], [-0.332821, -0.272938, 0.187485], [0.193453, -0.140763, 0.362277], [-0.360689, -0.338835, 0.240028]], "im2d": [[0.00784, -0.070124], [-0.083463, 0.048557], [0.090018, 0.038116], [0.033949, -0.196854], [-0.016077, 0.514818], [-0.045836, 0.257339], [0.017886, -0.351227], [0.166003, 0.901555], [-0.141552, 0.735887], [-0.001432, -0.410262], [0.08828, 1.001027], [-0.127634, 0.767938], [-0.006543, -0.674945], [-0.097541, -0.558854], [0.095994, -0.568457], [-0.033394, -0.737466], [-0.207254, -0.536853], [0.20271, -0.560137], [-0.313185, -0.236899], [0.303359, -0.26206], [-0.323846, -0.208725], [0.283276, -0.058634], [-0.363879, -0.221947], [0.282622, 0.005177]], "theta": [1.189525, 0.007404, 0.160366, 0.709181, 0.301748, -3.049715, 0.261485, -0.030452, -0.149984, -0.938536, 0.040467, -0.018405, 0.244186, -0.056268, -0.037227, 0.495065, -0.193046, -0.003216, 0.676522, -0.233646, -0.014814, 0.005855, -0.00503, 0.055513, -0.391926, 0.28263, 0.008225, 0.178921, -0.235718, 0.093047, 0.091843, -0.009554, -0.030594, -0.000875, 0.000844, 2.3e-05, 0.001496, 0.001653, -0.004978, -0.04375, -0.139164, -0.053714, 0.033663, -0.107883, -0.491638, 0.007434, 0.323274, 0.446701, 0.197133, -0.082904, 0.02078, 0.164669, -0.25145, -0.579961, 0.145729, 0.184023, 0.748124, 0.046579, -1.510767, 0.046605, -0.444545, 0.685795, -0.154743, 0.138924, -0.19338, 0.556193, -0.505577, 0.137514, -0.219076, 0.110278, 0.044908, -0.410561, 0.110956, -0.038282, 0.417918, 0.689821, -0.895226, 0.021974, -2.322584, 0.332601, 0.06294, 1.241707, -2.092757, 0.125099, 0.848724]}