{"hc3d": [[-0.000739, -0.219286, 0.040328], [0.082485, -0.316419, 0.037306], [-0.08216, -0.315876, 0.04011], [-0.002989, -0.104348, 0.005051], [0.094737, -0.70812, 0.081071], [-0.126686, -0.681091, 0.204082], [0.004235, 0.022968, 0.030998], [0.033857, -0.97395, -0.243034], [-0.067777, -1.095529, 0.133439], [0.001575, 0.063082, 0.077395], [0.083393, -1.064879, -0.151123], [-0.129506, -1.151409, 0.246007], [3.8e-05, 0.286114, 0.089505], [0.087488, 0.19367, 0.084861], [-0.084428, 0.193409, 0.066788], [-0.002137, 0.339594, 0.143642], [0.185577, 0.171132, 0.100717], [-0.185, 0.170493, 0.093381], [0.243395, -0.088857, 0.054596], [-0.246114, -0.082909, 0.145979], [0.226667, -0.318242, 0.178109], [-0.29387, -0.312095, 0.270572], [0.249137, -0.387638, 0.229695], [-0.314726, -0.385403, 0.315489]], "im2d": [[-0.000645, -0.030584], [-0.101697, 0.086831], [0.091769, 0.086282], [0.016695, -0.164118], [-0.143956, 0.553121], [0.082545, 0.503133], [0.005522, -0.321613], [0.011946, 0.921739], [0.017649, 1.013517], [-0.003295, -0.376831], [-0.07674, 1.017833], [0.05558, 1.064626], [0.003575, -0.647788], [-0.101811, -0.535808], [0.106277, -0.532298], [-0.007552, -0.720277], [-0.223024, -0.511244], [0.216321, -0.508228], [-0.287826, -0.190866], [0.263375, -0.209921], [-0.31285, 0.067903], [0.274654, 0.048545], [-0.357041, 0.144013], [0.283372, 0.130494]], "theta": [1.21583, 0.000208, 0.194131, 0.378954, 0.18712, -3.095599, -0.137869, -0.084122, -0.045921, -0.463368, -0.020121, -0.013703, 0.245259, -0.047208, -0.033089, 0.884561, 0.111461, -0.119805, 0.521399, -0.126361, 0.068461, 0.042134, -0.014586, 0.068426, -0.479904, 0.218017, 0.010155, -0.095916, -0.199767, 0.125187, -0.003687, 8.4e-05, -0.028078, -0.001548, 0.001365, 0.000287, 0.001689, 0.002666, -0.007135, -0.198691, -0.055749, -0.019185, -0.037124, -0.27345, -0.548198, 0.023014, 0.48899, 0.481442, 0.12949, -0.028861, 0.000727, 0.166725, -0.143987, -0.769273, -0.02536, 0.369268, 0.601445, -0.101637, -0.581052, -0.017544, -0.445029, 0.182854, -0.001572, -0.052854, -0.174468, 0.509303, -0.470366, 0.161585, -0.204848, 0.109139, 0.044786, -0.408907, 0.109424, -0.037632, 0.417708, 0.63025, -0.975604, 0.082671, -2.322805, 0.37626, 0.064348, 1.265221, -2.127814, 0.139033, 0.835891]}