{"hc3d": [[-0.000908, -0.21815, 0.037918], [0.080604, -0.314843, 0.033982], [-0.080609, -0.314237, 0.036608], [-0.003217, -0.103581, 0.004078], [0.071026, -0.71437, 0.056747], [-0.099778, -0.706534, 0.1489], [0.00228, 0.023695, 0.034883], [0.021839, -1.134699, -0.014253], [-0.091989, -1.018747, -0.146496], [0.005087, 0.070216, 0.073862], [0.086318, -1.184461, 0.099003], [-0.118877, -1.141783, -0.083146], [0.007517, 0.291589, 0.052902], [0.092221, 0.197034, 0.051838], [-0.079368, 0.19898, 0.052926], [0.010724, 0.347254, 0.106651], [0.190121, 0.179639, 0.031292], [-0.181436, 0.190464, 0.081404], [0.221937, -0.090635, 0.005343], [-0.211105, -0.069136, 0.019947], [0.263286, -0.337578, 0.088417], [-0.230851, -0.334426, 0.053933], [0.304923, -0.41416, 0.109428], [-0.231001, -0.422613, 0.063725]], "im2d": [[0.009483, -0.129272], [0.06379, -0.012868], [-0.050705, -0.038676], [0.042848, -0.254499], [0.014344, 0.41587], [-0.180844, 0.385669], [0.02866, -0.388623], [0.014017, 0.855619], [0.05157, 0.706044], [0.000982, -0.436012], [-0.038188, 0.925341], [-0.027186, 0.837387], [0.033314, -0.674476], [0.087586, -0.559709], [-0.032781, -0.58867], [-0.00582, -0.730816], [0.171856, -0.526785], [-0.128099, -0.593993], [0.199476, -0.232993], [-0.113166, -0.323247], [0.14448, 0.043182], [-0.171017, -0.039635], [0.151456, 0.133093], [-0.184526, 0.055568]], "theta": [1.086546, 0.009635, 0.099175, 2.941742, 0.179279, -1.365717, -0.086025, 0.065274, -0.108643, -0.312648, 0.040831, 0.044988, 0.273755, 0.016428, -0.012037, 0.135173, 0.008344, 0.037387, 0.952826, -0.046869, -0.046967, -0.127009, 0.00264, 0.001863, -0.168628, 0.268742, -0.013291, 0.053426, 0.000274, 0.102818, -0.025207, 0.019802, -0.018508, -0.000677, 3.3e-05, 0.001933, 0.001155, 0.001207, -0.004472, -0.054491, -0.138907, -0.056138, 0.05999, 0.036196, -0.543384, -0.011712, 0.356676, 0.434843, -0.050368, -0.191385, 0.094752, 0.070389, -0.292868, -0.820812, 0.374402, 0.101433, 1.095614, -0.110918, -0.277872, -0.009699, 0.044972, 0.191306, -0.1213, 0.235939, -0.069045, 0.444012, -0.055228, 0.155004, -0.056637, 0.111431, 0.044954, -0.411743, 0.112089, -0.04009, 0.421008, 0.728769, -0.624188, -0.021979, -2.32443, 0.327961, 0.064645, 1.254596, -2.00365, 0.086873, 0.884602]}