{"hc3d": [[-0.000908, -0.21815, 0.037918], [0.080604, -0.314843, 0.033982], [-0.080609, -0.314237, 0.036608], [-0.003217, -0.103581, 0.004078], [0.093847, -0.704185, 0.126014], [-0.086225, -0.722265, 0.01774], [0.000567, 0.022974, 0.037958], [0.053504, -1.116167, 0.012966], [-0.05816, -1.131389, -0.111202], [-0.000283, 0.069788, 0.076678], [0.127766, -1.173155, 0.116397], [-0.077923, -1.20248, 0.008921], [-0.003273, 0.291511, 0.059907], [0.084124, 0.199451, 0.061737], [-0.087257, 0.196477, 0.053518], [-0.001849, 0.349515, 0.111201], [0.182951, 0.194151, 0.039062], [-0.18977, 0.188036, 0.080376], [0.203075, -0.071139, -0.023787], [-0.239118, -0.075796, 0.083036], [0.285271, -0.31703, 0.02493], [-0.272622, -0.316213, 0.197055], [0.335278, -0.390773, 0.034991], [-0.285356, -0.388886, 0.246345]], "im2d": [[0.011402, -0.130298], [0.066626, -0.012606], [-0.049003, -0.038736], [0.044733, -0.257078], [-0.023507, 0.417709], [-0.060082, 0.402193], [0.026006, -0.391828], [0.020055, 0.851744], [0.045166, 0.843046], [-0.004555, -0.440454], [-0.017989, 0.931641], [-0.073898, 0.924307], [0.019968, -0.682643], [0.07474, -0.568696], [-0.039116, -0.59321], [-0.01895, -0.7423], [0.163082, -0.548594], [-0.134349, -0.598729], [0.215203, -0.261176], [-0.186197, -0.319998], [0.218157, 0.021764], [-0.319343, -0.057466], [0.240719, 0.110376], [-0.373906, 0.022369]], "theta": [1.098835, 0.011284, 0.099572, 2.944806, 0.176602, -1.369927, -0.261409, 0.031631, -0.054309, 0.010893, 0.017533, 0.083384, 0.296206, -0.038201, -0.004843, 0.41273, 0.133132, 0.042897, 0.174069, 0.095327, -0.025476, -0.155457, 0.019248, 0.0393, -0.171959, 0.239731, 0.021212, -0.06872, -0.096095, 0.118378, 0.000337, 0.011026, -0.02753, -0.000758, 0.001003, 4.4e-05, 0.001157, 0.001508, -0.004118, -0.117286, -0.050967, -0.02896, -0.014091, 0.113561, -0.458505, -0.034861, 0.396748, 0.399026, -0.015751, -0.099251, 0.024629, 0.125521, -0.13883, -0.992052, 0.239472, 0.208463, 0.908689, -0.132743, -0.282249, 0.156373, 0.025524, 0.268546, -0.13615, 0.139013, -0.113199, 0.413698, 0.023899, 0.214938, -0.234207, 0.110009, 0.044607, -0.41153, 0.111287, -0.040232, 0.416785, 0.728769, -0.624188, -0.021979, -2.32443, 0.327961, 0.064645, 1.254596, -2.00365, 0.086873, 0.884602]}