{"hc3d": [[-0.000908, -0.21815, 0.037918], [0.080604, -0.314843, 0.033982], [-0.080609, -0.314237, 0.036608], [-0.003217, -0.103581, 0.004078], [0.098824, -0.688534, 0.176302], [-0.084868, -0.701503, -0.093319], [0.000757, 0.020873, 0.04499], [0.011184, -1.10224, 0.249129], [-0.136396, -1.000641, -0.397717], [0.001614, 0.067185, 0.084308], [0.114309, -1.090419, 0.342329], [-0.117586, -1.083135, -0.284956], [-0.004299, 0.289296, 0.075189], [0.084187, 0.198314, 0.072181], [-0.087276, 0.193503, 0.067179], [0.000244, 0.348679, 0.124694], [0.181254, 0.194347, 0.042663], [-0.188838, 0.193355, 0.098586], [0.174404, -0.042038, -0.094482], [-0.301362, -0.048857, 0.125437], [0.351465, -0.231301, -0.045281], [-0.257288, -0.181431, 0.354359], [0.425576, -0.281772, -0.045657], [-0.248407, -0.202703, 0.440041]], "im2d": [[0.011403, -0.130299], [0.066628, -0.012606], [-0.049002, -0.038736], [0.044734, -0.257081], [-0.061464, 0.40454], [0.035561, 0.373192], [0.020102, -0.389097], [-0.207796, 0.844113], [0.238739, 0.671435], [-0.009791, -0.436873], [-0.213034, 0.853284], [0.152376, 0.770767], [0.006254, -0.679489], [0.065927, -0.566829], [-0.050799, -0.589169], [-0.028885, -0.740255], [0.158869, -0.548866], [-0.148728, -0.603266], [0.256197, -0.301583], [-0.264186, -0.356591], [0.3287, -0.065004], [-0.433406, -0.191886], [0.378326, 0.001548], [-0.500504, -0.162225]], "theta": [1.098846, 0.011285, 0.099572, 2.944807, 0.176601, -1.369929, -0.401119, 0.162367, -0.066515, 0.290111, 0.04253, 0.09535, 0.353971, 0.021145, 0.00101, 0.143445, 0.132142, -0.079574, 0.411905, 0.291052, -0.120511, -0.201044, -0.016992, 0.017774, -0.408898, 0.323722, 0.165704, -0.450092, 0.001533, 0.046237, 0.021647, 0.007582, -0.000521, -0.002954, 0.002119, 0.002949, 0.001471, 0.003558, -0.007134, -0.183602, -0.080807, -0.092869, -0.055121, 0.155832, -0.467063, -0.0833, 0.421575, 0.300887, -0.037924, -0.120255, 0.035172, 0.161266, 0.202388, -1.022121, 0.22475, 0.142377, 0.728203, -0.497362, -0.799173, 0.412159, 0.052031, 0.962307, -0.170413, -0.102709, -0.159712, 0.452978, -0.039994, 0.258717, -0.369137, 0.107739, 0.044282, -0.40714, 0.109546, -0.03872, 0.416636, 0.728769, -0.624188, -0.021979, -2.32443, 0.327961, 0.064645, 1.254596, -2.00365, 0.086873, 0.884602]}