{"hc3d": [[-0.000908, -0.218879, 0.038588], [0.08095, -0.315713, 0.03488], [-0.080973, -0.315118, 0.037571], [-0.003203, -0.104107, 0.004316], [0.07887, -0.710107, 0.089444], [-0.198348, -0.667372, 0.203125], [-0.002123, 0.025653, 0.023238], [0.007157, -1.12598, 0.023442], [-0.10298, -0.892626, -0.148032], [0.002926, 0.075055, 0.058629], [0.048591, -1.131155, 0.156162], [-0.184824, -0.999458, -0.107213], [0.012443, 0.297416, 0.059333], [0.093644, 0.20083, 0.044592], [-0.077859, 0.208092, 0.055418], [0.01301, 0.354387, 0.111062], [0.193723, 0.190439, 0.030023], [-0.176852, 0.228207, 0.088858], [0.258575, -0.055117, -0.068075], [-0.315641, 0.000327, 0.107087], [0.247918, -0.310193, -0.005388], [-0.34607, -0.029355, 0.370803], [0.266802, -0.391863, 0.02608], [-0.372625, -0.022022, 0.455015]], "im2d": [[0.010786, -0.118379], [-0.044685, 0.001373], [0.061576, -0.032059], [0.046592, -0.23364], [-0.10616, 0.408215], [-0.017311, 0.284726], [0.034534, -0.374858], [-0.017096, 0.848297], [0.214815, 0.61348], [0.002358, -0.433387], [-0.160327, 0.835256], [0.230053, 0.702237], [0.004098, -0.667455], [-0.041343, -0.545871], [0.064539, -0.589923], [-0.038962, -0.738201], [-0.096206, -0.511974], [0.10267, -0.637726], [-0.064155, -0.218836], [0.170954, -0.427379], [-0.12146, 0.036908], [-0.038801, -0.455181], [-0.164653, 0.120932], [-0.09383, -0.485242]], "theta": [1.097792, 0.010733, 0.111045, 1.417075, 0.398935, -2.867777, -0.161104, -0.113099, -0.081988, -0.490943, -0.121697, -0.178552, 0.183659, 0.026413, 0.021241, 0.166977, -0.134529, -0.114968, 1.411111, -0.090714, 0.10586, -0.116621, 0.007344, -0.063965, -0.403868, 0.317804, 0.28539, -0.243819, -0.243744, 0.024966, 0.157422, 0.058263, -0.019676, -0.002384, 0.001133, 0.003199, 0.002111, 0.002982, -0.008334, -0.185995, -0.168317, 0.046533, 0.043451, -0.077657, -0.427066, -0.095444, 0.331444, 0.170801, 0.008884, 0.104786, 0.07125, 0.250338, -0.114373, -0.799468, 0.117488, 0.11639, 0.819614, 0.285663, -0.55048, -0.111776, -0.272783, 1.129645, -0.492147, 0.274496, -0.10702, 0.402991, 0.203169, 0.093988, -0.374199, 0.110483, 0.042856, -0.412648, 0.110206, -0.036781, 0.419828, 0.695598, -0.725787, 0.020877, -2.290094, 0.322228, 0.125436, 1.25373, -2.062283, 0.111276, 0.881512]}