{"hc3d": [[-0.000908, -0.218879, 0.038588], [0.08095, -0.315713, 0.03488], [-0.080973, -0.315118, 0.037571], [-0.003203, -0.104107, 0.004316], [0.083355, -0.711033, -0.01249], [-0.167812, -0.65678, 0.240041], [0.001636, 0.025533, 0.023471], [0.027032, -1.111167, -0.150948], [-0.133029, -1.080612, 0.192063], [0.00191, 0.072345, 0.062549], [0.060488, -1.160116, -0.02508], [-0.212279, -1.133035, 0.29574], [0.003406, 0.294805, 0.069231], [0.089162, 0.201315, 0.062514], [-0.082526, 0.202733, 0.052295], [0.003715, 0.348575, 0.124283], [0.190552, 0.194614, 0.059168], [-0.18776, 0.1968, 0.066891], [0.296347, -0.055199, 0.036195], [-0.268285, -0.055855, 0.032175], [0.260742, -0.258309, 0.199247], [-0.375759, -0.29441, 0.085967], [0.27055, -0.305424, 0.27475], [-0.414168, -0.373056, 0.099761]], "im2d": [[0.011328, -0.118652], [-0.044161, 0.001565], [0.062402, -0.03213], [0.047091, -0.234329], [-0.019503, 0.432202], [-0.068598, 0.273192], [0.032066, -0.375149], [0.123838, 0.874503], [-0.066264, 0.740791], [-0.000394, -0.43277], [-0.010197, 0.907963], [-0.105304, 0.759779], [0.001219, -0.67051], [-0.054142, -0.552462], [0.070267, -0.586394], [-0.04492, -0.738741], [-0.119661, -0.524296], [0.128088, -0.604156], [-0.180264, -0.232624], [0.2029, -0.344516], [-0.306111, -0.056494], [0.219245, -0.12311], [-0.380286, -0.019595], [0.230069, -0.049923]], "theta": [1.101336, 0.011194, 0.111144, 1.417876, 0.398246, -2.868877, 0.094103, -0.06228, -0.081578, -0.578387, -0.074195, -0.106422, 0.184896, -0.004752, -0.009177, 0.101062, -0.139435, -0.066417, 0.589328, -0.091187, 0.085788, -0.045451, -0.017321, 0.022895, -0.316302, 0.279832, 0.043622, -0.051102, -0.299138, 0.1045, 0.110013, -0.002529, -0.025291, -0.002005, 0.001457, 0.001659, 0.002174, 0.003344, -0.00827, -0.154742, -0.068469, -0.015046, 0.034149, -0.069354, -0.42852, -0.032761, 0.293703, 0.386303, 0.076347, -0.023502, 0.028833, 0.18957, -0.346465, -0.649599, 0.1098, 0.115073, 0.830157, 0.207947, -0.793205, -0.066313, -0.414269, 0.202375, -0.1172, 0.259185, -0.195603, 0.548699, -0.370526, 0.06931, -0.1795, 0.110376, 0.04321, -0.412578, 0.109882, -0.036534, 0.417555, 0.695598, -0.725787, 0.020877, -2.290094, 0.322228, 0.125436, 1.25373, -2.062283, 0.111276, 0.881512]}