{"hc3d": [[-0.000908, -0.218879, 0.038588], [0.08095, -0.315713, 0.03488], [-0.080973, -0.315118, 0.037571], [-0.003203, -0.104107, 0.004316], [0.082265, -0.708981, -0.027302], [-0.169879, -0.6409, 0.263911], [0.002817, 0.024827, 0.027477], [0.023367, -1.091722, -0.207552], [-0.13517, -1.062854, 0.326329], [0.002712, 0.0713, 0.066959], [0.057942, -1.145726, -0.084076], [-0.220695, -1.092857, 0.43386], [0.004645, 0.29336, 0.081829], [0.09029, 0.199862, 0.073899], [-0.081072, 0.202285, 0.059323], [0.002342, 0.348056, 0.135912], [0.191808, 0.200187, 0.07938], [-0.186795, 0.201481, 0.071344], [0.309448, -0.044802, 0.063006], [-0.273521, -0.043799, 0.009371], [0.229624, -0.205195, 0.255384], [-0.414482, -0.258349, 0.083203], [0.223093, -0.234234, 0.339828], [-0.460085, -0.332283, 0.10066]], "im2d": [[0.011387, -0.118686], [-0.044107, 0.001584], [0.062492, -0.032139], [0.047149, -0.23441], [-0.00566, 0.432953], [-0.087333, 0.251188], [0.027786, -0.375098], [0.176612, 0.864781], [-0.181053, 0.694722], [-0.004804, -0.432531], [0.043673, 0.904357], [-0.218395, 0.687822], [-0.010668, -0.671493], [-0.064902, -0.553164], [0.063166, -0.587254], [-0.054196, -0.741061], [-0.137956, -0.534208], [0.123774, -0.610069], [-0.212083, -0.246503], [0.226859, -0.353954], [-0.332156, -0.130552], [0.249204, -0.168786], [-0.402473, -0.117954], [0.261865, -0.102772]], "theta": [1.101743, 0.011244, 0.111153, 1.417953, 0.398182, -2.868982, 0.13144, -0.058329, -0.085291, -0.651865, -0.087975, -0.106742, 0.215716, -0.009218, -0.018628, 0.170224, -0.114903, -0.075368, 0.411186, -0.154454, 0.090023, -0.06749, -0.027998, 0.030139, -0.383048, 0.260118, 0.0479, -0.01405, -0.300257, 0.09911, 0.13809, -0.012459, -0.022514, -0.001058, 0.000836, 0.000429, 0.001922, 0.002478, -0.006863, -0.207583, -0.114163, -0.019997, 0.015665, -0.113441, -0.339521, -0.04338, 0.286324, 0.337566, 0.042198, -0.009675, 0.05364, 0.175297, -0.343193, -0.679492, 0.078376, 0.023759, 0.866149, 0.231555, -1.057361, -0.016515, -0.522812, 0.398187, -0.223102, 0.282395, -0.193521, 0.558123, -0.41996, 0.021465, -0.151, 0.11128, 0.044095, -0.413559, 0.110644, -0.037712, 0.418424, 0.695598, -0.725787, 0.020877, -2.290094, 0.322228, 0.125436, 1.25373, -2.062283, 0.111276, 0.881512]}