{"hc3d": [[-0.000908, -0.218879, 0.038588], [0.08095, -0.315713, 0.03488], [-0.080973, -0.315118, 0.037571], [-0.003203, -0.104107, 0.004316], [0.082999, -0.706752, -0.040035], [-0.162459, -0.634218, 0.275905], [0.004687, 0.024341, 0.029527], [0.031715, -1.068791, -0.260824], [-0.127883, -1.041981, 0.401124], [0.003167, 0.069602, 0.070365], [0.066138, -1.138953, -0.145714], [-0.214674, -1.06844, 0.508571], [0.002918, 0.291326, 0.089703], [0.089491, 0.198634, 0.082413], [-0.08139, 0.2001, 0.062898], [-0.000663, 0.345941, 0.143799], [0.190752, 0.202009, 0.090835], [-0.187506, 0.19872, 0.07063], [0.329015, -0.032525, 0.092772], [-0.276857, -0.041445, -0.005926], [0.237245, -0.17057, 0.296804], [-0.431117, -0.249491, 0.059449], [0.221738, -0.189425, 0.382947], [-0.481692, -0.320863, 0.07355]], "im2d": [[0.011423, -0.118707], [-0.044075, 0.001594], [0.062545, -0.032145], [0.047184, -0.234459], [0.005105, 0.433395], [-0.102491, 0.243219], [0.024742, -0.374697], [0.218456, 0.852957], [-0.250332, 0.659085], [-0.008135, -0.431408], [0.092277, 0.911408], [-0.286625, 0.648174], [-0.016458, -0.671404], [-0.071849, -0.553845], [0.060193, -0.585842], [-0.059155, -0.741157], [-0.147194, -0.538769], [0.124797, -0.60727], [-0.250763, -0.261661], [0.242599, -0.354142], [-0.372135, -0.174217], [0.281529, -0.176831], [-0.437525, -0.174601], [0.300566, -0.113856]], "theta": [1.101992, 0.011274, 0.111158, 1.417996, 0.398146, -2.86904, 0.163399, -0.044372, -0.083041, -0.686907, -0.091425, -0.085025, 0.2312, -0.019239, -0.033856, 0.248853, -0.113279, -0.065705, 0.295164, -0.168088, 0.084229, -0.052041, -0.037827, 0.058341, -0.360277, 0.260257, 0.01677, 0.064486, -0.341328, 0.123901, 0.128052, -0.018244, -0.023194, -0.000589, 0.000515, -0.000197, 0.00179, 0.002, -0.006002, -0.227049, -0.110024, -0.025867, 0.002984, -0.108537, -0.316145, -0.028816, 0.271492, 0.336372, 0.048369, -0.015669, 0.065652, 0.126897, -0.357376, -0.606418, 0.079496, 0.006703, 0.844646, 0.246221, -1.15766, -0.019088, -0.585947, 0.437298, -0.241694, 0.299215, -0.213486, 0.537065, -0.46164, 0.019679, -0.171525, 0.111744, 0.044486, -0.414061, 0.111203, -0.038202, 0.418681, 0.695598, -0.725787, 0.020877, -2.290094, 0.322228, 0.125436, 1.25373, -2.062283, 0.111276, 0.881512]}