{"hc3d": [[-0.000908, -0.218879, 0.038588], [0.08095, -0.315713, 0.03488], [-0.080973, -0.315118, 0.037571], [-0.003203, -0.104107, 0.004316], [0.129157, -0.710462, 0.054302], [-0.131455, -0.692382, 0.180368], [0.002589, 0.025907, 0.020426], [0.096504, -0.982287, -0.273562], [-0.104701, -1.113496, 0.109002], [0.00049, 0.070177, 0.062311], [0.153631, -1.078397, -0.190751], [-0.16275, -1.168504, 0.224683], [-0.000894, 0.292677, 0.067502], [0.086155, 0.200172, 0.0653], [-0.084903, 0.199482, 0.047363], [-0.0053, 0.348281, 0.120519], [0.186895, 0.1866, 0.067111], [-0.190226, 0.189355, 0.058634], [0.290573, -0.064832, 0.054484], [-0.269437, -0.063058, 0.01943], [0.265451, -0.262121, 0.226395], [-0.380551, -0.305189, 0.038902], [0.270562, -0.315252, 0.298281], [-0.428991, -0.379361, 0.04059]], "im2d": [[0.011472, -0.118738], [-0.044033, 0.001607], [0.062619, -0.032153], [0.047234, -0.234531], [-0.108288, 0.427796], [-0.042171, 0.330725], [0.034182, -0.37507], [0.189424, 0.776701], [-0.013793, 0.798948], [0.000728, -0.431068], [0.075125, 0.873883], [-0.077699, 0.822565], [0.005514, -0.669349], [-0.054635, -0.552873], [0.076109, -0.58295], [-0.03567, -0.740123], [-0.124526, -0.518511], [0.13678, -0.595629], [-0.192761, -0.227337], [0.214777, -0.334864], [-0.333233, -0.056885], [0.263453, -0.10328], [-0.401377, -0.013742], [0.291787, -0.034377]], "theta": [1.102349, 0.011315, 0.111165, 1.418049, 0.398103, -2.869113, -0.072778, -0.043163, 0.039019, -0.401422, -0.026949, -0.025152, 0.161222, -0.011191, -0.016675, 0.823776, -0.002196, -0.12618, 0.447117, 0.076027, 0.071233, 0.041213, -0.049898, 0.04932, -0.368876, 0.28067, 0.055803, -0.072926, -0.325959, 0.100744, 0.04078, -0.005086, -0.024493, -0.003858, 0.002758, 0.003244, 0.002345, 0.004851, -0.010311, -0.181722, -0.110676, -0.016183, 0.034674, -0.095705, -0.503906, -0.004206, 0.308566, 0.410649, 0.072865, -0.014047, 0.071552, 0.139825, -0.319443, -0.594359, 0.093516, 0.105224, 0.791496, 0.214832, -0.760613, -0.016877, -0.407085, 0.094116, -0.096957, 0.227679, -0.191222, 0.400106, -0.365241, 0.087074, -0.29764, 0.108296, 0.042557, -0.409176, 0.1081, -0.035366, 0.41641, 0.695598, -0.725787, 0.020877, -2.290094, 0.322228, 0.125436, 1.25373, -2.062283, 0.111276, 0.881512]}