{"hc3d": [[-0.000908, -0.218879, 0.038588], [0.08095, -0.315713, 0.03488], [-0.080973, -0.315118, 0.037571], [-0.003203, -0.104107, 0.004316], [0.130587, -0.707854, 0.082728], [-0.128944, -0.708564, 0.127943], [0.001356, 0.025908, 0.020812], [0.085734, -1.021164, -0.204109], [-0.085219, -1.12568, 0.042807], [-0.000781, 0.070016, 0.062865], [0.148571, -1.111783, -0.119269], [-0.14434, -1.18711, 0.154649], [-0.005058, 0.29254, 0.06245], [0.083173, 0.201145, 0.061089], [-0.088139, 0.19778, 0.046123], [-0.007467, 0.346527, 0.117237], [0.184078, 0.18875, 0.061907], [-0.191872, 0.18298, 0.064641], [0.274604, -0.067087, 0.040018], [-0.260335, -0.075497, 0.059508], [0.274019, -0.296621, 0.168162], [-0.343724, -0.326519, 0.096759], [0.287031, -0.367145, 0.22177], [-0.379472, -0.40686, 0.107619]], "im2d": [[0.011474, -0.118739], [-0.044032, 0.001608], [0.062621, -0.032153], [0.047236, -0.234533], [-0.133945, 0.419591], [0.001259, 0.359018], [0.034676, -0.3754], [0.134633, 0.801966], [0.030378, 0.829176], [0.001095, -0.431269], [0.014927, 0.894044], [-0.0297, 0.86019], [0.012719, -0.669032], [-0.048919, -0.553668], [0.079305, -0.581546], [-0.031415, -0.738038], [-0.118011, -0.520326], [0.132411, -0.590386], [-0.169482, -0.22524], [0.173228, -0.327856], [-0.289508, -0.006698], [0.187403, -0.0848], [-0.347682, 0.060238], [0.198963, -0.008617]], "theta": [1.102362, 0.011316, 0.111165, 1.41805, 0.398102, -2.869115, -0.14521, -0.038932, 0.044072, -0.267864, -0.048592, -0.01833, 0.164038, -0.016864, -0.007514, 0.765852, 0.079347, -0.112525, 0.349717, 0.058345, 0.089624, 0.041999, -0.040312, 0.043504, -0.302204, 0.258747, 0.029868, -0.073186, -0.319516, 0.111298, 0.012543, 0.010184, -0.01739, -0.00511, 0.003601, 0.004653, 0.002764, 0.006126, -0.012481, -0.128239, -0.087701, -0.034372, 0.027845, -0.10077, -0.504263, -0.007636, 0.36532, 0.435214, 0.094517, -0.050881, 0.042, 0.155718, -0.2883, -0.673134, 0.102273, 0.185772, 0.765211, 0.225743, -0.543839, -0.050203, -0.242567, 0.028848, -0.034284, 0.222228, -0.157153, 0.337051, -0.238937, 0.085679, -0.227621, 0.106822, 0.041812, -0.406861, 0.107028, -0.034658, 0.415367, 0.695598, -0.725787, 0.020877, -2.290094, 0.322228, 0.125436, 1.25373, -2.062283, 0.111276, 0.881512]}