{"hc3d": [[-0.000908, -0.218879, 0.038588], [0.08095, -0.315713, 0.03488], [-0.080973, -0.315118, 0.037571], [-0.003203, -0.104107, 0.004316], [0.06925, -0.662601, 0.229969], [-0.172247, -0.705652, -0.02891], [-0.00408, 0.025015, 0.027193], [0.111689, -1.072782, 0.118614], [-0.156669, -1.077479, -0.24021], [-0.002103, 0.071189, 0.066976], [0.114818, -1.084872, 0.257186], [-0.214952, -1.138489, -0.1277], [-0.003553, 0.293356, 0.080211], [0.082802, 0.201672, 0.063576], [-0.08914, 0.200259, 0.067709], [-0.005978, 0.348484, 0.133848], [0.183334, 0.19239, 0.05161], [-0.186307, 0.210116, 0.109947], [0.249975, -0.040432, -0.072806], [-0.340275, 0.00538, 0.186764], [0.282339, -0.300297, -0.095824], [-0.235765, -0.040525, 0.428266], [0.303684, -0.387195, -0.098976], [-0.211518, -0.017906, 0.510431]], "im2d": [[0.011476, -0.118741], [-0.04403, 0.001608], [0.062625, -0.032153], [0.047239, -0.234537], [-0.219392, 0.329425], [0.167334, 0.37878], [0.032738, -0.376835], [-0.166274, 0.797223], [0.327154, 0.82044], [-0.001556, -0.433618], [-0.289707, 0.782838], [0.265944, 0.851042], [-0.003756, -0.673183], [-0.050818, -0.554813], [0.061246, -0.588742], [-0.046833, -0.743179], [-0.108392, -0.522288], [0.090171, -0.627295], [-0.053489, -0.235878], [0.11908, -0.455696], [-0.064982, 0.052025], [-0.163642, -0.434383], [-0.079872, 0.149501], [-0.250779, -0.47013]], "theta": [1.102381, 0.011318, 0.111165, 1.418052, 0.398101, -2.869117, -0.525052, -0.368533, -0.024741, 0.109967, -0.116002, -0.14348, 0.213908, 0.017261, 0.036034, 0.669599, -0.144234, -0.112528, 0.278363, 0.239242, 0.145691, -0.057905, 0.000252, -0.027713, -0.402709, 0.285144, 0.32232, -0.316301, -0.314521, 0.013906, 0.123183, 0.040084, -0.016944, -0.003482, 0.002382, 0.003246, 0.002487, 0.005127, -0.010741, -0.207112, -0.17438, 0.014351, 0.005159, -0.085978, -0.469227, -0.065322, 0.450182, 0.177363, 0.052122, 0.066378, 0.066659, 0.169564, 0.034358, -0.801953, 0.070629, 0.225166, 0.531514, 0.297471, -0.286867, -0.122298, 0.087181, 1.265003, -0.252077, 0.279535, -0.157592, 0.254445, 0.303003, 0.191066, -0.540401, 0.108206, 0.043301, -0.409102, 0.109099, -0.036002, 0.417398, 0.695598, -0.725787, 0.020877, -2.290094, 0.322228, 0.125436, 1.25373, -2.062283, 0.111276, 0.881512]}