{"hc3d": [[-0.000876, -0.21823, 0.038331], [0.080888, -0.314914, 0.034558], [-0.080832, -0.314323, 0.03722], [-0.003173, -0.103717, 0.004296], [0.142951, -0.708474, 0.020506], [-0.091412, -0.689651, 0.194067], [0.000402, 0.024901, 0.027758], [0.061493, -0.925365, -0.338739], [-0.079017, -1.115455, 0.149866], [0.000293, 0.071765, 0.066519], [0.15009, -1.017717, -0.2841], [-0.087169, -1.176921, 0.276087], [0.002665, 0.293258, 0.046472], [0.087907, 0.1993, 0.050821], [-0.083515, 0.200182, 0.040668], [0.004885, 0.356691, 0.090256], [0.186692, 0.180943, 0.036143], [-0.18657, 0.181132, 0.058326], [0.254585, -0.082935, 0.038653], [-0.238125, -0.079221, 0.023851], [0.291929, -0.30252, 0.178421], [-0.281916, -0.338207, 0.073403], [0.325785, -0.371013, 0.22504], [-0.299734, -0.423644, 0.088571]], "im2d": [[0.010335, -0.092756], [0.046898, 0.031899], [-0.038321, -0.005096], [0.053649, -0.21963], [0.056091, 0.478421], [-0.234609, 0.407263], [0.044057, -0.359943], [0.351836, 0.693902], [-0.22378, 0.877673], [0.009777, -0.410993], [0.334167, 0.81609], [-0.359245, 0.945069], [0.051479, -0.654265], [0.081989, -0.53172], [0.004592, -0.571385], [0.014927, -0.722945], [0.145362, -0.489505], [-0.067398, -0.573391], [0.15308, -0.184049], [-0.083577, -0.299163], [0.012716, 0.067619], [-0.179277, -0.023599], [-0.022729, 0.151155], [-0.211396, 0.066534]], "theta": [1.122413, 0.010084, 0.13559, 2.775605, 0.271156, -1.680415, -0.005379, 0.106582, 0.076604, -0.425663, 0.119399, 0.049751, 0.216504, -0.057897, -0.00356, 0.933414, 0.090662, -0.074751, 0.405137, 0.097764, 0.015283, -0.081154, 0.005076, 0.004078, -0.431127, 0.318757, 0.091079, 0.066074, -0.10031, 0.120911, -0.007304, 0.027908, -0.015275, -0.002922, 0.001477, 0.00402, 0.002479, 0.003397, -0.009452, -0.225601, -0.017185, -0.000834, 0.049157, 0.036437, -0.559479, 0.033556, 0.325466, 0.527616, -0.064477, -0.002845, 0.061174, 0.089663, -0.381202, -0.666684, 0.311412, 0.154359, 0.84326, -0.012378, -0.42002, -0.026858, 0.009573, 0.173302, -0.071789, 0.256441, -0.091358, 0.361984, 0.038162, 0.085442, -0.135416, 0.109517, 0.0434, -0.409444, 0.109872, -0.03784, 0.419476, 0.692283, -0.694431, -0.0076, -2.309845, 0.33436, 0.078894, 1.243945, -2.020077, 0.085915, 0.880735]}