{"hc3d": [[-0.000876, -0.21823, 0.038331], [0.080888, -0.314914, 0.034558], [-0.080832, -0.314323, 0.03722], [-0.003173, -0.103717, 0.004296], [0.135888, -0.700418, 0.120001], [-0.100656, -0.715311, 0.10355], [0.002615, 0.024533, 0.029282], [0.048695, -1.006242, -0.165661], [-0.075241, -1.12787, -0.008547], [0.004359, 0.072147, 0.067078], [0.137244, -1.077921, -0.085757], [-0.101524, -1.1959, 0.111692], [0.009501, 0.292804, 0.039686], [0.093412, 0.197694, 0.044823], [-0.078192, 0.200971, 0.039284], [0.010322, 0.355221, 0.084954], [0.189096, 0.169489, 0.02585], [-0.180144, 0.181012, 0.0617], [0.239371, -0.097728, 0.008108], [-0.22689, -0.080519, 0.02935], [0.288596, -0.338085, 0.102726], [-0.27431, -0.341287, 0.063959], [0.32461, -0.415046, 0.130849], [-0.285717, -0.429093, 0.066602]], "im2d": [[0.011092, -0.092976], [0.047955, 0.032211], [-0.037573, -0.004985], [0.054396, -0.220443], [-0.044471, 0.471575], [-0.150674, 0.434259], [0.044106, -0.360353], [0.168423, 0.785185], [-0.063284, 0.893812], [0.01157, -0.411957], [0.127407, 0.885565], [-0.203163, 0.964797], [0.061747, -0.654832], [0.090947, -0.530763], [0.008794, -0.573285], [0.022621, -0.722876], [0.156396, -0.478264], [-0.067711, -0.573973], [0.175496, -0.172129], [-0.083236, -0.296284], [0.084199, 0.105813], [-0.165969, -0.018578], [0.067523, 0.199357], [-0.182482, 0.075827]], "theta": [1.127123, 0.010717, 0.13574, 2.776784, 0.270127, -1.682035, -0.248787, 0.030349, 0.052835, -0.198257, 0.039075, 0.044749, 0.229844, -0.006899, -0.016976, 0.900891, 0.192884, -0.104491, 0.339643, 0.082929, 0.020934, -0.114397, -0.004075, 0.009347, -0.439654, 0.289047, 0.151406, -0.065072, -0.168449, 0.151315, -0.020357, 0.011488, -0.02371, -0.003833, 0.002647, 0.003806, 0.002494, 0.004353, -0.010424, -0.167572, -0.018586, 0.053205, 0.034405, 0.048866, -0.640769, 0.023795, 0.342946, 0.556959, -0.001011, -0.11213, 0.046528, 0.096251, -0.26553, -0.654447, 0.351018, 0.136538, 0.868938, -0.055366, -0.294343, -0.020844, 0.005426, 0.094202, -0.068696, 0.233787, -0.094284, 0.343289, 0.056992, 0.079817, -0.008579, 0.107647, 0.042444, -0.40776, 0.108718, -0.037499, 0.416251, 0.692283, -0.694431, -0.0076, -2.309845, 0.33436, 0.078894, 1.243945, -2.020077, 0.085915, 0.880735]}