{"hc3d": [[-0.000876, -0.21823, 0.038331], [0.080888, -0.314914, 0.034558], [-0.080832, -0.314323, 0.03722], [-0.003173, -0.103717, 0.004296], [0.122244, -0.689575, 0.164394], [-0.129185, -0.717938, 0.018749], [-0.000843, 0.024974, 0.027513], [0.07872, -1.100406, 0.054589], [-0.121316, -1.114642, -0.142434], [0.001305, 0.074256, 0.063085], [0.153676, -1.132867, 0.167245], [-0.153156, -1.182279, -0.023322], [0.001227, 0.295448, 0.039838], [0.087026, 0.201897, 0.039687], [-0.084692, 0.201962, 0.041208], [0.004757, 0.35463, 0.089141], [0.182406, 0.18666, 0.008361], [-0.187413, 0.191192, 0.066256], [0.22998, -0.074719, -0.052181], [-0.252737, -0.068235, 0.074044], [0.308211, -0.316601, 0.015051], [-0.274288, -0.302533, 0.200877], [0.357852, -0.388305, 0.035181], [-0.282149, -0.374152, 0.252412]], "im2d": [[0.011423, -0.093092], [0.048413, 0.03234], [-0.037261, -0.004947], [0.054738, -0.220826], [-0.094435, 0.458227], [-0.080267, 0.430259], [0.044374, -0.362281], [-0.044135, 0.901053], [0.049174, 0.868295], [0.014325, -0.415741], [-0.121425, 0.955755], [-0.09263, 0.937791], [0.057667, -0.660805], [0.093386, -0.537867], [0.003672, -0.576856], [0.015474, -0.724684], [0.172366, -0.499881], [-0.075153, -0.587839], [0.233691, -0.200928], [-0.140076, -0.315559], [0.184552, 0.085447], [-0.299472, -0.059252], [0.183371, 0.176342], [-0.361635, 0.01901]], "theta": [1.129288, 0.010992, 0.135795, 2.777236, 0.269743, -1.682655, -0.357836, -0.035504, 0.026687, 0.006166, -0.022824, -0.024269, 0.216692, 0.02014, 0.011561, 0.498792, 0.087035, -0.086547, 0.256447, 0.145762, 0.034302, -0.146085, -0.003057, -0.009898, -0.330543, 0.316558, 0.13952, -0.168572, -0.161098, 0.111282, 0.043406, 0.026077, -0.017991, -0.002896, 0.002364, 0.002599, 0.001836, 0.003539, -0.008092, -0.11833, -0.010298, 0.029033, 0.026437, 0.142685, -0.545571, -0.019906, 0.323196, 0.450015, 0.015235, -0.068303, 0.031489, 0.130785, -0.183475, -0.770419, 0.334434, 0.244833, 0.824236, 0.007836, -0.342223, 0.056317, 0.004872, 0.344125, -0.116626, 0.242078, -0.114506, 0.411505, 0.102105, 0.195981, -0.213476, 0.108301, 0.042646, -0.409619, 0.109614, -0.038492, 0.415703, 0.692283, -0.694431, -0.0076, -2.309845, 0.33436, 0.078894, 1.243945, -2.020077, 0.085915, 0.880735]}