{"hc3d": [[-0.000876, -0.21823, 0.038331], [0.080888, -0.314914, 0.034558], [-0.080832, -0.314323, 0.03722], [-0.003173, -0.103717, 0.004296], [0.121946, -0.671254, 0.208555], [-0.127075, -0.704582, -0.068343], [0.000243, 0.02233, 0.039028], [0.059667, -1.082348, 0.307835], [-0.13573, -1.059787, -0.307447], [0.001377, 0.070592, 0.076018], [0.149116, -1.071036, 0.413827], [-0.148451, -1.131764, -0.187307], [-0.003945, 0.292262, 0.058681], [0.0842, 0.200925, 0.057539], [-0.087465, 0.196652, 0.05605], [0.001187, 0.353385, 0.105408], [0.178527, 0.193768, 0.020634], [-0.190084, 0.187536, 0.082152], [0.213017, -0.054367, -0.086545], [-0.272462, -0.063986, 0.121905], [0.34939, -0.274931, -0.042945], [-0.239265, -0.233136, 0.326191], [0.420776, -0.328872, -0.04524], [-0.231542, -0.271014, 0.405895]], "im2d": [[0.011494, -0.093122], [0.048511, 0.032366], [-0.037198, -0.00494], [0.054815, -0.220916], [-0.137102, 0.438823], [0.009397, 0.414746], [0.03321, -0.35907], [-0.305907, 0.881224], [0.212306, 0.80202], [0.001107, -0.411626], [-0.365133, 0.890708], [0.078845, 0.88072], [0.035868, -0.658423], [0.074011, -0.537363], [-0.013088, -0.57161], [-0.00277, -0.724148], [0.158809, -0.508633], [-0.092799, -0.584387], [0.261407, -0.227936], [-0.197795, -0.324093], [0.267763, 0.047796], [-0.400804, -0.126085], [0.301845, 0.12365], [-0.480144, -0.081133]], "theta": [1.129782, 0.01105, 0.135805, 2.777318, 0.269675, -1.682766, -0.486398, 0.049853, 0.009986, 0.222661, -0.039396, -0.024307, 0.307537, 0.035152, 0.00589, 0.145853, 0.134338, -0.102081, 0.247335, 0.223976, 0.002206, -0.208517, -0.016577, 0.015434, -0.283389, 0.319977, 0.139706, -0.327011, -0.053133, 0.060745, 0.041057, 0.011993, -0.010292, -0.000597, 0.00093, 0.000195, 0.000749, 0.001005, -0.00319, -0.186211, 0.003954, -0.026302, -0.02871, 0.215536, -0.49995, -0.034004, 0.350509, 0.40139, -0.017061, -0.097694, 0.026574, 0.151017, 0.013876, -0.850321, 0.318868, 0.316137, 0.715135, -0.289744, -0.513048, 0.194135, -0.015085, 0.69964, -0.164783, 0.11415, -0.120424, 0.556475, 0.0915, 0.248, -0.325887, 0.11011, 0.044415, -0.411955, 0.111616, -0.040852, 0.417062, 0.692283, -0.694431, -0.0076, -2.309845, 0.33436, 0.078894, 1.243945, -2.020077, 0.085915, 0.880735]}