{"hc3d": [[-0.000876, -0.21823, 0.038331], [0.080888, -0.314914, 0.034558], [-0.080832, -0.314323, 0.03722], [-0.003173, -0.103717, 0.004296], [0.123206, -0.668575, 0.213645], [-0.118399, -0.698329, -0.092056], [0.000706, 0.02249, 0.038393], [0.038014, -1.082039, 0.2809], [-0.147459, -1.031653, -0.359389], [0.001426, 0.070545, 0.075661], [0.138124, -1.07222, 0.377051], [-0.138005, -1.104917, -0.239726], [-0.005326, 0.292111, 0.057506], [0.083538, 0.201468, 0.058205], [-0.088036, 0.195839, 0.053729], [-0.000721, 0.354382, 0.102749], [0.178037, 0.196721, 0.021351], [-0.190701, 0.18652, 0.079579], [0.203186, -0.05095, -0.089435], [-0.273997, -0.064336, 0.121568], [0.353636, -0.262026, -0.045172], [-0.225302, -0.214661, 0.337155], [0.425425, -0.315246, -0.050161], [-0.213792, -0.241683, 0.420727]], "im2d": [[0.011502, -0.093125], [0.048521, 0.032369], [-0.037191, -0.00494], [0.054824, -0.220926], [-0.141306, 0.436252], [0.038201, 0.409432], [0.034104, -0.359169], [-0.290011, 0.875584], [0.260914, 0.767422], [0.001489, -0.411588], [-0.334035, 0.888982], [0.139204, 0.852576], [0.036325, -0.658619], [0.073058, -0.538129], [-0.011128, -0.570904], [-0.000995, -0.725761], [0.158117, -0.512025], [-0.090631, -0.583472], [0.25958, -0.234005], [-0.198281, -0.324075], [0.273369, 0.034445], [-0.402952, -0.143188], [0.310425, 0.109553], [-0.483241, -0.109325]], "theta": [1.129838, 0.011057, 0.135806, 2.777326, 0.269669, -1.682777, -0.504272, 0.087062, 0.004601, 0.288, 0.002142, 0.003808, 0.302548, 0.033876, 0.00208, 0.253325, 0.167314, -0.130572, 0.272565, 0.300113, -0.030568, -0.198158, -0.026809, 0.021275, -0.380743, 0.347984, 0.191784, -0.399341, -0.008268, 0.029358, 0.032069, 0.007411, -0.001521, -0.000505, 0.000734, 0.000272, 0.000693, 0.000907, -0.002892, -0.208633, -0.004065, -0.044272, -0.034327, 0.234459, -0.483763, -0.033556, 0.364809, 0.395109, -0.005796, -0.093996, 0.015452, 0.163107, 0.038447, -0.90508, 0.324583, 0.317021, 0.707596, -0.385654, -0.573138, 0.255742, 0.002552, 0.790956, -0.189124, 0.036118, -0.122693, 0.532409, 0.065945, 0.269119, -0.370532, 0.110589, 0.044414, -0.413075, 0.111804, -0.040576, 0.41748, 0.692283, -0.694431, -0.0076, -2.309845, 0.33436, 0.078894, 1.243945, -2.020077, 0.085915, 0.880735]}