{"hc3d": [[-0.000876, -0.21823, 0.038331], [0.080888, -0.314914, 0.034558], [-0.080832, -0.314323, 0.03722], [-0.003173, -0.103717, 0.004296], [0.08986, -0.705142, -0.046563], [-0.111273, -0.676219, 0.220766], [0.001895, 0.023831, 0.032787], [0.038129, -1.114192, -0.159414], [-0.105484, -1.102425, 0.179164], [0.000904, 0.07032, 0.071985], [0.113578, -1.155907, -0.050187], [-0.127992, -1.157653, 0.306521], [0.00505, 0.292554, 0.064144], [0.089624, 0.197909, 0.065846], [-0.081415, 0.200533, 0.050746], [0.008259, 0.349364, 0.116183], [0.189719, 0.184879, 0.054795], [-0.185216, 0.185197, 0.067635], [0.266796, -0.076389, 0.061525], [-0.242638, -0.070324, 0.012483], [0.311523, -0.290313, 0.207755], [-0.294718, -0.330465, 0.045056], [0.349498, -0.350299, 0.262258], [-0.303172, -0.418643, 0.044671]], "im2d": [[0.011514, -0.093131], [0.048537, 0.032373], [-0.037182, -0.004939], [0.054838, -0.220942], [0.099027, 0.464999], [-0.269624, 0.391653], [0.040465, -0.360499], [0.148418, 0.904169], [-0.26364, 0.864014], [0.004891, -0.411546], [0.073934, 0.969222], [-0.407857, 0.922084], [0.035051, -0.656696], [0.068215, -0.532724], [-0.004306, -0.574687], [-0.010297, -0.718006], [0.129544, -0.495766], [-0.075964, -0.580998], [0.138692, -0.188998], [-0.07339, -0.312112], [-0.004294, 0.060278], [-0.156409, -0.035486], [-0.044848, 0.136166], [-0.168372, 0.060183]], "theta": [1.129926, 0.011066, 0.135808, 2.777336, 0.269661, -1.682791, 0.172241, 0.093615, -0.050053, -0.498747, 0.088711, 0.002151, 0.255197, -0.065142, -0.016862, -0.017625, -0.005188, -0.025492, 0.474547, 0.021424, 0.014625, -0.109307, 0.004236, 0.02885, -0.294932, 0.29563, 0.081233, 0.018552, -0.09453, 0.139845, 0.03717, 0.007594, -0.030338, -0.00196, 0.001806, 0.00108, 0.001682, 0.002836, -0.006674, -0.144139, 0.01578, -0.014459, 0.026521, 0.028259, -0.501761, 0.020361, 0.351453, 0.485934, 0.008073, -0.091362, 0.033001, 0.063851, -0.409086, -0.673922, 0.282264, 0.097854, 0.875609, -0.030751, -0.430073, -0.005024, -0.012757, 0.191455, -0.068908, 0.290209, -0.149765, 0.42575, -0.050863, 0.064868, 0.03313, 0.109223, 0.04361, -0.410167, 0.109849, -0.039156, 0.41595, 0.692283, -0.694431, -0.0076, -2.309845, 0.33436, 0.078894, 1.243945, -2.020077, 0.085915, 0.880735]}