{"hc3d": [[-0.000876, -0.21823, 0.038331], [0.080888, -0.314914, 0.034558], [-0.080832, -0.314323, 0.03722], [-0.003173, -0.103717, 0.004296], [0.092724, -0.685545, -0.111837], [-0.078456, -0.674616, 0.226343], [0.001814, 0.024765, 0.028239], [0.044878, -1.04573, -0.337029], [-0.075323, -1.099629, 0.278976], [-0.002113, 0.070418, 0.068228], [0.126067, -1.104981, -0.240795], [-0.075966, -1.126145, 0.417081], [-0.002527, 0.292787, 0.063972], [0.083901, 0.199985, 0.069551], [-0.085883, 0.199142, 0.043823], [0.000371, 0.350178, 0.115389], [0.18497, 0.190764, 0.066257], [-0.189961, 0.180846, 0.055147], [0.272273, -0.067021, 0.079387], [-0.250358, -0.072922, -0.00472], [0.310045, -0.261866, 0.251885], [-0.302948, -0.333003, 0.02751], [0.337319, -0.319202, 0.31497], [-0.319436, -0.419928, 0.031889]], "im2d": [[0.011514, -0.093131], [0.048537, 0.032373], [-0.037181, -0.004939], [0.054838, -0.220942], [0.167698, 0.442908], [-0.258204, 0.397417], [0.045067, -0.361626], [0.336109, 0.827065], [-0.347921, 0.869374], [0.007115, -0.4124], [0.276004, 0.91262], [-0.489068, 0.900802], [0.031351, -0.658678], [0.06175, -0.536261], [0.000211, -0.574274], [-0.013481, -0.72071], [0.116151, -0.503173], [-0.066282, -0.577461], [0.124456, -0.197836], [-0.060352, -0.311266], [-0.046699, 0.029169], [-0.143284, -0.034828], [-0.101113, 0.099834], [-0.164036, 0.057709]], "theta": [1.129927, 0.011066, 0.135808, 2.777336, 0.269661, -1.682791, 0.339923, 0.144687, -0.025013, -0.511659, 0.17955, 0.064401, 0.217696, -0.120273, -0.019089, 0.10431, -0.047591, -0.012309, 0.273058, 0.140048, -0.033011, -0.049489, -0.005511, 0.04225, -0.386683, 0.337427, 0.087657, 0.031271, -0.121287, 0.113616, 0.033459, 0.014602, -0.015105, -0.001141, 0.001207, 0.000136, 0.00171, 0.002431, -0.005862, -0.174426, 0.059515, -0.047736, 0.027614, 0.015378, -0.483824, 0.024368, 0.363084, 0.487806, 0.016329, -0.014931, 0.018771, 0.07103, -0.422633, -0.664398, 0.263864, 0.076021, 0.825384, -0.033735, -0.530202, 0.046742, 0.027028, 0.21904, -0.052566, 0.252078, -0.163243, 0.327724, -0.048398, 0.062385, -0.07403, 0.109895, 0.044418, -0.411046, 0.110221, -0.040193, 0.416607, 0.692283, -0.694431, -0.0076, -2.309845, 0.33436, 0.078894, 1.243945, -2.020077, 0.085915, 0.880735]}