{"hc3d": [[-0.000733, -0.218901, 0.040029], [0.082305, -0.315939, 0.036923], [-0.08196, -0.315392, 0.039677], [-0.002991, -0.104051, 0.004933], [0.080092, -0.710905, 0.01323], [-0.16326, -0.63992, 0.266268], [-0.001904, 0.024325, 0.025612], [0.019646, -1.096246, -0.155436], [-0.096366, -1.035243, 0.122659], [0.001355, 0.069819, 0.066487], [0.05791, -1.146883, -0.032053], [-0.16803, -1.108122, 0.218788], [-0.010379, 0.292941, 0.065981], [0.079798, 0.204279, 0.050389], [-0.0923, 0.195205, 0.064512], [0.000725, 0.33391, 0.129409], [0.179079, 0.199444, 0.027547], [-0.19228, 0.176321, 0.09649], [0.279171, -0.03623, -0.061772], [-0.255381, -0.080738, 0.129543], [0.211015, -0.266553, 0.042458], [-0.281148, -0.327592, 0.225328], [0.228931, -0.33214, 0.10066], [-0.29653, -0.4084, 0.258326]], "im2d": [[0.013074, -0.09053], [-0.06549, 0.02402], [0.080149, 0.01197], [0.04665, -0.21241], [-0.072122, 0.469732], [-0.024131, 0.326504], [0.039498, -0.359703], [0.074429, 0.928156], [-0.009895, 0.799824], [0.011178, -0.418037], [-0.048485, 0.964019], [-0.01665, 0.858375], [0.036193, -0.668069], [-0.039614, -0.56005], [0.104585, -0.564013], [-0.015059, -0.725077], [-0.113273, -0.543739], [0.17105, -0.555588], [-0.156294, -0.256865], [0.188575, -0.278742], [-0.181772, -0.023659], [0.129827, -0.022651], [-0.242274, 0.039852], [0.115698, 0.06041]], "theta": [1.135289, 0.012249, 0.139159, 1.016083, 0.277889, -2.96129, 0.029441, -0.004029, -0.086785, -0.648075, -0.030723, -0.10597, 0.205248, 0.051084, 0.021143, 0.246144, -0.173789, -0.080053, 0.900224, -0.170533, 0.117983, -0.039312, 0.0232, 0.000447, -0.382493, 0.300143, 0.055566, -0.101387, -0.205546, 0.055263, 0.054753, 0.049813, 0.004918, -0.005395, 0.004407, 0.004083, -0.000355, 0.004469, -0.006479, 0.07532, -0.082238, -0.125438, 0.062905, -0.02487, -0.483542, 0.008703, 0.330254, 0.446358, 0.033667, -0.001568, 0.003447, 0.354624, -0.229001, -0.683189, 0.066371, 0.291756, 0.681704, 0.249223, -0.859071, -0.294511, -0.277885, 0.17682, 0.072709, 0.141865, -0.121943, 0.694099, -0.192578, 0.107736, -0.210454, 0.106219, 0.041507, -0.409408, 0.107125, -0.038999, 0.414429, 0.660879, -0.930369, 0.024783, -2.34873, 0.388885, 0.062509, 1.232172, -2.090903, 0.099278, 0.851141]}