{"hc3d": [[-0.000733, -0.218901, 0.040029], [0.082305, -0.315939, 0.036923], [-0.08196, -0.315392, 0.039677], [-0.002991, -0.104051, 0.004933], [0.06714, -0.704781, -0.034748], [-0.153316, -0.599278, 0.318225], [0.000394, 0.023755, 0.028673], [0.013258, -1.052369, -0.273219], [-0.072645, -1.016381, 0.348154], [0.003136, 0.069767, 0.069002], [0.042821, -1.126151, -0.159492], [-0.151821, -1.077032, 0.446848], [-0.000403, 0.293126, 0.073403], [0.087207, 0.201498, 0.060564], [-0.085627, 0.198616, 0.065029], [0.007282, 0.33771, 0.134869], [0.187775, 0.192978, 0.045899], [-0.188094, 0.181415, 0.089107], [0.281642, -0.046173, -0.040904], [-0.253092, -0.077262, 0.093], [0.199414, -0.241063, 0.113414], [-0.293103, -0.313047, 0.209536], [0.211569, -0.290793, 0.186826], [-0.312476, -0.390996, 0.247005]], "im2d": [[0.01528, -0.090952], [-0.063403, 0.025349], [0.083699, 0.012293], [0.048492, -0.21442], [-0.021585, 0.477132], [-0.06309, 0.276232], [0.036069, -0.363063], [0.174662, 0.910483], [-0.181058, 0.748029], [0.007931, -0.422376], [0.063892, 0.974889], [-0.181903, 0.792492], [0.020803, -0.675942], [-0.054893, -0.563615], [0.098586, -0.573736], [-0.026722, -0.737212], [-0.13632, -0.543955], [0.173667, -0.566208], [-0.174249, -0.250659], [0.215132, -0.279235], [-0.21899, -0.065013], [0.156255, -0.037271], [-0.28433, -0.021564], [0.143106, 0.042472]], "theta": [1.147915, 0.014045, 0.139669, 1.019781, 0.274583, -2.966381, 0.151873, -0.012664, -0.121396, -0.815124, -0.034097, -0.078706, 0.228605, 0.010163, 0.001179, 0.314283, -0.168771, -0.047549, 0.66404, -0.307703, 0.098396, -0.076753, 0.030505, 0.004552, -0.379721, 0.263872, 0.0253, 0.091037, -0.272465, 0.109798, 0.093449, 0.023459, -0.006954, -0.000485, -0.000264, 0.001693, 0.00211, 0.001424, -0.006229, -0.007074, -0.04944, -0.070768, 0.047049, -0.055575, -0.478355, 0.006273, 0.315623, 0.463327, 0.110607, -0.006326, -0.00992, 0.335695, -0.205084, -0.70246, 0.075766, 0.248038, 0.735372, 0.18624, -1.071722, -0.166221, -0.311734, 0.331828, -0.033062, 0.188539, -0.14098, 0.686292, -0.213598, 0.089876, -0.198017, 0.112521, 0.043839, -0.414564, 0.111763, -0.037279, 0.421302, 0.660879, -0.930369, 0.024783, -2.34873, 0.388885, 0.062509, 1.232172, -2.090903, 0.099278, 0.851141]}