{"hc3d": [[-0.000733, -0.218901, 0.040029], [0.082305, -0.315939, 0.036923], [-0.08196, -0.315392, 0.039677], [-0.002991, -0.104051, 0.004933], [0.101532, -0.709439, 0.000146], [-0.135102, -0.639881, 0.274526], [0.000697, 0.024785, 0.022169], [0.047317, -0.925556, -0.361715], [-0.07832, -1.060797, 0.243145], [0.000641, 0.069734, 0.06377], [0.094555, -1.030501, -0.284212], [-0.147551, -1.118733, 0.350561], [-0.000231, 0.293163, 0.063822], [0.086943, 0.200263, 0.061316], [-0.085515, 0.199538, 0.048771], [-0.000538, 0.342378, 0.122154], [0.187535, 0.183586, 0.059103], [-0.189929, 0.184134, 0.064118], [0.273031, -0.068005, 0.004965], [-0.272278, -0.069567, 0.061228], [0.250722, -0.273199, 0.166072], [-0.363284, -0.307046, 0.139316], [0.268146, -0.32839, 0.234341], [-0.398767, -0.384163, 0.164796]], "im2d": [[0.016419, -0.091259], [-0.0624, 0.025948], [0.085512, 0.012426], [0.049503, -0.215566], [-0.075351, 0.481762], [-0.049492, 0.334046], [0.04097, -0.365011], [0.217883, 0.790412], [-0.101996, 0.822875], [0.014087, -0.423834], [0.114366, 0.899002], [-0.117852, 0.86368], [0.026988, -0.678034], [-0.055804, -0.565332], [0.110316, -0.575196], [-0.011249, -0.744823], [-0.146897, -0.538366], [0.193877, -0.568391], [-0.200321, -0.235747], [0.257242, -0.285514], [-0.304891, -0.033847], [0.272201, -0.03672], [-0.371991, 0.017613], [0.282382, 0.043603]], "theta": [1.15479, 0.014952, 0.139874, 1.021412, 0.27317, -2.968621, 0.06288, -0.004939, -0.032679, -0.66554, -0.010196, -0.037063, 0.176719, -0.033977, -0.003363, 0.833135, -0.050701, -0.132359, 0.630623, -0.139999, 0.079017, 0.000663, -0.003195, 0.011359, -0.472518, 0.282617, 0.01574, 0.002981, -0.280576, 0.101969, 0.049223, 0.00198, -0.007639, 0.00027, -2.8e-05, -0.00117, 0.001248, 0.000623, -0.003302, -0.064072, -0.071893, -0.041476, 0.018895, -0.097372, -0.534459, 0.00478, 0.326775, 0.460106, 0.099427, 0.02961, -0.002026, 0.24494, -0.201406, -0.682345, 0.035249, 0.181314, 0.695873, 0.022688, -0.816443, -0.016756, -0.381487, 0.190123, -0.045933, 0.115077, -0.202289, 0.505077, -0.426787, 0.117053, -0.208614, 0.111495, 0.045665, -0.413117, 0.111437, -0.038954, 0.418746, 0.660879, -0.930369, 0.024783, -2.34873, 0.388885, 0.062509, 1.232172, -2.090903, 0.099278, 0.851141]}