{"hc3d": [[-0.000733, -0.218901, 0.040029], [0.082305, -0.315939, 0.036923], [-0.08196, -0.315392, 0.039677], [-0.002991, -0.104051, 0.004933], [0.03708, -0.622185, 0.283363], [-0.183953, -0.705612, 0.01524], [-0.003838, 0.025015, 0.020765], [0.112662, -1.033816, 0.209626], [-0.150654, -1.07408, -0.195714], [0.000795, 0.072331, 0.059375], [0.096529, -1.053946, 0.345957], [-0.228026, -1.128368, -0.092011], [0.002054, 0.295563, 0.068707], [0.08694, 0.202582, 0.049088], [-0.085409, 0.202914, 0.063065], [0.006206, 0.343586, 0.12788], [0.187403, 0.193876, 0.033822], [-0.184374, 0.19957, 0.102687], [0.275316, -0.042515, -0.065826], [-0.288076, -0.028005, 0.195475], [0.239095, -0.280492, 0.037191], [-0.306276, -0.162009, 0.424576], [0.237933, -0.355042, 0.086702], [-0.324004, -0.194327, 0.505178]], "im2d": [[0.016514, -0.091295], [-0.062328, 0.02599], [0.08566, 0.012436], [0.049596, -0.215675], [-0.211783, 0.325504], [0.174858, 0.453318], [0.046177, -0.365546], [-0.250962, 0.813298], [0.273561, 0.914173], [0.017231, -0.426183], [-0.33366, 0.809773], [0.267951, 0.950923], [0.021586, -0.681855], [-0.047056, -0.565993], [0.100368, -0.581989], [-0.021412, -0.747135], [-0.128421, -0.545664], [0.162503, -0.592996], [-0.151049, -0.251571], [0.179245, -0.359016], [-0.20368, -0.002542], [0.026712, -0.250266], [-0.241643, 0.073052], [-0.015813, -0.229735]], "theta": [1.155421, 0.015026, 0.139887, 1.021511, 0.273089, -2.968756, -0.700053, -0.533236, -0.027648, -0.006158, -0.157961, -0.168865, 0.167676, 0.112525, 0.037406, 0.788404, -0.074331, -0.095447, 0.415203, 0.109651, 0.153672, -0.046639, -0.010983, -0.023241, -0.31998, 0.221224, 0.190351, -0.345216, -0.287554, -0.016391, 0.14945, 0.011297, -0.032155, -0.000645, 0.000921, -0.000329, 0.001461, 0.002188, -0.005655, -0.082865, -0.130323, -0.005573, 0.028006, -0.104177, -0.448351, -0.02912, 0.391144, 0.327526, 0.2166, 0.000904, 0.0282, 0.30964, -0.139397, -0.727057, -0.047604, 0.37182, 0.541565, 0.284875, -0.795246, -0.125437, -0.300005, 0.59558, -0.0891, 0.352486, -0.209339, 0.341923, -0.000332, 0.164046, -0.312286, 0.110769, 0.04465, -0.412453, 0.11073, -0.03899, 0.417867, 0.660879, -0.930369, 0.024783, -2.34873, 0.388885, 0.062509, 1.232172, -2.090903, 0.099278, 0.851141]}