{"hc3d": [[-0.000733, -0.218901, 0.040029], [0.082305, -0.315939, 0.036923], [-0.08196, -0.315392, 0.039677], [-0.002991, -0.104051, 0.004933], [0.067826, -0.71122, 0.026538], [-0.165927, -0.658635, 0.23565], [-0.00086, 0.02374, 0.028899], [0.002651, -1.122522, -0.05815], [-0.095521, -0.958904, -0.058052], [-0.001108, 0.067741, 0.0715], [0.038649, -1.160768, 0.070275], [-0.165925, -1.061061, 0.007485], [-0.000572, 0.291123, 0.076129], [0.085935, 0.197788, 0.069715], [-0.086767, 0.198325, 0.061147], [0.002805, 0.330595, 0.141363], [0.187002, 0.184304, 0.067388], [-0.188683, 0.182638, 0.08839], [0.26221, -0.071589, 0.018383], [-0.262715, -0.073428, 0.098534], [0.253962, -0.320014, 0.10069], [-0.320754, -0.323555, 0.168133], [0.273489, -0.397789, 0.14044], [-0.337553, -0.407568, 0.190826]], "im2d": [[0.016515, -0.091295], [-0.062328, 0.02599], [0.085662, 0.012436], [0.049598, -0.215677], [-0.063196, 0.476655], [0.005216, 0.36046], [0.037644, -0.365376], [0.033834, 0.955458], [0.132221, 0.761815], [0.010153, -0.423349], [-0.091834, 0.977954], [0.144627, 0.860627], [0.018497, -0.678378], [-0.060973, -0.564432], [0.102715, -0.576519], [-0.028539, -0.735106], [-0.152291, -0.541013], [0.175622, -0.571413], [-0.200165, -0.235051], [0.222139, -0.287479], [-0.264257, 0.031816], [0.212373, -0.020091], [-0.314379, 0.114451], [0.207116, 0.07005]], "theta": [1.155429, 0.015027, 0.139887, 1.021511, 0.273088, -2.968756, -0.002866, -0.069506, -0.119496, -0.56215, -0.058606, -0.105785, 0.229604, -0.021712, 0.008634, 0.068857, -0.096627, -0.036545, 1.238623, -0.128089, 0.072618, -0.029475, -0.000547, 0.014372, -0.282614, 0.275528, 0.018641, -0.173381, -0.191626, 0.075644, 0.046646, 0.007256, -0.03175, -0.000724, 0.000785, -0.000255, 0.00173, 0.00245, -0.00619, 0.067166, -0.107894, -0.120786, 0.020717, -0.112282, -0.492065, -0.03925, 0.427412, 0.448988, 0.219054, -0.117005, -0.003246, 0.175076, -0.233608, -0.738106, 0.05878, 0.173536, 0.724625, 0.121832, -0.457543, -0.143112, -0.195979, 0.127247, 0.036656, 0.023049, -0.164024, 0.446475, -0.319724, 0.113123, -0.108789, 0.110316, 0.04441, -0.411539, 0.110299, -0.038065, 0.417366, 0.660879, -0.930369, 0.024783, -2.34873, 0.388885, 0.062509, 1.232172, -2.090903, 0.099278, 0.851141]}