{"hc3d": [[-0.000876, -0.219011, 0.038827], [0.081165, -0.315894, 0.035305], [-0.081126, -0.315309, 0.037963], [-0.003166, -0.104136, 0.004288], [0.082573, -0.714312, 0.032467], [-0.132655, -0.69269, 0.180717], [0.001337, 0.023579, 0.032736], [0.017471, -1.134525, -0.01189], [-0.114191, -1.008525, -0.108115], [0.003344, 0.07156, 0.070422], [0.090742, -1.157986, 0.104238], [-0.155268, -1.119727, -0.032079], [0.008736, 0.293875, 0.053934], [0.092826, 0.198285, 0.053415], [-0.079594, 0.202163, 0.050031], [0.012671, 0.343503, 0.112802], [0.190567, 0.18293, 0.029026], [-0.183568, 0.20068, 0.073793], [0.255508, -0.079045, -0.008776], [-0.253547, -0.047944, 0.003187], [0.331394, -0.319452, 0.066561], [-0.308672, -0.308165, 0.030318], [0.375436, -0.394404, 0.088615], [-0.319914, -0.396165, 0.033296]], "im2d": [[0.014846, -0.109844], [0.064656, 0.01807], [-0.043068, -0.020927], [0.054044, -0.24206], [0.040581, 0.465221], [-0.237864, 0.401748], [0.0389, -0.382006], [0.01117, 0.917688], [0.025647, 0.737296], [0.007853, -0.432337], [-0.052896, 0.970756], [-0.08071, 0.858424], [0.042404, -0.681829], [0.090788, -0.554637], [-0.017555, -0.600221], [-0.007335, -0.731847], [0.1762, -0.516149], [-0.107585, -0.621347], [0.23591, -0.209812], [-0.103386, -0.364681], [0.197093, 0.08402], [-0.1829, -0.083614], [0.199567, 0.180356], [-0.199123, 0.012694]], "theta": [1.149736, 0.013789, 0.123473, 2.916084, 0.250962, -1.525261, -0.02486, 0.082485, -0.077724, -0.399902, -0.011598, -0.030275, 0.257446, -0.00875, -0.007104, 0.013666, -0.048682, -0.042172, 1.022666, -0.00064, 0.020704, -0.148161, 0.002052, -0.002956, -0.300451, 0.32532, 0.11169, -0.086314, -0.111056, 0.150077, 0.035728, 0.018747, -0.024999, -0.003017, 0.002398, 0.002473, 0.002127, 0.004143, -0.008902, 0.022122, -0.056785, -0.022742, 0.032475, 0.095268, -0.523244, 0.000612, 0.32966, 0.372403, 0.070422, -0.16519, 0.083768, 0.033513, -0.243959, -0.71475, 0.333408, 0.019407, 1.009458, -0.081519, -0.294038, -0.018366, 0.036785, 0.235199, -0.076955, 0.204627, -0.128005, 0.350479, -0.038603, 0.114326, -0.012939, 0.1081, 0.042672, -0.408788, 0.109062, -0.037967, 0.415384, 0.715556, -0.759716, 0.004344, -2.298847, 0.343043, 0.06413, 1.25136, -2.017469, 0.080695, 0.885693]}