{"hc3d": [[-0.000876, -0.219011, 0.038827], [0.081165, -0.315894, 0.035305], [-0.081126, -0.315309, 0.037963], [-0.003166, -0.104136, 0.004288], [0.091899, -0.711049, -0.014535], [-0.123973, -0.681095, 0.210634], [0.002477, 0.024244, 0.029337], [0.037976, -1.124436, -0.109343], [-0.119758, -1.097044, 0.108236], [0.004245, 0.072267, 0.066982], [0.106776, -1.157178, 0.007272], [-0.156925, -1.163084, 0.226946], [0.015299, 0.294798, 0.057902], [0.097136, 0.197275, 0.057009], [-0.074941, 0.205409, 0.048161], [0.016738, 0.345097, 0.116313], [0.195399, 0.178503, 0.037622], [-0.180225, 0.199368, 0.06417], [0.273158, -0.082606, 0.044922], [-0.245183, -0.047754, -0.015875], [0.332267, -0.303667, 0.174798], [-0.316099, -0.305523, -0.019902], [0.374643, -0.366639, 0.222575], [-0.33145, -0.392135, -0.031805]], "im2d": [[0.014849, -0.109846], [0.06466, 0.018071], [-0.043066, -0.020927], [0.054047, -0.242064], [0.091365, 0.460005], [-0.259755, 0.393214], [0.042907, -0.382761], [0.117449, 0.90342], [-0.188959, 0.852705], [0.011745, -0.433199], [0.049375, 0.96588], [-0.33005, 0.927521], [0.042968, -0.680998], [0.090113, -0.5522], [-0.012541, -0.602919], [-0.007911, -0.7324], [0.170892, -0.509351], [-0.096397, -0.619866], [0.196272, -0.197309], [-0.079899, -0.364446], [0.096277, 0.075221], [-0.139982, -0.092383], [0.074146, 0.159789], [-0.144683, 0.000199]], "theta": [1.149757, 0.013791, 0.123473, 2.916086, 0.250961, -1.525264, 0.094138, 0.054744, -0.051764, -0.474152, 0.040914, -0.01872, 0.230196, -0.028304, -0.017248, 0.011346, -0.045962, -0.041801, 0.594868, 0.018222, 0.018968, -0.122381, 0.004008, 0.000648, -0.322297, 0.309242, 0.107601, -0.033855, -0.140194, 0.125953, 0.069688, 0.002001, -0.038278, -0.002029, 0.001851, 0.001193, 0.001751, 0.003055, -0.006965, -0.019661, -0.040189, 0.023953, 0.029723, 0.06845, -0.535371, 0.005382, 0.297836, 0.437685, 0.066404, -0.133551, 0.07411, 0.011189, -0.415572, -0.612978, 0.317244, 0.027177, 0.965278, -0.021785, -0.353669, -0.037492, -0.054107, 0.142768, -0.069085, 0.329641, -0.158833, 0.412235, -0.051591, 0.057113, 0.018467, 0.108846, 0.043431, -0.409487, 0.109744, -0.039323, 0.415683, 0.715556, -0.759716, 0.004344, -2.298847, 0.343043, 0.06413, 1.25136, -2.017469, 0.080695, 0.885693]}