{"hc3d": [[-0.000876, -0.219011, 0.038827], [0.081165, -0.315894, 0.035305], [-0.081126, -0.315309, 0.037963], [-0.003166, -0.104136, 0.004288], [0.1119, -0.701896, -0.058529], [-0.079915, -0.697478, 0.177232], [0.003165, 0.025761, 0.019371], [0.063221, -1.03398, -0.323361], [-0.074975, -1.1248, 0.207032], [0.001936, 0.073405, 0.057515], [0.144372, -1.091803, -0.226018], [-0.083847, -1.147252, 0.345783], [0.007928, 0.29611, 0.047959], [0.09209, 0.200704, 0.052777], [-0.079228, 0.204412, 0.033], [0.009125, 0.347665, 0.10527], [0.192231, 0.185733, 0.041304], [-0.184802, 0.192333, 0.042256], [0.272613, -0.074202, 0.057113], [-0.252967, -0.053162, -0.040097], [0.309152, -0.249367, 0.250016], [-0.312354, -0.313263, -0.022475], [0.333574, -0.301599, 0.318713], [-0.334163, -0.399281, -0.020365]], "im2d": [[0.014851, -0.109846], [0.064662, 0.018071], [-0.043065, -0.020927], [0.054048, -0.242067], [0.146631, 0.450952], [-0.200694, 0.419382], [0.052896, -0.385104], [0.342752, 0.790718], [-0.255389, 0.90244], [0.019292, -0.43579], [0.299195, 0.882707], [-0.39408, 0.936681], [0.047694, -0.685027], [0.091088, -0.557592], [-0.001034, -0.604043], [-0.002214, -0.737983], [0.165856, -0.517925], [-0.079105, -0.614826], [0.184962, -0.20589], [-0.062388, -0.362178], [0.013839, 0.014849], [-0.135656, -0.083016], [-0.038998, 0.084783], [-0.157772, 0.008491]], "theta": [1.149767, 0.013792, 0.123473, 2.916087, 0.25096, -1.525265, 0.202418, 0.092335, 0.006803, -0.380271, 0.142398, 0.077752, 0.150997, -0.079822, -0.023348, 0.354818, -0.016293, -0.046538, 0.195735, 0.182906, -0.044832, -0.03164, -0.014565, 0.016987, -0.484008, 0.341849, 0.133733, -0.05223, -0.184287, 0.08779, 0.055939, 0.013444, -0.018857, -0.002276, 0.001871, 0.001366, 0.00199, 0.003473, -0.00743, -0.040459, 0.015561, -0.007949, 0.032572, 0.056351, -0.518837, 0.006708, 0.302223, 0.469611, 0.096419, -0.030015, 0.03042, 0.078872, -0.449906, -0.631232, 0.322927, -0.002765, 0.880099, -0.047608, -0.617699, 0.07049, 0.038772, 0.252875, -0.056671, 0.258291, -0.175424, 0.291689, -0.060548, 0.069329, -0.12067, 0.109143, 0.043609, -0.410222, 0.109368, -0.039298, 0.416053, 0.715556, -0.759716, 0.004344, -2.298847, 0.343043, 0.06413, 1.25136, -2.017469, 0.080695, 0.885693]}