{"hc3d": [[-0.000691, -0.219116, 0.040867], [0.082942, -0.316261, 0.038089], [-0.082522, -0.315742, 0.040912], [-0.002924, -0.104211, 0.005284], [0.154022, -0.663294, 0.208939], [-0.080002, -0.716954, 0.061719], [0.006609, 0.016284, 0.052159], [-0.066448, -0.987136, 0.050576], [-0.158465, -1.03378, -0.20821], [0.008316, 0.061932, 0.093251], [0.046666, -1.004567, 0.128076], [-0.120174, -1.082118, -0.082745], [0.006288, 0.28456, 0.073585], [0.093957, 0.192114, 0.07664], [-0.079142, 0.189906, 0.069981], [0.004689, 0.342467, 0.122447], [0.188178, 0.165377, 0.048051], [-0.183133, 0.175583, 0.088608], [0.199204, -0.050101, -0.113786], [-0.276321, -0.072898, 0.083247], [0.33014, -0.215841, 0.038673], [-0.255683, -0.209859, 0.308665], [0.409361, -0.252893, 0.056474], [-0.255923, -0.247756, 0.388508]], "im2d": [[0.015055, -0.077076], [0.101574, 0.045305], [-0.069264, 0.026978], [0.035067, -0.217914], [0.068552, 0.488706], [-0.081958, 0.500264], [0.017259, -0.349731], [-0.063168, 0.815936], [-0.00098, 0.81561], [-0.005551, -0.395842], [0.005454, 0.862185], [-0.038065, 0.898084], [0.005761, -0.659938], [0.092909, -0.541601], [-0.080016, -0.559218], [-0.025046, -0.719409], [0.206337, -0.504897], [-0.197678, -0.550682], [0.314075, -0.279579], [-0.291351, -0.271147], [0.354574, -0.044881], [-0.407542, -0.069635], [0.424535, 0.010267], [-0.456343, -0.011509]], "theta": [1.18781, 0.013365, 0.154226, 3.189138, 0.084848, -0.872176, -0.515586, 0.233599, 0.054795, -0.085517, 0.148758, 0.098427, 0.421136, 0.037183, -0.042863, 0.959477, 0.293655, -0.298941, 0.707045, 0.271024, -0.077719, -0.265721, -0.031385, 0.04779, -0.824646, 0.286072, 0.332938, -0.634635, 0.076678, 0.013222, -0.013014, -0.002734, 0.000511, -0.001365, 0.000987, 0.001702, 0.001789, 0.001203, -0.005584, -0.150279, -0.141125, -0.042534, -0.018984, 0.127291, -0.676263, 0.032957, 0.311614, 0.459086, -0.061783, -0.250174, 0.034376, 0.269391, 0.260435, -0.763209, 0.287965, 0.198939, 0.694468, -0.405613, -1.220875, 0.283477, -0.241573, 0.984065, -0.182142, -0.09478, -0.104796, 0.758466, -0.261086, 0.179789, -0.25132, 0.109133, 0.044029, -0.409515, 0.110849, -0.036361, 0.418702, 0.608088, -1.054304, 0.081571, -2.347317, 0.387332, 0.056664, 1.267961, -2.146112, 0.117862, 0.866516]}