{"hc3d": [[-0.000837, -0.219628, 0.039409], [0.081603, -0.316703, 0.036085], [-0.081485, -0.316117, 0.038789], [-0.003117, -0.104526, 0.004488], [0.046867, -0.629846, 0.277803], [-0.186288, -0.707722, 0.027516], [-0.005609, 0.025597, 0.019423], [0.096281, -0.989364, 0.053949], [-0.151383, -0.980305, -0.299663], [0.000526, 0.071256, 0.059789], [0.117575, -1.030529, 0.185144], [-0.222701, -1.073718, -0.222301], [0.006382, 0.294236, 0.070507], [0.089126, 0.19966, 0.049586], [-0.082892, 0.203374, 0.064641], [0.003355, 0.341783, 0.130703], [0.1882, 0.182744, 0.032466], [-0.182562, 0.202322, 0.10279], [0.234835, -0.059919, -0.080897], [-0.275507, -0.028158, 0.201166], [0.208871, -0.311437, -0.009873], [-0.31335, -0.180728, 0.416795], [0.216051, -0.394126, 0.024082], [-0.346995, -0.213445, 0.492158]], "im2d": [[0.007149, -0.070701], [-0.07953, 0.047414], [0.088142, 0.034874], [0.031952, -0.1964], [-0.18393, 0.357398], [0.190862, 0.480553], [0.030461, -0.349306], [-0.12513, 0.819088], [0.323286, 0.861701], [0.003667, -0.40945], [-0.21946, 0.841884], [0.35251, 0.948894], [-0.001338, -0.667812], [-0.078736, -0.549056], [0.091612, -0.56827], [-0.029304, -0.734705], [-0.172732, -0.519303], [0.174296, -0.581562], [-0.16723, -0.214251], [0.210356, -0.342288], [-0.186478, 0.059323], [0.128238, -0.212149], [-0.21484, 0.148248], [0.121345, -0.191801]], "theta": [1.170036, 0.006948, 0.159202, 0.75275, 0.283954, -3.054506, -0.677855, -0.416323, -0.044494, -0.036403, -0.144613, -0.171163, 0.155523, 0.116476, 0.051029, 1.105049, 0.053241, -0.156299, 0.80079, 0.11068, 0.110386, 0.016175, -0.011159, -0.057546, -0.49929, 0.292914, 0.228036, -0.312658, -0.235368, 0.011464, 0.104032, 0.00785, -0.030899, 0.001273, -0.001198, -0.001074, 0.001603, 0.000666, -0.00472, -0.0605, -0.326479, -0.015426, 0.035003, -0.10703, -0.510196, -0.082421, 0.377046, 0.331324, 0.296414, -0.057957, 0.021698, 0.254061, -0.081583, -0.799684, -0.022263, 0.404982, 0.595179, 0.165603, -0.628862, -0.120408, -0.41111, 0.457272, -0.083078, 0.157507, -0.194437, 0.3522, -0.056305, 0.181616, -0.431506, 0.11306, 0.046284, -0.415072, 0.112438, -0.04074, 0.421792, 0.700703, -0.835981, 0.045618, -2.2918, 0.342174, 0.091238, 1.241955, -2.084054, 0.095815, 0.834277]}