{"hc3d": [[-0.000837, -0.219628, 0.039409], [0.081603, -0.316703, 0.036085], [-0.081485, -0.316117, 0.038789], [-0.003117, -0.104526, 0.004488], [0.059896, -0.701442, -0.05982], [-0.128656, -0.602947, 0.321576], [0.004598, 0.023771, 0.029821], [0.028169, -1.018133, -0.343555], [-0.102871, -1.020244, 0.409691], [0.003904, 0.067251, 0.072957], [0.052166, -1.107888, -0.239977], [-0.174663, -1.059972, 0.523993], [0.007373, 0.289145, 0.09786], [0.092663, 0.195367, 0.085207], [-0.079493, 0.199467, 0.071933], [0.003239, 0.331024, 0.162067], [0.194085, 0.185717, 0.081306], [-0.184869, 0.188054, 0.084437], [0.309515, -0.057786, 0.045345], [-0.261511, -0.065779, 0.050787], [0.255067, -0.206212, 0.255071], [-0.346494, -0.295853, 0.155905], [0.262113, -0.233906, 0.340073], [-0.380525, -0.370991, 0.18874]], "im2d": [[0.007858, -0.070834], [-0.078963, 0.04787], [0.089316, 0.035037], [0.032572, -0.197074], [-0.015441, 0.509914], [-0.023703, 0.307033], [0.014507, -0.349797], [0.162618, 0.929863], [-0.110609, 0.773589], [-0.006956, -0.408643], [0.078712, 1.014745], [-0.099196, 0.791713], [-0.01764, -0.669737], [-0.102258, -0.552788], [0.084249, -0.567159], [-0.047027, -0.731156], [-0.205974, -0.533639], [0.186787, -0.563958], [-0.313651, -0.236912], [0.27745, -0.269438], [-0.37534, -0.110874], [0.302037, -0.030484], [-0.429696, -0.095228], [0.317413, 0.047403]], "theta": [1.174572, 0.007527, 0.159322, 0.753721, 0.283124, -3.055839, 0.215453, -0.041095, -0.143882, -0.813579, 0.017319, -0.030684, 0.23434, -0.032237, -0.033868, 0.386526, -0.19608, -0.012866, 0.49403, -0.173227, -0.003285, -0.012782, -0.004383, 0.051305, -0.35882, 0.286523, 0.021866, 0.143796, -0.272652, 0.111811, 0.112063, -0.006176, -0.038724, -0.000392, 0.000511, -0.000248, 0.001436, 0.001484, -0.004508, -0.041217, -0.160613, -0.037903, 0.030282, -0.061625, -0.453565, -0.014638, 0.310955, 0.431287, 0.226404, -0.122892, 0.038832, 0.119338, -0.321473, -0.578338, 0.097438, 0.213226, 0.773295, 0.076055, -1.118949, -0.037899, -0.531421, 0.412205, -0.110671, 0.183361, -0.22082, 0.552137, -0.533306, 0.103904, -0.222224, 0.111194, 0.044502, -0.413113, 0.111262, -0.037984, 0.417953, 0.700703, -0.835981, 0.045618, -2.2918, 0.342174, 0.091238, 1.241955, -2.084054, 0.095815, 0.834277]}