{"hc3d": [[-0.000837, -0.219628, 0.039409], [0.081603, -0.316703, 0.036085], [-0.081485, -0.316117, 0.038789], [-0.003117, -0.104526, 0.004488], [0.098653, -0.711275, 0.077502], [-0.143018, -0.658227, 0.247691], [0.001581, 0.024973, 0.023704], [0.047953, -0.917659, -0.292148], [-0.102865, -1.066198, 0.127222], [0.001784, 0.069335, 0.065939], [0.098607, -1.013896, -0.205356], [-0.168152, -1.127685, 0.235638], [0.003783, 0.292468, 0.074703], [0.089667, 0.198618, 0.067998], [-0.082635, 0.200544, 0.056207], [0.000489, 0.341787, 0.133442], [0.18999, 0.180484, 0.069129], [-0.186781, 0.187551, 0.075582], [0.268932, -0.075203, 0.021138], [-0.265892, -0.067461, 0.087735], [0.23818, -0.279629, 0.18314], [-0.337875, -0.300735, 0.195473], [0.254505, -0.335761, 0.251144], [-0.370045, -0.374774, 0.232424]], "im2d": [[0.007864, -0.070836], [-0.078959, 0.047873], [0.089326, 0.035038], [0.032579, -0.197082], [-0.130721, 0.496827], [0.029815, 0.384556], [0.021012, -0.350202], [0.117025, 0.805012], [0.041641, 0.882745], [-0.00087, -0.409827], [0.014309, 0.902617], [0.048851, 0.927645], [-0.001215, -0.669267], [-0.089691, -0.553368], [0.096106, -0.565533], [-0.028288, -0.738142], [-0.19525, -0.525489], [0.193587, -0.561782], [-0.258767, -0.214883], [0.261887, -0.275146], [-0.320802, -0.012975], [0.271429, -0.032078], [-0.376404, 0.039567], [0.282663, 0.043858]], "theta": [1.174621, 0.007532, 0.159323, 0.753726, 0.28312, -3.055846, -0.128583, -0.084103, -0.035934, -0.586166, -0.0144, -0.056497, 0.18781, -0.013433, -0.008899, 1.04691, 0.032232, -0.17166, 0.760968, -0.082614, 0.068964, 0.012258, -0.016671, 0.016898, -0.576528, 0.288374, 0.080957, -0.123173, -0.2229, 0.06934, 0.060945, -0.003529, -0.020348, -0.001193, 0.000953, 0.000342, 0.001474, 0.002129, -0.005586, -0.090418, -0.135382, -0.020681, 0.000995, -0.14051, -0.522208, 0.005035, 0.35958, 0.435514, 0.160158, -0.034485, 0.026153, 0.191773, -0.205876, -0.693219, 0.057709, 0.277393, 0.704827, 0.025177, -0.805957, -0.045903, -0.457449, 0.258092, -0.037404, 0.008365, -0.207034, 0.518073, -0.5224, 0.14297, -0.245775, 0.110398, 0.044669, -0.411694, 0.110214, -0.037588, 0.417773, 0.700703, -0.835981, 0.045618, -2.2918, 0.342174, 0.091238, 1.241955, -2.084054, 0.095815, 0.834277]}