{"hc3d": [[-0.000935, -0.218422, 0.038231], [0.080636, -0.315059, 0.034418], [-0.080718, -0.314454, 0.037077], [-0.003236, -0.103878, 0.004194], [0.067185, -0.711732, 0.00044], [-0.12013, -0.696549, 0.170563], [0.0071, 0.025065, 0.025219], [0.000782, -1.116234, -0.11958], [-0.116334, -1.088393, -0.001316], [0.011741, 0.073365, 0.061868], [0.046314, -1.146525, 0.008316], [-0.15055, -1.147346, 0.121623], [0.020812, 0.294309, 0.041215], [0.10295, 0.197691, 0.042767], [-0.068556, 0.204321, 0.038765], [0.022686, 0.34935, 0.095106], [0.202379, 0.181402, 0.029944], [-0.173447, 0.193602, 0.052387], [0.248106, -0.079856, -0.031686], [-0.219859, -0.066125, 0.008864], [0.262716, -0.293235, 0.121236], [-0.254269, -0.3158, 0.097528], [0.287807, -0.357647, 0.178081], [-0.252593, -0.397466, 0.131724]], "im2d": [[-0.000138, -0.128548], [0.090843, -0.02439], [-0.087896, -0.02204], [-0.005478, -0.259828], [0.07717, 0.405722], [-0.121181, 0.419902], [0.006131, -0.398103], [8.6e-05, 0.831188], [-0.123415, 0.82186], [0.012927, -0.445199], [0.057892, 0.884652], [-0.154068, 0.907252], [0.020099, -0.691274], [0.112006, -0.586267], [-0.078404, -0.591459], [0.02473, -0.742903], [0.221653, -0.572074], [-0.193849, -0.575785], [0.270988, -0.296091], [-0.245671, -0.297045], [0.297342, -0.037044], [-0.276937, -0.007891], [0.328816, 0.042572], [-0.272541, 0.087333]], "theta": [1.110038, 0.00081, 0.102617, 3.288891, -0.017781, 0.081306, 0.057001, 0.040399, -0.114912, -0.371494, 0.013153, -0.003266, 0.200458, 0.033933, -0.048769, 0.104207, -0.193803, -0.039183, 0.66609, 0.012124, -0.012553, -0.10472, -0.008829, 0.007698, -0.42386, 0.306339, 0.07244, -0.232237, -0.039564, 0.019311, 0.029825, -0.01718, -0.009515, -0.003338, 0.002578, 0.003399, 0.002061, 0.004143, -0.009237, -0.05036, -0.061552, 0.025412, 0.032508, -0.01058, -0.492774, 0.027097, 0.244562, 0.491158, 0.056462, -0.115267, 0.020487, 0.217671, -0.158355, -0.821214, 0.229268, 0.131889, 0.934352, 0.05747, -0.704206, 0.07634, -0.132912, 0.372485, -0.096175, -0.018092, -0.177225, 0.403778, -0.481146, 0.18933, -0.010285, 0.108511, 0.042332, -0.410027, 0.109035, -0.037578, 0.416541, 0.686296, -0.688898, -0.01613, -2.276245, 0.312951, 0.102271, 1.256857, -2.050845, 0.101879, 0.887023]}