{"hc3d": [[-0.000935, -0.218422, 0.038231], [0.080636, -0.315059, 0.034418], [-0.080718, -0.314454, 0.037077], [-0.003236, -0.103878, 0.004194], [0.04234, -0.696131, -0.075141], [-0.082455, -0.651391, 0.264759], [0.00977, 0.02423, 0.028576], [-0.00231, -1.042449, -0.321119], [-0.072765, -1.07731, 0.304728], [0.013765, 0.072001, 0.065987], [0.029722, -1.103101, -0.200109], [-0.102161, -1.093836, 0.441194], [0.029184, 0.293543, 0.063436], [0.108851, 0.194876, 0.064821], [-0.061404, 0.206471, 0.046031], [0.025625, 0.346963, 0.118852], [0.210179, 0.188089, 0.063216], [-0.167537, 0.210774, 0.041577], [0.264608, -0.068797, -0.008842], [-0.220811, 0.004698, -0.12029], [0.224973, -0.175549, 0.228145], [-0.315044, -0.163401, 0.064765], [0.237725, -0.202, 0.312687], [-0.341015, -0.215798, 0.13126]], "im2d": [[6.4e-05, -0.128681], [0.091184, -0.024402], [-0.087795, -0.022025], [-0.005294, -0.26014], [0.045686, 0.377094], [-0.074428, 0.385756], [0.009459, -0.397161], [-0.014684, 0.718087], [-0.058033, 0.860332], [0.015577, -0.443591], [0.028051, 0.804112], [-0.082992, 0.901384], [0.030769, -0.687776], [0.120079, -0.580381], [-0.070054, -0.593463], [0.02945, -0.737336], [0.23253, -0.574821], [-0.188154, -0.59721], [0.291039, -0.305168], [-0.254579, -0.396417], [0.260995, -0.148264], [-0.347609, -0.179729], [0.280036, -0.10551], [-0.372343, -0.110795]], "theta": [1.111513, 0.000992, 0.102651, 3.289171, -0.018016, 0.080923, 0.251664, 0.017751, -0.179388, -0.625491, 0.11489, 0.063834, 0.223699, -0.01813, -0.072873, 0.244756, -0.23711, 0.035613, 0.414222, -0.043451, -0.067055, -0.115023, -0.010644, 0.01118, -0.48549, 0.295401, 0.104632, -0.04613, -0.04232, -0.006735, 0.097463, -0.051858, -0.003356, -0.003633, 0.002829, 0.00321, 0.001819, 0.003717, -0.008323, -0.094897, -0.128383, 0.0081, 0.040261, -0.017999, -0.376589, 0.051311, 0.141775, 0.386552, -0.009768, -0.028078, 0.065918, 0.236351, -0.205753, -0.902588, 0.299091, -0.221713, 1.017147, -0.02137, -1.292741, 0.202195, -0.205814, 1.266912, -0.37291, 0.044861, -0.167759, 0.467166, -0.511637, 0.178382, -0.092175, 0.108338, 0.042665, -0.409055, 0.109355, -0.037304, 0.416567, 0.686296, -0.688898, -0.01613, -2.276245, 0.312951, 0.102271, 1.256857, -2.050845, 0.101879, 0.887023]}