{"hc3d": [[-0.000935, -0.218422, 0.038231], [0.080636, -0.315059, 0.034418], [-0.080718, -0.314454, 0.037077], [-0.003236, -0.103878, 0.004194], [0.040695, -0.696796, -0.072198], [-0.064364, -0.646319, 0.271528], [0.010641, 0.024147, 0.028532], [-0.003349, -0.970378, -0.397234], [-0.059311, -1.073102, 0.241052], [0.014074, 0.071279, 0.066799], [0.034043, -1.052698, -0.29153], [-0.076766, -1.105279, 0.376773], [0.028182, 0.292906, 0.064046], [0.108399, 0.194742, 0.067643], [-0.061412, 0.205227, 0.044653], [0.022212, 0.34604, 0.119528], [0.209827, 0.190253, 0.070511], [-0.167531, 0.209678, 0.040008], [0.250322, -0.066069, -0.011975], [-0.209697, 0.006793, -0.129007], [0.207882, -0.175392, 0.223348], [-0.297255, -0.151442, 0.06766], [0.216243, -0.207698, 0.306391], [-0.327947, -0.196896, 0.137183]], "im2d": [[8.3e-05, -0.128696], [0.091216, -0.024404], [-0.087787, -0.022025], [-0.005277, -0.260172], [0.044061, 0.378384], [-0.053999, 0.381059], [0.010443, -0.397141], [-0.020589, 0.626457], [-0.04663, 0.84515], [0.015988, -0.442724], [0.027429, 0.733715], [-0.058252, 0.903102], [0.029711, -0.687047], [0.119764, -0.579837], [-0.070126, -0.592396], [0.02572, -0.736248], [0.232569, -0.57607], [-0.188237, -0.596337], [0.27504, -0.308491], [-0.242754, -0.400383], [0.241804, -0.148963], [-0.327824, -0.192706], [0.255935, -0.09994], [-0.357692, -0.130818]], "theta": [1.111662, 0.001009, 0.102653, 3.289192, -0.018033, 0.080894, 0.244392, 0.061385, -0.176923, -0.646657, 0.155221, 0.098091, 0.222448, -0.031401, -0.080582, 0.505013, -0.204356, 0.02609, 0.602004, -0.035161, -0.075249, -0.096237, -0.013959, 0.018027, -0.542774, 0.293784, 0.113422, -0.081781, 0.009139, -0.052448, 0.079305, -0.058008, 0.00758, -0.004067, 0.003045, 0.003815, 0.002036, 0.003936, -0.008911, -0.08645, -0.166552, -0.011049, 0.033004, -0.035001, -0.355197, 0.063001, 0.160756, 0.374113, -0.009862, -0.038526, 0.085969, 0.256004, -0.176536, -1.002295, 0.292141, -0.252023, 1.054779, -0.043285, -1.304098, 0.236069, -0.156036, 1.360931, -0.40312, -0.029537, -0.152294, 0.417993, -0.527835, 0.195443, -0.180571, 0.107946, 0.042554, -0.408365, 0.109018, -0.036222, 0.416697, 0.686296, -0.688898, -0.01613, -2.276245, 0.312951, 0.102271, 1.256857, -2.050845, 0.101879, 0.887023]}