{"hc3d": [[-0.000744, -0.218871, 0.039979], [0.082238, -0.315918, 0.036856], [-0.081915, -0.315367, 0.03961], [-0.003004, -0.104, 0.004896], [0.105903, -0.70389, 0.112681], [-0.135635, -0.68795, 0.187406], [0.000658, 0.024841, 0.022564], [0.044073, -0.978913, -0.205824], [-0.078187, -1.097347, 0.083556], [0.000655, 0.069545, 0.064408], [0.099094, -1.065556, -0.112342], [-0.142869, -1.156768, 0.193069], [-0.00278, 0.292897, 0.061589], [0.085355, 0.200965, 0.058682], [-0.087182, 0.198135, 0.049187], [-0.000762, 0.340219, 0.121549], [0.185903, 0.18414, 0.05852], [-0.188824, 0.177769, 0.074108], [0.252036, -0.07193, -0.002155], [-0.256604, -0.078628, 0.104034], [0.23653, -0.305916, 0.114743], [-0.313631, -0.325698, 0.185155], [0.258645, -0.375101, 0.167096], [-0.33238, -0.407209, 0.214569]], "im2d": [[0.008787, -0.078775], [-0.080796, 0.037144], [0.089781, 0.030277], [0.034544, -0.206099], [-0.162287, 0.474905], [0.052437, 0.43539], [0.027143, -0.358269], [0.056836, 0.845008], [0.0285, 0.929359], [0.007247, -0.417113], [-0.053476, 0.931655], [0.036427, 0.977558], [0.022148, -0.675631], [-0.072723, -0.565495], [0.112891, -0.56668], [-0.009218, -0.740482], [-0.178728, -0.542436], [0.205467, -0.550833], [-0.227579, -0.233126], [0.249563, -0.261071], [-0.282718, 0.017884], [0.256049, 0.009657], [-0.336292, 0.090052], [0.256736, 0.09853]], "theta": [1.171669, 0.008243, 0.151638, 0.721509, 0.230382, -3.044903, -0.21627, -0.102453, -0.01302, -0.418884, -0.025773, -0.035405, 0.180767, -0.002337, -0.001662, 0.936452, 0.116352, -0.162288, 0.556308, -0.093927, 0.092956, 0.003163, -0.015076, 0.024023, -0.490351, 0.259608, 0.032797, -0.132846, -0.228529, 0.092385, 0.029103, 0.00164, -0.010703, -0.000583, 0.000539, -0.000298, 0.001716, 0.001884, -0.005849, -0.018543, -0.050401, -0.057823, -0.006791, -0.137339, -0.537238, 0.021718, 0.404996, 0.483375, 0.137892, -0.019712, -0.020764, 0.260194, -0.15688, -0.775093, 0.03255, 0.2663, 0.659969, 0.006359, -0.618077, -0.054058, -0.360687, 0.095143, 0.034377, 0.036647, -0.186651, 0.511117, -0.416494, 0.13926, -0.143065, 0.110659, 0.044669, -0.412153, 0.110578, -0.037871, 0.418334, 0.667781, -0.915888, 0.027368, -2.353134, 0.369682, 0.047014, 1.23772, -2.091326, 0.109917, 0.844578]}