{"hc3d": [[-0.000744, -0.218871, 0.039979], [0.082238, -0.315918, 0.036856], [-0.081915, -0.315367, 0.03961], [-0.003004, -0.104, 0.004896], [0.106929, -0.653886, 0.241795], [-0.146307, -0.713382, 0.070993], [-0.002038, 0.024973, 0.021939], [0.094225, -1.015534, 0.018288], [-0.096541, -1.124255, -0.030975], [-0.000741, 0.070602, 0.062754], [0.141261, -1.085517, 0.128575], [-0.154971, -1.174735, 0.086266], [-0.003849, 0.293976, 0.06286], [0.083807, 0.201959, 0.054079], [-0.088997, 0.199498, 0.053867], [-0.000848, 0.337222, 0.125784], [0.18461, 0.190575, 0.043975], [-0.189819, 0.183896, 0.084827], [0.251918, -0.061227, -0.031468], [-0.264064, -0.066899, 0.137914], [0.237585, -0.310774, 0.04712], [-0.307001, -0.299528, 0.260049], [0.256064, -0.388822, 0.086914], [-0.318625, -0.377001, 0.301563]], "im2d": [[0.008908, -0.078809], [-0.080708, 0.03721], [0.089981, 0.030301], [0.034655, -0.206228], [-0.228576, 0.395647], [0.123657, 0.484386], [0.030373, -0.358645], [-0.114187, 0.852197], [0.106827, 0.979823], [0.009664, -0.418377], [-0.224247, 0.916504], [0.104559, 1.016611], [0.022644, -0.677585], [-0.068693, -0.566283], [0.112486, -0.569506], [-0.011519, -0.738207], [-0.169593, -0.547817], [0.201316, -0.560178], [-0.211725, -0.240711], [0.240414, -0.280839], [-0.248724, 0.035015], [0.211369, -0.033062], [-0.292328, 0.119508], [0.198453, 0.049411]], "theta": [1.172477, 0.008341, 0.151655, 0.721653, 0.230262, -3.0451, -0.5542, -0.254458, 0.047498, -0.125809, -0.064709, -0.064383, 0.176782, 0.051333, 0.021441, 0.972632, 0.180381, -0.148728, 0.25358, 0.026974, 0.134828, -0.014947, -0.021195, 0.011237, -0.314072, 0.221427, 0.046478, -0.180722, -0.218121, 0.057937, 0.06374, 0.004584, -0.027579, 0.001218, -0.000242, -0.002606, 0.001014, 0.000448, -0.002811, 0.035814, -0.105685, -0.066469, 0.012772, -0.081035, -0.494596, 0.007161, 0.403938, 0.436983, 0.191962, -0.069807, -0.005475, 0.271009, -0.17906, -0.795094, 0.015994, 0.322445, 0.634202, 0.138202, -0.531866, -0.12052, -0.30349, 0.191357, 0.044987, 0.16954, -0.16169, 0.451215, -0.269495, 0.130988, -0.108655, 0.112232, 0.045181, -0.415167, 0.111912, -0.039281, 0.418444, 0.667781, -0.915888, 0.027368, -2.353134, 0.369682, 0.047014, 1.23772, -2.091326, 0.109917, 0.844578]}