{"hc3d": [[-0.000744, -0.218871, 0.039979], [0.082238, -0.315918, 0.036856], [-0.081915, -0.315367, 0.03961], [-0.003004, -0.104, 0.004896], [0.058039, -0.71112, 0.044669], [-0.154721, -0.66888, 0.222024], [-0.000229, 0.023658, 0.029822], [0.00169, -1.120289, -0.05688], [-0.105051, -0.95734, -0.087839], [-0.000501, 0.066757, 0.073316], [0.027964, -1.159776, 0.073594], [-0.169921, -1.059769, -0.017072], [-0.00112, 0.290028, 0.080786], [0.085795, 0.19726, 0.072555], [-0.086867, 0.196972, 0.065117], [0.002858, 0.332846, 0.143949], [0.186548, 0.181771, 0.073913], [-0.186996, 0.179184, 0.097126], [0.250814, -0.074535, 0.012239], [-0.249512, -0.078125, 0.130488], [0.237439, -0.321327, 0.099245], [-0.292987, -0.325668, 0.218287], [0.258263, -0.397932, 0.140651], [-0.309837, -0.406059, 0.251666]], "im2d": [[0.008941, -0.07882], [-0.080687, 0.037227], [0.090036, 0.030309], [0.034687, -0.206266], [-0.076676, 0.493523], [0.055497, 0.40719], [0.024319, -0.358449], [0.01765, 0.983253], [0.152904, 0.795637], [0.003734, -0.415764], [-0.079887, 1.008075], [0.179429, 0.900277], [0.010237, -0.676052], [-0.080655, -0.563971], [0.104285, -0.568506], [-0.025105, -0.736193], [-0.187697, -0.542661], [0.191762, -0.556795], [-0.234032, -0.232688], [0.228616, -0.266116], [-0.276314, 0.038521], [0.217451, 0.004766], [-0.323161, 0.121172], [0.214144, 0.091821]], "theta": [1.172714, 0.008368, 0.151659, 0.721685, 0.230237, -3.045144, -0.04897, -0.122226, -0.142699, -0.516976, -0.032107, -0.08272, 0.236976, -0.01707, 0.004029, 0.153208, -0.113392, -0.019664, 1.231187, -0.103781, 0.038525, -0.015205, 0.002833, 0.024358, -0.303579, 0.276404, 0.015049, -0.201091, -0.149082, 0.056169, 0.037277, 0.007065, -0.033128, 0.001394, -0.00056, -0.002617, 0.001158, 0.000514, -0.002792, 0.003997, -0.102862, -0.11541, 0.010118, -0.163435, -0.504339, -0.032909, 0.47128, 0.451819, 0.198151, -0.097126, -0.005211, 0.188849, -0.178843, -0.784376, 0.021574, 0.250191, 0.701751, 0.079844, -0.505703, -0.096365, -0.228159, 0.115775, 0.042894, 0.001274, -0.164343, 0.48015, -0.329151, 0.156715, -0.179206, 0.111888, 0.045926, -0.413473, 0.11201, -0.039856, 0.41868, 0.667781, -0.915888, 0.027368, -2.353134, 0.369682, 0.047014, 1.23772, -2.091326, 0.109917, 0.844578]}