{"hc3d": [[-0.000744, -0.218871, 0.039979], [0.082238, -0.315918, 0.036856], [-0.081915, -0.315367, 0.03961], [-0.003004, -0.104, 0.004896], [0.052905, -0.706309, -0.022858], [-0.139992, -0.634718, 0.280834], [0.001626, 0.022801, 0.033629], [0.001408, -1.090882, -0.197094], [-0.109881, -1.053906, 0.209655], [0.000962, 0.066205, 0.076816], [0.021737, -1.146414, -0.071491], [-0.178619, -1.110159, 0.318368], [0.002347, 0.288999, 0.093151], [0.088533, 0.195678, 0.083611], [-0.08385, 0.197584, 0.071451], [0.004007, 0.332857, 0.1557], [0.189343, 0.180699, 0.086018], [-0.18657, 0.181163, 0.094817], [0.266235, -0.070339, 0.017506], [-0.261629, -0.074951, 0.09571], [0.225284, -0.274007, 0.177185], [-0.319304, -0.310481, 0.205598], [0.246793, -0.326371, 0.246553], [-0.345144, -0.385874, 0.244444]], "im2d": [[0.008941, -0.07882], [-0.080687, 0.037227], [0.090036, 0.030309], [0.034688, -0.206267], [-0.035756, 0.499104], [0.01078, 0.358203], [0.020345, -0.358029], [0.092583, 0.972683], [-0.001887, 0.857518], [0.000346, -0.415659], [0.003128, 1.016726], [0.010863, 0.90208], [8.9e-05, -0.676812], [-0.089379, -0.563897], [0.097835, -0.570173], [-0.032457, -0.73814], [-0.197009, -0.543353], [0.19261, -0.558688], [-0.252775, -0.237894], [0.259656, -0.264385], [-0.302272, -0.029897], [0.252351, -0.011653], [-0.363407, 0.019959], [0.25583, 0.068367]], "theta": [1.172715, 0.008368, 0.151659, 0.721685, 0.230237, -3.045144, 0.12121, -0.086157, -0.163684, -0.683417, 0.004628, -0.054706, 0.2659, -0.045419, -0.013115, 0.169515, -0.163057, -0.002574, 0.741816, -0.158591, 0.01416, -0.050791, 0.017891, 0.036811, -0.352454, 0.250425, 0.023802, -0.044623, -0.189253, 0.080089, 0.083703, -0.007352, -0.03572, 0.001311, -0.000509, -0.002486, 0.001067, 0.000439, -0.00242, -0.050112, -0.09821, -0.087248, 0.000998, -0.149154, -0.491505, -0.022467, 0.416516, 0.448784, 0.175457, -0.071034, -0.017591, 0.210781, -0.175448, -0.748261, 0.038611, 0.207735, 0.71182, 0.024829, -0.88571, -0.033439, -0.360536, 0.313679, -0.024336, 0.048373, -0.196361, 0.626761, -0.424668, 0.144979, -0.225115, 0.111993, 0.045559, -0.413937, 0.112049, -0.040103, 0.418639, 0.667781, -0.915888, 0.027368, -2.353134, 0.369682, 0.047014, 1.23772, -2.091326, 0.109917, 0.844578]}