{"hc3d": [[-0.000859, -0.21805, 0.038512], [0.081123, -0.314809, 0.034721], [-0.081022, -0.31422, 0.037409], [-0.003155, -0.103506, 0.004462], [0.07745, -0.659461, 0.235871], [-0.143256, -0.708993, -0.041539], [-0.002248, 0.024818, 0.029389], [0.172017, -1.051495, 0.092355], [-0.102894, -1.127529, -0.125849], [-0.002446, 0.070213, 0.069873], [0.177935, -1.104994, 0.220759], [-0.12514, -1.148764, 0.011452], [-0.016181, 0.292365, 0.070844], [0.075206, 0.204744, 0.060465], [-0.096243, 0.194115, 0.062294], [-0.008729, 0.348179, 0.123286], [0.17633, 0.20175, 0.050963], [-0.193116, 0.180558, 0.103909], [0.259279, -0.042464, -0.037912], [-0.2575, -0.071999, 0.166239], [0.283031, -0.300491, 0.008831], [-0.30565, -0.316002, 0.264944], [0.301743, -0.386816, 0.023557], [-0.328839, -0.389632, 0.308459]], "im2d": [[0.006665, -0.109401], [-0.020307, 0.004426], [0.022657, -0.015738], [0.052094, -0.228488], [-0.257025, 0.350152], [0.090734, 0.408931], [0.036183, -0.368736], [-0.165557, 0.797896], [0.133556, 0.871841], [-0.002349, -0.422049], [-0.305553, 0.841164], [-0.005179, 0.876179], [0.018444, -0.661813], [-0.003567, -0.555904], [0.042013, -0.565053], [-0.033883, -0.726756], [-0.022408, -0.539615], [0.024804, -0.566796], [0.027243, -0.257906], [-0.042479, -0.310992], [-0.049068, 0.016], [-0.151613, -0.066608], [-0.076681, 0.109018], [-0.196432, 0.004533]], "theta": [1.084088, 0.007006, 0.117135, 1.924043, 0.239101, -2.499954, -0.537085, -0.370082, -0.000674, 0.151721, -0.06087, -0.065201, 0.231382, 0.027435, 0.022697, 0.803294, -0.135326, -0.038607, -0.092594, 0.309204, 0.142597, -0.060292, 0.011255, 0.040074, -0.211773, 0.209026, 0.193227, -0.333297, -0.18989, 0.013239, 0.051837, 0.017285, -0.016619, -0.000297, 0.000819, -0.000795, 0.001697, 0.002545, -0.005832, -0.165487, -0.007576, -0.087578, 0.019326, -0.085687, -0.458362, 0.019863, 0.480691, 0.359904, 0.089752, 0.050769, 0.022238, 0.202756, -0.09561, -0.811645, 0.005677, 0.315147, 0.664623, 0.304421, -0.434006, -0.103017, 0.027339, 0.04753, 0.045691, 0.414743, -0.090661, 0.191371, 0.245455, 0.145407, -0.26794, 0.110194, 0.045382, -0.411077, 0.110994, -0.039017, 0.417334, 0.703996, -0.698064, -0.0152, -2.360139, 0.336866, 0.113133, 1.217656, -2.075807, 0.100842, 0.908432]}