{"hc3d": [[-0.000859, -0.21805, 0.038512], [0.081123, -0.314809, 0.034721], [-0.081022, -0.31422, 0.037409], [-0.003155, -0.103506, 0.004462], [0.038242, -0.663109, 0.224743], [-0.145349, -0.705018, -0.057936], [-0.00268, 0.025478, 0.02573], [0.131183, -1.066714, 0.116599], [-0.128095, -1.062902, -0.293585], [-0.002203, 0.070353, 0.066787], [0.106928, -1.100547, 0.249458], [-0.148944, -1.113633, -0.164013], [-0.0158, 0.292414, 0.073518], [0.075366, 0.205065, 0.059529], [-0.096039, 0.19442, 0.063769], [-0.008402, 0.351331, 0.122456], [0.176925, 0.204327, 0.056293], [-0.190015, 0.187351, 0.112948], [0.257649, -0.033793, -0.04955], [-0.250526, -0.060037, 0.196331], [0.266802, -0.290823, 0.006833], [-0.291816, -0.294743, 0.318014], [0.275246, -0.378791, 0.021297], [-0.315778, -0.354979, 0.378431]], "im2d": [[0.006668, -0.109403], [-0.020304, 0.004427], [0.022661, -0.015739], [0.052098, -0.228494], [-0.23465, 0.350701], [0.108766, 0.406318], [0.04018, -0.369083], [-0.18057, 0.806598], [0.320955, 0.818903], [0.000817, -0.421826], [-0.315124, 0.824706], [0.187506, 0.855899], [0.015551, -0.662144], [-0.002608, -0.556135], [0.040442, -0.56554], [-0.032855, -0.730017], [-0.02793, -0.54293], [0.015046, -0.57476], [0.040552, -0.266058], [-0.074886, -0.326447], [-0.041622, 0.003947], [-0.209186, -0.093845], [-0.0662, 0.097542], [-0.270347, -0.039088]], "theta": [1.084117, 0.007009, 0.117135, 1.924046, 0.239099, -2.499958, -0.523695, -0.442356, -0.089341, 0.190136, -0.083772, -0.075106, 0.202935, 0.03051, 0.025785, 0.73197, -0.260945, -0.034851, 0.256391, 0.358927, 0.127626, -0.018617, 0.013338, 0.029433, -0.28729, 0.231879, 0.279573, -0.480049, -0.183782, -0.032199, 0.064188, 0.025241, -0.01051, -0.000127, 0.000522, -0.000869, 0.001584, 0.002548, -0.005615, -0.252641, -0.035599, -0.09746, 0.017289, -0.158083, -0.418568, -0.009175, 0.536725, 0.281236, 0.103489, 0.071391, 0.019423, 0.223745, -0.031435, -0.870394, -0.051404, 0.343006, 0.68144, 0.336674, -0.550159, -0.066987, 0.06283, 0.059722, 0.036962, 0.402076, -0.107109, 0.114368, 0.321725, 0.169339, -0.417862, 0.110258, 0.046183, -0.410503, 0.110965, -0.039326, 0.417578, 0.703996, -0.698064, -0.0152, -2.360139, 0.336866, 0.113133, 1.217656, -2.075807, 0.100842, 0.908432]}