{"hc3d": [[-0.000859, -0.21805, 0.038512], [0.081123, -0.314809, 0.034721], [-0.081022, -0.31422, 0.037409], [-0.003155, -0.103506, 0.004462], [0.087227, -0.712257, 0.070185], [-0.134008, -0.706628, 0.133119], [-0.001663, 0.024617, 0.030378], [0.056767, -1.127804, -0.027912], [-0.090067, -1.029667, -0.145492], [-0.00151, 0.070259, 0.070584], [0.113268, -1.1788, 0.088671], [-0.135909, -1.137067, -0.066999], [-0.014391, 0.29189, 0.05461], [0.076412, 0.203229, 0.049041], [-0.09499, 0.193711, 0.05549], [-0.003728, 0.345552, 0.108716], [0.175842, 0.195572, 0.029541], [-0.19165, 0.174355, 0.095269], [0.250353, -0.05526, -0.047605], [-0.23945, -0.088172, 0.119964], [0.274734, -0.310122, 0.013858], [-0.276242, -0.344904, 0.185795], [0.298606, -0.394061, 0.033941], [-0.285468, -0.430902, 0.205081]], "im2d": [[0.006668, -0.109404], [-0.020304, 0.004427], [0.022662, -0.015739], [0.052099, -0.228494], [-0.09112, 0.426931], [-0.093962, 0.387436], [0.034973, -0.368575], [-0.013692, 0.879839], [0.158353, 0.770788], [-0.003349, -0.422081], [-0.155418, 0.927783], [0.080689, 0.871409], [0.034846, -0.659245], [0.007895, -0.552841], [0.048731, -0.563707], [-0.0203, -0.721695], [-0.000409, -0.530607], [0.032909, -0.559], [0.038848, -0.244147], [-0.000577, -0.286214], [-0.052749, 0.024759], [-0.079632, -0.02306], [-0.087217, 0.115221], [-0.1041, 0.065775]], "theta": [1.084121, 0.00701, 0.117135, 1.924046, 0.239099, -2.499958, -0.117207, 0.000995, -0.067695, -0.280811, -0.043989, -0.030496, 0.238908, 0.013497, 0.0172, 0.225931, -0.05006, 0.012616, 0.876584, -0.002316, 0.06487, -0.07358, 0.017492, 0.032462, -0.173064, 0.288508, 0.059301, -0.112577, -0.153008, 0.127319, -0.018329, 0.050028, -0.016938, -0.00197, 0.001663, 0.001472, 0.00187, 0.0028, -0.007113, -0.04943, 0.013726, -0.092837, 0.043426, -0.007578, -0.50749, -0.007641, 0.447403, 0.45921, 0.058931, -0.045146, 0.009584, 0.209733, -0.134206, -0.772648, 0.14174, 0.18483, 0.772925, 0.216461, -0.427488, -0.123583, 0.045333, 0.046329, 0.0228, 0.215945, -0.084003, 0.283387, 0.072059, 0.124927, -0.067519, 0.109636, 0.043252, -0.411459, 0.110011, -0.03762, 0.416516, 0.703996, -0.698064, -0.0152, -2.360139, 0.336866, 0.113133, 1.217656, -2.075807, 0.100842, 0.908432]}