{"hc3d": [[-0.00087, -0.218333, 0.038646], [0.081134, -0.315138, 0.034899], [-0.081063, -0.314558, 0.037617], [-0.003162, -0.103727, 0.004507], [0.077156, -0.71066, -0.012143], [-0.176435, -0.662124, 0.226004], [-0.005468, 0.024855, 0.028283], [0.069479, -1.078367, -0.229749], [-0.120943, -1.062554, 0.36704], [-0.004077, 0.071086, 0.067913], [0.089514, -1.147562, -0.11078], [-0.207471, -1.092147, 0.473781], [-0.01741, 0.293118, 0.076752], [0.073333, 0.205898, 0.059537], [-0.097962, 0.195231, 0.06859], [-0.012781, 0.340355, 0.137208], [0.173916, 0.208947, 0.045554], [-0.197419, 0.188981, 0.105512], [0.249889, 0.048232, -0.160841], [-0.265454, -0.061242, 0.171515], [0.066436, -0.135715, -0.120658], [-0.104835, -0.117934, 0.377312], [0.022696, -0.208985, -0.093777], [-0.061542, -0.122406, 0.454414]], "im2d": [[0.013612, -0.123546], [-0.01248, -0.007097], [0.030857, -0.033278], [0.057796, -0.242293], [0.010461, 0.419481], [-0.162592, 0.301329], [0.042509, -0.38249], [0.214374, 0.835079], [-0.353183, 0.721161], [0.003945, -0.436061], [0.079746, 0.89857], [-0.442007, 0.727198], [0.013829, -0.675967], [-3.2e-05, -0.566859], [0.038506, -0.583176], [-0.047321, -0.73246], [-0.013837, -0.552871], [0.027831, -0.596165], [0.168861, -0.346305], [-0.038959, -0.347312], [0.166417, -0.1832], [-0.303323, -0.285075], [0.14575, -0.114892], [-0.396409, -0.282271]], "theta": [1.08386, 0.013429, 0.104346, 1.937527, 0.27275, -2.522309, 0.093307, -0.088134, -0.099277, -0.546022, -0.110347, -0.120961, 0.221981, -0.049552, 0.04173, 0.317652, -0.269368, -0.017171, 0.136235, -0.222382, 0.184116, -0.071145, 0.057277, -0.032248, -0.296831, 0.306425, 0.145182, 0.102046, -0.295459, 0.07492, 0.107569, 0.088241, 0.023597, -0.003329, 0.002053, 0.003845, 0.00192, 0.002468, -0.006747, -0.051222, -0.121174, -0.08089, 0.082136, -0.061545, -0.40753, 0.004915, 0.376608, 0.29728, 0.102698, 0.087915, -0.020419, 0.600635, 0.188611, -0.910238, 0.046599, 0.423942, 0.690055, 0.779424, -1.396619, -0.287886, 0.247335, 1.224619, -0.121062, 0.281292, -0.023078, 0.364683, 0.375599, 0.115196, -0.313892, 0.109071, 0.042301, -0.41211, 0.109042, -0.036467, 0.41632, 0.690201, -0.723839, 0.009955, -2.336365, 0.332714, 0.129685, 1.232909, -2.061914, 0.121173, 0.904719]}