{"hc3d": [[-0.00087, -0.218333, 0.038646], [0.081134, -0.315138, 0.034899], [-0.081063, -0.314558, 0.037617], [-0.003162, -0.103727, 0.004507], [0.091568, -0.706125, -0.040507], [-0.14251, -0.671909, 0.22177], [-0.005908, 0.025104, 0.026844], [0.073494, -1.022712, -0.32698], [-0.082299, -1.087902, 0.30325], [-0.004211, 0.070443, 0.06748], [0.11824, -1.107309, -0.226062], [-0.142704, -1.121835, 0.425545], [-0.020736, 0.292379, 0.072542], [0.07067, 0.206222, 0.053567], [-0.099969, 0.193137, 0.069341], [-0.014924, 0.341494, 0.131377], [0.169464, 0.211529, 0.030471], [-0.197911, 0.183277, 0.109393], [0.203343, 0.046173, -0.183326], [-0.246893, -0.068186, 0.186618], [0.070372, -0.174027, -0.129131], [-0.087926, -0.14072, 0.38869], [0.045779, -0.257869, -0.109893], [-0.049018, -0.140229, 0.46822]], "im2d": [[0.013682, -0.123591], [-0.012407, -0.007083], [0.030948, -0.033288], [0.05787, -0.242397], [0.036428, 0.420293], [-0.168448, 0.317695], [0.044202, -0.382828], [0.31887, 0.787651], [-0.299301, 0.761807], [0.004414, -0.435532], [0.194946, 0.873512], [-0.412137, 0.774801], [0.019115, -0.675516], [0.006984, -0.567187], [0.038169, -0.581599], [-0.040585, -0.733664], [0.003351, -0.554846], [0.023542, -0.590862], [0.205545, -0.348977], [-0.060468, -0.338865], [0.171634, -0.140833], [-0.321678, -0.259492], [0.152772, -0.057366], [-0.415751, -0.262928]], "theta": [1.084353, 0.013488, 0.104356, 1.937608, 0.272683, -2.52242, 0.159525, 0.052363, -0.051035, -0.510799, 0.00482, -0.05925, 0.210867, -0.05469, 0.045019, 0.451706, -0.255699, -0.028927, 0.207466, -0.115477, 0.143416, -0.037464, 0.07027, -0.036836, -0.348036, 0.347525, 0.12811, 0.07606, -0.241051, 0.06615, 0.06603, 0.120736, 0.029042, -0.004554, 0.002894, 0.005147, 0.002292, 0.00399, -0.008808, -0.06108, -0.105056, -0.063126, 0.103763, -0.003395, -0.414993, -0.003561, 0.37682, 0.325644, 0.076287, 0.113579, -0.016564, 0.578201, 0.176322, -1.01192, 0.047351, 0.454929, 0.693559, 0.589917, -1.183299, -0.183767, 0.272605, 1.088967, -0.112107, 0.154182, -0.005088, 0.322656, 0.412408, 0.134694, -0.44101, 0.1087, 0.041624, -0.411195, 0.1083, -0.03525, 0.415908, 0.690201, -0.723839, 0.009955, -2.336365, 0.332714, 0.129685, 1.232909, -2.061914, 0.121173, 0.904719]}