{"hc3d": [[-0.00087, -0.218333, 0.038646], [0.081134, -0.315138, 0.034899], [-0.081063, -0.314558, 0.037617], [-0.003162, -0.103727, 0.004507], [0.12379, -0.709746, 0.001272], [-0.139053, -0.687092, 0.190074], [-0.006005, 0.026, 0.020847], [0.106971, -0.966626, -0.33983], [-0.087216, -1.112095, 0.189731], [-0.005911, 0.07192, 0.060859], [0.169773, -1.060411, -0.258569], [-0.13431, -1.15032, 0.316527], [-0.027052, 0.293469, 0.05601], [0.066833, 0.208624, 0.044821], [-0.104065, 0.192481, 0.053261], [-0.020473, 0.344699, 0.112929], [0.166486, 0.21241, 0.025413], [-0.202886, 0.172794, 0.087037], [0.238946, 0.011478, -0.143629], [-0.242939, -0.082805, 0.155313], [0.132864, -0.220725, -0.080903], [-0.174693, -0.279135, 0.323127], [0.114022, -0.305669, -0.060074], [-0.165045, -0.331925, 0.393549]], "im2d": [[0.013694, -0.1236], [-0.012395, -0.007081], [0.030964, -0.03329], [0.057884, -0.242417], [-0.01659, 0.424502], [-0.137375, 0.338045], [0.050563, -0.383152], [0.326679, 0.734525], [-0.181029, 0.799741], [0.011918, -0.436661], [0.2175, 0.835235], [-0.302657, 0.818885], [0.038252, -0.675853], [0.017376, -0.569406], [0.056085, -0.57977], [-0.019527, -0.735926], [0.009543, -0.555723], [0.047583, -0.577975], [0.151598, -0.310909], [-0.029909, -0.319141], [0.100303, -0.086709], [-0.238075, -0.117911], [0.078067, -0.001342], [-0.317987, -0.068015]], "theta": [1.084445, 0.013498, 0.104358, 1.93762, 0.272674, -2.522437, 0.051655, 0.050437, 0.027594, -0.423258, 0.011246, -0.050674, 0.164574, -0.040271, 0.047558, 0.747892, -0.151513, -0.067321, 0.297724, 0.026502, 0.150902, -0.005622, 0.039412, -0.016819, -0.389383, 0.365868, 0.107816, -0.045116, -0.243059, 0.060167, 0.037875, 0.096171, 0.035331, -0.006942, 0.004587, 0.007533, 0.003368, 0.006751, -0.014026, -0.051787, -0.027241, -0.075605, 0.098016, -0.00425, -0.442286, 0.014303, 0.369858, 0.41524, 0.093649, 0.116186, -0.028212, 0.523873, 0.020346, -0.898846, 0.083439, 0.423995, 0.670549, 0.533368, -1.055524, -0.17346, 0.192763, 0.504945, 0.032554, 0.20077, -0.00913, 0.246224, 0.307547, 0.100313, -0.359215, 0.106313, 0.040265, -0.407233, 0.106415, -0.032309, 0.414663, 0.690201, -0.723839, 0.009955, -2.336365, 0.332714, 0.129685, 1.232909, -2.061914, 0.121173, 0.904719]}