{"hc3d": [[-0.00087, -0.218333, 0.038646], [0.081134, -0.315138, 0.034899], [-0.081063, -0.314558, 0.037617], [-0.003162, -0.103727, 0.004507], [0.12709, -0.702551, 0.115305], [-0.137447, -0.714784, 0.082644], [-0.001997, 0.025048, 0.027304], [0.073065, -1.053286, -0.122785], [-0.085157, -1.125114, -0.027854], [-0.002916, 0.070399, 0.067951], [0.146557, -1.117808, -0.023896], [-0.134391, -1.175933, 0.093594], [-0.016358, 0.292188, 0.05441], [0.075146, 0.204109, 0.051685], [-0.096394, 0.19362, 0.050478], [-0.009993, 0.343133, 0.111609], [0.175591, 0.198585, 0.037472], [-0.192993, 0.166708, 0.085671], [0.260231, -0.05446, -0.017339], [-0.233098, -0.09323, 0.134871], [0.290753, -0.307286, 0.047878], [-0.280747, -0.34884, 0.196169], [0.314715, -0.390809, 0.069189], [-0.295999, -0.435005, 0.209661]], "im2d": [[0.0137, -0.123604], [-0.012389, -0.00708], [0.030971, -0.033291], [0.05789, -0.242425], [-0.1361, 0.404485], [-0.027555, 0.379988], [0.042619, -0.382254], [0.103745, 0.797263], [0.044699, 0.838544], [0.003559, -0.435386], [-0.024873, 0.866422], [-0.071607, 0.871401], [0.036792, -0.672663], [0.007533, -0.564087], [0.056889, -0.579498], [-0.021239, -0.732499], [-0.00659, -0.540929], [0.045779, -0.569806], [0.009137, -0.251481], [-0.012079, -0.304186], [-0.085056, 0.015753], [-0.080125, -0.045725], [-0.119879, 0.106224], [-0.095805, 0.042337]], "theta": [1.084486, 0.013502, 0.104359, 1.937625, 0.27267, -2.522443, -0.231735, -0.009907, 0.03411, -0.155033, -0.050703, -0.041756, 0.21476, 0.004912, 0.018957, 0.711096, 0.095796, -0.098771, 0.297645, 0.070001, 0.1336, -0.042725, -0.005189, 0.033185, -0.375646, 0.27701, 0.138779, -0.215049, -0.222536, 0.100704, -0.012215, 0.037641, -0.006082, -0.00223, 0.001869, 0.001523, 0.001982, 0.003272, -0.007774, -0.015188, -0.002125, -0.077731, 0.03369, -0.016975, -0.490635, 0.009566, 0.456344, 0.519118, 0.127891, -0.063947, -0.008609, 0.222037, -0.220418, -0.764712, 0.095921, 0.278914, 0.669134, 0.185738, -0.366002, -0.110053, -0.009509, -0.077828, 0.041897, 0.251374, -0.083927, 0.2515, 0.062509, 0.065079, -0.05732, 0.109076, 0.043363, -0.410544, 0.109588, -0.037031, 0.416095, 0.690201, -0.723839, 0.009955, -2.336365, 0.332714, 0.129685, 1.232909, -2.061914, 0.121173, 0.904719]}