{"hc3d": [[-0.000611, -0.218191, 0.040794], [0.083134, -0.315077, 0.037937], [-0.082522, -0.314573, 0.040775], [-0.002834, -0.10381, 0.005555], [0.115504, -0.701637, -0.017262], [-0.167109, -0.631757, 0.269639], [-0.002067, 0.021039, 0.037758], [-0.008029, -1.060425, -0.198924], [-0.128201, -1.051207, 0.25093], [-0.003129, 0.066177, 0.079141], [0.087898, -1.085375, -0.10332], [-0.175784, -1.075036, 0.379619], [-0.010752, 0.289111, 0.076353], [0.078991, 0.199105, 0.07304], [-0.093526, 0.193083, 0.065373], [-0.005687, 0.348786, 0.122125], [0.180576, 0.195159, 0.067533], [-0.194007, 0.1709, 0.092202], [0.310611, -0.039975, 0.077627], [-0.27979, -0.077889, 0.120856], [0.292616, -0.276783, 0.182281], [-0.299567, -0.283372, 0.284915], [0.315645, -0.337041, 0.243525], [-0.316028, -0.356194, 0.331727]], "im2d": [[0.017542, -0.079084], [-0.009077, 0.044557], [0.037935, 0.009183], [0.061281, -0.200868], [0.022952, 0.479559], [-0.196919, 0.314252], [0.032094, -0.340528], [0.23928, 0.864951], [-0.207581, 0.782744], [-0.010024, -0.394413], [0.1064, 0.902207], [-0.332626, 0.785399], [0.005385, -0.639359], [-0.022243, -0.521937], [0.037838, -0.550511], [-0.042642, -0.708313], [-0.047188, -0.495876], [0.038344, -0.550017], [-0.107981, -0.212849], [0.022171, -0.29899], [-0.225784, 0.031257], [-0.15753, -0.09571], [-0.301308, 0.095504], [-0.206182, -0.024452]], "theta": [1.117524, 0.016308, 0.147424, 1.949694, 0.305151, -2.561873, 0.096158, 0.155684, 0.017239, -0.655499, 0.022598, -0.13444, 0.301647, -0.039897, 0.014921, 0.290867, 0.081786, -0.203878, 0.578365, -0.057154, 0.184223, -0.141092, -0.000755, 0.013843, -0.612185, 0.303795, 0.288349, -0.193477, -0.165208, 0.121559, 0.061399, 0.039477, -0.001197, -0.001584, 0.000555, 0.002423, 0.001659, 0.001982, -0.006661, -0.273216, 0.047421, -0.045319, 0.006308, -0.073494, -0.443371, 0.036638, 0.416016, 0.477356, -0.107441, 0.018718, 0.023398, 0.154295, -0.391341, -0.551251, 0.155646, 0.269853, 0.577362, 0.308935, -0.512186, -0.329931, -0.0594, 0.472198, -0.089702, 0.342492, -0.082244, 0.620726, 0.202787, -0.024063, -0.105883, 0.111154, 0.04391, -0.412415, 0.110792, -0.037537, 0.420493, 0.548741, -1.076557, 0.040014, -2.35728, 0.450114, 0.087623, 1.226969, -2.153988, 0.08938, 0.852158]}