{"hc3d": [[-0.000611, -0.218191, 0.040794], [0.083134, -0.315077, 0.037937], [-0.082522, -0.314573, 0.040775], [-0.002834, -0.10381, 0.005555], [0.136039, -0.689439, 0.140781], [-0.145515, -0.703728, 0.109545], [3.8e-05, 0.021981, 0.033721], [0.037763, -0.990682, -0.13596], [-0.070314, -1.087273, -0.048699], [-0.004079, 0.062755, 0.079236], [0.114424, -1.064052, -0.048183], [-0.128227, -1.148771, 0.062012], [-0.013948, 0.285587, 0.075469], [0.0768, 0.196577, 0.078318], [-0.09475, 0.18863, 0.059221], [-0.013974, 0.344096, 0.122991], [0.176472, 0.180624, 0.091595], [-0.194403, 0.166502, 0.089019], [0.272557, -0.067022, 0.049905], [-0.264351, -0.083307, 0.141731], [0.270048, -0.318328, 0.114664], [-0.325064, -0.320092, 0.240605], [0.285067, -0.402106, 0.140505], [-0.347786, -0.400903, 0.267415]], "im2d": [[0.019588, -0.079502], [-0.006732, 0.045721], [0.040722, 0.009469], [0.06316, -0.20279], [-0.14968, 0.460246], [-0.030435, 0.418995], [0.036713, -0.343981], [0.16904, 0.799913], [0.103268, 0.87473], [-0.009875, -0.39449], [0.0473, 0.888514], [-0.001888, 0.91914], [0.006169, -0.642394], [-0.028173, -0.524949], [0.044584, -0.550916], [-0.043136, -0.711824], [-0.073642, -0.487357], [0.041694, -0.550773], [-0.067558, -0.189033], [-0.004297, -0.295057], [-0.147271, 0.081537], [-0.102761, -0.056406], [-0.183302, 0.174698], [-0.128218, 0.025311]], "theta": [1.129737, 0.017949, 0.147819, 1.952748, 0.302481, -2.566071, -0.297266, -0.025689, 0.059967, -0.225726, -0.08689, -0.059581, 0.268891, -0.050142, -0.001782, 0.929956, 0.217247, -0.183702, 0.499802, 0.049648, 0.18721, -0.00823, -0.026967, 0.060898, -0.450443, 0.236625, 0.173065, -0.277759, -0.263162, 0.122724, -0.040556, 0.016935, -0.008086, -0.003712, 0.002767, 0.002731, 0.002553, 0.004851, -0.010733, -0.248093, -0.009805, -0.061988, -0.00273, -0.22144, -0.542499, 0.025269, 0.508859, 0.451762, 0.015056, -0.011933, 0.011025, 0.187984, -0.112462, -0.683442, 0.031092, 0.293398, 0.595394, 0.251294, -0.419487, -0.16191, -0.068602, 0.065933, 0.01364, 0.167278, -0.071512, 0.292453, 0.033766, 0.048522, -0.10023, 0.107102, 0.04311, -0.406327, 0.107807, -0.035111, 0.415462, 0.548741, -1.076557, 0.040014, -2.35728, 0.450114, 0.087623, 1.226969, -2.153988, 0.08938, 0.852158]}