{"hc3d": [[-0.000611, -0.218191, 0.040794], [0.083134, -0.315077, 0.037937], [-0.082522, -0.314573, 0.040775], [-0.002834, -0.10381, 0.005555], [0.105294, -0.70586, 0.020041], [-0.13263, -0.683366, 0.187813], [-0.000896, 0.019133, 0.044366], [0.026152, -1.108804, -0.071415], [-0.091464, -1.012242, -0.072857], [-0.005466, 0.059886, 0.089857], [0.124868, -1.142511, 0.018495], [-0.122027, -1.097398, 0.033008], [-0.028759, 0.281744, 0.088433], [0.067111, 0.198301, 0.084924], [-0.104525, 0.180202, 0.076512], [-0.019186, 0.331613, 0.144138], [0.167905, 0.212427, 0.082382], [-0.200802, 0.161873, 0.117781], [0.293367, -0.016656, 0.018514], [-0.283547, -0.089534, 0.12262], [0.276544, -0.227336, 0.169131], [-0.292194, -0.326766, 0.237404], [0.289636, -0.296287, 0.223779], [-0.302458, -0.406698, 0.273056]], "im2d": [[0.0196, -0.079507], [-0.00672, 0.045727], [0.040738, 0.009471], [0.063174, -0.202805], [-0.009692, 0.484018], [-0.11862, 0.391404], [0.02532, -0.342131], [0.097714, 0.921497], [0.139024, 0.789813], [-0.021107, -0.392716], [-0.03149, 0.970785], [0.02984, 0.8667], [-0.003559, -0.642669], [-0.03233, -0.52963], [0.028435, -0.545477], [-0.06504, -0.70133], [-0.05974, -0.523432], [0.012198, -0.549966], [-0.037756, -0.237079], [0.022092, -0.290379], [-0.204815, -0.02308], [-0.10957, -0.041687], [-0.270983, 0.050395], [-0.148403, 0.040839]], "theta": [1.129826, 0.017959, 0.14782, 1.952759, 0.302473, -2.566085, -0.002657, 0.230272, -0.013389, -0.419641, -0.002719, -0.032901, 0.354738, -0.043178, 0.004305, 0.142918, 0.120224, -0.06955, 0.960751, 0.041532, 0.132688, -0.094503, -0.001236, 0.08579, -0.320009, 0.251421, 0.162933, -0.297282, -0.097715, 0.096796, -0.027635, 0.062478, 0.005774, -0.006926, 0.004679, 0.006906, 0.003625, 0.007311, -0.015499, -0.094015, 0.038784, -0.186691, 0.005605, -0.074191, -0.332797, 0.023494, 0.542843, 0.349379, -0.033241, -0.080312, 0.040981, 0.174542, -0.153925, -0.815214, 0.094623, 0.078513, 0.701501, 0.298727, -0.889479, -0.112582, 0.168663, 0.400173, 0.001284, 0.137755, -0.051981, 0.322217, 0.155869, 0.040008, -0.131256, 0.105823, 0.040369, -0.405691, 0.106032, -0.031003, 0.414818, 0.548741, -1.076557, 0.040014, -2.35728, 0.450114, 0.087623, 1.226969, -2.153988, 0.08938, 0.852158]}