{"hc3d": [[-0.000997, -0.218019, 0.037172], [0.079792, -0.314555, 0.032926], [-0.079983, -0.313923, 0.03552], [-0.003331, -0.103529, 0.003794], [0.115926, -0.694518, 0.159037], [-0.149826, -0.718118, 0.03648], [-0.003635, 0.026972, 0.02055], [0.092635, -1.087494, -0.016017], [-0.099628, -1.13849, -0.047151], [-0.001977, 0.074888, 0.057539], [0.147268, -1.144536, 0.09938], [-0.16885, -1.183874, 0.067328], [-0.004652, 0.296949, 0.053858], [0.082132, 0.204738, 0.046481], [-0.089006, 0.202629, 0.045319], [-0.006448, 0.343901, 0.115878], [0.182663, 0.200171, 0.033831], [-0.191736, 0.199274, 0.072209], [0.241524, -0.056114, -0.044436], [-0.262793, -0.059358, 0.095205], [0.257706, -0.312769, 0.018464], [-0.341026, -0.303744, 0.176451], [0.279397, -0.396182, 0.04358], [-0.370456, -0.384395, 0.199203]], "im2d": [[0.013174, -0.124744], [-0.031342, -0.00821], [0.050165, -0.035862], [0.053299, -0.241159], [-0.193971, 0.380365], [0.060381, 0.381177], [0.045818, -0.382384], [-0.040546, 0.821892], [0.086753, 0.849102], [0.012893, -0.438964], [-0.182308, 0.872703], [0.01166, 0.867106], [0.031833, -0.674391], [-0.012588, -0.560938], [0.078278, -0.58696], [-0.023081, -0.734596], [-0.053686, -0.537322], [0.106523, -0.604855], [-0.026576, -0.242908], [0.105681, -0.34603], [-0.110968, 0.021824], [0.054258, -0.112995], [-0.151461, 0.109832], [0.043036, -0.03603]], "theta": [1.0861, 0.013127, 0.103164, 1.622658, 0.332968, -2.734458, -0.33332, -0.137522, 0.025598, -0.052481, -0.109866, -0.075644, 0.160503, 0.030937, 0.033061, 0.624152, 0.069907, -0.102405, 0.141653, 0.054041, 0.142561, -0.045277, -0.018467, -0.022704, -0.293379, 0.271484, 0.082434, -0.1805, -0.279366, 0.031648, 0.080336, 0.015089, -0.009848, -0.001246, 0.00116, 0.000431, 0.001746, 0.002271, -0.006234, 0.030744, -0.161137, -0.0265, 0.041532, -0.020792, -0.434963, -0.064933, 0.353616, 0.347955, 0.125779, -0.057423, 0.033728, 0.245187, -0.198472, -0.876434, 0.073692, 0.207123, 0.833471, 0.212489, -0.421076, -0.02994, -0.096929, 0.085668, -0.04551, 0.292656, -0.101337, 0.298347, -0.008294, 0.057818, -0.13326, 0.110025, 0.044527, -0.411523, 0.110114, -0.038161, 0.417115, 0.76066, -0.510313, -0.060115, -2.302165, 0.272776, 0.114755, 1.210533, -1.96685, 0.084873, 0.898608]}