{"hc3d": [[-0.000997, -0.218019, 0.037172], [0.079792, -0.314555, 0.032926], [-0.079983, -0.313923, 0.03552], [-0.003331, -0.103529, 0.003794], [0.059927, -0.681949, 0.194817], [-0.150926, -0.69879, -0.087349], [-0.002049, 0.026626, 0.023016], [0.042392, -1.088573, 0.336116], [-0.118082, -1.067035, -0.309931], [0.000388, 0.072859, 0.062047], [0.021033, -1.086618, 0.474301], [-0.195933, -1.144651, -0.221208], [-0.003615, 0.294654, 0.073144], [0.082965, 0.203919, 0.054167], [-0.087878, 0.200323, 0.06386], [-0.00076, 0.343759, 0.133432], [0.182183, 0.198192, 0.033913], [-0.186705, 0.205439, 0.102522], [0.248433, -0.035459, -0.093719], [-0.299404, -0.030287, 0.167335], [0.281689, -0.29714, -0.071198], [-0.266595, -0.188819, 0.382363], [0.303363, -0.383617, -0.060664], [-0.263669, -0.202462, 0.470076]], "im2d": [[0.013174, -0.124744], [-0.031342, -0.00821], [0.050166, -0.035862], [0.0533, -0.24116], [-0.197698, 0.351898], [0.179636, 0.380648], [0.042626, -0.382156], [-0.348227, 0.757364], [0.350219, 0.81301], [0.007247, -0.437153], [-0.467955, 0.729244], [0.302049, 0.867967], [0.012851, -0.674924], [-0.020367, -0.561184], [0.059954, -0.587346], [-0.042727, -0.736359], [-0.053637, -0.535318], [0.075519, -0.615495], [0.017848, -0.25565], [0.058334, -0.394701], [-0.037532, 0.023826], [-0.172884, -0.256067], [-0.064378, 0.117457], [-0.258481, -0.255386]], "theta": [1.086102, 0.013127, 0.103164, 1.622658, 0.332968, -2.734459, -0.429916, -0.357152, -0.066282, 0.244925, -0.188556, -0.110467, 0.180018, 0.05275, 0.022539, -0.009616, -0.292779, 0.06361, 0.187083, 0.169229, 0.101188, -0.019956, -0.007119, -0.005084, 0.029294, 0.238209, 0.066547, -0.171063, -0.354705, 0.00321, 0.101596, 0.046625, -0.016975, -0.001604, 0.001414, 0.001296, 0.002136, 0.003409, -0.007689, -0.070395, -0.147641, -0.029571, 0.050423, -0.01874, -0.466195, -0.089215, 0.39296, 0.234827, 0.133997, -0.001728, 0.072623, 0.213435, -0.045237, -0.798092, 0.100093, 0.281799, 0.675736, 0.313502, -0.46055, -0.05084, 0.140051, 0.73819, -0.105201, 0.375885, -0.134112, 0.230898, 0.312698, 0.227279, -0.572461, 0.109473, 0.044414, -0.410084, 0.110254, -0.037722, 0.417502, 0.76066, -0.510313, -0.060115, -2.302165, 0.272776, 0.114755, 1.210533, -1.96685, 0.084873, 0.898608]}