{"hc3d": [[-0.00089, -0.218114, 0.038303], [0.080805, -0.314719, 0.034518], [-0.080783, -0.314131, 0.037187], [-0.003186, -0.1037, 0.004316], [0.096117, -0.70422, -0.046734], [-0.11816, -0.652662, 0.258961], [0.001294, 0.024518, 0.029288], [0.035179, -1.100111, -0.194436], [-0.109165, -1.079654, 0.282041], [0.002301, 0.071458, 0.067881], [0.114446, -1.148515, -0.091001], [-0.129205, -1.12528, 0.413387], [-0.002279, 0.293527, 0.061234], [0.085569, 0.202159, 0.056032], [-0.086051, 0.198524, 0.053738], [0.002785, 0.348302, 0.115159], [0.183693, 0.195723, 0.030777], [-0.189173, 0.178962, 0.0702], [0.301349, -0.04969, 0.037199], [-0.245591, -0.080663, 0.040209], [0.309511, -0.254627, 0.201364], [-0.270565, -0.335637, 0.115477], [0.34821, -0.29212, 0.272743], [-0.283773, -0.420226, 0.137927]], "im2d": [[0.013801, -0.092869], [0.032208, 0.03373], [-0.017733, -0.007606], [0.061193, -0.217836], [0.086304, 0.467353], [-0.302072, 0.347168], [0.048083, -0.35813], [0.189489, 0.890954], [-0.366469, 0.816977], [0.011212, -0.410593], [0.095842, 0.960644], [-0.519014, 0.857772], [0.038932, -0.655078], [0.061182, -0.532631], [0.013274, -0.571697], [-0.012585, -0.715606], [0.116499, -0.500106], [-0.036539, -0.576684], [0.11969, -0.201597], [-0.046072, -0.305165], [-0.075848, 0.019951], [-0.159945, -0.034218], [-0.145539, 0.068507], [-0.196429, 0.054514]], "theta": [1.125593, 0.013152, 0.135608, 2.579871, 0.319957, -1.958278, 0.170255, 0.123055, -0.030395, -0.605668, 0.111174, -0.02712, 0.229749, -0.012173, -0.007343, 0.074514, -0.045636, -0.058199, 0.428289, -0.001236, 0.040735, -0.097035, 0.001757, 0.013856, -0.322602, 0.343798, 0.1006, 0.102581, -0.074379, 0.119637, 0.056212, 0.03595, 0.001179, -0.00671, 0.005515, 0.005336, -0.000328, 0.005076, -0.007599, -0.112327, -0.030636, -0.04922, 0.058059, 0.104903, -0.494716, 0.041139, 0.273128, 0.50147, -0.105185, -0.047805, 0.052736, 0.117001, -0.513294, -0.544009, 0.347681, 0.259181, 0.793942, 0.107143, -0.616297, -0.191447, -0.143289, 0.287821, -0.068034, 0.480661, -0.132382, 0.690331, 0.062109, 0.064469, -0.141046, 0.10429, 0.041254, -0.405595, 0.106721, -0.040027, 0.413065, 0.677188, -0.702194, -0.021113, -2.294541, 0.335374, 0.085006, 1.244663, -2.015294, 0.093991, 0.888928]}