{"hc3d": [[-0.00089, -0.218114, 0.038303], [0.080805, -0.314719, 0.034518], [-0.080783, -0.314131, 0.037187], [-0.003186, -0.1037, 0.004316], [0.104348, -0.690206, -0.095874], [-0.087359, -0.65502, 0.258402], [-8.5e-05, 0.025449, 0.024177], [0.038928, -1.017313, -0.362296], [-0.076702, -1.076457, 0.330596], [-0.001789, 0.073243, 0.061682], [0.12637, -1.086689, -0.279435], [-0.079427, -1.106933, 0.467705], [-0.008987, 0.295091, 0.051113], [0.080243, 0.204931, 0.052415], [-0.090903, 0.198781, 0.04045], [-0.001764, 0.352812, 0.101611], [0.180323, 0.204819, 0.035339], [-0.194622, 0.180028, 0.053815], [0.289539, -0.043721, 0.015042], [-0.260045, -0.077728, 0.026087], [0.279206, -0.223185, 0.20662], [-0.267588, -0.318366, 0.141574], [0.300928, -0.266008, 0.282069], [-0.27993, -0.395053, 0.184009]], "im2d": [[0.016494, -0.093459], [0.035817, 0.034999], [-0.014702, -0.007217], [0.06372, -0.220398], [0.151319, 0.461636], [-0.291134, 0.364601], [0.054744, -0.363652], [0.394491, 0.814984], [-0.406219, 0.834037], [0.017456, -0.418137], [0.32284, 0.912524], [-0.560455, 0.863851], [0.047432, -0.666332], [0.063984, -0.543228], [0.026099, -0.580049], [-0.000581, -0.729879], [0.112239, -0.516984], [-0.020895, -0.586166], [0.143783, -0.212162], [-0.03353, -0.315765], [-0.08629, -0.020022], [-0.184843, -0.053041], [-0.166723, 0.031308], [-0.242179, 0.027993]], "theta": [1.141143, 0.015344, 0.136214, 2.584322, 0.315991, -1.964405, 0.29421, 0.162323, 0.005458, -0.601405, 0.185958, 0.032255, 0.188184, -0.08139, -0.000478, 0.280572, -0.040067, -0.057085, 0.308405, 0.092775, 0.007346, -0.077714, -0.000606, 0.014288, -0.395627, 0.374882, 0.114368, 0.111337, -0.102514, 0.108243, 0.063044, 0.052685, 0.013036, -0.003386, 0.001906, 0.004407, 0.003012, 0.003431, -0.00989, -0.151702, 0.081447, -0.062685, 0.059457, 0.091623, -0.437623, 0.036874, 0.293396, 0.47846, -0.026538, 0.068876, -0.007193, 0.202461, -0.412808, -0.67398, 0.32192, 0.216611, 0.767928, 0.120256, -0.851213, -0.02774, 0.027851, 0.465605, -0.086831, 0.371225, -0.122228, 0.487457, 0.09986, 0.083122, -0.230591, 0.109455, 0.042376, -0.410423, 0.109861, -0.034397, 0.418555, 0.677188, -0.702194, -0.021113, -2.294541, 0.335374, 0.085006, 1.244663, -2.015294, 0.093991, 0.888928]}