{"hc3d": [[-0.00089, -0.218114, 0.038303], [0.080805, -0.314719, 0.034518], [-0.080783, -0.314131, 0.037187], [-0.003186, -0.1037, 0.004316], [0.108714, -0.689733, -0.096373], [-0.077939, -0.668864, 0.235533], [0.000682, 0.026032, 0.01975], [0.049015, -0.98764, -0.396285], [-0.07075, -1.094738, 0.274449], [-0.002032, 0.07334, 0.057808], [0.136094, -1.065643, -0.321067], [-0.07246, -1.133415, 0.409492], [-0.008252, 0.295087, 0.04479], [0.08063, 0.204697, 0.049506], [-0.090132, 0.198901, 0.032815], [-0.001755, 0.354754, 0.093076], [0.181396, 0.201026, 0.037661], [-0.193673, 0.179095, 0.04604], [0.282224, -0.051813, 0.033416], [-0.257239, -0.078778, 0.015252], [0.276478, -0.227183, 0.228937], [-0.274946, -0.325194, 0.116576], [0.293222, -0.274345, 0.303055], [-0.290729, -0.402532, 0.15662]], "im2d": [[0.016789, -0.093545], [0.036206, 0.035125], [-0.014382, -0.007187], [0.064011, -0.220705], [0.154043, 0.462934], [-0.264349, 0.38375], [0.060079, -0.364509], [0.439072, 0.786371], [-0.344139, 0.858805], [0.021745, -0.418783], [0.374856, 0.893837], [-0.496784, 0.898209], [0.054587, -0.666947], [0.067341, -0.543549], [0.034761, -0.580653], [0.008852, -0.732853], [0.109787, -0.513242], [-0.012178, -0.58557], [0.121017, -0.205698], [-0.020739, -0.314106], [-0.111912, -0.016592], [-0.160074, -0.046739], [-0.192852, 0.03846], [-0.215894, 0.034346]], "theta": [1.142929, 0.01558, 0.136268, 2.584747, 0.315623, -1.964989, 0.295394, 0.154707, 0.015372, -0.537838, 0.185257, 0.062079, 0.15325, -0.098479, -0.005659, 0.382635, -0.031732, -0.04135, 0.32735, 0.130445, -0.010385, -0.029544, -0.00585, 0.022007, -0.389699, 0.37403, 0.102227, 0.093395, -0.126471, 0.102312, 0.039717, 0.047281, 0.009353, -0.003489, 0.00217, 0.003946, 0.002818, 0.0037, -0.009627, -0.180496, 0.098795, -0.058203, 0.051936, 0.060436, -0.461537, 0.032125, 0.320907, 0.488974, -0.015553, 0.08694, -0.010893, 0.186045, -0.426175, -0.673859, 0.320414, 0.181452, 0.774967, 0.107037, -0.787455, 0.022837, 0.074623, 0.40308, -0.086673, 0.339515, -0.131897, 0.386742, 0.072388, 0.10098, -0.253846, 0.108965, 0.042456, -0.410192, 0.109339, -0.035197, 0.417442, 0.677188, -0.702194, -0.021113, -2.294541, 0.335374, 0.085006, 1.244663, -2.015294, 0.093991, 0.888928]}