{"hc3d": [[-0.00089, -0.218114, 0.038303], [0.080805, -0.314719, 0.034518], [-0.080783, -0.314131, 0.037187], [-0.003186, -0.1037, 0.004316], [0.142839, -0.707508, 0.014126], [-0.100178, -0.686585, 0.1987], [-0.000106, 0.025139, 0.026102], [0.090223, -0.935395, -0.343028], [-0.083016, -1.111211, 0.150395], [-0.002179, 0.07068, 0.066296], [0.173699, -1.034263, -0.292214], [-0.098013, -1.177377, 0.273409], [-0.004102, 0.292388, 0.051422], [0.082986, 0.200233, 0.055376], [-0.088128, 0.197809, 0.041743], [-0.001965, 0.353638, 0.098088], [0.182689, 0.185484, 0.043151], [-0.189868, 0.173063, 0.059756], [0.266661, -0.073408, 0.049125], [-0.237617, -0.089456, 0.042684], [0.305403, -0.29641, 0.182487], [-0.287148, -0.347427, 0.090628], [0.333886, -0.366483, 0.230201], [-0.307495, -0.432143, 0.106212]], "im2d": [[0.017072, -0.093636], [0.036574, 0.035242], [-0.014083, -0.007163], [0.064297, -0.221012], [0.04152, 0.489676], [-0.231827, 0.399374], [0.052963, -0.364377], [0.398768, 0.738473], [-0.212291, 0.878377], [0.012212, -0.416621], [0.358417, 0.869068], [-0.358337, 0.945431], [0.04828, -0.663977], [0.061253, -0.538849], [0.025471, -0.579974], [0.003074, -0.732801], [0.102853, -0.496398], [-0.026718, -0.579047], [0.097454, -0.18621], [-0.04599, -0.298263], [-0.058431, 0.06934], [-0.137026, -0.024517], [-0.108994, 0.153714], [-0.167951, 0.064332]], "theta": [1.144687, 0.015804, 0.136314, 2.585123, 0.315302, -1.965504, 0.013733, 0.081437, 0.076706, -0.439912, 0.090308, 0.032199, 0.203442, -0.069458, -0.000147, 0.88088, 0.058037, -0.044258, 0.426741, 0.101228, 0.039382, -0.034725, 0.000882, 0.026248, -0.318574, 0.314109, 0.060879, 0.083771, -0.148414, 0.14523, -0.015819, 0.026981, -0.019524, -0.004817, 0.003468, 0.004632, 0.002607, 0.005018, -0.011195, -0.202703, 0.01294, -0.015066, 0.0453, 0.029855, -0.545141, 0.046688, 0.357731, 0.552889, 0.014279, -0.003862, 0.045396, 0.095989, -0.401252, -0.633386, 0.258805, 0.206963, 0.769471, 0.078855, -0.393379, -0.044814, 0.001139, 0.095804, -0.057136, 0.296774, -0.118112, 0.301546, 0.024812, 0.089854, -0.149969, 0.107008, 0.041903, -0.407332, 0.107881, -0.036327, 0.415269, 0.677188, -0.702194, -0.021113, -2.294541, 0.335374, 0.085006, 1.244663, -2.015294, 0.093991, 0.888928]}