{"hc3d": [[-0.00089, -0.218114, 0.038303], [0.080805, -0.314719, 0.034518], [-0.080783, -0.314131, 0.037187], [-0.003186, -0.1037, 0.004316], [0.155126, -0.702839, 0.083368], [-0.109023, -0.703393, 0.150598], [0.00043, 0.025061, 0.026474], [0.072332, -0.948144, -0.256088], [-0.081607, -1.123394, 0.074557], [6.9e-05, 0.071621, 0.065537], [0.163402, -1.034569, -0.196405], [-0.103121, -1.185166, 0.198881], [-0.000866, 0.292795, 0.04407], [0.085702, 0.200156, 0.048143], [-0.085762, 0.198594, 0.039798], [0.000769, 0.352139, 0.093158], [0.183596, 0.180242, 0.030039], [-0.186954, 0.174252, 0.06114], [0.258712, -0.081148, 0.018004], [-0.236875, -0.088078, 0.047776], [0.306334, -0.312658, 0.132683], [-0.286506, -0.347014, 0.090078], [0.338186, -0.38737, 0.170124], [-0.301314, -0.433978, 0.097281]], "im2d": [[0.017135, -0.093659], [0.036655, 0.035267], [-0.014017, -0.007159], [0.064364, -0.221084], [-0.030626, 0.486228], [-0.18291, 0.417115], [0.052749, -0.36428], [0.296758, 0.746292], [-0.129281, 0.894408], [0.013824, -0.417205], [0.250005, 0.86482], [-0.278343, 0.954888], [0.057389, -0.663647], [0.070048, -0.538067], [0.028401, -0.580391], [0.009167, -0.730547], [0.11714, -0.490171], [-0.027273, -0.57985], [0.128778, -0.178954], [-0.051231, -0.299829], [-0.004689, 0.088917], [-0.136164, -0.024801], [-0.043363, 0.179608], [-0.156418, 0.068209]], "theta": [1.145094, 0.015855, 0.136323, 2.5852, 0.315238, -1.965609, -0.160544, 0.060629, 0.10202, -0.316304, 0.052486, 0.01999, 0.207283, -0.03277, -0.001926, 1.011879, 0.15124, -0.102985, 0.367247, 0.103004, 0.061361, -0.064554, -0.004237, 0.017706, -0.412818, 0.30912, 0.128061, -0.028992, -0.172283, 0.150616, -0.020288, 0.02489, -0.01715, -0.00429, 0.00324, 0.003771, 0.002322, 0.004671, -0.010294, -0.131535, -0.002643, 0.01014, 0.044055, 0.056759, -0.591666, 0.045097, 0.354354, 0.56219, 0.032759, -0.058758, 0.039049, 0.116769, -0.331103, -0.632514, 0.2859, 0.195367, 0.771824, 0.040858, -0.366407, -0.04291, 0.006164, 0.066821, -0.036266, 0.270356, -0.096342, 0.290411, 0.03921, 0.073633, -0.048788, 0.107215, 0.042112, -0.407681, 0.10819, -0.037174, 0.414998, 0.677188, -0.702194, -0.021113, -2.294541, 0.335374, 0.085006, 1.244663, -2.015294, 0.093991, 0.888928]}