{"hc3d": [[-0.000876, -0.218409, 0.038358], [0.080977, -0.315257, 0.034616], [-0.080923, -0.314669, 0.037254], [-0.003174, -0.103638, 0.004175], [0.079347, -0.707942, 0.110852], [-0.094366, -0.722643, 0.044607], [0.001965, 0.023979, 0.032989], [0.022618, -1.126153, 0.033812], [-0.07235, -1.130666, -0.088753], [0.004368, 0.073494, 0.068365], [0.084275, -1.161433, 0.153891], [-0.098345, -1.194302, 0.034393], [0.000621, 0.293975, 0.037069], [0.08801, 0.201624, 0.039037], [-0.084047, 0.199213, 0.042995], [0.011877, 0.353702, 0.084777], [0.18556, 0.190618, 0.012347], [-0.186748, 0.186937, 0.068393], [0.1995, -0.064247, -0.085295], [-0.262584, -0.070512, 0.064852], [0.276733, -0.280721, 0.044049], [-0.299859, -0.284982, 0.221331], [0.330184, -0.341252, 0.083166], [-0.306832, -0.351106, 0.280188]], "im2d": [[0.007231, -0.128541], [0.083847, -0.014361], [-0.07276, -0.031294], [0.028423, -0.257959], [0.024609, 0.423476], [-0.106097, 0.415345], [0.022655, -0.394525], [-0.004272, 0.86864], [-0.028155, 0.851866], [0.007518, -0.445098], [-0.012554, 0.925394], [-0.123276, 0.931051], [0.029988, -0.690278], [0.108954, -0.579903], [-0.058235, -0.594456], [0.016973, -0.749934], [0.216674, -0.560484], [-0.171119, -0.589003], [0.273419, -0.289204], [-0.25222, -0.314842], [0.267688, -0.031294], [-0.382532, -0.068171], [0.294997, 0.044368], [-0.424207, 0.009383]], "theta": [1.105481, 0.007417, 0.102133, 3.14102, 0.108729, -0.832476, -0.219995, 0.003705, -0.088146, -0.054722, 0.005434, 0.063134, 0.259825, 0.022175, -0.009115, 0.280968, 0.051556, -0.004105, 0.250914, 0.055584, -0.029031, -0.192313, 0.025655, 0.02001, -0.287407, 0.240727, 0.034664, -0.135298, -0.072563, 0.109895, 0.008184, 0.011914, -0.017773, -0.001414, 0.001436, 0.000686, 0.00132, 0.002068, -0.005492, -0.094306, 0.057476, -0.04788, -0.014368, 0.084295, -0.491169, -0.031352, 0.30967, 0.460233, -0.076, 0.028287, -0.077017, 0.287389, 0.012133, -0.962898, 0.226544, 0.072384, 0.797771, -0.157039, -0.742588, 0.196911, -0.06896, 0.50606, -0.139998, 0.042919, -0.182039, 0.492368, -0.2212, 0.22785, -0.125482, 0.109471, 0.043367, -0.411681, 0.110414, -0.03897, 0.416883, 0.736282, -0.68083, -0.00972, -2.347499, 0.343475, 0.069962, 1.275624, -2.011022, 0.078191, 0.891057]}