{"hc3d": [[-0.000876, -0.218409, 0.038358], [0.080977, -0.315257, 0.034616], [-0.080923, -0.314669, 0.037254], [-0.003174, -0.103638, 0.004175], [0.089612, -0.694286, 0.162205], [-0.086647, -0.7156, -0.039556], [0.001808, 0.023631, 0.034515], [0.008443, -1.115527, 0.157639], [-0.136525, -1.071808, -0.274886], [0.006088, 0.073028, 0.069879], [0.082452, -1.107113, 0.27561], [-0.122594, -1.13212, -0.148164], [0.006723, 0.294388, 0.045295], [0.092101, 0.200177, 0.043266], [-0.0799, 0.201318, 0.049539], [0.014114, 0.357049, 0.089895], [0.189391, 0.187986, 0.016147], [-0.182436, 0.194013, 0.077401], [0.182035, -0.056417, -0.105909], [-0.260127, -0.062623, 0.065342], [0.272998, -0.252235, 0.045539], [-0.240327, -0.233665, 0.270829], [0.327731, -0.309398, 0.087822], [-0.235459, -0.279771, 0.346564]], "im2d": [[0.00737, -0.128633], [0.084066, -0.014356], [-0.072673, -0.031298], [0.028565, -0.258174], [0.006988, 0.415001], [-0.052003, 0.400515], [0.021763, -0.394336], [-0.085259, 0.868495], [0.015275, 0.763143], [0.008403, -0.444624], [-0.078797, 0.878436], [-0.043465, 0.843217], [0.031408, -0.689885], [0.110649, -0.577972], [-0.057757, -0.596197], [0.016484, -0.753501], [0.218405, -0.557314], [-0.171735, -0.595925], [0.268667, -0.301881], [-0.249925, -0.323441], [0.264794, -0.062801], [-0.350789, -0.113509], [0.291756, 0.009682], [-0.389614, -0.054967]], "theta": [1.106474, 0.007536, 0.102154, 3.14119, 0.108588, -0.832708, -0.354224, 0.023241, -0.066191, 0.156971, 0.080746, 0.091719, 0.2732, 0.067762, -0.003278, 0.248219, 0.057794, -0.079874, 0.332477, 0.213457, -0.13847, -0.203331, -0.006787, -0.012458, -0.477868, 0.27725, 0.115519, -0.413676, 0.023999, 0.009813, 0.037247, 0.008276, -0.011996, -0.001928, 0.001737, 0.001667, 0.001406, 0.002111, -0.005591, -0.18801, -0.075499, -0.054006, 0.018776, 0.075571, -0.493535, -0.081063, 0.327704, 0.427722, -0.039893, -0.095724, -0.006943, 0.311725, 0.046707, -1.015225, 0.260975, 0.040651, 0.858645, -0.240175, -0.959521, 0.316959, -0.044251, 0.854287, -0.160068, -0.118002, -0.172187, 0.467553, -0.300872, 0.233565, -0.221712, 0.10928, 0.042946, -0.411575, 0.109715, -0.038053, 0.416517, 0.736282, -0.68083, -0.00972, -2.347499, 0.343475, 0.069962, 1.275624, -2.011022, 0.078191, 0.891057]}