{"hc3d": [[-0.000876, -0.218409, 0.038358], [0.080977, -0.315257, 0.034616], [-0.080923, -0.314669, 0.037254], [-0.003174, -0.103638, 0.004175], [0.062337, -0.705956, 0.118421], [-0.079039, -0.722456, 0.017653], [0.002845, 0.024281, 0.031437], [-0.012023, -1.125631, 0.069461], [-0.136161, -0.984094, -0.318555], [0.006744, 0.07254, 0.06838], [0.051277, -1.146201, 0.192079], [-0.137846, -1.095422, -0.23199], [0.005079, 0.29352, 0.040622], [0.091401, 0.200155, 0.03973], [-0.080587, 0.199651, 0.046418], [0.011387, 0.356928, 0.084324], [0.189591, 0.186099, 0.017135], [-0.181751, 0.189272, 0.078064], [0.191764, -0.070613, -0.076562], [-0.224781, -0.075665, 0.078441], [0.251701, -0.301902, 0.035101], [-0.217675, -0.300205, 0.224741], [0.288391, -0.375012, 0.071976], [-0.212269, -0.367576, 0.282335]], "im2d": [[0.007375, -0.128637], [0.084075, -0.014356], [-0.07267, -0.031299], [0.028571, -0.258183], [0.00444, 0.420727], [-0.076435, 0.414461], [0.024482, -0.39526], [-0.0568, 0.868847], [0.043166, 0.662655], [0.009841, -0.444186], [-0.06433, 0.909959], [-0.010519, 0.793169], [0.032369, -0.689585], [0.111929, -0.578389], [-0.056766, -0.594766], [0.01693, -0.754222], [0.21799, -0.555145], [-0.171635, -0.590609], [0.261307, -0.282432], [-0.223747, -0.304236], [0.248127, -0.011505], [-0.306388, -0.04271], [0.260115, 0.076105], [-0.335576, 0.037441]], "theta": [1.106515, 0.00754, 0.102155, 3.141194, 0.108585, -0.832715, -0.239543, 0.023812, -0.132946, 0.014453, 0.07321, 0.103779, 0.249336, 0.065867, -0.012223, 0.233706, -0.005812, -0.011327, 0.794338, 0.131138, -0.131255, -0.147986, -0.00179, 0.007332, -0.352385, 0.283541, 0.065089, -0.265456, 0.029846, 0.043205, -0.009529, 0.009418, -0.01359, -0.003228, 0.002565, 0.00313, 0.001915, 0.003256, -0.007955, -0.188334, -0.084908, -0.051771, 0.025892, 0.027036, -0.512388, -0.074477, 0.362092, 0.449505, -0.00167, -0.12234, 0.001897, 0.251116, -0.028584, -0.984773, 0.234242, 0.111881, 0.93562, -0.110064, -0.634939, 0.201202, 0.000456, 0.470114, -0.114866, -0.116903, -0.182769, 0.354781, -0.338355, 0.241393, -0.171514, 0.108305, 0.042214, -0.410223, 0.10878, -0.036178, 0.415867, 0.736282, -0.68083, -0.00972, -2.347499, 0.343475, 0.069962, 1.275624, -2.011022, 0.078191, 0.891057]}