{"hc3d": [[-0.000876, -0.218409, 0.038358], [0.080977, -0.315257, 0.034616], [-0.080923, -0.314669, 0.037254], [-0.003174, -0.103638, 0.004175], [0.068915, -0.708514, -0.037635], [-0.103328, -0.66973, 0.237521], [0.001171, 0.024548, 0.03048], [-0.019783, -1.101976, -0.183832], [-0.114764, -1.09831, 0.20684], [0.00363, 0.073214, 0.067013], [0.051008, -1.136067, -0.068543], [-0.123534, -1.13746, 0.342045], [0.013996, 0.295294, 0.053653], [0.096074, 0.198236, 0.057165], [-0.075309, 0.205331, 0.04293], [0.016866, 0.352674, 0.105319], [0.19679, 0.187323, 0.047856], [-0.180297, 0.195456, 0.057868], [0.222583, -0.083954, 0.027155], [-0.202003, -0.055741, -0.034176], [0.253118, -0.294049, 0.183627], [-0.219283, -0.317684, 0.02023], [0.295492, -0.353809, 0.235436], [-0.206938, -0.405439, 0.025869]], "im2d": [[0.007376, -0.128639], [0.084077, -0.014356], [-0.072669, -0.031299], [0.028572, -0.258186], [0.096471, 0.408857], [-0.218536, 0.375755], [0.023414, -0.395824], [0.076001, 0.817182], [-0.229818, 0.841885], [0.007633, -0.445383], [0.079147, 0.873177], [-0.314156, 0.897254], [0.03383, -0.689345], [0.106749, -0.574095], [-0.049556, -0.600809], [0.01047, -0.746936], [0.208053, -0.552735], [-0.158887, -0.59924], [0.233305, -0.254438], [-0.139165, -0.334854], [0.168124, -0.005363], [-0.196164, -0.043815], [0.177888, 0.069648], [-0.190941, 0.054303]], "theta": [1.106527, 0.007542, 0.102155, 3.141195, 0.108584, -0.832716, 0.152547, 0.04997, -0.10892, -0.539142, 0.146991, 0.007044, 0.238258, -0.037942, -0.008202, 0.0815, -0.039029, -0.067026, 0.494563, -0.017072, -0.027656, -0.150407, 0.005519, -0.024858, -0.468615, 0.325285, 0.132346, -0.050346, 0.05646, 0.041287, 0.068096, -0.021196, -0.012866, -0.001644, 0.001573, 0.001286, 0.001238, 0.001881, -0.004791, -0.127743, -0.058013, -0.033555, 0.044944, 0.020297, -0.448319, 0.045932, 0.316501, 0.469569, 0.004299, -0.130973, 0.022894, 0.161505, -0.384064, -0.908123, 0.332714, 0.069222, 1.096455, -0.186765, -0.54, 0.146885, -0.029058, 0.383837, -0.184445, 0.282778, -0.106732, 0.505368, -0.200969, 0.078781, 0.115756, 0.109909, 0.043161, -0.412214, 0.11044, -0.038622, 0.416299, 0.736282, -0.68083, -0.00972, -2.347499, 0.343475, 0.069962, 1.275624, -2.011022, 0.078191, 0.891057]}