{"hc3d": [[-0.000885, -0.218399, 0.038443], [0.080947, -0.315129, 0.034675], [-0.080912, -0.314537, 0.037354], [-0.003181, -0.103821, 0.004345], [0.113985, -0.701645, -0.056021], [-0.096004, -0.675403, 0.224285], [-0.00034, 0.025775, 0.02228], [0.090376, -0.961892, -0.394078], [-0.069152, -1.102558, 0.232501], [-0.003904, 0.070833, 0.063053], [0.161579, -1.062577, -0.329667], [-0.091356, -1.155082, 0.361031], [-0.017722, 0.292701, 0.054569], [0.074246, 0.20515, 0.055193], [-0.096791, 0.193991, 0.042902], [-0.013034, 0.353026, 0.102204], [0.175523, 0.204659, 0.046924], [-0.199171, 0.17114, 0.06035], [0.29542, -0.039955, 0.043248], [-0.25214, -0.091113, 0.066193], [0.257688, -0.234769, 0.215798], [-0.26835, -0.332277, 0.180215], [0.263155, -0.288844, 0.286934], [-0.288713, -0.401558, 0.231549]], "im2d": [[0.015429, -0.101998], [0.017416, 0.02132], [0.000589, -0.016439], [0.063565, -0.22357], [0.08308, 0.452745], [-0.240265, 0.355353], [0.056443, -0.364106], [0.427455, 0.753702], [-0.287596, 0.821741], [0.015655, -0.416616], [0.353295, 0.873709], [-0.435619, 0.863636], [0.04488, -0.658514], [0.04379, -0.543121], [0.041491, -0.569162], [-0.001279, -0.726133], [0.061545, -0.518866], [0.011344, -0.569176], [0.052645, -0.227312], [-0.024574, -0.298738], [-0.158577, -0.038761], [-0.174092, -0.050845], [-0.241351, 0.015456], [-0.238796, 0.015383]], "theta": [1.105391, 0.014843, 0.126125, 2.370099, 0.322629, -2.172346, 0.193749, 0.10125, 0.013302, -0.508343, 0.10458, 0.037158, 0.173569, -0.083472, 0.001993, 0.600118, -0.075382, 0.010189, 0.360331, 0.086192, 0.043224, 0.008049, -0.000127, 0.040981, -0.280647, 0.333736, 0.031897, 0.119515, -0.185101, 0.079977, 0.004299, 0.058372, 0.010324, -0.004414, 0.002302, 0.005966, 0.002406, 0.004314, -0.010472, -0.213402, 0.052941, -0.072229, 0.05772, -0.00209, -0.451817, 0.02724, 0.338213, 0.480131, -0.07677, 0.103671, 0.020633, 0.187908, -0.412675, -0.630041, 0.265201, 0.302213, 0.725033, 0.272002, -0.810408, -0.102791, 0.026336, 0.307432, -0.074746, 0.423326, -0.098027, 0.388196, 0.146202, 0.125274, -0.366461, 0.108754, 0.042651, -0.408123, 0.109256, -0.036016, 0.419568, 0.692416, -0.710919, -0.011155, -2.306926, 0.343452, 0.100868, 1.240266, -2.042574, 0.106786, 0.881656]}