{"hc3d": [[-0.000997, -0.21809, 0.037249], [0.079868, -0.314607, 0.033075], [-0.080064, -0.313971, 0.035644], [-0.003328, -0.103586, 0.003755], [0.093641, -0.700471, -0.078214], [-0.116258, -0.677116, 0.222547], [0.000405, 0.025504, 0.02866], [0.058025, -1.091006, -0.256183], [-0.087676, -1.090231, 0.343345], [-0.001531, 0.071303, 0.068258], [0.125047, -1.151385, -0.149317], [-0.112509, -1.101462, 0.481987], [-0.01136, 0.293144, 0.074017], [0.07879, 0.204062, 0.067542], [-0.092048, 0.196741, 0.056676], [-0.007851, 0.344259, 0.13262], [0.179405, 0.208102, 0.054424], [-0.196047, 0.184125, 0.075121], [0.296754, -0.035425, 0.007879], [-0.259007, -0.074984, 0.038339], [0.292926, -0.246036, 0.168266], [-0.31399, -0.333402, 0.089624], [0.309117, -0.302533, 0.236195], [-0.338689, -0.417997, 0.101005]], "im2d": [[0.021772, -0.102211], [0.021652, 0.020196], [0.014168, -0.012349], [0.06756, -0.22629], [0.117753, 0.454665], [-0.222381, 0.367075], [0.049414, -0.369156], [0.286502, 0.889], [-0.386943, 0.818735], [0.00854, -0.422569], [0.164698, 0.961423], [-0.543263, 0.816786], [0.01823, -0.668794], [0.021499, -0.552568], [0.028106, -0.577615], [-0.043307, -0.728258], [0.039375, -0.536196], [0.003549, -0.585588], [0.076748, -0.242079], [0.023613, -0.310706], [-0.117977, -0.022145], [-0.054349, -0.040964], [-0.197512, 0.038578], [-0.074029, 0.046378]], "theta": [1.119125, 0.020451, 0.126759, 2.305785, 0.273922, -2.233242, 0.249844, 0.091462, -0.037184, -0.502722, 0.082424, -0.009365, 0.221467, -0.055725, -0.003521, 0.059019, -0.1091, -0.00617, 0.091033, 0.084805, 0.051839, -0.050128, 0.002032, 0.036646, -0.271137, 0.324932, 0.090163, 0.055235, -0.198078, 0.127475, 0.068777, 0.034179, 0.00137, -0.002737, 0.002091, 0.002475, 0.002391, 0.003483, -0.008835, -0.083145, -0.002148, -0.061885, 0.063631, 0.053193, -0.406527, 0.025589, 0.324205, 0.393057, 0.038078, -0.022222, 0.028509, 0.188039, -0.349574, -0.692749, 0.178144, 0.177514, 0.838977, 0.217331, -0.803938, -0.044602, -0.075666, 0.204965, -0.049089, 0.391746, -0.154363, 0.416296, 0.029287, 0.026881, -0.148355, 0.109283, 0.042904, -0.410835, 0.109645, -0.036244, 0.416564, 0.762049, -0.528037, -0.073409, -2.293704, 0.288499, 0.078805, 1.214205, -1.975189, 0.073782, 0.904973]}