{"hc3d": [[-0.000997, -0.21809, 0.037249], [0.079868, -0.314607, 0.033075], [-0.080064, -0.313971, 0.035644], [-0.003328, -0.103586, 0.003755], [0.105554, -0.695893, -0.09113], [-0.091665, -0.676467, 0.226901], [0.001044, 0.025937, 0.026186], [0.101101, -1.007646, -0.388198], [-0.06514, -1.102801, 0.286976], [-0.002952, 0.069542, 0.068042], [0.166636, -1.108191, -0.316408], [-0.087715, -1.145334, 0.419812], [-0.010379, 0.291402, 0.076167], [0.0789, 0.20128, 0.072755], [-0.09132, 0.196239, 0.053865], [-0.0107, 0.344082, 0.133474], [0.1803, 0.19943, 0.0676], [-0.196741, 0.187217, 0.064828], [0.295271, -0.049124, 0.051944], [-0.260011, -0.066495, 0.000942], [0.309862, -0.254067, 0.21892], [-0.348188, -0.320695, -0.005386], [0.326039, -0.314482, 0.283394], [-0.392764, -0.397419, -0.010113]], "im2d": [[0.021847, -0.102245], [0.021741, 0.02022], [0.014254, -0.012348], [0.06764, -0.226383], [0.133049, 0.453064], [-0.226446, 0.371133], [0.05228, -0.36949], [0.441666, 0.815133], [-0.324244, 0.841242], [0.008638, -0.421069], [0.355978, 0.933857], [-0.476395, 0.874577], [0.01573, -0.667106], [0.01549, -0.55006], [0.031249, -0.576974], [-0.04439, -0.728981], [0.024068, -0.527582], [0.015264, -0.588684], [0.026554, -0.230364], [0.066033, -0.317857], [-0.174632, -0.013339], [0.051758, -0.055318], [-0.250625, 0.05196], [0.050072, 0.020553]], "theta": [1.119619, 0.02051, 0.126769, 2.305866, 0.273855, -2.233353, 0.281159, 0.106683, -0.002934, -0.514827, 0.100482, 0.04837, 0.201039, -0.090698, -0.010299, 0.359028, -0.118854, 0.051829, 0.249402, 0.138917, 0.024248, 0.024519, -0.005608, 0.050216, -0.173014, 0.323397, -0.010367, 0.139158, -0.259894, 0.135564, 0.026649, 0.028954, -0.013702, -0.002376, 0.001859, 0.001838, 0.002379, 0.003394, -0.008186, -0.123398, -0.040368, -0.060356, 0.065263, 0.008781, -0.442452, 0.005064, 0.298688, 0.376227, 0.032468, 0.017212, 0.078072, 0.098096, -0.392676, -0.635468, 0.168124, 0.083965, 0.884554, 0.182172, -0.67758, 0.000743, -0.124719, 0.072774, -0.074779, 0.366444, -0.156301, 0.301655, -0.035871, 0.029855, -0.293063, 0.109499, 0.04342, -0.410758, 0.109703, -0.037022, 0.416716, 0.762049, -0.528037, -0.073409, -2.293704, 0.288499, 0.078805, 1.214205, -1.975189, 0.073782, 0.904973]}