{"hc3d": [[-0.000997, -0.21809, 0.037249], [0.079868, -0.314607, 0.033075], [-0.080064, -0.313971, 0.035644], [-0.003328, -0.103586, 0.003755], [0.132022, -0.710825, -0.008845], [-0.102511, -0.691836, 0.193223], [-0.000527, 0.026172, 0.025053], [0.128367, -0.953085, -0.364873], [-0.082049, -1.121763, 0.164631], [-0.003137, 0.070052, 0.06673], [0.200463, -1.059308, -0.309404], [-0.107266, -1.179798, 0.290965], [-0.008028, 0.292132, 0.066799], [0.080175, 0.200931, 0.064112], [-0.090578, 0.197141, 0.050458], [-0.009728, 0.34655, 0.122433], [0.180803, 0.190971, 0.05481], [-0.19374, 0.177877, 0.067824], [0.272218, -0.067209, 0.039686], [-0.243473, -0.085768, 0.04608], [0.308116, -0.297149, 0.165918], [-0.311773, -0.344775, 0.072227], [0.330203, -0.372462, 0.209606], [-0.344612, -0.42692, 0.080573]], "im2d": [[0.021861, -0.102251], [0.021756, 0.020224], [0.014269, -0.012348], [0.067655, -0.226401], [0.040848, 0.469214], [-0.19028, 0.388197], [0.053528, -0.370012], [0.420502, 0.759007], [-0.189487, 0.867084], [0.010143, -0.42161], [0.352811, 0.886392], [-0.335609, 0.917392], [0.026317, -0.666862], [0.025159, -0.548881], [0.035148, -0.577634], [-0.031852, -0.730814], [0.037748, -0.517353], [0.01132, -0.578064], [0.038247, -0.214226], [0.014692, -0.296455], [-0.118668, 0.03729], [-0.035624, -0.026862], [-0.172379, 0.121558], [-0.051968, 0.056422]], "theta": [1.11971, 0.02052, 0.12677, 2.305879, 0.273846, -2.233369, 0.073152, 0.057283, 0.049123, -0.425078, 0.073742, 0.029971, 0.193497, -0.066354, 0.003679, 0.779896, -0.052475, 0.016333, 0.366261, 0.122895, 0.042003, 0.024733, -0.001557, 0.030685, -0.236401, 0.317473, 0.011758, 0.066462, -0.214207, 0.096932, -0.004596, 0.027125, -0.019814, -0.002302, 0.001892, 0.001692, 0.001992, 0.003086, -0.00744, -0.115015, -0.080118, -0.032144, 0.066626, 0.004125, -0.510682, 0.00988, 0.349344, 0.481349, 0.071196, -0.030225, 0.082187, 0.09842, -0.383769, -0.651214, 0.165696, 0.188474, 0.808814, 0.153867, -0.446698, -0.023754, -0.065051, 0.028054, -0.056246, 0.329188, -0.11925, 0.217358, -0.006152, 0.060191, -0.224395, 0.109164, 0.043671, -0.410234, 0.109633, -0.038047, 0.416402, 0.762049, -0.528037, -0.073409, -2.293704, 0.288499, 0.078805, 1.214205, -1.975189, 0.073782, 0.904973]}