{"hc3d": [[-0.000997, -0.21809, 0.037249], [0.079868, -0.314607, 0.033075], [-0.080064, -0.313971, 0.035644], [-0.003328, -0.103586, 0.003755], [0.15119, -0.706524, 0.085807], [-0.107997, -0.715829, 0.112109], [-0.000898, 0.025691, 0.02784], [0.104015, -0.946075, -0.268944], [-0.077149, -1.140566, 0.043408], [-0.001937, 0.070135, 0.068985], [0.189449, -1.039991, -0.210304], [-0.099846, -1.193914, 0.172262], [-0.008543, 0.292078, 0.062607], [0.080231, 0.201438, 0.059772], [-0.090838, 0.196082, 0.051787], [-0.011617, 0.344665, 0.119918], [0.179922, 0.190722, 0.04369], [-0.192848, 0.177411, 0.075463], [0.249104, -0.068384, -0.013931], [-0.237438, -0.087713, 0.062198], [0.301974, -0.317177, 0.059571], [-0.29786, -0.349235, 0.081907], [0.328704, -0.400955, 0.077881], [-0.324693, -0.433827, 0.086372]], "im2d": [[0.021865, -0.102254], [0.021761, 0.020225], [0.014274, -0.012348], [0.06766, -0.226407], [-0.063987, 0.461906], [-0.101611, 0.418992], [0.050373, -0.369755], [0.313186, 0.740013], [-0.055332, 0.896952], [0.007667, -0.421627], [0.243248, 0.856294], [-0.203852, 0.942435], [0.030982, -0.666642], [0.030047, -0.54915], [0.03358, -0.576628], [-0.029238, -0.728965], [0.050127, -0.516518], [0.002781, -0.577908], [0.097376, -0.213899], [-0.003274, -0.294217], [-0.001543, 0.065287], [-0.046355, -0.019853], [-0.027399, 0.161504], [-0.05837, 0.067578]], "theta": [1.119744, 0.020524, 0.126771, 2.305882, 0.273843, -2.233375, -0.164974, 0.047817, 0.09119, -0.22003, 0.041261, 0.025954, 0.215959, -0.032625, 0.008369, 1.035587, 0.080084, -0.047199, 0.251828, 0.165431, 0.064549, -0.011419, 0.000105, 0.021618, -0.35429, 0.310316, 0.080897, -0.071896, -0.210107, 0.096018, -0.020642, 0.025839, -0.00963, -0.002633, 0.002118, 0.002066, 0.002115, 0.003743, -0.008524, -0.05265, -0.117895, -0.01972, 0.06046, 0.038566, -0.53047, 0.010094, 0.371273, 0.470645, 0.099887, -0.095754, 0.080132, 0.119361, -0.232544, -0.752463, 0.17747, 0.190454, 0.83461, 0.077204, -0.359388, -0.01869, -0.059428, -0.022292, -0.024068, 0.219344, -0.07369, 0.189579, 0.044234, 0.056358, -0.168853, 0.108963, 0.042992, -0.410496, 0.109257, -0.038285, 0.416109, 0.762049, -0.528037, -0.073409, -2.293704, 0.288499, 0.078805, 1.214205, -1.975189, 0.073782, 0.904973]}