{"hc3d": [[-0.000997, -0.21809, 0.037249], [0.079868, -0.314607, 0.033075], [-0.080064, -0.313971, 0.035644], [-0.003328, -0.103586, 0.003755], [0.139173, -0.677786, 0.194474], [-0.151258, -0.704271, -0.067869], [-0.003267, 0.025811, 0.027311], [0.143198, -1.107918, 0.173748], [-0.123359, -1.106005, -0.222479], [-0.003915, 0.072379, 0.066045], [0.212842, -1.132626, 0.29248], [-0.163442, -1.163746, -0.099908], [-0.013681, 0.294293, 0.064618], [0.076163, 0.204985, 0.057094], [-0.094986, 0.197401, 0.054308], [-0.014407, 0.344313, 0.124257], [0.173847, 0.205381, 0.029353], [-0.197382, 0.18981, 0.082102], [0.243578, -0.045739, -0.056196], [-0.265141, -0.066606, 0.128085], [0.325248, -0.294765, -0.018615], [-0.264485, -0.283552, 0.287355], [0.371516, -0.371399, -0.011209], [-0.270374, -0.331712, 0.361797]], "im2d": [[0.021868, -0.102255], [0.021764, 0.020226], [0.014276, -0.012348], [0.067663, -0.226411], [-0.183588, 0.420584], [0.099008, 0.409861], [0.050906, -0.370327], [-0.192072, 0.895929], [0.242857, 0.867742], [0.011061, -0.424296], [-0.324481, 0.928896], [0.100521, 0.915036], [0.02875, -0.670242], [0.033182, -0.553686], [0.030742, -0.57908], [-0.034192, -0.729435], [0.067047, -0.532886], [-0.00385, -0.592904], [0.146098, -0.237053], [-0.076114, -0.32738], [0.088122, 0.050527], [-0.270005, -0.099362], [0.075543, 0.143497], [-0.356881, -0.052578]], "theta": [1.119762, 0.020526, 0.126771, 2.305884, 0.273841, -2.233377, -0.433538, -0.07154, 0.079167, 0.208407, -0.09895, -0.092953, 0.212682, 0.003246, 0.029181, 0.362184, 0.043829, -0.044037, 0.031328, 0.250804, 0.129249, -0.06164, -0.01498, 0.009662, -0.15384, 0.318811, 0.10039, -0.220086, -0.223799, 0.01117, 0.054221, 0.035734, -0.007257, -0.001647, 0.001523, 0.00142, 0.001987, 0.002884, -0.006881, -0.0302, -0.096225, -0.023225, 0.022164, 0.138929, -0.455511, -0.033265, 0.367355, 0.349389, 0.142503, -0.075251, 0.065721, 0.112479, -0.161626, -0.824805, 0.249969, 0.397298, 0.743397, 0.189434, -0.317624, 0.012339, 0.114122, 0.386881, -0.099711, 0.335079, -0.037373, 0.303893, 0.345542, 0.205245, -0.453592, 0.109736, 0.043955, -0.411216, 0.110726, -0.038842, 0.416917, 0.762049, -0.528037, -0.073409, -2.293704, 0.288499, 0.078805, 1.214205, -1.975189, 0.073782, 0.904973]}