{"hc3d": [[-0.000997, -0.21809, 0.037249], [0.079868, -0.314607, 0.033075], [-0.080064, -0.313971, 0.035644], [-0.003328, -0.103586, 0.003755], [0.099052, -0.70027, 0.14426], [-0.137219, -0.708953, -0.058376], [-0.002393, 0.02686, 0.020528], [0.085218, -1.130566, 0.133641], [-0.117941, -0.928545, -0.42916], [-0.002849, 0.072571, 0.060273], [0.15338, -1.161178, 0.251857], [-0.1617, -1.05349, -0.379783], [-0.013545, 0.294352, 0.053785], [0.07663, 0.205257, 0.047846], [-0.094498, 0.19692, 0.04614], [-0.013954, 0.34585, 0.112155], [0.175445, 0.203263, 0.024535], [-0.194595, 0.190308, 0.081525], [0.242498, -0.050422, -0.055406], [-0.247621, -0.068685, 0.132175], [0.321759, -0.298995, -0.010409], [-0.264095, -0.299094, 0.270282], [0.353025, -0.382928, -0.003608], [-0.271894, -0.343084, 0.347093]], "im2d": [[0.021868, -0.102255], [0.021765, 0.020226], [0.014277, -0.012348], [0.067664, -0.226411], [-0.130332, 0.440754], [0.088469, 0.417155], [0.058585, -0.370851], [-0.150638, 0.91206], [0.486968, 0.687565], [0.017554, -0.423906], [-0.28295, 0.951262], [0.421317, 0.812998], [0.040859, -0.66955], [0.043546, -0.55327], [0.039845, -0.577904], [-0.020548, -0.73022], [0.072319, -0.529915], [-0.003087, -0.592861], [0.144839, -0.23217], [-0.080325, -0.321896], [0.078543, 0.053936], [-0.252072, -0.081035], [0.065663, 0.152001], [-0.34134, -0.039377]], "theta": [1.119765, 0.020526, 0.126771, 2.305884, 0.273841, -2.233377, -0.305031, -0.02442, -0.034449, 0.18115, -0.135067, -0.061349, 0.160795, 0.019859, 0.023155, 0.208944, -0.042557, 0.018723, 0.734674, 0.235976, 0.050568, 0.01187, -0.033155, 0.012763, -0.108365, 0.364081, 0.101025, -0.140527, -0.214534, 0.04439, 0.009439, 0.043673, -0.000593, -0.001632, 0.001348, 0.001499, 0.001965, 0.00296, -0.00693, -0.0335, -0.143924, -0.065517, 0.04524, 0.087511, -0.468689, -0.082356, 0.444464, 0.338743, 0.205837, -0.092473, 0.04987, 0.083644, -0.14505, -0.826821, 0.266632, 0.347793, 0.817657, 0.1844, -0.322751, 0.020738, 0.180675, 0.216413, -0.10152, 0.255155, -0.077408, 0.135733, 0.350646, 0.252058, -0.587303, 0.109715, 0.044389, -0.410966, 0.110459, -0.03923, 0.417177, 0.762049, -0.528037, -0.073409, -2.293704, 0.288499, 0.078805, 1.214205, -1.975189, 0.073782, 0.904973]}