{"hc3d": [[-0.00088, -0.218614, 0.038664], [0.081056, -0.315418, 0.03505], [-0.081021, -0.31483, 0.037718], [-0.003172, -0.103883, 0.004309], [0.079567, -0.713908, 0.031238], [-0.170342, -0.667437, 0.2199], [-0.000434, 0.025751, 0.02199], [0.02256, -1.130081, -0.048175], [-0.099945, -1.017614, -0.016502], [0.000551, 0.073021, 0.060433], [0.0569, -1.173361, 0.079613], [-0.173334, -1.115642, 0.05284], [0.002535, 0.295585, 0.054758], [0.087982, 0.20159, 0.05061], [-0.084063, 0.202947, 0.045433], [0.006429, 0.345946, 0.112897], [0.188451, 0.187373, 0.043402], [-0.188251, 0.194363, 0.065623], [0.271086, -0.068427, -0.00092], [-0.26157, -0.062694, 0.052173], [0.259613, -0.319723, 0.075939], [-0.346857, -0.312571, 0.093913], [0.278216, -0.395707, 0.119616], [-0.370008, -0.397185, 0.106826]], "im2d": [[0.010624, -0.107366], [-0.046719, 0.013576], [0.06074, -0.014444], [0.049219, -0.227705], [-0.063177, 0.453182], [-0.061736, 0.324987], [0.0382, -0.373439], [0.025328, 0.917318], [0.08565, 0.767101], [0.005299, -0.432612], [-0.115604, 0.946623], [0.067626, 0.849893], [0.020756, -0.676478], [-0.038335, -0.557948], [0.083002, -0.586991], [-0.031739, -0.742287], [-0.100659, -0.524267], [0.134928, -0.598608], [-0.13006, -0.220324], [0.183273, -0.324953], [-0.204873, 0.040217], [0.190269, -0.071595], [-0.260907, 0.118804], [0.189859, 0.015378]], "theta": [1.130218, 0.01028, 0.123618, 1.428637, 0.345889, -2.840245, -0.015104, -0.088128, -0.088231, -0.523372, -0.08966, -0.110282, 0.174147, 0.001537, 0.007157, 0.066587, -0.102561, -0.050368, 1.024864, -0.112331, 0.089932, -0.047434, -0.004778, 0.004998, -0.225325, 0.286206, 0.017489, -0.082604, -0.249592, 0.116204, 0.066877, 0.006559, -0.029619, -0.003512, 0.002404, 0.003414, 0.002563, 0.004539, -0.010609, -0.040189, -0.053633, -0.040405, 0.042265, -0.071291, -0.500211, -0.029871, 0.320028, 0.41845, 0.127934, -0.025346, 0.003798, 0.229629, -0.254977, -0.693544, 0.113716, 0.13213, 0.824114, 0.231221, -0.4501, -0.16871, -0.301524, 0.081925, -0.037706, 0.174231, -0.162097, 0.476316, -0.301607, 0.102609, -0.074744, 0.108926, 0.041748, -0.41076, 0.10863, -0.035313, 0.416579, 0.703155, -0.733953, 0.001556, -2.312058, 0.32205, 0.081842, 1.255672, -2.038977, 0.083968, 0.884642]}