{"hc3d": [[-0.00088, -0.218614, 0.038664], [0.081056, -0.315418, 0.03505], [-0.081021, -0.31483, 0.037718], [-0.003172, -0.103883, 0.004309], [0.084834, -0.71305, 0.008875], [-0.168196, -0.664856, 0.225822], [0.000903, 0.025888, 0.020679], [0.022944, -1.118495, -0.111708], [-0.130139, -1.074773, 0.107564], [0.001885, 0.073239, 0.059021], [0.058064, -1.165902, 0.014392], [-0.205054, -1.142235, 0.205748], [0.006475, 0.295832, 0.060621], [0.090951, 0.20101, 0.05549], [-0.080889, 0.204577, 0.046207], [0.00694, 0.34814, 0.117147], [0.191662, 0.187515, 0.050677], [-0.186415, 0.202064, 0.06016], [0.285217, -0.066101, 0.016722], [-0.274877, -0.04769, 0.02232], [0.267463, -0.303278, 0.129064], [-0.397984, -0.284589, 0.03566], [0.283309, -0.365842, 0.191209], [-0.438291, -0.363557, 0.036982]], "im2d": [[0.010725, -0.107411], [-0.046624, 0.013617], [0.060892, -0.014448], [0.049315, -0.227829], [-0.046309, 0.457625], [-0.068249, 0.321601], [0.038541, -0.373328], [0.083426, 0.917128], [-0.008617, 0.802193], [0.005704, -0.432599], [-0.056803, 0.951479], [-0.05006, 0.845645], [0.012775, -0.677581], [-0.044821, -0.558031], [0.080269, -0.58875], [-0.035881, -0.745829], [-0.109464, -0.525521], [0.139082, -0.606131], [-0.15547, -0.223939], [0.220206, -0.3383], [-0.25733, 0.013475], [0.279249, -0.100038], [-0.327495, 0.073386], [0.301259, -0.019906]], "theta": [1.130885, 0.010364, 0.123635, 1.428773, 0.345774, -2.840431, 0.041151, -0.076587, -0.077039, -0.538445, -0.082827, -0.105824, 0.164087, 0.002094, -0.003071, 0.107408, -0.111376, -0.081761, 0.715146, -0.051593, 0.087583, -0.039644, -0.011718, 0.011122, -0.285752, 0.279373, 0.05211, -0.083278, -0.292328, 0.12869, 0.101524, -0.012105, -0.033212, -0.001436, 0.00112, 0.000975, 0.001774, 0.002715, -0.006765, -0.104047, -0.07416, -0.008788, 0.033174, -0.072401, -0.482305, -0.033818, 0.277737, 0.374247, 0.108021, 0.013842, 0.006414, 0.225945, -0.296329, -0.648445, 0.072533, 0.060676, 0.832234, 0.201968, -0.574352, -0.126656, -0.483441, 0.075269, -0.097379, 0.217726, -0.222553, 0.552261, -0.405426, 0.073013, -0.147135, 0.11095, 0.042908, -0.414278, 0.11007, -0.037268, 0.417385, 0.703155, -0.733953, 0.001556, -2.312058, 0.32205, 0.081842, 1.255672, -2.038977, 0.083968, 0.884642]}