{"hc3d": [[-0.000849, -0.218493, 0.038755], [0.08123, -0.315251, 0.035169], [-0.081122, -0.314671, 0.037836], [-0.003136, -0.103875, 0.004414], [0.14083, -0.66831, 0.208935], [-0.133657, -0.711455, -0.031847], [-0.000372, 0.022078, 0.038875], [0.09048, -1.086846, 0.141455], [-0.123643, -1.113326, -0.178047], [-0.000844, 0.070007, 0.076497], [0.172538, -1.106885, 0.251966], [-0.139014, -1.164513, -0.047992], [-0.011041, 0.292004, 0.061259], [0.079499, 0.202713, 0.061484], [-0.092429, 0.194381, 0.055702], [-0.00257, 0.344856, 0.116542], [0.171469, 0.203619, 0.017889], [-0.196537, 0.189086, 0.077538], [0.209664, -0.04324, -0.090418], [-0.290546, -0.061193, 0.068329], [0.370695, -0.249994, -0.109734], [-0.236347, -0.245777, 0.253561], [0.438191, -0.299277, -0.1419], [-0.220935, -0.285438, 0.331313]], "im2d": [[0.01861, -0.106116], [0.046348, 0.021013], [-0.01642, -0.018889], [0.06216, -0.234302], [-0.141237, 0.429594], [0.012553, 0.407436], [0.0346, -0.372816], [-0.115259, 0.880605], [0.146275, 0.85341], [-0.002711, -0.425532], [-0.204702, 0.924331], [-0.00215, 0.908388], [0.024565, -0.674443], [0.051838, -0.553491], [-0.006004, -0.585952], [-0.028043, -0.730192], [0.132573, -0.532879], [-0.068195, -0.604956], [0.246371, -0.251447], [-0.109628, -0.350263], [0.312828, 0.016557], [-0.300329, -0.129676], [0.368953, 0.087078], [-0.38058, -0.080805]], "theta": [1.135306, 0.01724, 0.125024, 2.663942, 0.274842, -1.887483, -0.488039, 0.03347, 0.062715, 0.13404, -0.015946, -0.036146, 0.306173, -0.001271, 0.006456, 0.533374, 0.052308, -0.122971, 0.086103, 0.223824, 0.056634, -0.198518, -0.007813, 0.029196, -0.3461, 0.349953, 0.144756, -0.257792, -0.110616, 0.075339, 0.0443, 0.019167, 0.002625, -0.002053, 0.001677, 0.002112, 0.001634, 0.002859, -0.006794, -0.040915, 0.063425, -0.074885, -0.020146, 0.318715, -0.465379, 0.043136, 0.312962, 0.336995, 0.007977, -0.059394, 0.065899, 0.039118, 0.019565, -0.871176, 0.392935, 0.267879, 0.779631, -0.443922, -0.380897, 0.233457, 0.080087, 0.846451, -0.194554, 0.137553, -0.066858, 0.526277, 0.090535, 0.275463, -0.378107, 0.109357, 0.043325, -0.411159, 0.110875, -0.039292, 0.417294, 0.691236, -0.758837, -0.013774, -2.311536, 0.363975, 0.070472, 1.234202, -2.028161, 0.07675, 0.892433]}