{"hc3d": [[-0.000849, -0.218493, 0.038755], [0.08123, -0.315251, 0.035169], [-0.081122, -0.314671, 0.037836], [-0.003136, -0.103875, 0.004414], [0.112694, -0.695217, 0.149333], [-0.117458, -0.701997, -0.079259], [0.003118, 0.021931, 0.038952], [0.052109, -1.112237, 0.217774], [-0.140059, -0.988466, -0.396118], [0.001889, 0.066781, 0.080183], [0.148101, -1.106588, 0.318279], [-0.163534, -1.095954, -0.308564], [-0.011012, 0.288876, 0.068957], [0.080666, 0.200754, 0.068497], [-0.09107, 0.190348, 0.060717], [-0.00414, 0.343769, 0.122444], [0.17243, 0.201233, 0.024464], [-0.194485, 0.181513, 0.08461], [0.214684, -0.027797, -0.116563], [-0.307047, -0.05862, 0.11965], [0.403639, -0.196806, -0.185721], [-0.206629, -0.155348, 0.347421], [0.470207, -0.243663, -0.223036], [-0.178986, -0.154574, 0.43163]], "im2d": [[0.018693, -0.106155], [0.046457, 0.021038], [-0.016339, -0.01889], [0.062248, -0.234407], [-0.08945, 0.451991], [0.070144, 0.400342], [0.035854, -0.371973], [-0.212796, 0.90108], [0.382535, 0.707995], [-0.005834, -0.421419], [-0.284708, 0.919568], [0.272888, 0.822893], [0.01613, -0.671155], [0.044659, -0.551174], [-0.011131, -0.58134], [-0.035042, -0.729601], [0.125797, -0.530138], [-0.075533, -0.596227], [0.277443, -0.267879], [-0.170569, -0.356508], [0.410206, -0.035609], [-0.384058, -0.22144], [0.471702, 0.031949], [-0.464072, -0.214343]], "theta": [1.135857, 0.017306, 0.125035, 2.664031, 0.274768, -1.887604, -0.334171, 0.178033, -0.027059, 0.250016, -0.063958, -0.004715, 0.307526, 0.015199, -0.018669, 0.069151, -0.04266, -0.090331, 0.466527, 0.256808, -0.040792, -0.121956, -0.049519, 0.055237, -0.312321, 0.423472, 0.151384, -0.234206, -0.147353, 0.116448, -0.01439, 0.038979, 0.018915, -0.004538, 0.003128, 0.00493, 0.00178, 0.00486, -0.009695, -0.098216, 0.030377, -0.096879, -0.013076, 0.330922, -0.494818, -0.003292, 0.356218, 0.351768, 0.042567, -0.097888, 0.04497, 0.018784, 0.140006, -0.786229, 0.361506, 0.302465, 0.60662, -0.613133, -0.414408, 0.329953, 0.082142, 1.138653, -0.271487, 0.027267, -0.123215, 0.340209, 0.083051, 0.30002, -0.460447, 0.107098, 0.042641, -0.407486, 0.109065, -0.038248, 0.416448, 0.691236, -0.758837, -0.013774, -2.311536, 0.363975, 0.070472, 1.234202, -2.028161, 0.07675, 0.892433]}