{"hc3d": [[-0.000849, -0.218493, 0.038755], [0.08123, -0.315251, 0.035169], [-0.081122, -0.314671, 0.037836], [-0.003136, -0.103875, 0.004414], [0.105798, -0.702451, 0.12388], [-0.123497, -0.71055, -0.043015], [0.002021, 0.022702, 0.036211], [0.043908, -1.122538, 0.168131], [-0.137637, -0.946447, -0.399565], [0.000382, 0.067953, 0.076985], [0.138174, -1.124769, 0.270389], [-0.169319, -1.067996, -0.336378], [-0.0111, 0.289977, 0.063108], [0.080073, 0.201349, 0.064895], [-0.091597, 0.191807, 0.054864], [-0.004631, 0.344883, 0.116632], [0.173363, 0.20049, 0.024201], [-0.195353, 0.184927, 0.077901], [0.214444, -0.036021, -0.104264], [-0.296811, -0.061172, 0.104433], [0.381871, -0.227425, -0.170476], [-0.215486, -0.186212, 0.325953], [0.441172, -0.284117, -0.206371], [-0.194136, -0.19199, 0.411783]], "im2d": [[0.018698, -0.106157], [0.046464, 0.021039], [-0.016335, -0.01889], [0.062254, -0.234414], [-0.065183, 0.457982], [0.0285, 0.408926], [0.038443, -0.373145], [-0.163281, 0.909808], [0.389927, 0.661921], [-0.002883, -0.423145], [-0.238234, 0.936651], [0.302438, 0.790073], [0.022442, -0.672505], [0.048344, -0.552047], [-0.004953, -0.583191], [-0.028918, -0.731063], [0.126379, -0.529107], [-0.068436, -0.600344], [0.263636, -0.258635], [-0.150644, -0.351436], [0.383811, -0.006678], [-0.366364, -0.189663], [0.440451, 0.070058], [-0.450877, -0.176794]], "theta": [1.135891, 0.017309, 0.125035, 2.664035, 0.274765, -1.88761, -0.266574, 0.183838, -0.039055, 0.155957, -0.076701, -0.018338, 0.285002, -0.005453, -0.012467, 0.057905, -0.065191, -0.079958, 0.70908, 0.213142, -0.025027, -0.109085, -0.045295, 0.04618, -0.298778, 0.426483, 0.143705, -0.185453, -0.151284, 0.128535, -0.015918, 0.039856, 0.017547, -0.003656, 0.002569, 0.00392, 0.00172, 0.004241, -0.008692, -0.089089, 0.02035, -0.104982, -9.5e-05, 0.309545, -0.497127, -0.010616, 0.360756, 0.341195, 0.063483, -0.082589, 0.037986, 0.018238, 0.097511, -0.817477, 0.377464, 0.302372, 0.685708, -0.533765, -0.306769, 0.288271, 0.120179, 1.004572, -0.275799, 0.002437, -0.100074, 0.314639, 0.121561, 0.30403, -0.504414, 0.10791, 0.042876, -0.40893, 0.109572, -0.03845, 0.41668, 0.691236, -0.758837, -0.013774, -2.311536, 0.363975, 0.070472, 1.234202, -2.028161, 0.07675, 0.892433]}