{"hc3d": [[-0.000849, -0.218493, 0.038755], [0.08123, -0.315251, 0.035169], [-0.081122, -0.314671, 0.037836], [-0.003136, -0.103875, 0.004414], [0.099504, -0.708406, 0.094264], [-0.133109, -0.717417, 0.025744], [0.00028, 0.022906, 0.035626], [0.03423, -1.129548, 0.119557], [-0.137106, -0.906847, -0.35776], [-0.001289, 0.068965, 0.075488], [0.127333, -1.134712, 0.222769], [-0.171719, -1.035307, -0.312256], [-0.009213, 0.291131, 0.061406], [0.080547, 0.201084, 0.063715], [-0.091198, 0.194231, 0.052818], [-0.003898, 0.344259, 0.116819], [0.17674, 0.200154, 0.030462], [-0.19526, 0.194559, 0.075499], [0.219204, -0.044833, -0.080474], [-0.30065, -0.051231, 0.069038], [0.35931, -0.265108, -0.110482], [-0.254161, -0.216465, 0.273626], [0.413213, -0.332537, -0.134293], [-0.242801, -0.241163, 0.357988]], "im2d": [[0.018701, -0.106159], [0.046467, 0.02104], [-0.016332, -0.01889], [0.062257, -0.234418], [-0.036147, 0.462631], [-0.049218, 0.415256], [0.038443, -0.373809], [-0.11524, 0.914532], [0.347935, 0.618744], [-0.001827, -0.424702], [-0.191842, 0.944362], [0.277865, 0.753592], [0.025041, -0.673366], [0.049769, -0.551666], [-0.00245, -0.585826], [-0.02889, -0.730203], [0.120896, -0.527831], [-0.06519, -0.611058], [0.239313, -0.247351], [-0.113458, -0.363933], [0.308673, 0.030572], [-0.326557, -0.166248], [0.349654, 0.118098], [-0.41444, -0.134824]], "theta": [1.135912, 0.017312, 0.125036, 2.664037, 0.274763, -1.887614, -0.189337, 0.185036, -0.047841, -0.015031, -0.06543, -0.035096, 0.279728, -0.02832, -0.00132, 0.026705, -0.058626, -0.075716, 1.005142, 0.161034, 0.002732, -0.123922, -0.032618, 0.027412, -0.310748, 0.401266, 0.151882, -0.175026, -0.127639, 0.125842, 0.002812, 0.040547, 0.009105, -0.00273, 0.001999, 0.002683, 0.001836, 0.003802, -0.00803, -0.057687, -0.018107, -0.107519, 0.004218, 0.239172, -0.468526, -0.023014, 0.358091, 0.289525, 0.061119, -0.074527, 0.056216, 0.025822, 0.04453, -0.869313, 0.370339, 0.194179, 0.803588, -0.344132, -0.270605, 0.193867, 0.162418, 0.91233, -0.257175, -0.016297, -0.08121, 0.316273, 0.132108, 0.28025, -0.468701, 0.108741, 0.043243, -0.410145, 0.109979, -0.038683, 0.416806, 0.691236, -0.758837, -0.013774, -2.311536, 0.363975, 0.070472, 1.234202, -2.028161, 0.07675, 0.892433]}