{"hc3d": [[-0.000849, -0.218493, 0.038755], [0.08123, -0.315251, 0.035169], [-0.081122, -0.314671, 0.037836], [-0.003136, -0.103875, 0.004414], [0.095973, -0.712846, 0.025264], [-0.14735, -0.696597, 0.159487], [-7.2e-05, 0.023594, 0.032725], [0.040369, -1.1314, -0.037841], [-0.113942, -0.994634, -0.145527], [-3.9e-05, 0.069397, 0.072912], [0.117458, -1.15769, 0.074915], [-0.161233, -1.106255, -0.07429], [0.003464, 0.291967, 0.064586], [0.088378, 0.19733, 0.062575], [-0.083685, 0.199735, 0.055459], [0.004782, 0.343852, 0.121397], [0.188026, 0.184165, 0.046556], [-0.186935, 0.199175, 0.081584], [0.264766, -0.075835, 0.021268], [-0.268415, -0.051047, 0.033502], [0.335693, -0.321334, 0.082514], [-0.352937, -0.303009, 0.05979], [0.372237, -0.401406, 0.09901], [-0.382342, -0.386475, 0.064764]], "im2d": [[0.018704, -0.106161], [0.046472, 0.021041], [-0.016329, -0.01889], [0.062261, -0.234423], [0.036236, 0.465678], [-0.196489, 0.390718], [0.041471, -0.374709], [0.055663, 0.915734], [0.123156, 0.724968], [0.001428, -0.424926], [-0.038486, 0.965274], [0.021924, 0.838448], [0.026372, -0.67119], [0.053638, -0.545631], [-0.002141, -0.590087], [-0.030619, -0.727596], [0.106757, -0.507124], [-0.068333, -0.614084], [0.14502, -0.20039], [-0.063437, -0.35687], [0.089318, 0.090142], [-0.139516, -0.097347], [0.079836, 0.188099], [-0.161233, -0.011772]], "theta": [1.135938, 0.017314, 0.125036, 2.66404, 0.274761, -1.887617, -0.009596, 0.099259, -0.042864, -0.352228, -0.058998, -0.061248, 0.25675, -0.035301, 0.001087, 0.044712, -0.031495, -0.047543, 1.031529, 0.050971, 0.074972, -0.0948, -0.002357, 0.006715, -0.296078, 0.31455, 0.137709, -0.135042, -0.183375, 0.148272, 0.02042, 0.029197, -0.031208, -0.002215, 0.001799, 0.001396, 0.002083, 0.003897, -0.008344, -0.054809, -0.076605, -0.020889, 0.033227, 0.030081, -0.505006, -0.029401, 0.377843, 0.341976, 0.076202, -0.129748, 0.094122, 0.00029, -0.275875, -0.694218, 0.255393, 0.038073, 0.941911, 0.031385, -0.192163, -0.054195, 0.062225, 0.123196, -0.07492, 0.23165, -0.094858, 0.257842, 0.095058, 0.079561, -0.094464, 0.108833, 0.043869, -0.409352, 0.10933, -0.039099, 0.416011, 0.691236, -0.758837, -0.013774, -2.311536, 0.363975, 0.070472, 1.234202, -2.028161, 0.07675, 0.892433]}