{"hc3d": [[-0.000849, -0.218493, 0.038755], [0.08123, -0.315251, 0.035169], [-0.081122, -0.314671, 0.037836], [-0.003136, -0.103875, 0.004414], [0.091863, -0.708361, -0.02606], [-0.130449, -0.681833, 0.204604], [0.000544, 0.024062, 0.030448], [0.03775, -1.12041, -0.123774], [-0.122105, -1.071998, 0.029455], [-0.000615, 0.070296, 0.070121], [0.112654, -1.151177, -0.010679], [-0.159967, -1.145352, 0.143279], [0.002279, 0.292989, 0.065845], [0.087602, 0.198701, 0.065508], [-0.084059, 0.200629, 0.051689], [0.00524, 0.342486, 0.12469], [0.188406, 0.189619, 0.054746], [-0.188198, 0.192691, 0.072554], [0.275012, -0.068437, 0.060673], [-0.262436, -0.057501, 0.013779], [0.326649, -0.291235, 0.190079], [-0.340834, -0.312257, 0.030309], [0.360412, -0.359765, 0.2368], [-0.362972, -0.397924, 0.025114]], "im2d": [[0.018705, -0.106161], [0.046473, 0.021041], [-0.016328, -0.01889], [0.062262, -0.234424], [0.090042, 0.458937], [-0.237641, 0.379106], [0.044171, -0.375115], [0.147557, 0.901619], [-0.072582, 0.811471], [0.004266, -0.426107], [0.05194, 0.955603], [-0.213459, 0.885409], [0.024652, -0.672595], [0.050298, -0.547298], [0.001823, -0.591228], [-0.03407, -0.725922], [0.098478, -0.512963], [-0.059547, -0.607333], [0.107048, -0.205527], [-0.040509, -0.348557], [-0.027356, 0.056165], [-0.104048, -0.084595], [-0.069508, 0.141093], [-0.112324, 0.00503]], "theta": [1.135942, 0.017315, 0.125036, 2.664041, 0.274761, -1.887618, 0.120836, 0.094857, -0.047393, -0.460401, 0.026205, -0.032179, 0.238134, -0.059457, -0.005297, -0.003701, -0.035338, -0.038287, 0.759644, 0.049072, 0.056708, -0.086558, -0.002435, 0.019835, -0.336562, 0.302963, 0.126938, -0.143882, -0.149369, 0.090411, 0.048992, 0.016082, -0.029642, -0.00039, 0.000635, -0.000595, 0.001542, 0.002052, -0.005154, -0.034516, -0.018278, -0.044036, 0.028174, 0.021792, -0.467158, -0.008581, 0.373896, 0.403625, 0.055408, -0.097664, 0.056956, 0.028248, -0.406633, -0.675113, 0.235188, 0.026373, 0.894656, 0.048083, -0.364782, -0.036614, 0.016602, 0.137998, -0.06358, 0.289845, -0.13006, 0.323048, 0.013967, 0.043692, -0.012243, 0.110747, 0.044645, -0.412325, 0.110895, -0.040031, 0.417004, 0.691236, -0.758837, -0.013774, -2.311536, 0.363975, 0.070472, 1.234202, -2.028161, 0.07675, 0.892433]}