{"hc3d": [[-0.000889, -0.219083, 0.038769], [0.08108, -0.315979, 0.035165], [-0.081065, -0.315381, 0.037847], [-0.003183, -0.104201, 0.004314], [0.070135, -0.710729, 0.086233], [-0.175628, -0.68278, 0.18405], [-0.001452, 0.026358, 0.016415], [0.019905, -1.120187, -0.025159], [-0.109439, -0.970046, -0.126424], [0.002144, 0.072023, 0.056755], [0.046689, -1.158342, 0.106049], [-0.183649, -1.076312, -0.071515], [0.003495, 0.294811, 0.058937], [0.088462, 0.20129, 0.044744], [-0.083531, 0.202187, 0.053171], [0.005327, 0.345782, 0.116593], [0.187575, 0.182298, 0.031581], [-0.185191, 0.194939, 0.084219], [0.254848, -0.076187, -0.021862], [-0.24837, -0.057475, 0.146879], [0.226731, -0.322747, 0.065478], [-0.275189, -0.267041, 0.310658], [0.250979, -0.395446, 0.112003], [-0.299711, -0.323204, 0.374834]], "im2d": [[-0.001103, -0.08552], [-0.08481, 0.028236], [0.076077, 0.015511], [0.023361, -0.205381], [-0.114954, 0.453166], [0.081046, 0.383907], [0.020116, -0.352259], [-0.021677, 0.926348], [0.166035, 0.772782], [-0.002825, -0.411148], [-0.118245, 0.94237], [0.207788, 0.873315], [0.002863, -0.657946], [-0.078203, -0.545444], [0.089557, -0.560426], [-0.02714, -0.726533], [-0.171227, -0.514598], [0.174847, -0.566255], [-0.22019, -0.212483], [0.196158, -0.304946], [-0.246609, 0.039554], [0.12997, -0.110092], [-0.297784, 0.111729], [0.11901, -0.063441]], "theta": [1.12884, -8.9e-05, 0.143324, 0.751721, 0.315884, -3.050141, -0.152531, -0.148397, -0.102853, -0.425657, -0.085905, -0.127568, 0.132022, 0.042489, 0.016017, 0.273074, -0.123988, -0.073695, 1.157047, -0.107653, 0.060594, 0.037049, -0.001675, -0.022161, -0.332576, 0.313263, 0.035424, -0.126524, -0.185936, 0.036669, 0.06077, 0.040322, -0.017686, -0.00505, 0.00425, 0.003487, -0.000837, 0.004394, -0.00586, -0.082752, -0.187947, -0.036655, 0.030482, -0.108919, -0.544949, -0.063727, 0.350032, 0.390993, 0.074344, -0.030943, 0.036103, 0.232248, -0.25206, -0.694702, 0.129757, 0.411087, 0.728182, 0.166805, -0.513667, -0.184877, -0.346401, 0.317469, -0.062462, 0.187868, -0.132417, 0.579278, -0.194288, 0.214716, -0.367747, 0.105583, 0.042797, -0.407249, 0.107129, -0.041676, 0.414523, 0.707419, -0.747685, 0.012909, -2.292392, 0.323825, 0.105734, 1.242854, -2.064639, 0.103474, 0.853918]}