{"hc3d": [[-0.000889, -0.219083, 0.038769], [0.08108, -0.315979, 0.035165], [-0.081065, -0.315381, 0.037847], [-0.003183, -0.104201, 0.004314], [0.070878, -0.713962, 0.027388], [-0.161136, -0.665848, 0.227744], [0.002672, 0.025192, 0.024763], [0.026624, -1.116522, -0.108902], [-0.122029, -1.072818, 0.100689], [0.00386, 0.070452, 0.065698], [0.045391, -1.16523, 0.020188], [-0.200241, -1.1419, 0.195161], [0.005824, 0.292945, 0.077284], [0.091354, 0.199484, 0.066475], [-0.080727, 0.201262, 0.06028], [0.006365, 0.346785, 0.132298], [0.19207, 0.184891, 0.067239], [-0.184866, 0.191989, 0.080786], [0.261337, -0.072349, 0.010439], [-0.249545, -0.067716, 0.081428], [0.207978, -0.262224, 0.184538], [-0.320652, -0.302126, 0.188464], [0.226636, -0.310562, 0.257703], [-0.357285, -0.373587, 0.226219]], "im2d": [[0.000934, -0.085895], [-0.082992, 0.029614], [0.079533, 0.015861], [0.024996, -0.207305], [-0.080738, 0.475786], [0.049294, 0.361533], [0.012216, -0.355972], [0.023795, 0.951717], [0.064529, 0.846873], [-0.009258, -0.415208], [-0.064966, 0.980276], [0.091505, 0.898089], [-0.010568, -0.666464], [-0.094176, -0.552995], [0.083126, -0.566952], [-0.038574, -0.738338], [-0.19685, -0.529056], [0.177277, -0.568964], [-0.244696, -0.223829], [0.234382, -0.283504], [-0.288669, -0.052432], [0.24247, -0.049418], [-0.347721, -0.01243], [0.257344, 0.019703]], "theta": [1.141466, 0.001707, 0.143833, 0.755419, 0.312579, -3.055232, -0.005021, -0.125953, -0.111276, -0.539118, -0.062192, -0.092308, 0.195626, 0.005134, -0.016356, 0.193607, -0.133854, -0.038227, 0.742519, -0.144243, 0.038353, -0.01656, -0.007192, 0.024483, -0.320475, 0.253052, -0.026815, -0.057297, -0.216028, 0.06405, 0.092475, 0.00091, -0.0241, -0.001875, 0.000677, 0.002885, 0.002482, 0.003394, -0.009512, -0.177768, -0.102038, -0.019696, 0.014212, -0.157879, -0.482941, -0.033512, 0.334811, 0.406274, 0.105432, -0.015003, 0.013766, 0.23411, -0.233568, -0.766004, 0.102666, 0.26998, 0.812434, 0.062913, -0.919432, 0.002536, -0.466064, 0.278841, -0.107736, 0.099175, -0.151166, 0.625223, -0.400828, 0.165055, -0.299367, 0.111057, 0.043625, -0.411494, 0.110435, -0.037014, 0.421187, 0.707419, -0.747685, 0.012909, -2.292392, 0.323825, 0.105734, 1.242854, -2.064639, 0.103474, 0.853918]}