{"hc3d": [[-0.000889, -0.219083, 0.038769], [0.08108, -0.315979, 0.035165], [-0.081065, -0.315381, 0.037847], [-0.003183, -0.104201, 0.004314], [0.066953, -0.708918, -0.027723], [-0.142815, -0.631098, 0.286462], [0.004646, 0.024614, 0.027564], [0.0332, -1.078642, -0.23927], [-0.131646, -1.058925, 0.298126], [0.00431, 0.068952, 0.069511], [0.052806, -1.150504, -0.121625], [-0.200895, -1.107096, 0.410814], [0.004854, 0.290734, 0.090808], [0.091158, 0.198015, 0.079772], [-0.080485, 0.199693, 0.066012], [0.003184, 0.34455, 0.145823], [0.192363, 0.187756, 0.082877], [-0.185921, 0.191053, 0.078659], [0.291465, -0.061043, 0.03314], [-0.261808, -0.061363, 0.032207], [0.196739, -0.170854, 0.252637], [-0.364431, -0.286919, 0.132477], [0.19793, -0.184633, 0.341217], [-0.410735, -0.356209, 0.162956]], "im2d": [[0.001663, -0.086077], [-0.08238, 0.030062], [0.080763, 0.015967], [0.025608, -0.208053], [-0.04584, 0.483786], [0.00214, 0.313195], [0.008983, -0.357098], [0.090363, 0.941342], [-0.027648, 0.792343], [-0.01172, -0.415828], [0.005827, 0.998737], [-0.018695, 0.817123], [-0.017251, -0.669501], [-0.101621, -0.556138], [0.079939, -0.568717], [-0.043281, -0.741751], [-0.206274, -0.537244], [0.179966, -0.570045], [-0.287514, -0.239292], [0.274464, -0.282597], [-0.311287, -0.169883], [0.318814, -0.058513], [-0.360011, -0.173059], [0.347608, 0.009221]], "theta": [1.146176, 0.00234, 0.143984, 0.756598, 0.31155, -3.056852, 0.132615, -0.091628, -0.127335, -0.703271, -0.010971, -0.057659, 0.216542, -0.014615, -0.032842, 0.255709, -0.171717, -0.01731, 0.563717, -0.11067, -0.001551, -0.014629, -0.014416, 0.050632, -0.315427, 0.264331, 0.00189, 0.076667, -0.233746, 0.104293, 0.113611, -0.013432, -0.02386, -0.002962, 0.001879, 0.00305, 0.002651, 0.004188, -0.010299, -0.221114, -0.10431, -0.023705, 0.026733, -0.128626, -0.449554, -0.011025, 0.300748, 0.397028, 0.114709, -0.00711, 0.012826, 0.209755, -0.271121, -0.680077, 0.130853, 0.172539, 0.820154, 0.088227, -1.331708, 0.067721, -0.56719, 0.430581, -0.182158, 0.191645, -0.189425, 0.625554, -0.459514, 0.132059, -0.300499, 0.109473, 0.042884, -0.409988, 0.109494, -0.035671, 0.418347, 0.707419, -0.747685, 0.012909, -2.292392, 0.323825, 0.105734, 1.242854, -2.064639, 0.103474, 0.853918]}