{"hc3d": [[-0.000889, -0.219083, 0.038769], [0.08108, -0.315979, 0.035165], [-0.081065, -0.315381, 0.037847], [-0.003183, -0.104201, 0.004314], [0.113413, -0.706849, 0.103943], [-0.146967, -0.697037, 0.161521], [0.001569, 0.025524, 0.022855], [0.049158, -1.002332, -0.197965], [-0.099621, -1.114704, 0.080222], [0.000863, 0.069403, 0.065278], [0.105226, -1.087265, -0.10293], [-0.169701, -1.167095, 0.190486], [-0.000349, 0.292047, 0.073597], [0.086693, 0.199516, 0.068234], [-0.084912, 0.199053, 0.053916], [-0.004166, 0.34265, 0.131479], [0.187499, 0.187799, 0.075863], [-0.18832, 0.186526, 0.076305], [0.254523, -0.070612, 0.021751], [-0.256963, -0.071548, 0.094079], [0.212463, -0.268813, 0.189553], [-0.324866, -0.306644, 0.20169], [0.220925, -0.326853, 0.257358], [-0.353832, -0.381853, 0.238822]], "im2d": [[0.002057, -0.086205], [-0.082079, 0.03028], [0.081426, 0.01602], [0.02596, -0.208499], [-0.162504, 0.458588], [0.071884, 0.414447], [0.014834, -0.358161], [0.055733, 0.850142], [0.055518, 0.905902], [-0.005865, -0.416619], [-0.054356, 0.930199], [0.066513, 0.935955], [-0.002895, -0.669257], [-0.091132, -0.55691], [0.091036, -0.567135], [-0.028491, -0.73881], [-0.198059, -0.537233], [0.18392, -0.566065], [-0.244527, -0.229333], [0.237096, -0.284648], [-0.296774, -0.04497], [0.242226, -0.048065], [-0.343167, 0.006736], [0.249789, 0.026465]], "theta": [1.148891, 0.00268, 0.14405, 0.757139, 0.311092, -3.057594, -0.19554, -0.082455, 0.00455, -0.358504, -0.071085, -0.058485, 0.180392, -0.009009, -0.008669, 0.860789, 0.118423, -0.154306, 0.445513, -0.067901, 0.086854, 0.031929, -0.035718, 0.025273, -0.454351, 0.238603, 0.017521, -0.118692, -0.224942, 0.061469, 0.044835, -0.000775, -0.012384, -0.000732, 0.000744, -0.000354, 0.00142, 0.001977, -0.005481, -0.105954, -0.15369, -0.04799, -0.000472, -0.174042, -0.462247, -0.015835, 0.400545, 0.41236, 0.132598, -0.053493, 0.015642, 0.221424, -0.205688, -0.823543, 0.042899, 0.26749, 0.746182, 0.05479, -0.846961, 0.044356, -0.360651, 0.22534, -0.059435, 0.035848, -0.166865, 0.45112, -0.447819, 0.133128, -0.222449, 0.110421, 0.045332, -0.411277, 0.110261, -0.038888, 0.418059, 0.707419, -0.747685, 0.012909, -2.292392, 0.323825, 0.105734, 1.242854, -2.064639, 0.103474, 0.853918]}