{"hc3d": [[-0.000889, -0.219083, 0.038769], [0.08108, -0.315979, 0.035165], [-0.081065, -0.315381, 0.037847], [-0.003183, -0.104201, 0.004314], [0.056381, -0.637228, 0.269141], [-0.172693, -0.711462, 0.042691], [-0.005243, 0.023748, 0.032949], [0.09682, -0.985444, 0.02481], [-0.138237, -1.090718, -0.152949], [-0.00246, 0.066663, 0.076263], [0.127281, -1.035455, 0.151143], [-0.206689, -1.151619, -0.046086], [0.000395, 0.287613, 0.104791], [0.084708, 0.195879, 0.079429], [-0.087262, 0.19689, 0.08831], [-0.007962, 0.338666, 0.161793], [0.185555, 0.182741, 0.07561], [-0.180257, 0.198243, 0.140286], [0.241766, -0.055928, -0.043023], [-0.27311, 0.002023, 0.29683], [0.242012, -0.313499, 0.010522], [-0.195258, 0.035663, 0.550343], [0.25738, -0.397334, 0.038331], [-0.187082, 0.066251, 0.633238]], "im2d": [[0.002068, -0.08621], [-0.082073, 0.030285], [0.081444, 0.016022], [0.025971, -0.208513], [-0.190701, 0.340661], [0.161081, 0.453809], [0.016336, -0.358867], [-0.11112, 0.787865], [0.219907, 0.925193], [-0.008418, -0.416152], [-0.210899, 0.819912], [0.230828, 0.965685], [-0.020418, -0.670852], [-0.09519, -0.555379], [0.075024, -0.572207], [-0.040917, -0.741095], [-0.196097, -0.531673], [0.141921, -0.592199], [-0.196591, -0.233203], [0.1474, -0.411748], [-0.232553, 0.04563], [-0.066126, -0.497039], [-0.265348, 0.135416], [-0.117826, -0.54838]], "theta": [1.148975, 0.002689, 0.144051, 0.757149, 0.311084, -3.057607, -0.64589, -0.388575, -0.032248, -0.067944, -0.11208, -0.133174, 0.259059, 0.031668, 0.046956, 1.130262, 0.121815, -0.1243, 0.433736, 0.061476, 0.134501, -0.022769, 0.011637, -0.03413, -0.457838, 0.239379, 0.271989, -0.268108, -0.226084, -0.007637, 0.11378, 0.034088, -0.040764, 0.001784, -0.000884, -0.003233, 0.000532, -0.0002, -0.001564, -0.195186, -0.343036, 0.030998, -0.024791, -0.210247, -0.457264, -0.089058, 0.541496, 0.22721, 0.134879, -0.027136, 0.051922, 0.202, -0.005677, -0.850713, -0.129926, 0.491115, 0.400734, 0.122221, -0.560855, -0.064974, -0.314354, 1.059826, -0.263538, 0.262415, -0.185565, 0.337313, 0.096721, 0.173256, -0.403517, 0.11229, 0.047704, -0.413486, 0.113043, -0.041309, 0.419937, 0.707419, -0.747685, 0.012909, -2.292392, 0.323825, 0.105734, 1.242854, -2.064639, 0.103474, 0.853918]}