{"hc3d": [[-0.000747, -0.218758, 0.03985], [0.082184, -0.315751, 0.036656], [-0.081866, -0.315206, 0.03941], [-0.003006, -0.103983, 0.004903], [0.102067, -0.710948, 0.043232], [-0.174692, -0.678013, 0.191299], [-0.001862, 0.023569, 0.030326], [0.037791, -1.130365, 0.020729], [-0.096605, -0.909935, -0.157186], [-0.001301, 0.071791, 0.068005], [0.122433, -1.147656, 0.129225], [-0.144616, -1.030111, -0.103153], [-0.015178, 0.293616, 0.047134], [0.076332, 0.205176, 0.042978], [-0.095931, 0.195137, 0.05129], [-0.000306, 0.343587, 0.102871], [0.173733, 0.213325, 0.014146], [-0.196625, 0.191585, 0.085973], [0.278192, -0.026869, -0.055863], [-0.2943, -0.056505, 0.084298], [0.313292, -0.22594, 0.11038], [-0.350839, -0.295384, 0.186575], [0.346248, -0.287167, 0.166606], [-0.37253, -0.373725, 0.221677]], "im2d": [[0.014964, -0.11492], [0.001083, 0.007739], [0.018486, -0.023492], [0.062561, -0.238701], [-0.037679, 0.446806], [-0.165632, 0.345409], [0.043465, -0.381584], [-0.035366, 0.899726], [0.195586, 0.648263], [0.004986, -0.438198], [-0.167953, 0.924345], [0.132606, 0.766915], [0.046206, -0.683546], [0.032955, -0.568645], [0.044418, -0.590238], [-0.014031, -0.741125], [0.053519, -0.556911], [0.018087, -0.6082], [0.100841, -0.266044], [0.013931, -0.352422], [-0.103186, -0.055439], [-0.110393, -0.108895], [-0.17437, 0.012962], [-0.15251, -0.029759]], "theta": [1.12256, 0.014077, 0.116386, 2.137966, 0.277515, -2.376792, -0.055678, 0.129884, -0.029811, -0.447518, -0.1023, -0.122341, 0.241076, 0.011682, 0.018717, 0.000753, -0.0176, -0.083425, 1.325589, -0.00509, 0.141426, -0.145815, 0.009233, 0.015723, -0.286398, 0.332671, 0.170508, -0.199954, -0.121536, 0.117865, 0.035257, 0.069701, 0.002807, -0.001653, 0.00108, 0.001514, 0.002359, 0.002766, -0.007888, 0.018274, 0.053227, -0.126429, 0.036881, 0.097816, -0.364864, -0.015155, 0.368352, 0.31412, 0.012037, 0.039282, 0.010567, 0.211957, -0.214351, -0.784978, 0.235354, 0.079833, 0.80792, 0.183289, -0.840717, -0.046449, 0.106875, 0.293096, -0.064639, 0.309067, -0.061942, 0.344261, 0.194204, 0.106295, -0.137255, 0.110035, 0.044457, -0.410525, 0.110432, -0.036681, 0.418311, 0.653947, -0.908935, 0.030565, -2.346018, 0.389631, 0.078497, 1.244455, -2.086525, 0.09969, 0.867248]}