{"hc3d": [[-0.000747, -0.218758, 0.03985], [0.082184, -0.315751, 0.036656], [-0.081866, -0.315206, 0.03941], [-0.003006, -0.103983, 0.004903], [0.137023, -0.695521, 0.133539], [-0.137019, -0.71549, 0.046217], [-0.001471, 0.023757, 0.029345], [0.078129, -1.072946, -0.052554], [-0.085055, -1.121612, -0.070795], [-0.004889, 0.067989, 0.071502], [0.160704, -1.13628, 0.039122], [-0.126634, -1.180431, 0.049532], [-0.015765, 0.29067, 0.060131], [0.07543, 0.201849, 0.062826], [-0.096566, 0.192721, 0.049469], [-0.013447, 0.341822, 0.116725], [0.176887, 0.19812, 0.054041], [-0.198095, 0.174378, 0.076118], [0.268675, -0.054526, 0.018678], [-0.265006, -0.082794, 0.097967], [0.317457, -0.300186, 0.094637], [-0.335027, -0.332616, 0.156332], [0.347852, -0.380197, 0.120534], [-0.358951, -0.416103, 0.173577]], "im2d": [[0.015394, -0.11513], [0.001576, 0.007871], [0.019021, -0.023514], [0.062998, -0.239254], [-0.140924, 0.429125], [-0.010703, 0.408305], [0.044786, -0.382513], [0.046766, 0.852836], [0.083969, 0.877985], [0.001368, -0.435975], [-0.07045, 0.929756], [-0.049396, 0.924154], [0.031556, -0.683229], [0.010725, -0.568273], [0.046443, -0.588946], [-0.028189, -0.744615], [0.007595, -0.544456], [0.028047, -0.590021], [0.017291, -0.244674], [-0.006624, -0.320064], [-0.091378, 0.029065], [-0.081129, -0.062199], [-0.129875, 0.120814], [-0.10344, 0.024089]], "theta": [1.125361, 0.014426, 0.116453, 2.138517, 0.277049, -2.377548, -0.279653, 0.000613, 0.05847, -0.065113, -0.077632, -0.043474, 0.232532, -0.033135, 0.012391, 0.63182, 0.186169, -0.089441, 0.220986, 0.139722, 0.141531, -0.039018, -0.017119, 0.053616, -0.259418, 0.267979, 0.112065, -0.165434, -0.213598, 0.111203, -0.016502, 0.019111, -0.017002, -0.001092, 0.001181, 4.6e-05, 0.001704, 0.002514, -0.006233, -0.049824, -0.030887, -0.097544, 0.002226, -0.005471, -0.466479, 0.000861, 0.432828, 0.43761, 0.090893, -0.063675, 0.008819, 0.128771, -0.228582, -0.756893, 0.156222, 0.222857, 0.71371, 0.20579, -0.317746, -0.082832, -0.002201, 0.004719, -0.000108, 0.280442, -0.088781, 0.259496, 0.064041, 0.098992, -0.104037, 0.109755, 0.044361, -0.411088, 0.110244, -0.038598, 0.416737, 0.653947, -0.908935, 0.030565, -2.346018, 0.389631, 0.078497, 1.244455, -2.086525, 0.09969, 0.867248]}