{"hc3d": [[-0.000747, -0.218758, 0.03985], [0.082184, -0.315751, 0.036656], [-0.081866, -0.315206, 0.03941], [-0.003006, -0.103983, 0.004903], [0.137284, -0.664087, 0.216225], [-0.148501, -0.708125, -0.0276], [-0.002971, 0.023636, 0.030015], [0.138058, -1.067696, 0.083379], [-0.118448, -1.121313, -0.126086], [-0.003956, 0.070579, 0.069267], [0.202481, -1.106773, 0.199814], [-0.124488, -1.150139, 0.011025], [-0.019529, 0.293028, 0.05886], [0.073177, 0.205828, 0.055018], [-0.099146, 0.193666, 0.053882], [-0.012148, 0.342527, 0.116482], [0.171685, 0.212675, 0.029839], [-0.200546, 0.182881, 0.084808], [0.26312, -0.031487, -0.044527], [-0.291284, -0.06762, 0.095203], [0.329773, -0.264268, 0.054813], [-0.355431, -0.309942, 0.184003], [0.367978, -0.338058, 0.087855], [-0.382869, -0.385153, 0.221822]], "im2d": [[0.015394, -0.11513], [0.001576, 0.007871], [0.019021, -0.023514], [0.062998, -0.239254], [-0.23096, 0.386749], [0.07365, 0.404862], [0.044216, -0.382721], [-0.112045, 0.84559], [0.149868, 0.876563], [0.003934, -0.43846], [-0.252869, 0.890011], [-0.004492, 0.894619], [0.033615, -0.686422], [0.02001, -0.572371], [0.041909, -0.590882], [-0.028029, -0.745131], [0.03631, -0.55928], [0.019271, -0.600687], [0.090196, -0.265334], [0.000841, -0.341482], [-0.045867, -0.004678], [-0.107821, -0.093637], [-0.092861, 0.080981], [-0.152054, -0.019062]], "theta": [1.125363, 0.014426, 0.116453, 2.138517, 0.277049, -2.377548, -0.488742, -0.13546, 0.091311, 0.124056, -0.036063, -0.075556, 0.23869, 0.021063, 0.027976, 0.681449, 0.079958, -0.092532, -0.037173, 0.347944, 0.144699, -0.111093, -0.002487, 0.036177, -0.259603, 0.278409, 0.190051, -0.303704, -0.141754, 0.039305, 0.050803, 0.021162, -0.006963, 0.000596, 0.000254, -0.00173, 0.001319, 0.001248, -0.003792, -0.019579, 0.000228, -0.104187, 0.011292, 0.104807, -0.400853, 0.016419, 0.38639, 0.351672, 0.069144, 0.010318, 0.028257, 0.172201, -0.187261, -0.825856, 0.165651, 0.170299, 0.721344, 0.177172, -0.532161, -0.016084, 0.038254, 0.191957, -0.020932, 0.378637, -0.087997, 0.279735, 0.213113, 0.138318, -0.235183, 0.111381, 0.045177, -0.413779, 0.111774, -0.040173, 0.417735, 0.653947, -0.908935, 0.030565, -2.346018, 0.389631, 0.078497, 1.244455, -2.086525, 0.09969, 0.867248]}