{"hc3d": [[-0.000853, -0.218025, 0.038557], [0.081159, -0.314763, 0.034776], [-0.081046, -0.314177, 0.037474], [-0.003147, -0.103529, 0.004511], [0.077446, -0.703481, -0.053629], [-0.142315, -0.641399, 0.271544], [-0.003268, 0.024698, 0.029554], [0.033188, -1.065641, -0.276639], [-0.072248, -1.05046, 0.37781], [0.000418, 0.071508, 0.068223], [0.072702, -1.139496, -0.165547], [-0.133979, -1.082488, 0.500008], [-0.013903, 0.29359, 0.067068], [0.076223, 0.205996, 0.048795], [-0.094068, 0.195097, 0.068345], [-0.002091, 0.346932, 0.121185], [0.174996, 0.205291, 0.025047], [-0.191546, 0.182401, 0.108711], [0.238434, 0.011457, -0.15582], [-0.228297, -0.078642, 0.155835], [0.096505, -0.205578, -0.111471], [-0.167496, -0.291103, 0.306323], [0.075443, -0.2851, -0.076212], [-0.159817, -0.360357, 0.361006]], "im2d": [[0.007491, -0.109274], [-0.034032, 0.00258], [0.037629, -0.014166], [0.050864, -0.227352], [0.023148, 0.429346], [-0.188815, 0.298597], [0.036639, -0.367716], [0.232419, 0.84161], [-0.357088, 0.728502], [0.00091, -0.422503], [0.100007, 0.909672], [-0.450679, 0.740554], [0.026209, -0.661082], [-0.004153, -0.556292], [0.053845, -0.56378], [-0.027804, -0.724104], [-0.026236, -0.542797], [0.058048, -0.565029], [0.10594, -0.305537], [0.008154, -0.295862], [0.110392, -0.093255], [-0.183459, -0.082817], [0.079301, -0.014983], [-0.245857, -0.015298]], "theta": [1.081246, 0.007781, 0.116962, 1.692125, 0.239521, -2.647791, 0.193859, 0.048024, -0.086839, -0.655658, 0.001242, -0.05935, 0.232307, -1.2e-05, 0.028397, 0.231276, -0.236726, -0.032002, 0.301895, -0.196943, 0.141872, -0.096332, 0.07079, -0.02444, -0.305928, 0.314446, 0.084065, 0.081296, -0.222866, 0.125218, 0.074132, 0.085926, 0.024063, -0.001991, 0.00083, 0.00331, 0.002511, 0.002357, -0.007529, -0.103576, -0.011203, -0.068345, 0.08892, -0.031011, -0.451867, 0.027677, 0.361291, 0.374426, 0.013599, 0.091536, -0.007715, 0.545563, 0.070952, -0.866952, 0.017557, 0.372811, 0.784544, 0.622076, -1.105978, -0.305452, 0.103816, 0.471174, 0.041421, 0.248174, -0.06249, 0.502231, 0.291235, 0.035924, -0.220964, 0.111493, 0.04342, -0.41346, 0.110745, -0.03694, 0.419197, 0.693307, -0.710237, -0.015537, -2.352987, 0.343688, 0.109668, 1.214994, -2.074277, 0.108904, 0.903535]}