{"hc3d": [[-0.000853, -0.218025, 0.038557], [0.081159, -0.314763, 0.034776], [-0.081046, -0.314177, 0.037474], [-0.003147, -0.103529, 0.004511], [0.13188, -0.709166, 0.063133], [-0.093652, -0.701844, 0.160652], [-9e-06, 0.025805, 0.022741], [0.087649, -0.970506, -0.272423], [-0.053402, -1.123665, 0.097569], [0.00311, 0.071332, 0.062961], [0.159378, -1.072802, -0.211202], [-0.073182, -1.184044, 0.222997], [-0.013152, 0.292682, 0.046639], [0.077855, 0.204881, 0.034878], [-0.092455, 0.19377, 0.054143], [-0.002951, 0.349037, 0.097957], [0.172625, 0.191013, 0.001015], [-0.188215, 0.171282, 0.094353], [0.220078, -0.039136, -0.137148], [-0.224125, -0.092309, 0.125089], [0.193092, -0.296512, -0.08978], [-0.227821, -0.349463, 0.198175], [0.20215, -0.38357, -0.071084], [-0.237463, -0.433375, 0.224841]], "im2d": [[0.008106, -0.109575], [-0.033405, 0.002801], [0.038517, -0.014175], [0.05146, -0.228171], [-0.115245, 0.42724], [-0.106658, 0.384324], [0.042226, -0.369025], [0.213664, 0.747405], [-0.096183, 0.849173], [0.004913, -0.422853], [0.11272, 0.856182], [-0.214761, 0.895511], [0.045635, -0.659804], [0.008512, -0.555081], [0.067006, -0.562484], [-0.004967, -0.726012], [-0.002913, -0.526404], [0.069828, -0.553084], [0.092794, -0.256624], [0.035652, -0.277851], [0.038697, 0.010634], [-0.054339, -0.011919], [0.009423, 0.102475], [-0.082591, 0.073656]], "theta": [1.085446, 0.008322, 0.117076, 1.693046, 0.238731, -2.649055, -0.108576, 0.08264, 0.043047, -0.339185, 0.0917, 0.053062, 0.180164, 0.028131, 0.004731, 0.899593, -0.038261, -0.061721, 0.354899, 0.083732, 0.064701, -0.012416, 0.042483, 0.014554, -0.259237, 0.326063, 0.075734, -0.009892, -0.191795, 0.129684, -0.026583, 0.084969, 0.012354, -0.00254, 0.001953, 0.002805, 0.001925, 0.002588, -0.006793, -0.08926, 0.00443, -0.040977, 0.082288, 0.05807, -0.595502, 0.05024, 0.373863, 0.483858, -0.001894, 0.038566, 0.020762, 0.362406, -0.003386, -0.751877, 0.112681, 0.280382, 0.749968, 0.349003, -0.646679, -0.169162, 0.026452, 0.102753, 0.069336, 0.1756, -0.095874, 0.327622, 0.136935, 0.069604, -0.19376, 0.10996, 0.041833, -0.413261, 0.110066, -0.03677, 0.416451, 0.693307, -0.710237, -0.015537, -2.352987, 0.343688, 0.109668, 1.214994, -2.074277, 0.108904, 0.903535]}