{"hc3d": [[-0.000841, -0.218385, 0.038755], [0.081271, -0.315205, 0.035076], [-0.081137, -0.314626, 0.037787], [-0.00313, -0.10377, 0.004527], [0.060709, -0.705654, 0.109828], [-0.152361, -0.706642, 0.117832], [-0.003702, 0.026054, 0.019263], [0.050375, -1.113155, -0.017643], [-0.107915, -0.940128, -0.23801], [-0.000713, 0.070224, 0.06114], [0.073187, -1.160804, 0.111015], [-0.169488, -1.053849, -0.182892], [-0.014055, 0.29255, 0.059981], [0.076052, 0.204567, 0.043052], [-0.09478, 0.194365, 0.059888], [-0.004953, 0.341987, 0.118143], [0.176031, 0.19335, 0.028615], [-0.186756, 0.173336, 0.10893], [0.255971, -0.04357, -0.079351], [-0.208184, -0.077243, 0.200385], [0.178572, -0.270419, 0.028526], [-0.181146, -0.304053, 0.33892], [0.169588, -0.346314, 0.075141], [-0.183389, -0.361567, 0.406294]], "im2d": [[0.005224, -0.099489], [-0.071594, 0.010089], [0.075217, 0.00172], [0.03285, -0.219423], [-0.114365, 0.423323], [0.075468, 0.413614], [0.029795, -0.36279], [-0.044357, 0.884338], [0.241327, 0.720269], [0.003453, -0.416668], [-0.145326, 0.918911], [0.259417, 0.833366], [0.025552, -0.658992], [-0.050159, -0.556781], [0.095324, -0.55581], [-0.016049, -0.720638], [-0.133231, -0.537998], [0.148728, -0.544071], [-0.150517, -0.261259], [0.10239, -0.285426], [-0.154691, -0.033301], [-0.015854, -0.057144], [-0.177935, 0.042233], [-0.057108, -0.004255]], "theta": [1.098168, 0.005598, 0.127789, 0.910367, 0.21412, -3.001107, -0.214576, -0.170403, -0.120823, -0.247139, -0.068109, -0.075648, 0.153623, 0.079824, 0.034731, 0.3943, -0.161902, -0.002155, 1.125738, -0.009464, 0.047885, 0.048612, -0.001487, 0.002392, -0.254086, 0.309509, 0.096817, -0.196782, -0.171434, 0.018442, 0.009848, 0.060685, -0.003916, 0.000894, -0.00122, 0.000399, 0.002004, 0.000363, -0.00482, -0.043086, -0.124874, -0.117263, 0.073421, -0.133988, -0.527034, -0.038981, 0.497176, 0.445948, 0.155827, -0.04306, 0.00752, 0.33902, -0.09498, -0.745238, 0.057628, 0.419939, 0.653207, 0.398574, -0.925767, -0.162487, -0.022081, 0.169976, 0.062005, 0.258232, -0.101884, 0.341829, 0.117816, 0.223154, -0.435086, 0.112896, 0.045626, -0.413992, 0.112739, -0.038626, 0.422245, 0.689728, -0.746073, -0.001494, -2.333715, 0.354501, 0.100982, 1.228861, -2.052594, 0.118946, 0.871046]}