{"hc3d": [[-0.000841, -0.218385, 0.038755], [0.081271, -0.315205, 0.035076], [-0.081137, -0.314626, 0.037787], [-0.00313, -0.10377, 0.004527], [0.116128, -0.696932, 0.142453], [-0.145607, -0.715778, 0.028998], [-0.003181, 0.025707, 0.022058], [0.071773, -1.075013, -0.051198], [-0.086213, -1.135477, -0.029651], [-0.004131, 0.067307, 0.06658], [0.130172, -1.142703, 0.055345], [-0.15035, -1.179331, 0.087501], [-0.02275, 0.289214, 0.070944], [0.070596, 0.203797, 0.05921], [-0.10075, 0.189349, 0.060952], [-0.017993, 0.335133, 0.132413], [0.172145, 0.200615, 0.056465], [-0.193935, 0.160674, 0.103393], [0.251189, -0.038895, -0.046322], [-0.220342, -0.079338, 0.218763], [0.228326, -0.292912, 0.017252], [-0.223539, -0.310737, 0.352215], [0.232378, -0.379112, 0.04106], [-0.227207, -0.386379, 0.398227]], "im2d": [[0.006345, -0.099929], [-0.070661, 0.010613], [0.077085, 0.001783], [0.03383, -0.220774], [-0.183196, 0.415332], [0.126299, 0.439412], [0.028133, -0.365103], [-0.038388, 0.854759], [0.091402, 0.91036], [0.003347, -0.417012], [-0.159957, 0.91668], [0.076964, 0.938774], [0.026356, -0.661637], [-0.055611, -0.56191], [0.100369, -0.554569], [-0.013891, -0.720396], [-0.147459, -0.553152], [0.158986, -0.533629], [-0.166454, -0.272434], [0.103373, -0.288244], [-0.19415, -0.00422], [0.01567, -0.053731], [-0.215779, 0.08705], [-0.012049, 0.022464]], "theta": [1.105677, 0.00658, 0.128007, 0.912098, 0.212625, -3.003482, -0.294358, -0.096021, 0.017136, -0.028968, -0.102507, -0.06695, 0.174701, 0.026787, 0.029119, 0.641469, 0.118802, -0.105104, 0.06155, 0.025764, 0.159487, 0.084556, -0.015522, 0.038184, -0.271245, 0.242123, 0.060511, -0.166339, -0.249548, 0.099036, -0.020011, 0.048146, 2.6e-05, -0.001982, 0.001584, 0.001367, 0.002053, 0.003555, -0.008187, -0.012136, -0.082815, -0.113573, 0.031107, -0.157849, -0.46537, -0.007173, 0.525263, 0.478337, 0.184377, -0.038621, -0.048572, 0.342888, -0.106308, -0.871913, -0.07479, 0.470638, 0.515485, 0.258977, -0.619068, -0.078277, -0.03912, 0.016405, 0.110231, 0.196158, -0.100837, 0.24462, 0.012201, 0.119068, -0.154591, 0.109249, 0.043731, -0.410558, 0.109185, -0.036815, 0.416811, 0.689728, -0.746073, -0.001494, -2.333715, 0.354501, 0.100982, 1.228861, -2.052594, 0.118946, 0.871046]}