{"hc3d": [[-0.000841, -0.218385, 0.038755], [0.081271, -0.315205, 0.035076], [-0.081137, -0.314626, 0.037787], [-0.00313, -0.10377, 0.004527], [0.097157, -0.667541, 0.21965], [-0.159214, -0.712286, 0.007343], [-0.004032, 0.02553, 0.023299], [0.096873, -1.043275, 0.016579], [-0.111505, -1.130222, -0.071196], [-0.003226, 0.068853, 0.06615], [0.136493, -1.103346, 0.135598], [-0.180167, -1.168892, 0.045215], [-0.013049, 0.291215, 0.074333], [0.07676, 0.202408, 0.060377], [-0.095002, 0.194673, 0.063379], [-0.011206, 0.337224, 0.135891], [0.178024, 0.19513, 0.055616], [-0.191261, 0.173632, 0.10336], [0.24767, -0.051007, -0.037895], [-0.24808, -0.0602, 0.220439], [0.232133, -0.303602, 0.033123], [-0.278035, -0.273764, 0.378105], [0.239426, -0.387265, 0.064121], [-0.292486, -0.341194, 0.433752]], "im2d": [[0.006345, -0.099929], [-0.070661, 0.010613], [0.077085, 0.001783], [0.03383, -0.220774], [-0.211885, 0.371318], [0.152211, 0.437991], [0.028149, -0.365125], [-0.101756, 0.811624], [0.14031, 0.909254], [0.002838, -0.418601], [-0.213399, 0.862533], [0.130688, 0.931876], [0.015434, -0.663842], [-0.06205, -0.560257], [0.093802, -0.560469], [-0.022183, -0.722853], [-0.152557, -0.546741], [0.157046, -0.547693], [-0.168845, -0.260525], [0.128598, -0.310782], [-0.207782, 0.005433], [0.051367, -0.100516], [-0.236698, 0.093065], [0.027983, -0.035196]], "theta": [1.105679, 0.00658, 0.128007, 0.912098, 0.212625, -3.003482, -0.492183, -0.266958, 0.017807, 0.019312, -0.128271, -0.105269, 0.18442, 0.050507, 0.03702, 0.852533, 0.115814, -0.124175, 0.060131, 0.056545, 0.166949, 0.036481, -0.01485, 0.01261, -0.32885, 0.226203, 0.098227, -0.225412, -0.256222, 0.062048, 0.035717, 0.021491, -0.017732, 0.002238, -0.000989, -0.003836, 0.000746, -0.000157, -0.001583, -0.031202, -0.143508, -0.075272, 0.008369, -0.150816, -0.468858, -0.027921, 0.48722, 0.441528, 0.196552, -0.028832, -0.025855, 0.295307, -0.122829, -0.851821, -0.100757, 0.4491, 0.487495, 0.224143, -0.576338, -0.068833, -0.1728, 0.098605, 0.065609, 0.229661, -0.142494, 0.291943, -0.036043, 0.137768, -0.192129, 0.11237, 0.047222, -0.414187, 0.112226, -0.041209, 0.418962, 0.689728, -0.746073, -0.001494, -2.333715, 0.354501, 0.100982, 1.228861, -2.052594, 0.118946, 0.871046]}