{"hc3d": [[-0.000895, -0.21802, 0.038008], [0.080618, -0.314634, 0.034086], [-0.080591, -0.314033, 0.036735], [-0.003202, -0.103585, 0.004216], [0.121565, -0.704274, 0.112643], [-0.117298, -0.717029, 0.087294], [0.003541, 0.02399, 0.032733], [0.030174, -1.109689, 0.008588], [-0.085947, -1.076173, -0.145587], [0.005063, 0.070187, 0.072091], [0.125429, -1.148105, 0.102741], [-0.123684, -1.168241, -0.045983], [0.007172, 0.291879, 0.054908], [0.092275, 0.197734, 0.055533], [-0.079134, 0.198923, 0.050212], [0.006333, 0.349872, 0.106003], [0.188416, 0.172082, 0.035573], [-0.181329, 0.182604, 0.074203], [0.244947, -0.091873, -0.005636], [-0.228408, -0.080218, 0.049427], [0.301085, -0.341225, 0.058353], [-0.2835, -0.340271, 0.082362], [0.340222, -0.419974, 0.075393], [-0.299723, -0.427426, 0.082629]], "im2d": [[0.021321, -0.10175], [0.035135, 0.021746], [-0.001943, -0.012422], [0.067191, -0.226929], [-0.073921, 0.456318], [-0.097799, 0.421923], [0.047587, -0.367258], [-0.011717, 0.888323], [0.135723, 0.833644], [0.008398, -0.419453], [-0.098037, 0.946532], [0.010856, 0.923191], [0.045612, -0.662571], [0.055392, -0.541238], [0.024952, -0.577842], [-0.00602, -0.728731], [0.095656, -0.492241], [-0.024412, -0.582014], [0.131627, -0.188021], [-0.028393, -0.30118], [0.053122, 0.095727], [-0.097254, -0.027416], [0.036353, 0.189902], [-0.108024, 0.065238]], "theta": [1.121844, 0.0199, 0.127321, 2.489671, 0.269511, -2.041511, -0.235157, 0.098535, 0.01074, -0.162691, -0.014869, 0.006745, 0.25671, 0.010384, -0.022619, 0.400453, 0.195312, -0.104072, 0.616569, 0.060572, 0.053917, -0.103408, -0.019058, 0.020986, -0.337872, 0.284848, 0.148146, -0.154434, -0.173097, 0.134639, -0.013399, 0.012662, -0.015472, -0.004539, 0.003008, 0.004883, 0.002636, 0.004897, -0.011486, -0.116602, -0.059913, 0.03721, 0.03088, 0.047617, -0.636518, -0.01257, 0.361074, 0.500251, 0.047637, -0.204537, 0.059026, 0.069002, -0.203127, -0.651494, 0.326943, 0.166951, 0.886972, 0.015111, -0.260491, -0.036916, -0.012338, 0.050543, -0.067619, 0.243602, -0.074909, 0.347852, 0.11652, 0.049447, -0.008885, 0.10688, 0.042077, -0.406486, 0.108164, -0.036362, 0.416039, 0.709527, -0.642325, -0.033608, -2.315586, 0.323346, 0.087596, 1.213469, -2.001634, 0.087338, 0.880773]}