{"hc3d": [[-0.000895, -0.21802, 0.038008], [0.080618, -0.314634, 0.034086], [-0.080591, -0.314033, 0.036735], [-0.003202, -0.103585, 0.004216], [0.132867, -0.699665, 0.127295], [-0.123414, -0.719587, 0.035499], [-0.001702, 0.024585, 0.030754], [0.085814, -1.100705, -0.015863], [-0.101289, -1.13238, -0.079883], [-0.001753, 0.071566, 0.069203], [0.172339, -1.149087, 0.082049], [-0.126563, -1.194642, 0.043836], [-0.005438, 0.293562, 0.05692], [0.082045, 0.201647, 0.054875], [-0.089372, 0.198544, 0.050759], [-0.005201, 0.348792, 0.110996], [0.179776, 0.192613, 0.029055], [-0.192197, 0.190904, 0.076344], [0.230627, -0.068668, -0.031875], [-0.261688, -0.068019, 0.082332], [0.306312, -0.317329, 0.011277], [-0.287985, -0.30264, 0.208859], [0.35493, -0.391639, 0.023011], [-0.302996, -0.370919, 0.263373]], "im2d": [[0.021606, -0.101858], [0.035498, 0.021845], [-0.001629, -0.01241], [0.067478, -0.227254], [-0.086844, 0.453824], [-0.041893, 0.426275], [0.048873, -0.369447], [0.028527, 0.892368], [0.056671, 0.891038], [0.01032, -0.422851], [-0.064708, 0.959783], [-0.089833, 0.949508], [0.040856, -0.668094], [0.054327, -0.548412], [0.022178, -0.580427], [-0.014169, -0.731171], [0.102785, -0.517103], [-0.02844, -0.594385], [0.159686, -0.215761], [-0.070562, -0.32334], [0.108345, 0.072618], [-0.234196, -0.074997], [0.099806, 0.164245], [-0.302849, -0.004966]], "theta": [1.123602, 0.020124, 0.127367, 2.490047, 0.26919, -2.042027, -0.268294, 0.037573, 0.044036, -0.033214, 0.002281, -0.008952, 0.240124, -0.0268, 0.014509, 0.503876, 0.127717, -0.060577, 0.179187, 0.160876, 0.060794, -0.106547, 0.002128, 0.003843, -0.27373, 0.307262, 0.118073, -0.109932, -0.1734, 0.111828, 0.028473, 0.037673, -0.013033, -0.002282, 0.001714, 0.002234, 0.002239, 0.003126, -0.008012, -0.086912, -0.062953, -0.000676, 0.018838, 0.117315, -0.508854, -0.021776, 0.357892, 0.387459, 0.021375, -0.075483, 0.051916, 0.085834, -0.188753, -0.822886, 0.285772, 0.250468, 0.83121, 0.064389, -0.245544, 0.037304, 0.075206, 0.344295, -0.122454, 0.288068, -0.081263, 0.393436, 0.244678, 0.157247, -0.289143, 0.109061, 0.043236, -0.410333, 0.110402, -0.037535, 0.416867, 0.709527, -0.642325, -0.033608, -2.315586, 0.323346, 0.087596, 1.213469, -2.001634, 0.087338, 0.880773]}