{"hc3d": [[-0.000895, -0.21802, 0.038008], [0.080618, -0.314634, 0.034086], [-0.080591, -0.314033, 0.036735], [-0.003202, -0.103585, 0.004216], [0.140921, -0.681103, 0.181502], [-0.130953, -0.701896, -0.078745], [-0.001924, 0.021053, 0.044185], [0.104367, -1.084585, 0.320812], [-0.128036, -1.056979, -0.319801], [-0.003602, 0.06677, 0.084096], [0.211503, -1.076265, 0.409507], [-0.131671, -1.129931, -0.199442], [-0.016928, 0.288675, 0.078891], [0.074561, 0.200794, 0.075346], [-0.096469, 0.190328, 0.06829], [-0.01415, 0.346121, 0.130534], [0.170564, 0.206749, 0.04298], [-0.197434, 0.182743, 0.100452], [0.222551, -0.039136, -0.063811], [-0.291075, -0.054628, 0.182864], [0.363247, -0.261522, -0.050703], [-0.227516, -0.184777, 0.408184], [0.431991, -0.317562, -0.063238], [-0.210763, -0.201591, 0.4936]], "im2d": [[0.021746, -0.101918], [0.035672, 0.02189], [-0.001481, -0.012406], [0.067626, -0.227423], [-0.143171, 0.433246], [0.08396, 0.410094], [0.033849, -0.366406], [-0.336646, 0.865659], [0.321652, 0.812503], [-0.006804, -0.418842], [-0.410876, 0.875199], [0.18249, 0.887491], [0.013845, -0.666472], [0.030176, -0.550249], [0.000738, -0.573977], [-0.037843, -0.731405], [0.086714, -0.535563], [-0.056761, -0.587887], [0.19571, -0.248924], [-0.186425, -0.348515], [0.193405, 0.025409], [-0.431467, -0.20059], [0.217346, 0.102098], [-0.523318, -0.181959]], "theta": [1.124503, 0.020233, 0.127386, 2.490205, 0.269059, -2.042243, -0.426572, 0.160866, 0.040566, 0.248785, -0.031965, -0.033296, 0.346594, -0.012716, 0.01688, 0.008324, 0.199681, -0.089961, 0.220886, 0.271786, 0.050905, -0.181058, -0.017136, 0.03037, -0.200016, 0.324104, 0.132909, -0.327238, -0.047403, 0.056008, 0.0294, 0.036734, 0.006329, -0.000943, 0.000992, 0.000657, 0.001061, 0.001428, -0.003874, -0.163249, -0.038657, -0.076398, -0.053662, 0.207849, -0.415457, -0.04596, 0.438429, 0.327532, -0.013659, -0.094622, 0.035345, 0.113298, 0.008566, -0.919833, 0.23641, 0.38943, 0.585073, -0.258861, -0.377001, 0.171312, 0.077084, 0.790016, -0.156793, 0.172926, -0.068102, 0.496508, 0.230679, 0.230877, -0.409265, 0.110048, 0.045015, -0.411273, 0.11181, -0.03932, 0.417522, 0.709527, -0.642325, -0.033608, -2.315586, 0.323346, 0.087596, 1.213469, -2.001634, 0.087338, 0.880773]}