{"hc3d": [[-0.000895, -0.21802, 0.038008], [0.080618, -0.314634, 0.034086], [-0.080591, -0.314033, 0.036735], [-0.003202, -0.103585, 0.004216], [0.132018, -0.680665, 0.185896], [-0.121804, -0.698379, -0.093224], [-0.000841, 0.020706, 0.045206], [0.083477, -1.086783, 0.313384], [-0.123195, -1.016198, -0.38165], [-0.002408, 0.065931, 0.085676], [0.193906, -1.085855, 0.398347], [-0.125188, -1.107929, -0.274864], [-0.017268, 0.287728, 0.079985], [0.074809, 0.200465, 0.076378], [-0.096165, 0.188814, 0.069852], [-0.014208, 0.346534, 0.130056], [0.170024, 0.206742, 0.041817], [-0.196485, 0.181057, 0.103934], [0.215223, -0.038229, -0.070044], [-0.283196, -0.054405, 0.198508], [0.363571, -0.255398, -0.085941], [-0.228497, -0.189779, 0.423074], [0.430085, -0.310265, -0.110208], [-0.21512, -0.204353, 0.50949]], "im2d": [[0.021754, -0.101922], [0.035682, 0.021893], [-0.001472, -0.012406], [0.067635, -0.227434], [-0.149863, 0.430761], [0.102151, 0.408712], [0.032933, -0.365855], [-0.333082, 0.864089], [0.394096, 0.770983], [-0.008355, -0.41775], [-0.403097, 0.882629], [0.268725, 0.867602], [0.012494, -0.665572], [0.02907, -0.549901], [-0.001037, -0.572332], [-0.037298, -0.731888], [0.087885, -0.535646], [-0.06053, -0.585995], [0.201103, -0.251212], [-0.201966, -0.347765], [0.232791, 0.020128], [-0.44849, -0.195871], [0.269274, 0.095531], [-0.541986, -0.180453]], "theta": [1.124559, 0.02024, 0.127387, 2.490213, 0.269053, -2.042253, -0.438548, 0.187532, 0.011779, 0.285377, -0.040591, -0.012565, 0.354962, -0.004728, 0.009569, 0.053895, 0.199339, -0.081332, 0.328053, 0.287943, 0.031532, -0.177172, -0.018039, 0.039468, -0.196708, 0.340153, 0.141246, -0.306568, -0.051933, 0.074119, 0.014876, 0.035157, 0.010914, -0.001035, 0.001017, 0.000785, 0.000948, 0.001499, -0.003879, -0.187427, -0.032676, -0.080522, -0.056374, 0.226896, -0.421213, -0.053892, 0.455534, 0.322353, -0.009111, -0.098257, 0.029383, 0.092821, 0.04573, -0.929965, 0.224695, 0.417252, 0.578096, -0.371255, -0.332629, 0.202587, 0.06859, 0.701294, -0.145752, 0.126919, -0.083427, 0.480313, 0.228877, 0.245504, -0.455022, 0.109904, 0.045331, -0.410864, 0.111769, -0.039877, 0.417538, 0.709527, -0.642325, -0.033608, -2.315586, 0.323346, 0.087596, 1.213469, -2.001634, 0.087338, 0.880773]}