{"hc3d": [[-0.000895, -0.21802, 0.038008], [0.080618, -0.314634, 0.034086], [-0.080591, -0.314033, 0.036735], [-0.003202, -0.103585, 0.004216], [0.092115, -0.71003, 0.090628], [-0.124518, -0.717569, 0.075964], [8.4e-05, 0.024411, 0.031421], [0.04553, -1.134499, 0.056025], [-0.118255, -0.924853, -0.299794], [0.000518, 0.070724, 0.070671], [0.123145, -1.167783, 0.16685], [-0.152362, -1.055091, -0.258609], [-0.002183, 0.292549, 0.055402], [0.084853, 0.200196, 0.054149], [-0.086597, 0.19786, 0.050962], [-0.000228, 0.349905, 0.107181], [0.183022, 0.187324, 0.03186], [-0.188198, 0.193125, 0.081633], [0.232619, -0.074601, -0.027316], [-0.247741, -0.068043, 0.069337], [0.304851, -0.326636, -0.00117], [-0.298387, -0.321554, 0.139442], [0.34211, -0.408067, 0.000821], [-0.319803, -0.399114, 0.176658]], "im2d": [[0.021766, -0.101928], [0.035696, 0.021896], [-0.001461, -0.012406], [0.067648, -0.227449], [-0.05576, 0.458744], [-0.086287, 0.422597], [0.048619, -0.369228], [-0.061503, 0.91927], [0.312344, 0.667891], [0.009183, -0.421862], [-0.169725, 0.967741], [0.249311, 0.802998], [0.043168, -0.666821], [0.055673, -0.546661], [0.022531, -0.579616], [-0.008861, -0.731837], [0.100073, -0.511133], [-0.033238, -0.596748], [0.154853, -0.209148], [-0.053248, -0.320178], [0.12126, 0.083206], [-0.161512, -0.053513], [0.12048, 0.180818], [-0.213261, 0.026208]], "theta": [1.12464, 0.020248, 0.127388, 2.490223, 0.269045, -2.042266, -0.173563, 0.073561, -0.059117, -0.137522, -0.040958, -0.010491, 0.245766, -0.005457, 0.002569, 0.139026, 0.008208, -0.006758, 1.084313, 0.111894, 0.016167, -0.094958, -0.008835, 0.013165, -0.187823, 0.327005, 0.091143, -0.103218, -0.132782, 0.127853, -0.002321, 0.032649, -0.015042, -0.002534, 0.002004, 0.002222, 0.002117, 0.003692, -0.008157, -0.114796, -0.077459, -0.030177, 0.039326, 0.074892, -0.533757, -0.053147, 0.405099, 0.365754, 0.063836, -0.124002, 0.072467, 0.043594, -0.1604, -0.796413, 0.297637, 0.153851, 0.945209, 0.02961, -0.178579, 0.011686, 0.115958, 0.147099, -0.096738, 0.183477, -0.079202, 0.271525, 0.190244, 0.171782, -0.279016, 0.108684, 0.043331, -0.409501, 0.109712, -0.038243, 0.416156, 0.709527, -0.642325, -0.033608, -2.315586, 0.323346, 0.087596, 1.213469, -2.001634, 0.087338, 0.880773]}