{"hc3d": [[-0.000895, -0.21802, 0.038008], [0.080618, -0.314634, 0.034086], [-0.080591, -0.314033, 0.036735], [-0.003202, -0.103585, 0.004216], [0.095229, -0.712635, 0.001699], [-0.13136, -0.697435, 0.166098], [1.7e-05, 0.023507, 0.035382], [0.050474, -1.126001, -0.101579], [-0.120144, -1.09143, -0.003734], [-0.001577, 0.068677, 0.075912], [0.121437, -1.165182, 0.01175], [-0.155327, -1.166741, 0.109897], [-0.005445, 0.290926, 0.069831], [0.082335, 0.199277, 0.068787], [-0.088755, 0.195961, 0.057489], [-0.002763, 0.347415, 0.122524], [0.182793, 0.191345, 0.056753], [-0.190771, 0.180699, 0.082899], [0.261272, -0.068897, 0.030649], [-0.244377, -0.080879, 0.058227], [0.321844, -0.311344, 0.114155], [-0.308196, -0.339972, 0.081588], [0.358568, -0.388192, 0.141886], [-0.328095, -0.426361, 0.081938]], "im2d": [[0.021767, -0.101928], [0.035697, 0.021896], [-0.00146, -0.012406], [0.067649, -0.22745], [0.042645, 0.465832], [-0.18541, 0.395329], [0.04417, -0.368403], [0.113822, 0.917227], [-0.027473, 0.839635], [0.002801, -0.420248], [0.000955, 0.970727], [-0.166138, 0.910951], [0.026452, -0.666288], [0.038942, -0.546759], [0.014732, -0.578233], [-0.026498, -0.730232], [0.072928, -0.51662], [-0.036174, -0.583613], [0.097559, -0.211809], [-0.041321, -0.304857], [-0.000927, 0.065233], [-0.101347, -0.032895], [-0.029806, 0.156643], [-0.112875, 0.05837]], "theta": [1.124646, 0.020249, 0.127388, 2.490223, 0.269045, -2.042267, 0.048846, 0.085123, -0.042388, -0.359514, 0.016817, -0.031512, 0.27558, -0.050311, -0.001589, 0.079109, -0.037159, -0.020597, 0.644103, 0.067547, 0.061606, -0.095691, 0.00276, 0.03302, -0.281863, 0.292509, 0.09479, -0.124199, -0.153469, 0.113081, 0.011057, 0.021835, -0.018377, -0.002037, 0.001757, 0.001234, 0.001992, 0.003261, -0.00763, -0.141285, -0.017638, -0.042789, 0.033141, 0.02047, -0.485587, 0.001935, 0.407553, 0.442488, 0.040183, -0.114465, 0.047453, 0.073131, -0.304974, -0.741268, 0.20727, 0.142888, 0.860288, 0.061397, -0.283461, -0.029467, 0.015759, 0.028015, -0.040338, 0.249194, -0.098108, 0.303493, 0.0512, 0.062801, -0.050555, 0.109096, 0.043897, -0.409888, 0.109664, -0.038637, 0.416104, 0.709527, -0.642325, -0.033608, -2.315586, 0.323346, 0.087596, 1.213469, -2.001634, 0.087338, 0.880773]}