{"hc3d": [[-0.000751, -0.219069, 0.040056], [0.082289, -0.316218, 0.036973], [-0.081984, -0.315674, 0.039719], [-0.003011, -0.104027, 0.004858], [0.07751, -0.698511, 0.143008], [-0.106135, -0.719773, 0.056439], [0.003172, 0.023762, 0.029087], [-0.018214, -1.113143, 0.118984], [-0.123224, -0.833403, -0.354975], [0.009022, 0.071036, 0.067661], [0.062315, -1.122736, 0.231901], [-0.152841, -0.968814, -0.331435], [0.00584, 0.292638, 0.037337], [0.092395, 0.198998, 0.032687], [-0.079887, 0.19883, 0.049898], [0.013957, 0.347349, 0.090144], [0.18721, 0.178926, 0.000585], [-0.180655, 0.192798, 0.084667], [0.25486, -0.075165, -0.068046], [-0.264743, -0.060055, 0.064106], [0.300392, -0.293614, 0.070005], [-0.234954, -0.287153, 0.200507], [0.344003, -0.35765, 0.11507], [-0.226759, -0.351511, 0.261052]], "im2d": [[0.010423, -0.104302], [0.077545, 0.021313], [-0.065208, -0.012324], [0.042885, -0.238645], [-0.03251, 0.463807], [-0.12508, 0.438964], [0.038035, -0.377763], [-0.123257, 0.907012], [0.167004, 0.50894], [0.016681, -0.424602], [-0.141136, 0.949034], [0.11481, 0.658153], [0.0516, -0.678207], [0.123159, -0.556027], [-0.037546, -0.588584], [0.021806, -0.731066], [0.227564, -0.518437], [-0.150793, -0.597707], [0.321295, -0.228267], [-0.223642, -0.333434], [0.240595, 0.044597], [-0.31713, -0.05427], [0.239349, 0.131342], [-0.360551, 0.027678]], "theta": [1.149281, 0.00982, 0.128315, 3.092657, 0.208838, -1.168126, -0.304188, 0.090162, -0.10505, -0.082803, -0.029919, 0.034793, 0.235815, 0.121059, -0.012172, 0.250526, 0.024477, -0.0715, 1.263557, 0.074147, -0.094482, -0.114605, -0.026461, -0.005601, -0.409621, 0.321529, 0.127019, -0.174894, -0.025538, 0.106628, -0.033254, 0.038699, -0.007219, -0.00744, 0.005825, 0.006562, -0.00018, 0.005847, -0.00873, -0.022755, -0.142607, -0.079888, 0.046486, 0.057714, -0.57695, -0.066811, 0.330889, 0.409044, -0.075543, -0.182557, 0.084763, 0.123843, -0.11689, -0.648616, 0.406923, 0.048645, 0.89758, 0.003744, -0.676051, -0.126276, -0.010949, 0.634823, -0.060801, -0.048428, -0.179266, 0.495835, -0.221779, 0.267067, -0.284789, 0.103458, 0.040656, -0.405259, 0.105781, -0.038143, 0.41278, 0.693145, -0.912049, 0.0381, -2.372905, 0.364599, 0.061939, 1.242265, -2.082485, 0.094878, 0.879694]}