{"hc3d": [[-0.000751, -0.219069, 0.040056], [0.082289, -0.316218, 0.036973], [-0.081984, -0.315674, 0.039719], [-0.003011, -0.104027, 0.004858], [0.087247, -0.711499, 0.003164], [-0.134146, -0.671001, 0.227284], [0.002545, 0.023444, 0.030852], [0.013904, -1.124614, -0.07178], [-0.12929, -1.078434, 0.099064], [0.007317, 0.071934, 0.068039], [0.085247, -1.151, 0.044587], [-0.16046, -1.151841, 0.214854], [0.01435, 0.294522, 0.047012], [0.097571, 0.197828, 0.044509], [-0.075397, 0.203713, 0.04949], [0.018419, 0.345432, 0.103928], [0.194238, 0.17721, 0.018943], [-0.178228, 0.188739, 0.074007], [0.262724, -0.084479, -0.007097], [-0.239832, -0.066364, 0.02346], [0.302223, -0.293646, 0.146331], [-0.261118, -0.327536, 0.072471], [0.34466, -0.350851, 0.200738], [-0.251114, -0.415626, 0.076338]], "im2d": [[0.013413, -0.105105], [0.082027, 0.022267], [-0.062632, -0.011811], [0.045735, -0.241652], [0.088828, 0.468911], [-0.275084, 0.408933], [0.038021, -0.382073], [0.058581, 0.913912], [-0.195711, 0.856014], [0.016171, -0.431069], [0.028447, 0.97518], [-0.317189, 0.94966], [0.052013, -0.686239], [0.12036, -0.559265], [-0.033261, -0.600903], [0.014363, -0.73534], [0.222882, -0.519479], [-0.142458, -0.601551], [0.286811, -0.21087], [-0.171974, -0.330725], [0.189236, 0.05737], [-0.24426, -0.030558], [0.180326, 0.139014], [-0.243885, 0.07243]], "theta": [1.166618, 0.012248, 0.128975, 3.097533, 0.204504, -1.174837, 0.051081, 0.080861, -0.064077, -0.518698, 0.044677, -0.046129, 0.246711, 0.038825, -0.012988, 0.011367, -0.040638, -0.072857, 0.704763, -0.056655, 0.015449, -0.158554, 0.010718, -0.015704, -0.360388, 0.309372, 0.09137, -0.025965, -0.005233, 0.122078, 0.044248, 0.00952, -0.02398, -0.003014, 0.002164, 0.003206, 0.002351, 0.003477, -0.009088, 0.004502, -0.072464, 0.015644, 0.028121, 0.052834, -0.554622, 0.034805, 0.305143, 0.516075, 0.038453, -0.179075, 0.042944, 0.124615, -0.29796, -0.65221, 0.332343, 0.105052, 0.889596, -0.045166, -0.5868, -0.052692, -0.040378, 0.288316, -0.02649, 0.241133, -0.168067, 0.498055, -0.225373, 0.102248, 0.106746, 0.108534, 0.042854, -0.409038, 0.10951, -0.037025, 0.417095, 0.693145, -0.912049, 0.0381, -2.372905, 0.364599, 0.061939, 1.242265, -2.082485, 0.094878, 0.879694]}