{"hc3d": [[-0.000751, -0.219069, 0.040056], [0.082289, -0.316218, 0.036973], [-0.081984, -0.315674, 0.039719], [-0.003011, -0.104027, 0.004858], [0.130197, -0.696777, 0.138433], [-0.101347, -0.715694, 0.101104], [0.003186, 0.023577, 0.030044], [0.051017, -0.997762, -0.152769], [-0.06692, -1.115479, -0.045362], [0.006062, 0.070908, 0.068883], [0.129901, -1.07717, -0.070314], [-0.100329, -1.195192, 0.065531], [0.007481, 0.292341, 0.037222], [0.093149, 0.197804, 0.039525], [-0.079928, 0.199484, 0.043872], [0.010117, 0.343753, 0.09377], [0.188711, 0.173783, 0.012801], [-0.182006, 0.183303, 0.070664], [0.247604, -0.08673, -0.037338], [-0.252206, -0.072644, 0.03918], [0.298063, -0.315035, 0.081749], [-0.288513, -0.330868, 0.094568], [0.328952, -0.38913, 0.121616], [-0.291088, -0.418579, 0.107802]], "im2d": [[0.013851, -0.105278], [0.082682, 0.022385], [-0.062295, -0.01177], [0.046181, -0.242169], [0.022571, 0.481427], [-0.150834, 0.449874], [0.039547, -0.383022], [0.162742, 0.76717], [-0.030566, 0.892623], [0.014597, -0.430928], [0.162342, 0.885949], [-0.150813, 0.992628], [0.053713, -0.688063], [0.120787, -0.56207], [-0.033026, -0.599111], [0.014994, -0.738146], [0.223295, -0.518723], [-0.143651, -0.597879], [0.298062, -0.216203], [-0.195426, -0.324565], [0.235509, 0.072001], [-0.285572, -0.029222], [0.22688, 0.168706], [-0.303357, 0.072313]], "theta": [1.169401, 0.012595, 0.129042, 3.098083, 0.204039, -1.17559, -0.294414, 0.037465, 0.035949, -0.192589, -0.014329, 0.047544, 0.240299, 0.033051, -0.018488, 0.954834, 0.148758, -0.085804, 0.420766, 0.05619, 0.016031, -0.120229, 0.001582, 0.017574, -0.416993, 0.261504, 0.090874, -0.05694, -0.161265, 0.170301, -0.036876, 0.024995, -0.027928, -0.003065, 0.002575, 0.002298, 0.00212, 0.003941, -0.008664, 0.04508, -0.066309, 0.020439, 0.034917, 0.07347, -0.606571, 0.019652, 0.323936, 0.513172, 0.037706, -0.148935, 0.04042, 0.127006, -0.164297, -0.662134, 0.306518, 0.061578, 0.831407, -0.010229, -0.519389, -0.047414, 0.009863, 0.235906, -0.009783, 0.104672, -0.156045, 0.30267, -0.158447, 0.131819, -0.005333, 0.107922, 0.043063, -0.408309, 0.109162, -0.037661, 0.415573, 0.693145, -0.912049, 0.0381, -2.372905, 0.364599, 0.061939, 1.242265, -2.082485, 0.094878, 0.879694]}