{"hc3d": [[-0.000627, -0.21944, 0.041006], [0.083311, -0.316754, 0.038266], [-0.082745, -0.316255, 0.041075], [-0.002852, -0.104365, 0.005322], [0.137959, -0.701429, 0.100888], [-0.146588, -0.709078, 0.097701], [0.000248, 0.02077, 0.038789], [0.042459, -1.089286, -0.037974], [-0.099494, -1.082001, -0.098308], [-0.000949, 0.065992, 0.080592], [0.137747, -1.125419, 0.055572], [-0.136438, -1.161563, 0.010768], [-0.014617, 0.288523, 0.057848], [0.077853, 0.200341, 0.05966], [-0.095606, 0.189487, 0.058251], [-0.008297, 0.348493, 0.103685], [0.174855, 0.191063, 0.028653], [-0.19742, 0.172741, 0.086075], [0.26941, -0.054986, -0.029952], [-0.269325, -0.080035, 0.12597], [0.356651, -0.297408, 0.009209], [-0.284374, -0.298614, 0.274623], [0.421032, -0.359321, 0.011306], [-0.297173, -0.358393, 0.33862]], "im2d": [[0.011289, -0.084729], [0.035942, 0.040765], [-0.02448, 0.002009], [0.056882, -0.210719], [-0.040216, 0.472911], [-0.135932, 0.415796], [0.031962, -0.346606], [0.044432, 0.874407], [0.059625, 0.833926], [-0.009257, -0.39631], [-0.024196, 0.935557], [-0.07446, 0.912003], [0.026758, -0.642201], [0.050238, -0.524718], [-0.009139, -0.552781], [-0.015017, -0.706276], [0.115907, -0.492213], [-0.075062, -0.557994], [0.192141, -0.20188], [-0.161106, -0.298827], [0.162746, 0.082607], [-0.339889, -0.064119], [0.178172, 0.164966], [-0.41647, -0.001976]], "theta": [1.115059, 0.010751, 0.143454, 2.637435, 0.276868, -1.898271, -0.212992, 0.178896, 0.048563, -0.191758, -0.06421, -0.063346, 0.309052, -0.025805, -0.001197, 0.471733, 0.073538, -0.145246, 0.551857, 0.086791, 0.140638, -0.141576, 0.00757, 0.04399, -0.416924, 0.319486, 0.185057, -0.183239, -0.141118, 0.139862, -0.036566, 0.058277, 0.004408, -0.007907, 0.006238, 0.006558, -0.00024, 0.006724, -0.009707, -0.178761, 0.048779, -0.059915, -0.010437, 0.140923, -0.544704, 0.044215, 0.363832, 0.429389, -0.150517, 0.004815, 0.028522, 0.07943, -0.152786, -0.65576, 0.302977, 0.350053, 0.668353, -0.08388, -0.231226, -0.126071, -0.034557, 0.342326, -0.101209, 0.266352, -0.041476, 0.589149, 0.276611, 0.168465, -0.336592, 0.102495, 0.041292, -0.40276, 0.105482, -0.040424, 0.412512, 0.629095, -1.08011, 0.086866, -2.370229, 0.478023, 0.088982, 1.26779, -2.111638, 0.082397, 0.868677]}