{"hc3d": [[-0.000627, -0.21944, 0.041006], [0.083311, -0.316754, 0.038266], [-0.082745, -0.316255, 0.041075], [-0.002852, -0.104365, 0.005322], [0.139406, -0.698114, 0.117644], [-0.154668, -0.711356, 0.05881], [-1.7e-05, 0.021884, 0.034329], [0.053247, -1.102386, 0.028335], [-0.124342, -1.099508, -0.108901], [-0.00079, 0.068791, 0.074243], [0.147555, -1.119458, 0.128088], [-0.162316, -1.164774, 0.008958], [-0.009436, 0.291498, 0.050772], [0.081099, 0.201365, 0.053843], [-0.092527, 0.194218, 0.050529], [-0.004739, 0.35186, 0.096289], [0.176955, 0.186338, 0.021552], [-0.194954, 0.178525, 0.076668], [0.260746, -0.061035, -0.047011], [-0.276158, -0.067731, 0.13516], [0.347671, -0.305985, -0.028126], [-0.267866, -0.255572, 0.321568], [0.408965, -0.370961, -0.030033], [-0.269868, -0.302115, 0.396819]], "im2d": [[0.012634, -0.084953], [0.037794, 0.041474], [-0.022979, 0.002294], [0.058125, -0.211956], [-0.054589, 0.473622], [-0.095262, 0.419624], [0.037274, -0.349925], [-0.01847, 0.897494], [0.066079, 0.852729], [-0.002143, -0.401551], [-0.093111, 0.938397], [-0.077362, 0.915831], [0.035828, -0.648259], [0.057611, -0.528174], [0.000176, -0.560729], [-0.006687, -0.713382], [0.124302, -0.489429], [-0.064454, -0.567269], [0.208754, -0.198328], [-0.172701, -0.315526], [0.201327, 0.09102], [-0.381843, -0.106866], [0.220037, 0.176656], [-0.466033, -0.056049]], "theta": [1.122897, 0.011878, 0.143784, 2.639797, 0.274746, -1.901526, -0.251491, 0.128086, 0.052964, -0.095669, -0.072321, -0.086708, 0.273537, -0.028165, 0.001114, 0.374906, 0.076014, -0.165941, 0.376627, 0.139342, 0.13308, -0.147377, 0.003227, 0.030518, -0.430857, 0.332314, 0.247017, -0.221272, -0.162338, 0.132619, 0.001316, 0.048627, -0.003082, -0.002893, 0.001538, 0.004086, 0.001379, 0.003583, -0.008114, -0.182825, 0.073464, -0.003836, -0.02784, 0.160005, -0.581319, 0.032933, 0.361194, 0.442104, -0.064532, 0.010244, -0.011205, 0.100571, -0.107313, -0.635937, 0.319965, 0.398048, 0.602844, -0.07064, -0.191626, -0.093225, -0.017272, 0.494146, -0.136607, 0.304012, -0.063345, 0.54066, 0.292822, 0.192346, -0.333733, 0.108901, 0.043491, -0.408555, 0.110339, -0.039975, 0.41964, 0.629095, -1.08011, 0.086866, -2.370229, 0.478023, 0.088982, 1.26779, -2.111638, 0.082397, 0.868677]}