{"hc3d": [[-0.000627, -0.21944, 0.041006], [0.083311, -0.316754, 0.038266], [-0.082745, -0.316255, 0.041075], [-0.002852, -0.104365, 0.005322], [0.125448, -0.705901, -0.002619], [-0.124886, -0.681995, 0.202478], [-0.000405, 0.019963, 0.041722], [0.007891, -1.092098, -0.128588], [-0.135295, -1.081922, 0.062269], [-0.004865, 0.064798, 0.08372], [0.119085, -1.103528, -0.047092], [-0.125594, -1.109061, 0.199243], [-0.02018, 0.287995, 0.070585], [0.073221, 0.201013, 0.076952], [-0.099108, 0.188043, 0.058445], [-0.008155, 0.344699, 0.119344], [0.174631, 0.211785, 0.069414], [-0.198945, 0.164163, 0.088161], [0.282827, -0.034796, 0.049242], [-0.280826, -0.087322, 0.061543], [0.298713, -0.176216, 0.267557], [-0.278959, -0.326682, 0.174699], [0.332451, -0.213873, 0.341219], [-0.279806, -0.410301, 0.203682]], "im2d": [[0.014644, -0.085433], [0.040514, 0.042446], [-0.020829, 0.002629], [0.060082, -0.213987], [0.073066, 0.484153], [-0.234237, 0.39993], [0.03013, -0.351168], [0.141365, 0.884166], [-0.113874, 0.840428], [-0.013652, -0.401686], [0.091869, 0.923774], [-0.259863, 0.873884], [0.010202, -0.653208], [0.030284, -0.534494], [-0.011209, -0.561001], [-0.034269, -0.712953], [0.074767, -0.522519], [-0.079918, -0.557885], [0.117853, -0.223312], [-0.097011, -0.298248], [-0.121316, -0.060904], [-0.234436, -0.031209], [-0.191363, -0.01056], [-0.27161, 0.061646]], "theta": [1.135187, 0.013527, 0.144181, 2.642862, 0.272068, -1.905737, 0.047026, 0.257091, 0.045579, -0.44486, 0.10986, -0.033114, 0.331317, -0.077432, -0.002536, 0.22695, 0.158984, -0.181077, 0.648853, 0.145158, 0.100407, -0.154553, -0.009103, 0.063953, -0.5898, 0.282083, 0.265884, -0.410166, 0.039595, 0.053531, 0.00295, 0.034251, 0.016204, -0.004074, 0.003031, 0.003464, 0.002504, 0.004633, -0.010294, -0.170693, 0.153095, -0.166934, -0.019907, 0.025826, -0.347231, 0.080947, 0.488949, 0.450654, -0.086083, -0.035842, -0.009578, 0.182325, -0.309043, -0.830101, 0.244937, 0.076866, 0.703761, -0.067361, -0.943213, 0.08288, 0.191726, 0.501963, -0.070555, 0.266686, -0.054308, 0.450504, 0.142818, 0.05513, -0.026948, 0.107846, 0.042538, -0.408272, 0.108143, -0.035199, 0.415854, 0.629095, -1.08011, 0.086866, -2.370229, 0.478023, 0.088982, 1.26779, -2.111638, 0.082397, 0.868677]}