{"hc3d": [[-0.000751, -0.21882, 0.039843], [0.082176, -0.315801, 0.036625], [-0.081863, -0.315248, 0.039387], [-0.003012, -0.10407, 0.004929], [0.166989, -0.648053, 0.233738], [-0.148117, -0.700416, -0.062615], [-0.000511, 0.022348, 0.035763], [0.083105, -1.055327, 0.319887], [-0.164089, -1.026792, -0.335242], [0.001327, 0.069795, 0.074373], [0.189608, -1.039009, 0.407127], [-0.163565, -1.097526, -0.214222], [-0.011414, 0.291898, 0.056238], [0.079874, 0.20324, 0.053276], [-0.092426, 0.193608, 0.056897], [-0.007366, 0.347328, 0.108541], [0.172046, 0.196087, 0.010544], [-0.194693, 0.179022, 0.08278], [0.24283, -0.045322, -0.090128], [-0.274344, -0.072717, 0.118879], [0.35156, -0.264513, 0.002492], [-0.219952, -0.242209, 0.316285], [0.426566, -0.311625, 0.014526], [-0.211924, -0.275478, 0.397907]], "im2d": [[0.013187, -0.089001], [0.033053, 0.03632], [-0.019742, -0.001171], [0.060515, -0.214638], [-0.183573, 0.414829], [0.034946, 0.410423], [0.039562, -0.353969], [-0.338829, 0.841237], [0.293969, 0.77368], [0.002861, -0.406857], [-0.398896, 0.844624], [0.157404, 0.848003], [0.038692, -0.653364], [0.061579, -0.535325], [0.004423, -0.563497], [-0.011355, -0.714935], [0.13496, -0.505525], [-0.05586, -0.571165], [0.242938, -0.221276], [-0.141812, -0.313333], [0.15636, 0.041373], [-0.353215, -0.120597], [0.161926, 0.109641], [-0.441677, -0.084621]], "theta": [1.122452, 0.012499, 0.139528, 2.581829, 0.286359, -1.938421, -0.57898, 0.128317, 0.108303, 0.213832, -0.034807, -0.07667, 0.285287, 0.078548, 0.014966, 0.306044, 0.220855, -0.21302, 0.351595, 0.28446, 0.059021, -0.170402, -0.040407, 0.008375, -0.408413, 0.336354, 0.208904, -0.424916, 0.008551, -0.007167, 0.027373, 0.026013, 0.016439, -0.006745, 0.005624, 0.005693, -0.001028, 0.004827, -0.006424, -0.091717, -0.075925, -0.075229, -0.004893, 0.242034, -0.541025, -0.000724, 0.31898, 0.421769, -0.074321, -0.125487, 0.064155, 0.163141, -0.089876, -0.703419, 0.397286, 0.355833, 0.67078, -0.140188, -0.621794, -0.005573, -0.092885, 0.739329, -0.15583, 0.228155, -0.053883, 0.701548, 0.217734, 0.229923, -0.427374, 0.103651, 0.041131, -0.405234, 0.106619, -0.041975, 0.413218, 0.646936, -0.906277, 0.040454, -2.336331, 0.382994, 0.077597, 1.229789, -2.108416, 0.107527, 0.861064]}