{"hc3d": [[-0.000751, -0.21882, 0.039843], [0.082176, -0.315801, 0.036625], [-0.081863, -0.315248, 0.039387], [-0.003012, -0.10407, 0.004929], [0.16597, -0.667105, 0.197877], [-0.135826, -0.715434, 0.030021], [0.000639, 0.022393, 0.035461], [0.005047, -1.060029, 0.191159], [-0.213815, -0.925041, -0.332035], [0.001283, 0.069873, 0.074069], [0.130586, -1.060037, 0.24998], [-0.189942, -1.023585, -0.235244], [-0.003442, 0.292118, 0.053927], [0.085055, 0.200675, 0.056879], [-0.087376, 0.196374, 0.050365], [-0.002914, 0.351552, 0.1018], [0.181858, 0.183679, 0.030169], [-0.189322, 0.18227, 0.077737], [0.255591, -0.065707, -0.045945], [-0.269594, -0.070756, 0.101271], [0.322654, -0.269089, 0.104332], [-0.23501, -0.257872, 0.286869], [0.380362, -0.322132, 0.147303], [-0.231249, -0.305965, 0.361074]], "im2d": [[0.015864, -0.089544], [0.036655, 0.037635], [-0.01674, -0.000691], [0.063032, -0.217178], [-0.143505, 0.444839], [-0.057, 0.433097], [0.041515, -0.357938], [-0.218922, 0.845927], [0.296784, 0.656693], [0.00356, -0.411545], [-0.24459, 0.873464], [0.190038, 0.769876], [0.04294, -0.659861], [0.059171, -0.537709], [0.012918, -0.572349], [-0.00416, -0.727018], [0.116666, -0.495968], [-0.049515, -0.580628], [0.201351, -0.199466], [-0.121337, -0.317592], [0.040569, 0.039293], [-0.329309, -0.105186], [0.006873, 0.110711], [-0.41329, -0.052349]], "theta": [1.138002, 0.014692, 0.140135, 2.58628, 0.282393, -1.944548, -0.486148, 0.208877, 0.093801, -0.008909, 0.059237, -0.037919, 0.282164, 0.033278, 0.0016, 0.524923, 0.368625, -0.274031, 0.936708, 0.326821, 0.033247, -0.168617, -0.051236, 0.011339, -0.576872, 0.350202, 0.378075, -0.537178, 0.076539, 0.009556, 0.022221, 0.019533, 0.004873, -0.002851, 0.001731, 0.003702, 0.002079, 0.002691, -0.007925, -0.164177, -0.07121, -0.032953, -0.016372, 0.12363, -0.585162, 0.001816, 0.395258, 0.441135, 0.026376, -0.164809, 0.037052, 0.164508, -0.092458, -0.667409, 0.388985, 0.289398, 0.710968, -0.028708, -0.754387, 0.015258, -0.020744, 0.662611, -0.17598, 0.232968, -0.058285, 0.564083, 0.251934, 0.165905, -0.329839, 0.109, 0.042672, -0.409895, 0.110191, -0.036425, 0.418406, 0.646936, -0.906277, 0.040454, -2.336331, 0.382994, 0.077597, 1.229789, -2.108416, 0.107527, 0.861064]}