{"hc3d": [[-0.000751, -0.21882, 0.039843], [0.082176, -0.315801, 0.036625], [-0.081863, -0.315248, 0.039387], [-0.003012, -0.10407, 0.004929], [0.101265, -0.691857, -0.084437], [-0.093842, -0.681061, 0.210226], [-4.1e-05, 0.023708, 0.029475], [0.046629, -1.062614, -0.284147], [-0.081045, -1.096423, 0.30194], [-0.004124, 0.06951, 0.069858], [0.130635, -1.113937, -0.186531], [-0.073182, -1.1036, 0.441711], [-0.008158, 0.292514, 0.061253], [0.080157, 0.2011, 0.068076], [-0.090754, 0.197046, 0.044274], [-0.004269, 0.349151, 0.112259], [0.181369, 0.194611, 0.058756], [-0.19367, 0.173195, 0.057706], [0.26983, -0.061462, 0.053778], [-0.247906, -0.086698, 0.0346], [0.325761, -0.2847, 0.178203], [-0.293977, -0.342074, 0.092183], [0.362999, -0.349728, 0.226937], [-0.305184, -0.429303, 0.102126]], "im2d": [[0.01659, -0.089764], [0.037604, 0.03795], [-0.015975, -0.000602], [0.063769, -0.21796], [0.144904, 0.465526], [-0.237603, 0.402445], [0.048424, -0.360726], [0.31618, 0.871741], [-0.368928, 0.868247], [0.006689, -0.413727], [0.230727, 0.946585], [-0.520423, 0.875269], [0.033497, -0.663977], [0.045622, -0.541451], [0.018679, -0.575898], [-0.016527, -0.727473], [0.086522, -0.510632], [-0.02979, -0.573248], [0.097895, -0.203617], [-0.042863, -0.294541], [-0.039974, 0.056539], [-0.141553, -0.020633], [-0.087374, 0.136905], [-0.163197, 0.074169]], "theta": [1.142538, 0.015271, 0.140255, 2.587251, 0.281563, -1.945881, 0.271851, 0.137805, -0.009454, -0.464532, 0.174206, 0.0312, 0.231049, -0.116463, -0.004841, 0.109606, -0.018207, -0.045311, 0.121694, 0.165807, -0.003065, -0.0737, 0.003811, 0.04042, -0.388421, 0.333499, 0.118841, -0.013996, -0.095382, 0.133413, 0.033374, 0.016286, -0.010068, -0.002648, 0.002215, 0.001979, 0.00207, 0.003539, -0.008181, -0.163247, 0.084365, -0.057806, 0.016986, 0.061297, -0.483034, 0.051375, 0.376323, 0.519872, 0.053171, -0.019173, -0.033804, 0.124131, -0.390404, -0.703624, 0.223174, 0.201053, 0.751882, -0.033053, -0.374669, 0.004555, -0.001218, 0.172049, -0.047976, 0.281072, -0.16138, 0.380527, -0.020133, 0.058474, -0.021037, 0.108688, 0.043073, -0.409856, 0.109342, -0.038615, 0.415774, 0.646936, -0.906277, 0.040454, -2.336331, 0.382994, 0.077597, 1.229789, -2.108416, 0.107527, 0.861064]}