{"hc3d": [[-0.000751, -0.21882, 0.039843], [0.082176, -0.315801, 0.036625], [-0.081863, -0.315248, 0.039387], [-0.003012, -0.10407, 0.004929], [0.124368, -0.697779, -0.056922], [-0.077464, -0.686978, 0.197328], [0.000233, 0.023373, 0.031128], [0.043169, -0.986117, -0.357918], [-0.070193, -1.112474, 0.198842], [-0.005324, 0.067374, 0.073298], [0.139025, -1.061052, -0.29146], [-0.05852, -1.146062, 0.334432], [-0.011065, 0.290177, 0.061194], [0.077895, 0.199622, 0.070588], [-0.092646, 0.193772, 0.04461], [-0.008879, 0.348712, 0.110116], [0.17906, 0.189623, 0.064375], [-0.194559, 0.167542, 0.060949], [0.258572, -0.069234, 0.054661], [-0.244477, -0.094024, 0.050397], [0.322449, -0.301121, 0.157584], [-0.285879, -0.349274, 0.111948], [0.358878, -0.375054, 0.192184], [-0.302025, -0.434645, 0.128813]], "im2d": [[0.016596, -0.089766], [0.037611, 0.037952], [-0.01597, -0.000601], [0.063776, -0.217968], [0.121366, 0.476948], [-0.218896, 0.413125], [0.046673, -0.360333], [0.402445, 0.786874], [-0.253825, 0.890826], [0.002371, -0.411697], [0.352855, 0.891506], [-0.401769, 0.928364], [0.032472, -0.662056], [0.042049, -0.540388], [0.017455, -0.572699], [-0.015635, -0.728029], [0.079235, -0.505716], [-0.034092, -0.567215], [0.092813, -0.197545], [-0.059743, -0.285883], [-0.019743, 0.074568], [-0.161337, -0.011108], [-0.052632, 0.164998], [-0.191942, 0.080339]], "theta": [1.142579, 0.015276, 0.140255, 2.587256, 0.28156, -1.945887, 0.190197, 0.194297, 0.052533, -0.432413, 0.1832, 0.073877, 0.243246, -0.136436, -0.009299, 0.521666, 0.063172, -0.054041, 0.306787, 0.19061, 0.000825, -0.041905, 0.001223, 0.05352, -0.414736, 0.329219, 0.103154, -0.036729, -0.102971, 0.127616, -0.024025, 0.029612, -0.007484, -0.003539, 0.002748, 0.002976, 0.002292, 0.004292, -0.009313, -0.185905, 0.066368, -0.060014, 0.011667, 0.036101, -0.519798, 0.057453, 0.415844, 0.530261, 0.041022, -0.023931, -0.000758, 0.10246, -0.329782, -0.72086, 0.213543, 0.215987, 0.734743, -0.03752, -0.289934, 0.016464, 0.058334, 0.140018, -0.038335, 0.208358, -0.112576, 0.29716, 0.032518, 0.073324, -0.111074, 0.107634, 0.042915, -0.408059, 0.108494, -0.038198, 0.415381, 0.646936, -0.906277, 0.040454, -2.336331, 0.382994, 0.077597, 1.229789, -2.108416, 0.107527, 0.861064]}