{"hc3d": [[-0.000891, -0.218335, 0.038412], [0.080916, -0.315043, 0.034679], [-0.080898, -0.314452, 0.037339], [-0.003186, -0.103761, 0.004282], [0.085571, -0.689939, -0.100713], [-0.080334, -0.663898, 0.245784], [0.00326, 0.024727, 0.028084], [-0.004975, -1.066495, -0.281603], [-0.089059, -1.086798, 0.312726], [0.00416, 0.072824, 0.065349], [0.086227, -1.096251, -0.180801], [-0.082168, -1.100741, 0.452504], [0.014273, 0.294849, 0.056949], [0.096368, 0.19803, 0.060351], [-0.074419, 0.205098, 0.042403], [0.016022, 0.354584, 0.105632], [0.196512, 0.184426, 0.049709], [-0.179695, 0.193212, 0.051695], [0.257912, -0.080096, 0.071684], [-0.227113, -0.053726, -0.039822], [0.291924, -0.26272, 0.257807], [-0.273323, -0.315165, -0.009201], [0.329683, -0.31021, 0.32363], [-0.27906, -0.403535, -0.011405]], "im2d": [[0.008843, -0.100689], [0.064127, 0.021446], [-0.057078, -0.011093], [0.045224, -0.229158], [0.149818, 0.425084], [-0.26013, 0.386284], [0.040691, -0.367382], [0.203432, 0.808703], [-0.357645, 0.853205], [0.014144, -0.417569], [0.183665, 0.866035], [-0.470747, 0.879021], [0.047019, -0.659859], [0.096532, -0.537078], [-0.013484, -0.579855], [0.012503, -0.721907], [0.177978, -0.502995], [-0.099687, -0.58706], [0.182819, -0.198991], [-0.078423, -0.331347], [0.036885, 0.020413], [-0.15972, -0.051485], [0.005619, 0.084336], [-0.16942, 0.044248]], "theta": [1.117484, 0.008804, 0.128231, 2.974689, 0.22668, -1.334596, 0.312124, 0.136039, -0.047038, -0.563298, 0.217246, 0.045713, 0.218458, -0.06497, -0.026141, 0.032109, -0.005517, -0.100029, 0.296129, 0.087874, -0.051604, -0.116337, -0.007193, -0.001987, -0.553084, 0.360727, 0.190293, -0.015244, -0.021053, 0.079379, 0.076849, -0.001682, -0.014407, -0.002727, 0.001774, 0.003027, 0.002437, 0.002998, -0.008425, -0.197926, -0.002628, 0.011428, 0.031221, 0.045302, -0.484462, 0.03493, 0.292544, 0.488446, -0.016649, -0.074329, 0.04306, 0.066632, -0.488458, -0.706608, 0.333819, 0.036588, 0.963772, -0.102043, -0.553127, 0.075839, -0.065909, 0.316084, -0.121229, 0.280635, -0.152009, 0.467575, -0.093626, 0.035557, 0.035013, 0.109238, 0.043013, -0.410332, 0.109622, -0.036775, 0.417458, 0.694537, -0.704872, -0.004851, -2.308332, 0.331249, 0.077317, 1.255915, -2.032803, 0.087502, 0.90007]}