{"hc3d": [[-0.000891, -0.218335, 0.038412], [0.080916, -0.315043, 0.034679], [-0.080898, -0.314452, 0.037339], [-0.003186, -0.103761, 0.004282], [0.11438, -0.683317, 0.18352], [-0.115842, -0.716798, -0.012243], [9.7e-05, 0.024196, 0.031366], [0.054265, -1.103604, 0.133927], [-0.123231, -1.10726, -0.18799], [0.00272, 0.073814, 0.066494], [0.129804, -1.116442, 0.250087], [-0.142469, -1.16489, -0.06115], [0.003668, 0.295034, 0.043506], [0.089137, 0.201118, 0.043484], [-0.082731, 0.201937, 0.044579], [0.008412, 0.354795, 0.091957], [0.18474, 0.189161, 0.011172], [-0.18598, 0.192701, 0.068349], [0.211749, -0.070157, -0.067882], [-0.24943, -0.067252, 0.069095], [0.302012, -0.297521, 0.028601], [-0.253057, -0.285231, 0.223677], [0.360387, -0.360693, 0.053406], [-0.256571, -0.34872, 0.285351]], "im2d": [[0.009252, -0.100864], [0.064728, 0.021568], [-0.05675, -0.011055], [0.04565, -0.229675], [-0.06589, 0.443393], [-0.074041, 0.421483], [0.035878, -0.368038], [-0.103206, 0.890673], [0.035871, 0.838031], [0.012412, -0.419786], [-0.146086, 0.927532], [-0.089536, 0.906061], [0.050636, -0.664576], [0.105926, -0.544243], [-0.021631, -0.579218], [0.018385, -0.726179], [0.202547, -0.514236], [-0.118464, -0.587989], [0.267454, -0.228749], [-0.187287, -0.31447], [0.234272, 0.04581], [-0.337684, -0.065031], [0.25128, 0.128577], [-0.397278, 0.008239]], "theta": [1.120255, 0.00915, 0.128299, 2.975238, 0.226217, -1.335347, -0.410483, -0.018679, 0.00441, 0.085951, 0.003575, 0.010081, 0.247468, 0.035796, 0.005948, 0.409826, 0.105869, -0.093023, 0.217171, 0.168904, -0.022815, -0.185824, -0.008039, -0.00778, -0.377655, 0.293425, 0.136714, -0.274078, -0.09752, 0.070426, 0.053696, 0.012709, -0.019031, -0.001701, 0.001705, 0.00128, 0.001167, 0.002181, -0.005188, -0.133398, -0.018952, 0.004811, 0.023336, 0.158952, -0.510118, -0.038013, 0.314708, 0.4407, 0.004962, -0.09902, 0.017302, 0.189185, -0.135795, -0.873488, 0.328425, 0.214704, 0.860433, -0.130927, -0.539867, 0.168924, -0.041528, 0.50487, -0.149617, 0.115122, -0.127246, 0.50154, -0.020591, 0.216217, -0.240584, 0.109454, 0.043008, -0.411793, 0.110391, -0.039388, 0.415992, 0.694537, -0.704872, -0.004851, -2.308332, 0.331249, 0.077317, 1.255915, -2.032803, 0.087502, 0.90007]}