{"hc3d": [[-0.000891, -0.218335, 0.038412], [0.080916, -0.315043, 0.034679], [-0.080898, -0.314452, 0.037339], [-0.003186, -0.103761, 0.004282], [0.108549, -0.675722, 0.202149], [-0.105375, -0.70648, -0.068855], [0.00158, 0.022253, 0.03914], [0.02418, -1.087896, 0.277704], [-0.1392, -1.037151, -0.338881], [0.003408, 0.070452, 0.076238], [0.116241, -1.072479, 0.380909], [-0.13546, -1.109147, -0.218124], [0.001227, 0.292071, 0.057588], [0.088175, 0.199524, 0.057301], [-0.083676, 0.19763, 0.055263], [0.006962, 0.354327, 0.102675], [0.183908, 0.190189, 0.024512], [-0.186694, 0.19029, 0.08064], [0.203179, -0.057057, -0.088281], [-0.271071, -0.063038, 0.098174], [0.343991, -0.259468, 0.003111], [-0.239719, -0.228121, 0.305992], [0.416513, -0.310346, 0.015978], [-0.233713, -0.266813, 0.385451]], "im2d": [[0.009255, -0.100865], [0.064733, 0.021569], [-0.056748, -0.011055], [0.045654, -0.22968], [-0.085199, 0.435126], [-0.017947, 0.408453], [0.030289, -0.365096], [-0.244785, 0.876988], [0.156551, 0.747689], [0.004465, -0.415311], [-0.262281, 0.885174], [0.052004, 0.835693], [0.036772, -0.660879], [0.09349, -0.541773], [-0.031651, -0.573969], [0.008282, -0.725255], [0.190825, -0.514658], [-0.129508, -0.584673], [0.279347, -0.246229], [-0.227306, -0.321481], [0.289762, 0.01058], [-0.392251, -0.11976], [0.328235, 0.081836], [-0.457714, -0.070703]], "theta": [1.12028, 0.009152, 0.128299, 2.975241, 0.226215, -1.335351, -0.467627, 0.063354, -0.02712, 0.228871, 0.012731, 0.037975, 0.309113, 0.042429, -0.003618, 0.187492, 0.142785, -0.110876, 0.345658, 0.247653, -0.071782, -0.208088, -0.021106, 0.013728, -0.395773, 0.312932, 0.159297, -0.420235, -0.014865, 0.038261, 0.033299, 0.00395, -0.012588, -0.000972, 0.001094, 0.000709, 0.000861, 0.001474, -0.003761, -0.208349, -0.018032, -0.040123, -0.022411, 0.175226, -0.500257, -0.053296, 0.349035, 0.400627, -0.036973, -0.126946, 0.019464, 0.197587, 0.040809, -0.90384, 0.314977, 0.219532, 0.777194, -0.339674, -0.736279, 0.281289, -0.035681, 0.792857, -0.176071, -0.021219, -0.145954, 0.55441, -0.062783, 0.247046, -0.302995, 0.110013, 0.043992, -0.412083, 0.111078, -0.039777, 0.416931, 0.694537, -0.704872, -0.004851, -2.308332, 0.331249, 0.077317, 1.255915, -2.032803, 0.087502, 0.90007]}