{"hc3d": [[-0.000789, -0.219318, 0.039909], [0.081998, -0.316453, 0.036815], [-0.081784, -0.315888, 0.039537], [-0.003058, -0.104175, 0.004677], [0.061987, -0.570255, 0.341607], [-0.197802, -0.701258, -0.010577], [-0.004587, 0.025116, 0.022406], [0.168144, -0.981404, 0.30003], [-0.164226, -1.079532, -0.207083], [0.00241, 0.072449, 0.060683], [0.160453, -1.00755, 0.436529], [-0.251203, -1.138538, -0.113435], [0.013166, 0.295337, 0.074643], [0.093587, 0.199382, 0.050319], [-0.078288, 0.206393, 0.069615], [0.010845, 0.33313, 0.141229], [0.190956, 0.18116, 0.025532], [-0.179318, 0.213722, 0.10362], [0.280456, -0.057187, -0.070192], [-0.305186, -0.016208, 0.156917], [0.242735, -0.308092, -0.001788], [-0.35351, -0.173697, 0.366996], [0.254746, -0.384227, 0.044208], [-0.390226, -0.20945, 0.439602]], "im2d": [[0.011886, -0.085789], [-0.066434, 0.035004], [0.083013, 0.014773], [0.043639, -0.20938], [-0.273896, 0.255022], [0.209764, 0.450703], [0.037849, -0.360526], [-0.359553, 0.744192], [0.302069, 0.927818], [0.006273, -0.421911], [-0.450029, 0.743297], [0.313801, 0.964455], [-0.004346, -0.677303], [-0.065421, -0.553498], [0.080053, -0.585616], [-0.047719, -0.735084], [-0.138626, -0.51607], [0.149675, -0.613084], [-0.163482, -0.213641], [0.218826, -0.37769], [-0.187333, 0.052549], [0.108461, -0.249897], [-0.234091, 0.130541], [0.089583, -0.229301]], "theta": [1.164255, 0.010998, 0.145633, 1.018609, 0.334346, -2.989271, -0.877077, -0.533575, 0.093877, 0.046324, -0.206583, -0.212758, 0.18025, 0.17126, 0.046994, 0.897024, -0.044798, -0.122431, 0.330067, 0.11349, 0.180371, -0.053004, -0.037019, -0.055967, -0.226096, 0.192818, 0.08597, -0.247907, -0.32374, -0.023183, 0.168546, 0.001574, -0.047802, 0.000194, -0.000333, 0.000807, 0.001644, 0.001494, -0.005963, 0.074518, -0.317051, 0.006072, 0.067656, -0.054943, -0.52535, -0.030274, 0.28652, 0.282053, 0.241958, -0.099912, 0.139216, 0.195672, -0.179807, -0.57376, 0.038139, 0.32883, 0.645267, 0.353501, -0.656055, -0.289328, -0.447145, 0.612117, -0.090169, 0.402352, -0.173956, 0.514243, -0.027435, 0.151803, -0.419642, 0.112753, 0.044824, -0.413971, 0.112254, -0.040242, 0.422898, 0.708381, -0.890989, 0.022454, -2.347055, 0.329711, 0.061922, 1.240604, -2.083534, 0.091523, 0.845573]}