{"hc3d": [[-0.000789, -0.219318, 0.039909], [0.081998, -0.316453, 0.036815], [-0.081784, -0.315888, 0.039537], [-0.003058, -0.104175, 0.004677], [0.070013, -0.710778, -0.00877], [-0.154469, -0.621181, 0.296431], [0.002023, 0.024879, 0.023443], [0.031609, -1.071553, -0.233287], [-0.115837, -1.045423, 0.259547], [0.002185, 0.070669, 0.064158], [0.053138, -1.139308, -0.113618], [-0.193939, -1.100525, 0.362894], [0.006681, 0.293889, 0.076084], [0.091712, 0.199103, 0.06887], [-0.080823, 0.203215, 0.055554], [0.006417, 0.334534, 0.141009], [0.192662, 0.18384, 0.067092], [-0.186166, 0.191675, 0.069224], [0.294398, -0.065879, 0.031411], [-0.27584, -0.057993, 0.034935], [0.227877, -0.241587, 0.215142], [-0.343484, -0.288452, 0.151486], [0.232161, -0.280688, 0.295821], [-0.365682, -0.364895, 0.191003]], "im2d": [[0.013941, -0.086224], [-0.064559, 0.036226], [0.086298, 0.015054], [0.045413, -0.211297], [-0.034893, 0.498099], [-0.04077, 0.301747], [0.031869, -0.363149], [0.148725, 0.956866], [-0.065626, 0.802303], [0.004212, -0.424591], [0.040535, 1.011528], [-0.068735, 0.833818], [-0.00051, -0.683326], [-0.078069, -0.562413], [0.092563, -0.585262], [-0.045287, -0.74414], [-0.171517, -0.532189], [0.180632, -0.587769], [-0.249838, -0.224915], [0.279875, -0.30415], [-0.325627, -0.070675], [0.251264, -0.072556], [-0.388788, -0.042633], [0.240938, 0.004107]], "theta": [1.176468, 0.012639, 0.146028, 1.021664, 0.331675, -2.993469, 0.088104, -0.115581, -0.120392, -0.73697, -0.022522, -0.084837, 0.18658, -0.026568, -0.013025, 0.328663, -0.148894, -0.055894, 0.720815, -0.1675, 0.051653, -0.024062, -0.00708, 0.019227, -0.385923, 0.277484, 0.020153, -0.000996, -0.264421, 0.080332, 0.113605, -0.010756, -0.029889, 3.6e-05, 0.000205, -0.000793, 0.00154, 0.001355, -0.004478, 0.027796, -0.099751, -0.060208, 0.016023, -0.09457, -0.494876, -0.012014, 0.318343, 0.442371, 0.209584, -0.087357, -0.003925, 0.20239, -0.278625, -0.604937, 0.143888, 0.149489, 0.740837, 0.109474, -0.996628, -0.089994, -0.355046, 0.471171, -0.054709, 0.140535, -0.22459, 0.574018, -0.505965, 0.11579, -0.145513, 0.111644, 0.044788, -0.413563, 0.11156, -0.038874, 0.418296, 0.708381, -0.890989, 0.022454, -2.347055, 0.329711, 0.061922, 1.240604, -2.083534, 0.091523, 0.845573]}