{"hc3d": [[-0.000789, -0.219318, 0.039909], [0.081998, -0.316453, 0.036815], [-0.081784, -0.315888, 0.039537], [-0.003058, -0.104175, 0.004677], [0.068848, -0.701511, -0.059472], [-0.131634, -0.581232, 0.342174], [0.003771, 0.023498, 0.030865], [0.040275, -0.98413, -0.37783], [-0.069372, -0.986513, 0.463437], [0.002777, 0.066724, 0.074281], [0.067679, -1.088898, -0.29038], [-0.146621, -1.039892, 0.568319], [0.006474, 0.28927, 0.095477], [0.091868, 0.195019, 0.085927], [-0.080405, 0.19936, 0.069623], [0.001662, 0.328316, 0.1612], [0.193134, 0.181899, 0.085576], [-0.185998, 0.1862, 0.079318], [0.31077, -0.060746, 0.049967], [-0.269848, -0.063159, 0.030936], [0.22231, -0.184571, 0.264205], [-0.3429, -0.283696, 0.162457], [0.217676, -0.205148, 0.351449], [-0.36717, -0.357688, 0.205284]], "im2d": [[0.01395, -0.086227], [-0.064552, 0.03623], [0.086313, 0.015055], [0.045422, -0.211308], [0.002842, 0.498295], [-0.09338, 0.248711], [0.024881, -0.362973], [0.247298, 0.888687], [-0.252826, 0.69617], [-0.003725, -0.422195], [0.155362, 0.993605], [-0.257767, 0.725477], [-0.014366, -0.682272], [-0.090575, -0.561417], [0.081969, -0.583854], [-0.055533, -0.741975], [-0.185268, -0.533924], [0.173065, -0.58367], [-0.278221, -0.232846], [0.276985, -0.296635], [-0.353527, -0.147532], [0.243059, -0.080334], [-0.412406, -0.143296], [0.232383, -0.007452]], "theta": [1.176536, 0.012647, 0.146029, 1.021672, 0.331669, -2.99348, 0.215757, -0.023875, -0.119348, -0.889317, -0.008768, -0.028433, 0.243407, -0.046702, -0.028915, 0.500651, -0.129281, -0.012339, 0.504543, -0.301016, 0.033684, -0.019174, -0.003757, 0.042443, -0.329411, 0.248475, -0.049757, 0.234037, -0.306009, 0.118271, 0.093774, -0.0098, -0.033743, 0.000341, 6.3e-05, -0.001339, 0.001192, 0.000527, -0.003015, 0.014608, -0.158229, -0.05225, 0.0215, -0.089681, -0.477128, -0.012655, 0.306655, 0.454499, 0.199067, -0.125001, 0.03295, 0.143545, -0.275817, -0.555962, 0.134164, 0.147431, 0.747551, 0.11454, -1.268988, -0.0526, -0.386961, 0.576175, -0.112039, 0.188618, -0.210421, 0.546386, -0.487001, 0.094906, -0.147778, 0.11146, 0.045656, -0.412544, 0.111762, -0.040094, 0.418287, 0.708381, -0.890989, 0.022454, -2.347055, 0.329711, 0.061922, 1.240604, -2.083534, 0.091523, 0.845573]}