{"hc3d": [[-0.000911, -0.217936, 0.037903], [0.080536, -0.314535, 0.033965], [-0.080549, -0.313933, 0.036599], [-0.003219, -0.1035, 0.004129], [0.083879, -0.710233, -0.023593], [-0.120144, -0.681425, 0.209546], [0.000107, 0.024792, 0.030059], [0.03803, -1.121307, -0.136031], [-0.110156, -1.107568, 0.157747], [0.000434, 0.072729, 0.067275], [0.103484, -1.167356, -0.021936], [-0.141375, -1.167016, 0.281527], [0.00169, 0.294729, 0.057842], [0.087322, 0.201138, 0.058119], [-0.083777, 0.201601, 0.046903], [0.006173, 0.348769, 0.113021], [0.187179, 0.19238, 0.042377], [-0.18787, 0.189141, 0.064005], [0.257905, -0.071357, 0.036633], [-0.232384, -0.071114, 0.017172], [0.297741, -0.30148, 0.158738], [-0.281387, -0.332025, 0.053239], [0.339503, -0.365763, 0.205074], [-0.293423, -0.419711, 0.058044]], "im2d": [[0.015903, -0.120768], [0.051202, 0.000138], [-0.026891, -0.031905], [0.056609, -0.246194], [0.082339, 0.430352], [-0.244024, 0.362661], [0.041324, -0.384709], [0.144125, 0.866883], [-0.217669, 0.827374], [0.0077, -0.436237], [0.057648, 0.93143], [-0.360073, 0.887776], [0.033357, -0.67761], [0.066621, -0.559096], [-0.002348, -0.593147], [-0.015822, -0.734699], [0.128526, -0.530321], [-0.069091, -0.599649], [0.148819, -0.229732], [-0.061546, -0.325938], [0.02936, 0.030158], [-0.138917, -0.051163], [-0.001858, 0.108914], [-0.155537, 0.041938]], "theta": [1.105191, 0.015301, 0.108663, 2.738905, 0.232006, -1.729653, 0.11525, 0.048309, -0.071492, -0.469209, 0.069633, -0.015139, 0.234161, -0.046347, -0.000906, 0.031803, -0.045616, -0.00339, 0.469787, -0.006085, 0.025847, -0.125697, 0.009764, 0.004571, -0.260092, 0.304588, 0.069246, 0.036276, -0.100398, 0.095083, 0.065247, 0.006096, -0.013278, -0.001888, 0.000811, 0.003011, 0.002196, 0.002593, -0.008209, -0.080164, -0.001377, -0.041282, 0.046635, 0.063299, -0.479433, 0.014464, 0.322815, 0.453637, 0.003147, -0.057218, 0.024802, 0.099528, -0.421878, -0.737827, 0.302969, 0.168771, 0.936934, -0.018237, -0.375331, -0.036395, -0.046701, 0.1503, -0.097983, 0.371398, -0.110609, 0.47309, 0.014862, 0.079158, -0.029859, 0.110417, 0.043923, -0.410411, 0.110978, -0.038753, 0.419792, 0.712123, -0.627984, -0.030722, -2.317022, 0.315738, 0.070698, 1.243359, -1.999117, 0.084726, 0.892287]}