{"hc3d": [[-0.000911, -0.217936, 0.037903], [0.080536, -0.314535, 0.033965], [-0.080549, -0.313933, 0.036599], [-0.003219, -0.1035, 0.004129], [0.10754, -0.707129, 0.104967], [-0.092592, -0.720934, 0.063693], [0.001969, 0.023245, 0.036549], [0.050804, -1.106036, -0.041253], [-0.064592, -1.124681, -0.079781], [0.001284, 0.068628, 0.076835], [0.134277, -1.160704, 0.056042], [-0.085999, -1.19703, 0.039121], [0.002097, 0.290422, 0.063348], [0.087899, 0.197001, 0.064985], [-0.083244, 0.19696, 0.054457], [0.000183, 0.347068, 0.116003], [0.18674, 0.179419, 0.050243], [-0.185698, 0.185493, 0.080045], [0.225712, -0.086859, 0.003665], [-0.229782, -0.077383, 0.050717], [0.283447, -0.339177, 0.053216], [-0.268567, -0.337488, 0.101885], [0.321711, -0.41921, 0.065631], [-0.279025, -0.424575, 0.11466]], "im2d": [[0.017097, -0.121342], [0.052848, 0.000401], [-0.025701, -0.031942], [0.057796, -0.2477], [-0.032666, 0.436852], [-0.086457, 0.411807], [0.036312, -0.384875], [0.060332, 0.859837], [0.043396, 0.856832], [-0.001416, -0.433981], [-0.001886, 0.937877], [-0.091201, 0.933958], [0.027698, -0.67691], [0.060112, -0.55769], [-0.009987, -0.591546], [-0.022277, -0.738369], [0.120329, -0.519233], [-0.0848, -0.598714], [0.167327, -0.220834], [-0.094072, -0.320091], [0.127463, 0.067695], [-0.181596, -0.04202], [0.127546, 0.163085], [-0.205328, 0.051502]], "theta": [1.112651, 0.016277, 0.10888, 2.74063, 0.230516, -1.732021, -0.21015, 0.052728, -0.020195, -0.100787, 0.033283, 0.066323, 0.285115, -0.036258, -0.015357, 0.453186, 0.161634, -0.00775, 0.319443, 0.094987, 0.007832, -0.109939, 0.000193, 0.03663, -0.2593, 0.258055, 0.077727, -0.098914, -0.131137, 0.126722, -0.019305, 0.012075, -0.027916, -0.003463, 0.002712, 0.002958, 0.002062, 0.004253, -0.009001, -0.10567, -0.078237, 0.007668, 0.008397, 0.031504, -0.55776, -0.006857, 0.400645, 0.437213, 0.03196, -0.181387, 0.066591, 0.065308, -0.173512, -0.810285, 0.281225, 0.158814, 0.946289, -0.000619, -0.213598, 0.029155, 0.074263, 0.146477, -0.083661, 0.225869, -0.082993, 0.334865, 0.095759, 0.107325, -0.05642, 0.107651, 0.042848, -0.4078, 0.109009, -0.037982, 0.415343, 0.712123, -0.627984, -0.030722, -2.317022, 0.315738, 0.070698, 1.243359, -1.999117, 0.084726, 0.892287]}