{"hc3d": [[-0.000911, -0.217936, 0.037903], [0.080536, -0.314535, 0.033965], [-0.080549, -0.313933, 0.036599], [-0.003219, -0.1035, 0.004129], [0.079149, -0.713298, 0.063745], [-0.104893, -0.713892, 0.113862], [0.000155, 0.022275, 0.040342], [0.027432, -1.136424, 0.018845], [-0.120821, -0.95927, -0.238156], [-0.000744, 0.067322, 0.081], [0.104758, -1.17316, 0.128816], [-0.140629, -1.085293, -0.178523], [-0.002457, 0.289245, 0.06995], [0.084368, 0.196759, 0.069848], [-0.086847, 0.194956, 0.060737], [-0.001044, 0.346397, 0.122072], [0.184333, 0.185912, 0.05624], [-0.187936, 0.189553, 0.092907], [0.223042, -0.078974, 0.00212], [-0.236145, -0.071713, 0.056524], [0.288512, -0.330273, 0.047017], [-0.271396, -0.331514, 0.111639], [0.325636, -0.411386, 0.05514], [-0.283278, -0.416181, 0.135028]], "im2d": [[0.017104, -0.121347], [0.052858, 0.000402], [-0.025695, -0.031943], [0.057804, -0.247711], [-0.005012, 0.4373], [-0.142216, 0.402591], [0.031582, -0.38412], [-0.013181, 0.889623], [0.187472, 0.66184], [-0.006646, -0.432895], [-0.089821, 0.947049], [0.10955, 0.796997], [0.018834, -0.676432], [0.053546, -0.558059], [-0.018136, -0.589976], [-0.029003, -0.737802], [0.113617, -0.526734], [-0.098513, -0.603398], [0.168174, -0.230031], [-0.102523, -0.327465], [0.136707, 0.058837], [-0.19233, -0.048946], [0.140494, 0.155113], [-0.227241, 0.041841]], "theta": [1.112705, 0.016283, 0.108881, 2.740636, 0.230511, -1.732028, -0.105988, 0.108153, -0.089706, -0.225345, 0.026363, 0.034766, 0.315456, -0.032106, -0.001405, 0.098096, 0.026486, 0.019891, 1.070281, 0.081351, -0.024427, -0.132169, -0.0028, 0.028515, -0.197008, 0.27988, 0.066103, -0.112361, -0.033255, 0.117773, -0.016328, 0.020395, -0.023883, -0.002172, 0.001833, 0.001588, 0.001934, 0.003311, -0.007418, -0.130557, -0.10646, -0.068307, 0.025144, 0.021723, -0.501308, -0.02973, 0.452123, 0.361809, 0.038011, -0.187248, 0.092653, 0.036006, -0.157991, -0.876082, 0.267571, 0.101118, 1.014896, -0.029665, -0.224518, 0.049405, 0.137333, 0.188491, -0.099237, 0.135907, -0.075598, 0.301037, 0.071175, 0.155519, -0.160325, 0.10872, 0.0442, -0.40888, 0.109793, -0.03875, 0.416255, 0.712123, -0.627984, -0.030722, -2.317022, 0.315738, 0.070698, 1.243359, -1.999117, 0.084726, 0.892287]}