{"hc3d": [[-0.000793, -0.21881, 0.039599], [0.08184, -0.3158, 0.036332], [-0.081627, -0.315252, 0.039073], [-0.003058, -0.103948, 0.004726], [0.107804, -0.643775, 0.257747], [-0.161092, -0.685031, -0.105602], [-0.002587, 0.025161, 0.022434], [0.113926, -1.069481, 0.26224], [-0.165266, -1.037984, -0.345314], [-0.001631, 0.073579, 0.059777], [0.149222, -1.058419, 0.396081], [-0.180597, -1.10479, -0.222775], [-0.012274, 0.296148, 0.049065], [0.078242, 0.206865, 0.043118], [-0.094263, 0.198725, 0.046344], [-0.004843, 0.346278, 0.106257], [0.174583, 0.204105, 0.010069], [-0.196789, 0.198291, 0.075457], [0.257454, -0.028492, -0.102823], [-0.338354, -0.027485, 0.090558], [0.336239, -0.276265, -0.069659], [-0.279447, -0.178511, 0.301874], [0.378436, -0.354577, -0.060002], [-0.262949, -0.193358, 0.387641]], "im2d": [[0.015894, -0.100008], [0.016785, 0.030751], [0.002914, -0.01522], [0.065358, -0.225838], [-0.262211, 0.387246], [0.131161, 0.383156], [0.056218, -0.370266], [-0.303323, 0.861357], [0.374272, 0.790041], [0.017804, -0.426275], [-0.452785, 0.849835], [0.227709, 0.851754], [0.048352, -0.675647], [0.053481, -0.551087], [0.037716, -0.58994], [-0.01214, -0.733102], [0.09732, -0.519177], [-0.002312, -0.61975], [0.211739, -0.230404], [-0.04819, -0.409178], [0.157914, 0.064279], [-0.298361, -0.239391], [0.142985, 0.162253], [-0.396417, -0.224108]], "theta": [1.146285, 0.014658, 0.131565, 2.369896, 0.356229, -2.216715, -0.60264, -0.243038, 0.053555, 0.317077, -0.089393, -0.124122, 0.179505, 0.050875, 0.025881, 0.45233, -0.104366, -0.118615, 0.137439, 0.433538, 0.117975, -0.087431, -0.028127, 0.004872, -0.28856, 0.348251, 0.304546, -0.366783, -0.204306, -0.000177, 0.082634, 0.036251, 0.00192, -0.001543, 0.001402, 0.001394, 0.00203, 0.002853, -0.00677, -0.023953, -0.001448, -0.061031, 0.038454, 0.150694, -0.487063, 0.002997, 0.332646, 0.285213, 0.107019, 0.064393, 0.04691, 0.183218, -0.071299, -0.718545, 0.297517, 0.163039, 0.623558, 0.130704, -0.421861, -0.059767, 0.146466, 1.022688, -0.172588, 0.392892, -0.098002, 0.284896, 0.304644, 0.259813, -0.519353, 0.109908, 0.043157, -0.412452, 0.110902, -0.036666, 0.417334, 0.672092, -0.868575, 0.027279, -2.342027, 0.353061, 0.114187, 1.265999, -2.063254, 0.090981, 0.873971]}