{"hc3d": [[-0.000793, -0.21881, 0.039599], [0.08184, -0.3158, 0.036332], [-0.081627, -0.315252, 0.039073], [-0.003058, -0.103948, 0.004726], [0.106686, -0.642887, 0.259185], [-0.151438, -0.680484, -0.121283], [-0.00235, 0.025542, 0.019385], [0.108406, -1.068316, 0.242151], [-0.161067, -1.000659, -0.403152], [-0.00125, 0.073776, 0.056961], [0.155643, -1.066012, 0.372708], [-0.171976, -1.084824, -0.291298], [-0.012016, 0.296158, 0.042972], [0.07855, 0.206847, 0.038349], [-0.093951, 0.198659, 0.041678], [-0.005378, 0.346384, 0.100177], [0.174829, 0.20438, 0.005096], [-0.196535, 0.199173, 0.070582], [0.253921, -0.0314, -0.103834], [-0.331275, -0.03099, 0.081249], [0.333814, -0.277267, -0.060651], [-0.29213, -0.200049, 0.283288], [0.373366, -0.356512, -0.047904], [-0.282452, -0.218915, 0.369305]], "im2d": [[0.015895, -0.100008], [0.016787, 0.030751], [0.002915, -0.01522], [0.06536, -0.225839], [-0.26385, 0.385857], [0.150084, 0.381831], [0.059746, -0.37042], [-0.280663, 0.859894], [0.443748, 0.753645], [0.021061, -0.426203], [-0.426338, 0.861618], [0.308187, 0.836575], [0.055323, -0.675181], [0.058943, -0.550665], [0.043057, -0.589472], [-0.005228, -0.732963], [0.103036, -0.519083], [0.003343, -0.620335], [0.212413, -0.228084], [-0.037398, -0.402708], [0.147391, 0.064117], [-0.27983, -0.217732], [0.128681, 0.16219], [-0.378967, -0.199887]], "theta": [1.146293, 0.014659, 0.131565, 2.369897, 0.356228, -2.216716, -0.610005, -0.215796, 0.043152, 0.359538, -0.090757, -0.10195, 0.156114, 0.059927, 0.023755, 0.512717, -0.059985, -0.108529, 0.224634, 0.457728, 0.095076, -0.059264, -0.035905, 0.006116, -0.279772, 0.368903, 0.291622, -0.344599, -0.195168, 0.002309, 0.062951, 0.035178, 0.003436, -0.000788, 0.000857, 0.000642, 0.001846, 0.002219, -0.005676, -0.011548, -0.023127, -0.065424, 0.038814, 0.154741, -0.480602, -0.009718, 0.332646, 0.280672, 0.120887, 0.053873, 0.043917, 0.171961, -0.071297, -0.738837, 0.317157, 0.152609, 0.67307, 0.135485, -0.442027, -0.043318, 0.141993, 0.912792, -0.164701, 0.373404, -0.112153, 0.25145, 0.303483, 0.271364, -0.555128, 0.110706, 0.043617, -0.413782, 0.111542, -0.037325, 0.417815, 0.672092, -0.868575, 0.027279, -2.342027, 0.353061, 0.114187, 1.265999, -2.063254, 0.090981, 0.873971]}