{"hc3d": [[-0.000793, -0.21881, 0.039599], [0.08184, -0.3158, 0.036332], [-0.081627, -0.315252, 0.039073], [-0.003058, -0.103948, 0.004726], [0.099134, -0.711592, 0.054108], [-0.175039, -0.681753, 0.183758], [-0.001059, 0.024508, 0.026589], [0.034356, -1.122646, -0.036012], [-0.088196, -0.988588, -0.09973], [-0.001926, 0.071963, 0.06515], [0.107962, -1.15743, 0.076478], [-0.151148, -1.095772, -0.034441], [-0.005268, 0.294572, 0.051019], [0.082697, 0.202581, 0.051001], [-0.089908, 0.199578, 0.045242], [0.001325, 0.344035, 0.108889], [0.183022, 0.198658, 0.033654], [-0.19335, 0.191964, 0.069761], [0.292771, -0.049462, 0.023377], [-0.284049, -0.059007, 0.064245], [0.326428, -0.272276, 0.157241], [-0.352453, -0.300043, 0.154552], [0.355291, -0.340254, 0.207763], [-0.376275, -0.380235, 0.183715]], "im2d": [[0.015896, -0.100009], [0.016788, 0.030751], [0.002916, -0.01522], [0.065361, -0.225841], [-0.036188, 0.473846], [-0.199693, 0.356226], [0.051523, -0.369403], [0.027246, 0.918457], [0.10333, 0.740001], [0.011516, -0.42493], [-0.099242, 0.969867], [0.015505, 0.837239], [0.046451, -0.672102], [0.044415, -0.545638], [0.039336, -0.58962], [-0.014928, -0.729095], [0.070499, -0.512388], [0.003875, -0.611401], [0.068263, -0.205839], [-0.017269, -0.357405], [-0.101327, 0.041894], [-0.145447, -0.114717], [-0.162888, 0.121964], [-0.187156, -0.034211]], "theta": [1.146304, 0.01466, 0.131565, 2.369898, 0.356227, -2.216717, -0.076714, 0.029142, -0.038124, -0.430297, -0.12346, -0.1201, 0.210521, -0.024647, 0.010205, 0.172152, 0.017911, -0.076565, 1.080735, -0.038194, 0.150199, -0.093125, -0.002175, 0.022441, -0.290051, 0.314834, 0.160004, -0.147351, -0.219676, 0.120243, 0.043871, 0.031272, -0.02614, -0.00347, 0.002614, 0.002691, 0.002381, 0.004607, -0.009876, -0.00191, 0.016889, -0.057018, 0.009041, 0.044336, -0.439029, -0.019425, 0.359125, 0.384753, 0.109157, -0.025197, 0.004927, 0.109728, -0.341554, -0.657487, 0.256432, 0.151575, 0.780624, 0.225094, -0.497124, -0.126091, 0.056949, 0.232306, -0.076329, 0.340972, -0.105777, 0.332509, 0.1188, 0.10745, -0.111024, 0.107757, 0.043069, -0.407418, 0.108689, -0.036417, 0.415389, 0.672092, -0.868575, 0.027279, -2.342027, 0.353061, 0.114187, 1.265999, -2.063254, 0.090981, 0.873971]}