{"hc3d": [[-0.000883, -0.218644, 0.03859], [0.081081, -0.315492, 0.034939], [-0.081052, -0.314902, 0.037599], [-0.003176, -0.103868, 0.004252], [0.160268, -0.70515, 0.065539], [-0.093046, -0.689834, 0.195734], [0.005956, 0.02518, 0.024426], [0.033646, -0.846696, -0.317734], [-0.067003, -1.10633, 0.098143], [0.012165, 0.072734, 0.062073], [0.110331, -0.946299, -0.257768], [-0.091264, -1.162492, 0.224945], [0.021766, 0.293058, 0.031705], [0.103382, 0.195647, 0.033134], [-0.0685, 0.20369, 0.037522], [0.020433, 0.349379, 0.084356], [0.198783, 0.16813, 0.011035], [-0.172933, 0.188601, 0.051756], [0.233834, -0.100981, -0.014438], [-0.220616, -0.069548, -0.00096], [0.244403, -0.304155, 0.152472], [-0.252184, -0.318268, 0.092121], [0.280279, -0.367242, 0.205069], [-0.266585, -0.399039, 0.125818]], "im2d": [[0.00954, -0.107632], [0.097998, 0.001504], [-0.075367, -0.004779], [0.017674, -0.238486], [0.173136, 0.437231], [-0.136985, 0.42791], [0.02098, -0.37756], [0.157868, 0.538672], [-0.078463, 0.874602], [0.015817, -0.424788], [0.220904, 0.65889], [-0.143705, 0.951951], [0.035266, -0.67085], [0.121773, -0.560449], [-0.062512, -0.575069], [0.017397, -0.72606], [0.230205, -0.529512], [-0.178063, -0.560468], [0.275709, -0.235347], [-0.21213, -0.284949], [0.235194, 0.01028], [-0.274452, -0.000318], [0.257059, 0.08785], [-0.300187, 0.092412]], "theta": [1.108781, 0.009487, 0.121571, 3.229205, 0.026738, -0.462804, -0.126707, 0.146155, 0.113241, -0.43185, 0.079999, 0.053121, 0.195084, 0.038545, -0.039653, 1.244671, 0.038433, -0.197538, 0.538064, 0.001876, 0.014067, -0.081591, -0.008347, -0.027773, -0.659388, 0.264553, 0.038881, -0.081017, -0.053804, 0.002156, -0.030959, 0.023236, 0.002515, -0.00466, 0.004323, 0.002823, -0.00119, 0.003401, -0.003808, -0.027756, -0.187293, 0.02701, 0.075578, 0.032487, -0.604445, 0.04145, 0.200399, 0.551279, -0.123717, -0.085924, 0.109824, 0.157919, -0.294993, -0.712453, 0.304361, 0.102009, 0.912046, -0.039434, -0.646476, -0.009818, -0.114367, 0.411589, -0.137079, 0.052146, -0.092677, 0.511502, -0.266124, 0.130897, -0.189625, 0.105774, 0.042736, -0.40848, 0.10757, -0.042599, 0.414544, 0.709891, -0.72344, 0.009027, -2.317098, 0.33791, 0.05958, 1.284105, -2.042786, 0.098126, 0.881576]}