{"hc3d": [[-0.000883, -0.218644, 0.03859], [0.081081, -0.315492, 0.034939], [-0.081052, -0.314902, 0.037599], [-0.003176, -0.103868, 0.004252], [0.070407, -0.69887, 0.144244], [-0.086003, -0.721847, 0.02781], [0.00529, 0.024226, 0.03002], [0.024472, -1.115991, 0.061378], [-0.07883, -1.108145, -0.157642], [0.009591, 0.072838, 0.066567], [0.072875, -1.143247, 0.189094], [-0.111984, -1.167946, -0.034571], [0.011098, 0.294518, 0.046254], [0.096183, 0.200167, 0.043009], [-0.075856, 0.201763, 0.048241], [0.01352, 0.348662, 0.101104], [0.192752, 0.186208, 0.014259], [-0.180418, 0.196807, 0.067703], [0.203039, -0.042519, -0.133647], [-0.238031, -0.063813, 0.046455], [0.283247, -0.227167, 0.035829], [-0.21646, -0.241322, 0.24532], [0.336073, -0.27917, 0.086212], [-0.212554, -0.288282, 0.320463]], "im2d": [[0.012696, -0.10869], [0.103029, 0.00206], [-0.073144, -0.003994], [0.020596, -0.241948], [0.058547, 0.445769], [-0.073117, 0.449718], [0.020782, -0.381362], [0.037748, 0.899244], [-0.00376, 0.856331], [0.013445, -0.430508], [0.04928, 0.949219], [-0.078748, 0.939169], [0.020368, -0.681273], [0.113931, -0.573149], [-0.073783, -0.580323], [0.005099, -0.734129], [0.227649, -0.558099], [-0.193061, -0.575789], [0.287463, -0.322428], [-0.247108, -0.289237], [0.320862, -0.089439], [-0.286579, -0.062231], [0.362112, -0.022377], [-0.306194, 0.000894]], "theta": [1.127874, 0.01214, 0.122277, 3.234457, 0.022084, -0.470031, -0.305119, -0.033707, -0.106727, -0.013002, 0.002788, 0.083583, 0.239448, 0.06194, -0.031898, 0.373983, -0.062115, -0.008129, 0.34247, 0.045503, -0.083152, -0.149436, -0.006434, 0.014449, -0.357761, 0.29293, 0.016373, -0.254314, -0.066516, -0.018256, 0.036855, 0.008942, -0.010541, -0.000453, 0.000621, 0.000477, 0.00114, 0.000377, -0.003346, -0.036255, -0.111251, -0.003679, 0.029172, 0.093838, -0.518081, -0.032693, 0.244674, 0.407903, -0.018041, -0.16738, 0.04839, 0.325344, 0.126317, -0.907982, 0.288845, 0.179713, 0.942115, -0.162894, -1.139867, 0.254173, -0.12271, 0.827744, -0.187672, -0.081922, -0.175594, 0.481744, -0.404535, 0.258862, -0.232913, 0.110892, 0.043638, -0.414026, 0.111236, -0.038755, 0.417921, 0.709891, -0.72344, 0.009027, -2.317098, 0.33791, 0.05958, 1.284105, -2.042786, 0.098126, 0.881576]}