{"hc3d": [[-0.000883, -0.218644, 0.03859], [0.081081, -0.315492, 0.034939], [-0.081052, -0.314902, 0.037599], [-0.003176, -0.103868, 0.004252], [0.061538, -0.702554, 0.128966], [-0.088937, -0.71915, -0.009794], [0.003858, 0.024609, 0.028496], [0.00369, -1.125532, 0.102318], [-0.115851, -0.945696, -0.372593], [0.007227, 0.071672, 0.067111], [0.055929, -1.145868, 0.229812], [-0.141736, -1.064864, -0.302232], [0.007314, 0.293081, 0.043983], [0.093061, 0.199289, 0.042368], [-0.07901, 0.199759, 0.046715], [0.009644, 0.352811, 0.092695], [0.190623, 0.180467, 0.020587], [-0.181587, 0.190533, 0.073723], [0.207918, -0.063753, -0.099228], [-0.231041, -0.072429, 0.083689], [0.272551, -0.281415, 0.033797], [-0.232072, -0.28762, 0.242478], [0.30429, -0.351227, 0.080191], [-0.234137, -0.347438, 0.307933]], "im2d": [[0.012842, -0.108762], [0.103265, 0.002077], [-0.073057, -0.003973], [0.020737, -0.242142], [0.054111, 0.447871], [-0.064088, 0.441758], [0.01984, -0.382362], [0.002453, 0.915691], [0.024558, 0.643865], [0.01082, -0.429552], [0.018165, 0.958094], [-0.025374, 0.786184], [0.01709, -0.680676], [0.110935, -0.57284], [-0.076682, -0.578873], [0.003632, -0.740677], [0.223619, -0.551337], [-0.196313, -0.568421], [0.282189, -0.293988], [-0.251547, -0.274361], [0.310652, -0.029434], [-0.302433, -0.011315], [0.330499, 0.056328], [-0.325347, 0.064715]], "theta": [1.128867, 0.012259, 0.122298, 3.234627, 0.021943, -0.470264, -0.266347, -0.003954, -0.132632, 0.077977, -0.029035, 0.074252, 0.227639, 0.073878, -0.020351, 0.204654, -0.067493, 0.00863, 0.819784, 0.117241, -0.126378, -0.095474, -0.019396, 0.023156, -0.293048, 0.296151, 0.017222, -0.234385, -0.050805, 0.048695, -0.018078, 0.006091, -0.022872, -0.003325, 0.002662, 0.003227, 0.001771, 0.003715, -0.008275, -0.131572, -0.141452, -0.033906, 0.032136, 0.023589, -0.559011, -0.09077, 0.334123, 0.439382, 0.054706, -0.164143, 0.021086, 0.24355, 0.074279, -0.873533, 0.232328, 0.161919, 0.903957, -0.067325, -0.830448, 0.195976, -0.051114, 0.48853, -0.116609, -0.15825, -0.197638, 0.28187, -0.374616, 0.278766, -0.241834, 0.107818, 0.042722, -0.408966, 0.108319, -0.037745, 0.415833, 0.709891, -0.72344, 0.009027, -2.317098, 0.33791, 0.05958, 1.284105, -2.042786, 0.098126, 0.881576]}