{"hc3d": [[-0.000883, -0.218644, 0.03859], [0.081081, -0.315492, 0.034939], [-0.081052, -0.314902, 0.037599], [-0.003176, -0.103868, 0.004252], [0.072336, -0.705056, -0.049934], [-0.109578, -0.678093, 0.219267], [0.004672, 0.024462, 0.029019], [-0.02013, -1.102021, -0.179687], [-0.102392, -1.104338, 0.175287], [0.007559, 0.0719, 0.067212], [0.049359, -1.123874, -0.060981], [-0.129406, -1.132283, 0.310605], [0.018591, 0.293866, 0.054331], [0.100341, 0.196586, 0.056704], [-0.071175, 0.204349, 0.044472], [0.019361, 0.347165, 0.110051], [0.200809, 0.181986, 0.05038], [-0.1764, 0.194829, 0.057647], [0.234902, -0.084438, 0.003974], [-0.227467, -0.05589, -0.021258], [0.237959, -0.278639, 0.181533], [-0.222398, -0.292907, 0.102514], [0.266398, -0.33842, 0.241955], [-0.202058, -0.37201, 0.137093]], "im2d": [[0.012848, -0.108766], [0.103276, 0.002078], [-0.073054, -0.003972], [0.020744, -0.242152], [0.123269, 0.426129], [-0.160208, 0.427017], [0.020559, -0.382112], [0.067106, 0.849233], [-0.135897, 0.898409], [0.011151, -0.429799], [0.104317, 0.892725], [-0.208428, 0.94761], [0.025972, -0.679741], [0.114235, -0.567581], [-0.067507, -0.584072], [0.008611, -0.731622], [0.225082, -0.548546], [-0.185566, -0.575313], [0.278389, -0.255488], [-0.214079, -0.3074], [0.225779, -0.01317], [-0.246997, -0.024569], [0.237493, 0.063204], [-0.235639, 0.069549]], "theta": [1.128918, 0.012265, 0.122299, 3.234632, 0.021938, -0.470271, 0.183276, 0.100272, -0.093455, -0.493773, 0.089258, 0.007006, 0.227253, -0.034911, -0.034767, 0.016518, -0.086878, -0.086263, 0.477245, -0.045342, -0.011134, -0.107773, -0.000958, -0.010558, -0.538819, 0.298601, 0.107004, -0.162771, -0.007038, 0.013176, 0.040176, -0.005738, -0.005537, -0.000597, 0.00081, 0.000118, 0.00127, 0.001459, -0.004157, -0.054513, -0.083221, -0.015052, 0.032905, -0.029498, -0.470693, 0.031021, 0.291058, 0.47334, -0.003048, -0.150354, 0.026854, 0.212708, -0.258742, -0.878622, 0.308169, 0.053099, 0.97166, -0.078743, -0.755658, 0.132168, 0.033904, 0.676725, -0.144528, 0.059858, -0.109579, 0.456313, -0.373047, 0.134419, 0.0828, 0.111101, 0.04408, -0.414056, 0.111118, -0.038866, 0.417435, 0.709891, -0.72344, 0.009027, -2.317098, 0.33791, 0.05958, 1.284105, -2.042786, 0.098126, 0.881576]}