{"hc3d": [[-0.000883, -0.218644, 0.03859], [0.081081, -0.315492, 0.034939], [-0.081052, -0.314902, 0.037599], [-0.003176, -0.103868, 0.004252], [0.07981, -0.689023, -0.104751], [-0.069848, -0.658006, 0.256411], [0.006091, 0.02477, 0.026834], [-0.021239, -1.04178, -0.324565], [-0.068931, -1.085133, 0.291516], [0.008649, 0.072688, 0.064446], [0.057125, -1.075816, -0.214574], [-0.070742, -1.088551, 0.432252], [0.02218, 0.294629, 0.053685], [0.10289, 0.19661, 0.059176], [-0.067793, 0.205986, 0.039004], [0.024332, 0.349251, 0.108072], [0.203804, 0.183899, 0.057854], [-0.174093, 0.200216, 0.040891], [0.226659, -0.082262, 0.003691], [-0.230413, -0.026703, -0.089606], [0.221736, -0.23096, 0.22075], [-0.198121, -0.194634, 0.116012], [0.250252, -0.279921, 0.290199], [-0.178256, -0.24784, 0.184139]], "im2d": [[0.012849, -0.108766], [0.103276, 0.002078], [-0.073053, -0.003972], [0.020744, -0.242153], [0.14887, 0.400797], [-0.12925, 0.411118], [0.022795, -0.382712], [0.112088, 0.761539], [-0.137115, 0.894304], [0.013215, -0.431029], [0.161772, 0.817772], [-0.184248, 0.917694], [0.030059, -0.680559], [0.116201, -0.567173], [-0.062101, -0.586548], [0.014616, -0.734058], [0.225913, -0.54954], [-0.177719, -0.5836], [0.269547, -0.258258], [-0.195486, -0.349717], [0.19536, -0.061663], [-0.225613, -0.131861], [0.204197, 0.003857], [-0.225689, -0.062079]], "theta": [1.12892, 0.012265, 0.122299, 3.234633, 0.021938, -0.470271, 0.322378, 0.1731, -0.054072, -0.595811, 0.221732, 0.068904, 0.207805, -0.08011, -0.048393, 0.127699, -0.103822, -0.111993, 0.399413, -0.010928, -0.058781, -0.103139, -0.005961, -0.021159, -0.664015, 0.313108, 0.126134, -0.138227, 0.035427, -0.044064, 0.063088, -0.001982, 0.014096, -0.00257, 0.002032, 0.002311, 0.001753, 0.002715, -0.006267, -0.091119, -0.043372, -0.036122, 0.037149, -0.027604, -0.443492, 0.045852, 0.225114, 0.456613, -0.042925, -0.055603, 0.032707, 0.222508, -0.258237, -0.952051, 0.393995, -0.090446, 0.985916, -0.128843, -0.989172, 0.25473, 0.104585, 1.291686, -0.284228, 0.030528, -0.056944, 0.472273, -0.388971, 0.167031, -0.050498, 0.10981, 0.042425, -0.412846, 0.109975, -0.036441, 0.416949, 0.709891, -0.72344, 0.009027, -2.317098, 0.33791, 0.05958, 1.284105, -2.042786, 0.098126, 0.881576]}