{"hc3d": [[-0.000865, -0.218763, 0.038786], [0.081152, -0.31558, 0.035215], [-0.081082, -0.314991, 0.037888], [-0.003155, -0.10402, 0.00437], [0.152572, -0.694901, 0.132598], [-0.138352, -0.711483, 0.106299], [-0.000479, 0.025526, 0.022573], [0.08262, -1.033881, -0.117632], [-0.089921, -1.116216, -0.023994], [0.003436, 0.07203, 0.06181], [0.16591, -1.104959, -0.031735], [-0.130677, -1.187636, 0.090149], [-0.006923, 0.293867, 0.044149], [0.081834, 0.203558, 0.032647], [-0.089089, 0.197104, 0.052464], [-0.001351, 0.342164, 0.103795], [0.174105, 0.188267, -0.007441], [-0.188057, 0.178664, 0.087242], [0.264352, -0.063103, -0.06042], [-0.24306, -0.080188, 0.126589], [0.298114, -0.318051, -0.005859], [-0.29206, -0.332237, 0.200396], [0.340386, -0.393548, 0.017379], [-0.317115, -0.412159, 0.229528]], "im2d": [[0.015909, -0.096131], [-0.006537, 0.028678], [0.031367, -0.010881], [0.060581, -0.217049], [-0.152483, 0.445479], [-0.051826, 0.397195], [0.047804, -0.358823], [0.116525, 0.824575], [0.053462, 0.862019], [0.007003, -0.412742], [-0.001768, 0.911601], [-0.064315, 0.916668], [0.041844, -0.653504], [0.02669, -0.533237], [0.047767, -0.569189], [-0.021404, -0.711298], [0.046083, -0.490138], [0.033828, -0.576735], [0.066047, -0.190313], [-0.010294, -0.313906], [-0.016653, 0.087679], [-0.0929, -0.060948], [-0.056933, 0.176876], [-0.122915, 0.016344]], "theta": [1.114963, 0.015134, 0.132545, 2.015318, 0.348922, -2.519536, -0.286269, 0.062385, 0.09163, -0.211096, -0.027103, -0.044311, 0.180285, 0.07242, 0.01109, 0.818317, 0.081929, -0.136368, 0.398752, 0.06746, 0.136835, -0.033106, 0.008264, 0.000558, -0.346487, 0.308194, 0.138905, -0.086377, -0.197349, 0.104115, -0.010418, 0.072785, -0.003077, -0.008367, 0.006507, 0.007194, 6.8e-05, 0.007191, -0.010719, 0.054941, -0.097586, 0.000936, 0.057767, 0.120602, -0.589473, 0.017854, 0.315457, 0.478517, 0.007218, -0.039536, 0.066031, 0.150004, -0.296982, -0.583134, 0.227025, 0.328917, 0.710686, 0.182911, -0.305682, -0.253507, -0.107171, 0.011262, 0.011362, 0.39276, -0.084468, 0.480082, 0.200903, 0.08797, -0.21812, 0.102818, 0.04027, -0.403969, 0.105115, -0.038781, 0.4124, 0.697891, -0.754252, 0.002052, -2.303103, 0.332011, 0.089066, 1.233537, -2.046016, 0.080382, 0.871063]}