{"hc3d": [[-0.000865, -0.218763, 0.038786], [0.081152, -0.31558, 0.035215], [-0.081082, -0.314991, 0.037888], [-0.003155, -0.10402, 0.00437], [0.148332, -0.680152, 0.180275], [-0.148503, -0.715729, 0.032547], [-0.002061, 0.025044, 0.025867], [0.14098, -1.0709, 0.007999], [-0.113756, -1.134145, -0.05023], [0.000997, 0.072869, 0.06356], [0.210804, -1.129366, 0.113231], [-0.148754, -1.188378, 0.074767], [-0.008346, 0.295053, 0.050219], [0.080464, 0.204735, 0.039213], [-0.09094, 0.198386, 0.054349], [-0.002759, 0.343693, 0.109584], [0.173622, 0.195135, -0.000591], [-0.192282, 0.189206, 0.085813], [0.24243, -0.054087, -0.085982], [-0.269502, -0.06508, 0.116691], [0.299804, -0.309518, -0.061929], [-0.339491, -0.310709, 0.19508], [0.345805, -0.385769, -0.052104], [-0.37353, -0.383887, 0.231826]], "im2d": [[0.018114, -0.096645], [-0.00388, 0.029823], [0.034372, -0.01072], [0.062516, -0.219142], [-0.199344, 0.429761], [0.036198, 0.412381], [0.045456, -0.3626], [-0.029033, 0.874794], [0.096153, 0.888237], [0.005838, -0.418355], [-0.165313, 0.944406], [-0.035004, 0.925466], [0.034569, -0.662567], [0.019354, -0.540748], [0.04589, -0.577289], [-0.029431, -0.720959], [0.038897, -0.503146], [0.036585, -0.595406], [0.102005, -0.204029], [0.008874, -0.339075], [0.04758, 0.08716], [-0.072354, -0.095645], [0.021107, 0.180846], [-0.107905, -0.027802]], "theta": [1.127589, 0.016929, 0.133054, 2.019015, 0.345617, -2.524626, -0.397407, -0.057152, 0.098877, -0.030028, -0.043281, -0.072325, 0.20507, 0.059012, 0.023311, 0.690786, 0.038562, -0.094918, 0.092926, 0.194802, 0.143512, -0.091539, 0.013712, -0.00405, -0.22238, 0.304798, 0.111013, -0.105721, -0.240336, 0.101322, 0.044289, 0.053502, -0.007821, -0.001877, 0.000849, 0.003202, 0.00268, 0.003394, -0.009527, 0.02931, -0.05198, 0.012766, 0.048232, 0.148228, -0.541416, 0.004063, 0.298728, 0.388651, 0.064039, 0.012998, 0.050765, 0.146782, -0.181761, -0.702434, 0.204187, 0.289625, 0.739507, 0.130694, -0.282489, -0.124108, -0.078363, 0.054392, -0.012024, 0.412052, -0.099443, 0.428865, 0.250925, 0.120041, -0.296581, 0.110537, 0.043665, -0.410976, 0.111075, -0.037248, 0.420303, 0.697891, -0.754252, 0.002052, -2.303103, 0.332011, 0.089066, 1.233537, -2.046016, 0.080382, 0.871063]}