{"hc3d": [[-0.000865, -0.218763, 0.038786], [0.081152, -0.31558, 0.035215], [-0.081082, -0.314991, 0.037888], [-0.003155, -0.10402, 0.00437], [0.102949, -0.676854, 0.200968], [-0.16123, -0.705155, -0.042819], [-0.002564, 0.024836, 0.0271], [0.129768, -1.100548, 0.247672], [-0.144629, -1.104576, -0.195523], [-0.000809, 0.072863, 0.064619], [0.136041, -1.107113, 0.386543], [-0.185051, -1.159186, -0.07234], [-0.009697, 0.295443, 0.061431], [0.079107, 0.20556, 0.047261], [-0.092465, 0.198844, 0.060182], [-9.8e-05, 0.34305, 0.121119], [0.174105, 0.201582, 0.011005], [-0.192923, 0.199536, 0.095565], [0.241764, -0.035718, -0.104097], [-0.302351, -0.040858, 0.138159], [0.304925, -0.290411, -0.120139], [-0.321411, -0.249781, 0.303582], [0.348563, -0.368601, -0.123129], [-0.334007, -0.290961, 0.381103]], "im2d": [[0.019084, -0.096939], [-0.002752, 0.030275], [0.035665, -0.010687], [0.063417, -0.220144], [-0.20937, 0.415637], [0.12547, 0.407765], [0.044682, -0.364307], [-0.289073, 0.88373], [0.269585, 0.868002], [0.005261, -0.420776], [-0.444209, 0.87761], [0.141234, 0.904943], [0.022258, -0.667687], [0.010735, -0.545296], [0.039858, -0.581619], [-0.043639, -0.724137], [0.026327, -0.51359], [0.026453, -0.61096], [0.124117, -0.223284], [-0.004767, -0.377854], [0.11289, 0.074437], [-0.192935, -0.170275], [0.101131, 0.171611], [-0.277324, -0.13636]], "theta": [1.133391, 0.017703, 0.133234, 2.020435, 0.344382, -2.526576, -0.438848, -0.253361, 0.023017, 0.149602, -0.099202, -0.115831, 0.21425, 0.041019, 0.026244, 0.215292, -0.249003, -0.016556, 0.081478, 0.290034, 0.136753, -0.106098, 0.017474, 0.008009, -0.112531, 0.282693, 0.145937, -0.242259, -0.265609, 0.035484, 0.096218, 0.055799, -0.019374, -0.000114, 0.000305, 0.000323, 0.002324, 0.002111, -0.006239, 0.001211, -0.002087, -0.026979, 0.034615, 0.125053, -0.492493, -0.005585, 0.335201, 0.276317, 0.105192, 0.076301, 0.069803, 0.161768, -0.080641, -0.746701, 0.160269, 0.274505, 0.690474, 0.198641, -0.246898, -0.100909, 0.084485, 0.473756, -0.059877, 0.409811, -0.101548, 0.372947, 0.34375, 0.217528, -0.501603, 0.111389, 0.044441, -0.41373, 0.112094, -0.037766, 0.418826, 0.697891, -0.754252, 0.002052, -2.303103, 0.332011, 0.089066, 1.233537, -2.046016, 0.080382, 0.871063]}