{"hc3d": [[-0.000865, -0.218763, 0.038786], [0.081152, -0.31558, 0.035215], [-0.081082, -0.314991, 0.037888], [-0.003155, -0.10402, 0.00437], [0.093767, -0.691002, 0.167001], [-0.167055, -0.712095, 0.02882], [-0.003487, 0.026356, 0.015446], [0.077266, -1.101365, 0.049756], [-0.201166, -0.959196, -0.3189], [0.000608, 0.076351, 0.050104], [0.117133, -1.111524, 0.182703], [-0.221967, -1.060423, -0.22345], [-0.005056, 0.298204, 0.030607], [0.08196, 0.206027, 0.020737], [-0.089254, 0.203195, 0.038817], [0.006442, 0.3498, 0.086525], [0.175612, 0.198528, -0.018351], [-0.188024, 0.203602, 0.078675], [0.235847, -0.051567, -0.107582], [-0.279299, -0.044705, 0.118553], [0.295499, -0.305741, -0.076719], [-0.343259, -0.276015, 0.23595], [0.326256, -0.389425, -0.067892], [-0.37256, -0.337223, 0.293037]], "im2d": [[0.019329, -0.097032], [-0.002481, 0.030378], [0.035982, -0.010685], [0.063662, -0.220424], [-0.17003, 0.433312], [0.048116, 0.406829], [0.058017, -0.365431], [-0.05677, 0.894194], [0.428643, 0.707999], [0.021177, -0.423243], [-0.214326, 0.90104], [0.323445, 0.804253], [0.055234, -0.667154], [0.039339, -0.54295], [0.062902, -0.584109], [-0.006902, -0.727173], [0.058258, -0.507339], [0.044085, -0.613249], [0.128991, -0.207169], [0.010921, -0.366329], [0.066991, 0.084514], [-0.114004, -0.139681], [0.045217, 0.18344], [-0.172654, -0.08555]], "theta": [1.134958, 0.017895, 0.133269, 2.020728, 0.344136, -2.526978, -0.357189, -0.148896, -0.028607, -0.022652, -0.048391, -0.119187, 0.124545, 0.066517, 0.031949, 0.492442, -0.18076, -0.122821, 0.842436, 0.339991, 0.102509, -0.070826, 0.01337, -0.029192, -0.425562, 0.387045, 0.34208, -0.401274, -0.150912, 0.02612, 0.077663, 0.060581, -0.008278, 0.000683, -0.000137, -0.001069, 0.001339, 0.001139, -0.003299, 0.003977, -0.003068, -0.018693, 0.051072, 0.135015, -0.489145, -0.017394, 0.361283, 0.318338, 0.172043, 0.067557, 0.01015, 0.191605, -0.157825, -0.76222, 0.193724, 0.224834, 0.780883, 0.124251, -0.31905, -0.071693, 0.041052, 0.177604, -0.059453, 0.321969, -0.130189, 0.23507, 0.253368, 0.166659, -0.382794, 0.112177, 0.044772, -0.415902, 0.11228, -0.03918, 0.418105, 0.697891, -0.754252, 0.002052, -2.303103, 0.332011, 0.089066, 1.233537, -2.046016, 0.080382, 0.871063]}