{"hc3d": [[-0.000865, -0.218763, 0.038786], [0.081152, -0.31558, 0.035215], [-0.081082, -0.314991, 0.037888], [-0.003155, -0.10402, 0.00437], [0.092932, -0.710582, 0.08321], [-0.181276, -0.696049, 0.137494], [-0.002798, 0.025605, 0.022203], [0.044604, -1.130699, 0.023358], [-0.106963, -0.933301, -0.210816], [-0.00133, 0.073329, 0.06012], [0.094326, -1.153645, 0.151299], [-0.171545, -1.047535, -0.160118], [-0.002598, 0.295601, 0.045128], [0.083748, 0.202404, 0.040175], [-0.088384, 0.201666, 0.044526], [0.003974, 0.344512, 0.104167], [0.182511, 0.188161, 0.020229], [-0.189211, 0.194916, 0.078182], [0.264912, -0.065451, -0.034807], [-0.263519, -0.060818, 0.103799], [0.302101, -0.32011, 0.018867], [-0.327369, -0.304152, 0.193737], [0.329077, -0.403668, 0.036678], [-0.350248, -0.383206, 0.226767]], "im2d": [[0.019342, -0.097038], [-0.002467, 0.030383], [0.035999, -0.010685], [0.063676, -0.22044], [-0.078207, 0.463691], [-0.067501, 0.374032], [0.050348, -0.365182], [-0.020707, 0.921354], [0.286545, 0.691244], [0.010461, -0.421493], [-0.175896, 0.945276], [0.241307, 0.795802], [0.038438, -0.66528], [0.017232, -0.540632], [0.056303, -0.582864], [-0.02603, -0.723895], [0.013361, -0.498364], [0.044505, -0.603962], [0.040495, -0.192465], [0.022401, -0.343112], [-0.041001, 0.091782], [-0.072819, -0.100223], [-0.071731, 0.188681], [-0.107419, -0.02225]], "theta": [1.135049, 0.017906, 0.133271, 2.02074, 0.344126, -2.526994, -0.146437, -0.052775, -0.050755, -0.312229, -0.131699, -0.140596, 0.176021, 0.019361, 0.026156, 0.153363, -0.116453, -0.069531, 1.185753, 0.013379, 0.121346, -0.060946, -0.002851, -0.010018, -0.291652, 0.330718, 0.150812, -0.214432, -0.207695, 0.091889, 0.037686, 0.042515, -0.029327, -0.001235, 0.001199, 0.000565, 0.001769, 0.002823, -0.0066, 0.025781, -0.046342, -0.036629, 0.042785, 0.004356, -0.523443, -0.039646, 0.392042, 0.390707, 0.172612, -0.039123, 0.018927, 0.133906, -0.189628, -0.672216, 0.189448, 0.211072, 0.800087, 0.224655, -0.312111, -0.149528, 0.036238, 0.109753, -0.042882, 0.266134, -0.094078, 0.267908, 0.109468, 0.132865, -0.153071, 0.109958, 0.04388, -0.411554, 0.110258, -0.038822, 0.416718, 0.697891, -0.754252, 0.002052, -2.303103, 0.332011, 0.089066, 1.233537, -2.046016, 0.080382, 0.871063]}