{"hc3d": [[-0.000865, -0.218763, 0.038786], [0.081152, -0.31558, 0.035215], [-0.081082, -0.314991, 0.037888], [-0.003155, -0.10402, 0.00437], [0.099847, -0.704009, -0.049887], [-0.151636, -0.659618, 0.241407], [0.001031, 0.025052, 0.025435], [0.034054, -1.073106, -0.254471], [-0.121896, -1.075525, 0.337678], [-4.2e-05, 0.071159, 0.065315], [0.0981, -1.132488, -0.146122], [-0.18767, -1.095773, 0.460374], [0.002568, 0.293682, 0.07569], [0.088018, 0.199636, 0.071273], [-0.083218, 0.202428, 0.053399], [5.2e-05, 0.339673, 0.137332], [0.189497, 0.194184, 0.066059], [-0.189263, 0.195094, 0.0601], [0.313853, -0.047185, 0.086409], [-0.268458, -0.050025, -0.012169], [0.305956, -0.253251, 0.249473], [-0.373927, -0.295422, -0.017952], [0.314759, -0.303832, 0.322895], [-0.406411, -0.37684, -0.031361]], "im2d": [[0.019349, -0.097041], [-0.00246, 0.030385], [0.036008, -0.010686], [0.063684, -0.220449], [0.067426, 0.472405], [-0.188055, 0.330103], [0.045779, -0.363986], [0.291853, 0.884981], [-0.322761, 0.785765], [0.004288, -0.419354], [0.152833, 0.954719], [-0.442559, 0.778703], [0.003257, -0.665181], [-0.018355, -0.53987], [0.045223, -0.583401], [-0.061916, -0.723105], [-0.038757, -0.508196], [0.064509, -0.602264], [-0.10501, -0.213463], [0.152341, -0.343853], [-0.293447, -0.005632], [0.1734, -0.098741], [-0.379343, 0.04447], [0.192442, -0.015569]], "theta": [1.135099, 0.017911, 0.133272, 2.020746, 0.344122, -2.527002, 0.184163, 0.051002, -0.029776, -0.571716, -0.028022, -0.075555, 0.199772, -0.032695, -0.006145, 0.2005, -0.039718, -0.087882, 0.22786, -0.015528, 0.10671, -0.043427, -0.024112, 0.022694, -0.380399, 0.283138, 0.104209, -0.003093, -0.345814, 0.153074, 0.109436, -0.013446, -0.028901, -0.002663, 0.00202, 0.001915, 0.002062, 0.003745, -0.008448, -0.038833, -0.090091, -0.035264, 0.040357, -0.002908, -0.429703, -0.023161, 0.267824, 0.410439, 0.173757, -0.109912, 0.036355, 0.079393, -0.484278, -0.519206, 0.164347, 0.035108, 0.837149, 0.207439, -0.627464, -0.13685, -0.305141, 0.123725, -0.074754, 0.348089, -0.232547, 0.4461, -0.272343, -0.018946, -0.114284, 0.109543, 0.042813, -0.411605, 0.109043, -0.038108, 0.416031, 0.697891, -0.754252, 0.002052, -2.303103, 0.332011, 0.089066, 1.233537, -2.046016, 0.080382, 0.871063]}