{"hc3d": [[-0.000742, -0.218557, 0.039798], [0.082197, -0.315499, 0.036545], [-0.081863, -0.314949, 0.039309], [-0.003002, -0.103896, 0.004966], [0.135238, -0.704786, -0.009154], [-0.086025, -0.679189, 0.213806], [0.000724, 0.022638, 0.034629], [0.009032, -0.987453, -0.299775], [-0.084551, -1.099954, 0.150507], [-0.002601, 0.067651, 0.075887], [0.113007, -1.052504, -0.235247], [-0.08309, -1.144214, 0.283443], [-0.005831, 0.290237, 0.061431], [0.082157, 0.198655, 0.068884], [-0.08913, 0.194822, 0.048728], [-0.003336, 0.349963, 0.108785], [0.182326, 0.183512, 0.058843], [-0.191049, 0.168996, 0.065271], [0.265902, -0.074227, 0.057633], [-0.243042, -0.091801, 0.048199], [0.305593, -0.300422, 0.182858], [-0.27993, -0.345767, 0.117311], [0.347799, -0.365903, 0.226609], [-0.297433, -0.430531, 0.13562]], "im2d": [[0.014673, -0.087865], [0.032745, 0.039318], [-0.016419, 0.000491], [0.062718, -0.214752], [0.062311, 0.486042], [-0.242297, 0.398839], [0.042759, -0.355569], [0.319907, 0.780587], [-0.210804, 0.86916], [0.000655, -0.407752], [0.272432, 0.874969], [-0.360305, 0.914353], [0.035914, -0.655549], [0.044148, -0.533505], [0.017703, -0.568386], [-0.009899, -0.72294], [0.081981, -0.493057], [-0.031495, -0.563895], [0.083323, -0.186983], [-0.051187, -0.285405], [-0.063551, 0.069664], [-0.160575, -0.013829], [-0.105653, 0.150853], [-0.193326, 0.075762]], "theta": [1.136522, 0.013652, 0.141246, 2.560198, 0.293371, -1.970521, 0.063375, 0.204633, 0.06861, -0.47689, 0.162178, 0.052853, 0.272031, -0.093391, -0.011084, 0.669875, 0.154509, -0.121869, 0.501125, 0.125445, 0.028483, -0.096958, -0.006815, 0.041242, -0.524428, 0.316548, 0.170263, -0.10969, -0.08895, 0.113341, -0.01084, 0.025653, -0.006666, -0.003827, 0.001948, 0.005235, 0.003, 0.004286, -0.011341, -0.199504, 0.041562, -0.043124, 0.020363, 0.035698, -0.559202, 0.054839, 0.384545, 0.546949, -0.027257, -0.057512, 0.021378, 0.101525, -0.357384, -0.643201, 0.26844, 0.210268, 0.743486, -0.017635, -0.384541, -0.063674, -0.01883, 0.195845, -0.05664, 0.257992, -0.069487, 0.464773, 0.098732, 0.045067, -0.124542, 0.108737, 0.042486, -0.408335, 0.109218, -0.035946, 0.419111, 0.641009, -0.901522, 0.030834, -2.34967, 0.39021, 0.081021, 1.233398, -2.113286, 0.109035, 0.866414]}