{"hc3d": [[-0.000742, -0.218557, 0.039798], [0.082197, -0.315499, 0.036545], [-0.081863, -0.314949, 0.039309], [-0.003002, -0.103896, 0.004966], [0.17225, -0.699159, 0.070327], [-0.097767, -0.696423, 0.171074], [0.001472, 0.022836, 0.033665], [0.022256, -0.933796, -0.250198], [-0.079339, -1.115296, 0.098563], [0.000468, 0.068014, 0.074866], [0.125014, -1.013061, -0.201576], [-0.085617, -1.164786, 0.229499], [-0.001139, 0.290228, 0.055318], [0.086132, 0.197794, 0.060249], [-0.086019, 0.195551, 0.049339], [-0.000279, 0.349397, 0.103422], [0.183991, 0.176321, 0.042178], [-0.186946, 0.168598, 0.069721], [0.259312, -0.083579, 0.028244], [-0.236865, -0.092883, 0.057653], [0.31495, -0.315562, 0.135525], [-0.278569, -0.350285, 0.109045], [0.358397, -0.386306, 0.168553], [-0.295022, -0.436615, 0.119185]], "im2d": [[0.015163, -0.08798], [0.033393, 0.039553], [-0.015877, 0.000568], [0.063192, -0.215237], [-0.012982, 0.487224], [-0.199751, 0.417983], [0.044308, -0.356386], [0.276215, 0.723924], [-0.152551, 0.891551], [0.002767, -0.408287], [0.244552, 0.834736], [-0.302854, 0.941126], [0.043866, -0.65578], [0.05472, -0.532521], [0.017962, -0.569848], [-0.003484, -0.723063], [0.10027, -0.485175], [-0.035365, -0.563995], [0.113405, -0.177409], [-0.059753, -0.283752], [-0.009866, 0.090814], [-0.151279, -0.008142], [-0.040331, 0.178779], [-0.174864, 0.083943]], "theta": [1.139446, 0.014049, 0.141343, 2.560951, 0.292711, -1.971557, -0.144625, 0.1753, 0.143524, -0.364191, 0.111054, 0.039299, 0.265844, -0.043792, -0.012097, 1.037924, 0.224949, -0.159926, 0.404119, 0.125806, 0.052945, -0.095477, -0.008679, 0.029927, -0.505594, 0.289385, 0.1611, -0.102741, -0.121481, 0.139597, -0.030911, 0.028719, -0.011376, -0.005282, 0.003258, 0.006218, 0.003205, 0.005525, -0.013223, -0.161508, -0.006846, -0.000774, 0.031784, 0.0594, -0.615555, 0.055956, 0.367809, 0.575903, 0.000292, -0.097775, 0.051175, 0.079963, -0.313015, -0.616361, 0.274502, 0.209689, 0.740904, -0.028272, -0.338099, -0.049575, -0.02878, 0.107187, -0.031923, 0.227756, -0.072143, 0.409152, 0.073663, 0.043859, -0.085374, 0.106943, 0.041394, -0.406467, 0.107855, -0.035068, 0.416998, 0.641009, -0.901522, 0.030834, -2.34967, 0.39021, 0.081021, 1.233398, -2.113286, 0.109035, 0.866414]}