{"hc3d": [[-0.000742, -0.218557, 0.039798], [0.082197, -0.315499, 0.036545], [-0.081863, -0.314949, 0.039309], [-0.003002, -0.103896, 0.004966], [0.149816, -0.698628, 0.107859], [-0.130238, -0.710095, 0.107554], [0.004436, 0.022342, 0.035187], [0.000495, -1.0935, 0.062367], [-0.09468, -1.005426, -0.196694], [0.00485, 0.067766, 0.076126], [0.121571, -1.112243, 0.127139], [-0.125656, -1.102591, -0.100607], [0.008033, 0.289641, 0.053213], [0.093302, 0.195461, 0.059843], [-0.078823, 0.196707, 0.048374], [0.007971, 0.349898, 0.099956], [0.190195, 0.167306, 0.046318], [-0.180033, 0.174995, 0.07314], [0.261006, -0.093961, 0.034435], [-0.232055, -0.086089, 0.061355], [0.311187, -0.326702, 0.14276], [-0.279184, -0.342247, 0.114252], [0.355171, -0.397535, 0.174876], [-0.289921, -0.43002, 0.116907]], "im2d": [[0.015456, -0.088057], [0.033777, 0.039688], [-0.015558, 0.00061], [0.063482, -0.215538], [-0.060059, 0.481098], [-0.139851, 0.428396], [0.043591, -0.355685], [-0.08749, 0.888473], [0.17903, 0.775861], [0.002661, -0.40757], [-0.126358, 0.935727], [0.055676, 0.874141], [0.0487, -0.653859], [0.057035, -0.528957], [0.021171, -0.57026], [0.002568, -0.722596], [0.096784, -0.474435], [-0.036656, -0.570457], [0.106462, -0.16578], [-0.061762, -0.290745], [-0.019609, 0.10249], [-0.15633, -0.017383], [-0.048929, 0.190878], [-0.170157, 0.078028]], "theta": [1.141233, 0.014285, 0.141397, 2.561377, 0.292342, -1.972141, -0.244129, 0.248969, 0.071735, -0.213204, -0.031848, -0.023804, 0.279698, 0.007795, -0.030447, 0.382318, 0.354994, -0.236189, 0.890307, 0.055232, 0.082423, -0.115617, -0.04429, 0.034273, -0.500962, 0.268601, 0.232414, -0.3195, -0.077589, 0.132912, -0.040366, 0.006973, -0.013903, -0.004558, 0.002972, 0.004951, 0.002524, 0.004697, -0.010999, -0.168773, -0.036454, 0.011158, 0.006462, 0.013297, -0.649266, 0.00602, 0.409975, 0.548817, 0.032715, -0.244465, 0.045661, 0.068966, -0.246894, -0.582983, 0.329453, 0.17247, 0.806113, -0.024982, -0.336542, -0.060659, -0.023731, 0.096143, -0.054422, 0.193373, -0.059409, 0.437841, 0.053131, 0.034941, 0.042672, 0.107146, 0.041798, -0.407403, 0.107988, -0.035851, 0.416156, 0.641009, -0.901522, 0.030834, -2.34967, 0.39021, 0.081021, 1.233398, -2.113286, 0.109035, 0.866414]}