{"hc3d": [[-0.000742, -0.218557, 0.039798], [0.082197, -0.315499, 0.036545], [-0.081863, -0.314949, 0.039309], [-0.003002, -0.103896, 0.004966], [0.160762, -0.651691, 0.229543], [-0.144022, -0.698966, -0.069341], [-0.000873, 0.02161, 0.038853], [0.064867, -1.055753, 0.318015], [-0.163769, -1.023241, -0.344127], [-0.001931, 0.068168, 0.078486], [0.179682, -1.045936, 0.395006], [-0.150906, -1.089374, -0.221269], [-0.011221, 0.290611, 0.064454], [0.079183, 0.201133, 0.066837], [-0.092831, 0.193252, 0.056381], [-0.010389, 0.348662, 0.113902], [0.176873, 0.193624, 0.039192], [-0.194574, 0.177892, 0.083595], [0.244035, -0.05001, -0.058517], [-0.28005, -0.068689, 0.13746], [0.348353, -0.27582, 0.022409], [-0.233096, -0.219932, 0.350901], [0.413128, -0.33445, 0.041116], [-0.222942, -0.253016, 0.432318]], "im2d": [[0.015886, -0.088193], [0.034332, 0.039877], [-0.015108, 0.000662], [0.063928, -0.216012], [-0.186566, 0.428818], [0.053186, 0.419126], [0.038253, -0.356998], [-0.347394, 0.855892], [0.32235, 0.78566], [-0.001693, -0.410542], [-0.399087, 0.869554], [0.18437, 0.859018], [0.030965, -0.661268], [0.045961, -0.539968], [0.008127, -0.571219], [-0.018269, -0.727527], [0.103485, -0.5078], [-0.052102, -0.57873], [0.208779, -0.216422], [-0.157739, -0.324431], [0.128809, 0.058378], [-0.39372, -0.150525], [0.121259, 0.138646], [-0.483742, -0.113551]], "theta": [1.143982, 0.014629, 0.141464, 2.561923, 0.29188, -1.972889, -0.56402, 0.122638, 0.093523, 0.233195, -0.018056, -0.064011, 0.308762, 0.023302, 0.012578, 0.303578, 0.326817, -0.203582, 0.338891, 0.338571, 0.063288, -0.173581, -0.045445, 0.029971, -0.387737, 0.326877, 0.262826, -0.477965, 0.016522, 0.023646, 0.02839, 0.006381, 0.000359, -0.002902, 0.002468, 0.002644, 0.001372, 0.002904, -0.006645, -0.165764, -0.040183, -0.054101, -0.044688, 0.158264, -0.520268, -0.006195, 0.418763, 0.422892, 0.034925, -0.143977, 0.020476, 0.165385, -0.016042, -0.768906, 0.301863, 0.347189, 0.609102, -0.102623, -0.546377, 0.071087, -0.010587, 0.74795, -0.166318, 0.207687, -0.086316, 0.529805, 0.207123, 0.203475, -0.328751, 0.108145, 0.042567, -0.4096, 0.109695, -0.037969, 0.41592, 0.641009, -0.901522, 0.030834, -2.34967, 0.39021, 0.081021, 1.233398, -2.113286, 0.109035, 0.866414]}