{"hc3d": [[-0.000742, -0.218557, 0.039798], [0.082197, -0.315499, 0.036545], [-0.081863, -0.314949, 0.039309], [-0.003002, -0.103896, 0.004966], [0.15912, -0.652876, 0.228131], [-0.136534, -0.700293, -0.068665], [-0.000555, 0.021725, 0.038403], [0.032406, -1.054798, 0.280017], [-0.180609, -0.988896, -0.37821], [-0.001777, 0.068543, 0.077723], [0.153749, -1.047783, 0.346596], [-0.151068, -1.06004, -0.261167], [-0.012845, 0.290833, 0.062589], [0.078297, 0.20215, 0.066219], [-0.093538, 0.192738, 0.054204], [-0.011806, 0.349489, 0.111313], [0.176584, 0.197995, 0.04002], [-0.195362, 0.179116, 0.082034], [0.239084, -0.045982, -0.059904], [-0.28596, -0.066654, 0.131009], [0.34569, -0.261068, 0.043992], [-0.227341, -0.204489, 0.350557], [0.409161, -0.318975, 0.068514], [-0.21416, -0.23043, 0.434102]], "im2d": [[0.015889, -0.088194], [0.034335, 0.039879], [-0.015105, 0.000662], [0.063931, -0.216015], [-0.185576, 0.42981], [0.054445, 0.422357], [0.038853, -0.357044], [-0.314514, 0.848356], [0.358307, 0.744299], [-0.000771, -0.41091], [-0.353107, 0.867001], [0.231025, 0.827358], [0.032587, -0.661853], [0.046486, -0.541305], [0.010288, -0.570754], [-0.015736, -0.72872], [0.102881, -0.512793], [-0.050491, -0.580249], [0.209273, -0.222055], [-0.152103, -0.327908], [0.105526, 0.040598], [-0.390342, -0.166449], [0.091246, 0.119578], [-0.481225, -0.136823]], "theta": [1.144003, 0.014631, 0.141464, 2.561925, 0.291878, -1.972893, -0.563955, 0.157742, 0.080552, 0.236023, 0.022182, -0.038641, 0.305167, 0.021173, 0.009832, 0.417385, 0.356441, -0.225907, 0.461899, 0.385064, 0.040771, -0.176616, -0.050597, 0.031612, -0.48475, 0.346833, 0.327662, -0.548053, 0.055162, -0.008551, 0.030651, 0.0058, 0.01164, -0.003356, 0.00266, 0.003153, 0.001447, 0.003243, -0.007166, -0.174532, -0.039689, -0.072293, -0.048114, 0.156571, -0.492548, -0.009477, 0.43058, 0.397953, 0.022514, -0.122707, 0.009631, 0.176849, 0.001506, -0.824313, 0.305754, 0.313846, 0.62364, -0.119452, -0.650304, 0.110886, 0.019136, 0.841046, -0.189164, 0.160389, -0.079401, 0.501532, 0.204216, 0.208914, -0.357585, 0.107941, 0.042417, -0.409471, 0.1094, -0.037305, 0.415957, 0.641009, -0.901522, 0.030834, -2.34967, 0.39021, 0.081021, 1.233398, -2.113286, 0.109035, 0.866414]}