{"hc3d": [[-0.000742, -0.218557, 0.039798], [0.082197, -0.315499, 0.036545], [-0.081863, -0.314949, 0.039309], [-0.003002, -0.103896, 0.004966], [0.096844, -0.710439, 0.020625], [-0.140709, -0.697336, 0.155305], [0.000272, 0.022443, 0.035502], [0.032147, -1.127687, -0.024188], [-0.093104, -1.007581, -0.131982], [-0.003185, 0.067234, 0.076991], [0.11939, -1.155215, 0.079914], [-0.134768, -1.110242, -0.046205], [-0.008347, 0.289754, 0.062087], [0.080442, 0.198911, 0.069077], [-0.090953, 0.193633, 0.050209], [-0.00287, 0.348072, 0.110922], [0.182124, 0.19405, 0.068066], [-0.193009, 0.180996, 0.077651], [0.263447, -0.063995, 0.053396], [-0.249696, -0.078313, 0.054097], [0.306093, -0.295558, 0.167331], [-0.311769, -0.333897, 0.09231], [0.3381, -0.370817, 0.203315], [-0.329237, -0.420537, 0.096149]], "im2d": [[0.015893, -0.088196], [0.034341, 0.03988], [-0.015101, 0.000662], [0.063936, -0.216021], [0.020951, 0.485846], [-0.193929, 0.41137], [0.04236, -0.357576], [0.015043, 0.939015], [0.109375, 0.778402], [-0.000475, -0.409764], [-0.077734, 0.987192], [-0.006323, 0.880958], [0.034321, -0.659592], [0.043649, -0.537276], [0.015515, -0.571045], [-0.012899, -0.725043], [0.073114, -0.50793], [-0.044815, -0.581685], [0.08939, -0.199572], [-0.057897, -0.304049], [-0.045019, 0.066213], [-0.140419, -0.033698], [-0.082412, 0.156886], [-0.157311, 0.059061]], "theta": [1.144034, 0.014634, 0.141464, 2.561928, 0.291876, -1.972897, 0.001613, 0.139029, -0.038951, -0.339263, -0.055433, -0.045509, 0.279865, -0.066855, -0.005347, 0.002996, 0.072816, -0.059975, 0.968085, 0.018424, 0.089856, -0.099939, -0.016415, 0.050156, -0.276606, 0.279182, 0.105992, -0.200653, -0.117287, 0.118664, -0.017837, 0.018149, -0.012571, -0.003219, 0.002499, 0.002386, 0.002211, 0.004366, -0.009328, -0.175589, 0.028071, -0.104351, 0.010665, -0.044775, -0.446884, -0.002523, 0.467886, 0.406554, 0.003761, -0.095371, 0.02014, 0.100224, -0.268233, -0.783952, 0.231653, 0.105208, 0.888913, 0.084723, -0.376187, -0.016325, 0.095582, 0.068973, -0.063932, 0.231185, -0.050889, 0.290193, 0.047699, 0.075267, -0.018271, 0.107808, 0.043471, -0.407467, 0.108516, -0.037747, 0.415582, 0.641009, -0.901522, 0.030834, -2.34967, 0.39021, 0.081021, 1.233398, -2.113286, 0.109035, 0.866414]}