{"hc3d": [[-0.000742, -0.218557, 0.039798], [0.082197, -0.315499, 0.036545], [-0.081863, -0.314949, 0.039309], [-0.003002, -0.103896, 0.004966], [0.092685, -0.701083, -0.050984], [-0.122995, -0.676633, 0.214324], [-0.000571, 0.023213, 0.032205], [0.031824, -1.097642, -0.190002], [-0.110567, -1.099037, 0.164593], [-0.005364, 0.068963, 0.072498], [0.109384, -1.138472, -0.082654], [-0.134202, -1.136428, 0.297545], [-0.013327, 0.291752, 0.064411], [0.0765, 0.201978, 0.071909], [-0.093966, 0.19492, 0.046388], [-0.006725, 0.348893, 0.114482], [0.17829, 0.202987, 0.070564], [-0.19747, 0.175914, 0.062328], [0.275568, -0.0497, 0.06047], [-0.255498, -0.082264, 0.030914], [0.296747, -0.271068, 0.198196], [-0.311126, -0.337645, 0.079106], [0.32308, -0.338213, 0.250935], [-0.323495, -0.425155, 0.083016]], "im2d": [[0.015893, -0.088196], [0.034341, 0.03988], [-0.015101, 0.000662], [0.063937, -0.216021], [0.099727, 0.476541], [-0.252283, 0.39059], [0.045833, -0.358538], [0.200832, 0.910277], [-0.231385, 0.867786], [0.004026, -0.412076], [0.100545, 0.970973], [-0.388299, 0.900107], [0.030522, -0.663069], [0.039677, -0.541719], [0.018999, -0.573079], [-0.017851, -0.726975], [0.070064, -0.518909], [-0.029599, -0.576585], [0.086277, -0.212939], [-0.034276, -0.300295], [-0.079589, 0.035684], [-0.125981, -0.028956], [-0.136378, 0.115441], [-0.141586, 0.065971]], "theta": [1.144036, 0.014634, 0.141464, 2.561929, 0.291876, -1.972897, 0.187253, 0.103593, -0.041703, -0.482577, 0.067307, -0.022058, 0.252882, -0.111682, -0.001691, 0.035086, -0.01548, -0.050864, 0.470524, 0.081665, 0.071809, -0.095907, 0.00113, 0.053634, -0.351939, 0.305482, 0.133421, -0.13463, -0.13625, 0.105928, 0.038178, 0.007909, -0.005719, -0.00484, 0.0036, 0.004198, 0.002608, 0.005687, -0.011788, -0.182077, 0.114778, -0.10412, 0.016657, 0.004714, -0.413564, 0.043015, 0.399205, 0.451204, 0.019435, 0.003569, -0.040304, 0.164472, -0.359526, -0.759878, 0.201031, 0.150493, 0.800205, 0.098133, -0.506208, -0.025689, 0.009514, 0.160124, -0.056897, 0.276552, -0.09571, 0.35931, -0.015239, 0.042425, 0.01537, 0.107012, 0.041701, -0.407293, 0.10749, -0.036355, 0.414659, 0.641009, -0.901522, 0.030834, -2.34967, 0.39021, 0.081021, 1.233398, -2.113286, 0.109035, 0.866414]}