{"hc3d": [[-0.000871, -0.218194, 0.038528], [0.081018, -0.314913, 0.034806], [-0.080951, -0.314319, 0.037485], [-0.003167, -0.103645, 0.004392], [0.091934, -0.708058, -0.030416], [-0.135044, -0.65431, 0.254503], [7e-05, 0.023824, 0.033294], [0.026565, -1.109022, -0.163856], [-0.088927, -1.07954, 0.278737], [0.000893, 0.071235, 0.071394], [0.098427, -1.160052, -0.056135], [-0.126975, -1.117359, 0.408762], [-0.011505, 0.293224, 0.062951], [0.079153, 0.20469, 0.054874], [-0.092288, 0.195272, 0.05986], [0.000348, 0.345054, 0.118667], [0.177206, 0.205964, 0.028328], [-0.193302, 0.177891, 0.088054], [0.277358, -0.029347, -0.065904], [-0.254433, -0.08271, 0.082134], [0.267456, -0.268514, 0.04331], [-0.28915, -0.33814, 0.153191], [0.294229, -0.335537, 0.096312], [-0.298571, -0.425673, 0.163315]], "im2d": [[0.009226, -0.094047], [-0.008226, 0.026577], [0.017964, -0.002171], [0.055239, -0.216832], [0.033704, 0.466512], [-0.234795, 0.340384], [0.031906, -0.359072], [0.163741, 0.908652], [-0.299747, 0.812765], [-0.006757, -0.414741], [0.028866, 0.966396], [-0.438455, 0.834916], [0.020431, -0.659754], [0.006767, -0.54618], [0.031417, -0.565792], [-0.039258, -0.720117], [0.018413, -0.528109], [0.017352, -0.56685], [0.087342, -0.24326], [0.016427, -0.290665], [-0.047778, 0.006836], [-0.073459, -0.023213], [-0.11556, 0.079789], [-0.089075, 0.070269]], "theta": [1.115609, 0.009141, 0.133893, 2.07228, 0.269004, -2.425457, 0.130111, 0.114849, -0.044705, -0.599335, 0.037871, -0.049846, 0.261625, -0.007346, 0.002286, 0.077158, -0.062302, -0.061352, 0.422384, -0.065668, 0.115307, -0.140225, 0.032945, 0.027585, -0.276418, 0.309629, 0.105656, 0.001263, -0.142309, 0.149833, 0.058713, 0.047357, 0.003899, -0.00152, 0.001286, 0.001314, 0.001793, 0.001804, -0.005871, -0.047559, 0.056221, -0.083031, 0.041219, 0.083859, -0.440915, 0.048437, 0.331198, 0.438236, 0.007285, 0.001381, -0.005875, 0.303794, -0.180696, -0.730756, 0.139065, 0.200759, 0.775949, 0.257786, -0.764115, -0.18602, -0.050674, 0.196344, 0.003881, 0.26998, -0.135666, 0.545905, 0.042768, 0.009709, -0.002934, 0.11066, 0.042917, -0.41414, 0.110481, -0.037535, 0.417036, 0.696077, -0.709405, -0.013659, -2.32937, 0.318115, 0.082004, 1.226447, -2.055847, 0.097843, 0.884557]}