{"hc3d": [[-0.000871, -0.218194, 0.038528], [0.081018, -0.314913, 0.034806], [-0.080951, -0.314319, 0.037485], [-0.003167, -0.103645, 0.004392], [0.091634, -0.703722, -0.052663], [-0.138647, -0.655956, 0.25096], [-0.000368, 0.024475, 0.030309], [0.036784, -1.085812, -0.236647], [-0.093401, -1.068657, 0.356628], [-0.000795, 0.071179, 0.069278], [0.099244, -1.150981, -0.130705], [-0.136929, -1.09407, 0.487944], [-0.012398, 0.293331, 0.065008], [0.078353, 0.204732, 0.058925], [-0.093163, 0.195693, 0.056416], [-0.003748, 0.34566, 0.120847], [0.178217, 0.205802, 0.040308], [-0.196543, 0.181483, 0.076701], [0.29608, -0.02158, -0.052898], [-0.26646, -0.076231, 0.057203], [0.251274, -0.252002, 0.065948], [-0.314429, -0.330883, 0.123157], [0.258747, -0.317593, 0.126448], [-0.330622, -0.417246, 0.13467]], "im2d": [[0.009285, -0.094071], [-0.00816, 0.026603], [0.01804, -0.002167], [0.055299, -0.216905], [0.058655, 0.46407], [-0.230342, 0.342075], [0.035346, -0.359689], [0.243795, 0.892414], [-0.38373, 0.792696], [-0.004119, -0.414899], [0.111524, 0.964283], [-0.522043, 0.800175], [0.018329, -0.660456], [0.002461, -0.546944], [0.035399, -0.566265], [-0.040912, -0.721945], [0.005057, -0.52911], [0.030674, -0.570437], [0.070293, -0.249925], [0.046491, -0.297499], [-0.068544, -0.016281], [-0.035348, -0.032574], [-0.141015, 0.051076], [-0.051185, 0.058356]], "theta": [1.116016, 0.009191, 0.133902, 2.072357, 0.26894, -2.425562, 0.189354, 0.075072, -0.047396, -0.592555, 0.011197, -0.051863, 0.237643, -0.032048, 0.003745, 0.137968, -0.098861, -0.047899, 0.22265, -0.035626, 0.117519, -0.0981, 0.024417, 0.030439, -0.273485, 0.316718, 0.086075, 0.080448, -0.215101, 0.16822, 0.061138, 0.037299, 0.003485, -0.001039, 0.000987, 0.000677, 0.001758, 0.001496, -0.00526, -0.078714, 0.033369, -0.087231, 0.04886, 0.046922, -0.437612, 0.038236, 0.294512, 0.412061, 0.01809, 0.033072, -0.007583, 0.322193, -0.167302, -0.684071, 0.140274, 0.18163, 0.781668, 0.357078, -0.921248, -0.198236, -0.074327, 0.221915, -0.00026, 0.278885, -0.151578, 0.500088, 0.010966, 0.01492, -0.059986, 0.110941, 0.043404, -0.414264, 0.110709, -0.037942, 0.417098, 0.696077, -0.709405, -0.013659, -2.32937, 0.318115, 0.082004, 1.226447, -2.055847, 0.097843, 0.884557]}