{"hc3d": [[-0.000871, -0.218194, 0.038528], [0.081018, -0.314913, 0.034806], [-0.080951, -0.314319, 0.037485], [-0.003167, -0.103645, 0.004392], [0.097206, -0.700095, -0.066728], [-0.132792, -0.661245, 0.243812], [-0.001596, 0.024957, 0.02791], [0.063971, -1.0371, -0.32783], [-0.082858, -1.080749, 0.314938], [-0.003687, 0.070371, 0.068324], [0.119987, -1.125029, -0.235619], [-0.126137, -1.119978, 0.442892], [-0.018518, 0.292338, 0.064422], [0.073617, 0.205107, 0.059476], [-0.09769, 0.193539, 0.05439], [-0.010887, 0.345783, 0.119345], [0.174234, 0.208546, 0.045879], [-0.201791, 0.183751, 0.073578], [0.291303, -0.008983, -0.069264], [-0.272978, -0.073584, 0.053675], [0.227141, -0.238364, 0.042512], [-0.316967, -0.327304, 0.125716], [0.223742, -0.311119, 0.094602], [-0.340688, -0.409712, 0.148064]], "im2d": [[0.009342, -0.094095], [-0.008097, 0.026626], [0.018111, -0.002164], [0.055359, -0.216978], [0.073509, 0.462601], [-0.223884, 0.349746], [0.038275, -0.360315], [0.342853, 0.852858], [-0.340617, 0.812227], [-0.00259, -0.414551], [0.225197, 0.950018], [-0.4763, 0.835273], [0.020001, -0.660586], [0.002735, -0.548406], [0.038303, -0.564677], [-0.037999, -0.723402], [-0.000156, -0.533528], [0.035227, -0.573728], [0.090091, -0.263048], [0.051781, -0.301294], [-0.037442, -0.033087], [-0.0374, -0.037207], [-0.099235, 0.04113], [-0.063515, 0.047048]], "theta": [1.116417, 0.009239, 0.133911, 2.072424, 0.268884, -2.425655, 0.224931, 0.080088, -0.031301, -0.572165, 0.003844, -0.034477, 0.218348, -0.066037, 0.011055, 0.311, -0.160141, -0.024465, 0.281798, 0.005594, 0.121931, -0.046359, 0.026701, 0.033705, -0.259772, 0.332636, 0.042786, 0.100213, -0.253363, 0.155449, 0.032283, 0.056478, 0.006557, -0.001093, 0.000974, 0.00076, 0.001927, 0.001746, -0.005537, -0.101047, 0.025839, -0.103561, 0.062747, 0.016112, -0.422582, 0.03347, 0.287887, 0.355494, -0.004343, 0.094146, 0.006721, 0.358505, -0.081693, -0.734059, 0.131454, 0.186334, 0.816236, 0.435676, -1.031292, -0.168981, 0.000702, 0.252231, 0.001976, 0.214127, -0.112598, 0.393559, 0.062511, 0.050056, -0.193083, 0.111015, 0.04362, -0.41416, 0.110646, -0.037501, 0.417331, 0.696077, -0.709405, -0.013659, -2.32937, 0.318115, 0.082004, 1.226447, -2.055847, 0.097843, 0.884557]}