{"hc3d": [[-0.000899, -0.218489, 0.038247], [0.080831, -0.315202, 0.034409], [-0.080826, -0.314601, 0.037075], [-0.003199, -0.103929, 0.004243], [0.110817, -0.679852, 0.192032], [-0.10084, -0.705915, -0.071801], [0.001523, 0.020907, 0.043742], [0.013246, -1.087403, 0.27459], [-0.148423, -1.003659, -0.375428], [0.003011, 0.068282, 0.081938], [0.119471, -1.073472, 0.363303], [-0.133885, -1.08998, -0.26543], [-0.003593, 0.289883, 0.065524], [0.085071, 0.199116, 0.064203], [-0.086501, 0.19382, 0.062312], [0.004026, 0.353638, 0.108265], [0.180393, 0.194569, 0.029561], [-0.188304, 0.191509, 0.092692], [0.187536, -0.042359, -0.104495], [-0.292073, -0.053706, 0.117899], [0.364932, -0.232566, -0.066588], [-0.205016, -0.172467, 0.3408], [0.440807, -0.278524, -0.078351], [-0.180655, -0.189711, 0.424172]], "im2d": [[0.012789, -0.105207], [0.062079, 0.018337], [-0.045176, -0.015706], [0.051031, -0.234128], [-0.090196, 0.436197], [0.012309, 0.406145], [0.027247, -0.368782], [-0.259641, 0.870729], [0.237363, 0.707916], [-0.00324, -0.418632], [-0.270982, 0.882399], [0.139542, 0.81249], [0.024106, -0.665666], [0.076033, -0.547108], [-0.03392, -0.576953], [-0.005342, -0.732077], [0.169264, -0.524275], [-0.127963, -0.593796], [0.278993, -0.268719], [-0.236727, -0.34308], [0.345088, -0.019714], [-0.393388, -0.181246], [0.401641, 0.046114], [-0.45527, -0.152429]], "theta": [1.125129, 0.012266, 0.124983, 2.902684, 0.232205, -1.490484, -0.44778, 0.159276, -0.038523, 0.23725, 0.032351, 0.05218, 0.344845, 0.031962, -0.003816, 0.17219, 0.141443, -0.12994, 0.453995, 0.264484, -0.083738, -0.221086, -0.020911, 0.014885, -0.428095, 0.357448, 0.194049, -0.413152, 0.025047, 0.060541, 0.020191, 0.018081, 0.006503, -0.002382, 0.001559, 0.003113, 0.001467, 0.002557, -0.006446, -0.252673, 0.004652, -0.07362, -0.034814, 0.195387, -0.475415, -0.041353, 0.389004, 0.326217, -0.134051, -0.103694, 0.045208, 0.153009, 0.177086, -0.944633, 0.329954, 0.216401, 0.743328, -0.497896, -0.739902, 0.349722, 0.038042, 1.069798, -0.202396, -0.064099, -0.126303, 0.546351, -0.039785, 0.268496, -0.353185, 0.108966, 0.043532, -0.409986, 0.11068, -0.038066, 0.417714, 0.687399, -0.689914, 0.007083, -2.285835, 0.348871, 0.081789, 1.260622, -2.041101, 0.108869, 0.873201]}