{"hc3d": [[-0.000899, -0.218489, 0.038247], [0.080831, -0.315202, 0.034409], [-0.080826, -0.314601, 0.037075], [-0.003199, -0.103929, 0.004243], [0.091345, -0.713259, 0.021994], [-0.115969, -0.694268, 0.178493], [0.002318, 0.023298, 0.035055], [0.03131, -1.132456, -0.033712], [-0.117794, -1.036175, -0.078802], [0.003369, 0.070121, 0.073939], [0.107324, -1.160787, 0.07928], [-0.146686, -1.139918, 0.011558], [0.013531, 0.291622, 0.057985], [0.095334, 0.19463, 0.059582], [-0.075987, 0.201863, 0.051486], [0.01592, 0.352423, 0.105386], [0.193573, 0.172992, 0.045882], [-0.179394, 0.198506, 0.075729], [0.241722, -0.094689, 0.032259], [-0.240906, -0.055824, 0.020354], [0.300936, -0.333785, 0.123976], [-0.286412, -0.313175, 0.075735], [0.344898, -0.406206, 0.152784], [-0.295765, -0.400116, 0.089725]], "im2d": [[0.013032, -0.105317], [0.062426, 0.018404], [-0.044969, -0.015696], [0.051285, -0.234438], [0.05097, 0.460111], [-0.225881, 0.404985], [0.036078, -0.372237], [0.031847, 0.908063], [-0.016437, 0.768023], [0.004567, -0.421579], [-0.024589, 0.961653], [-0.125861, 0.881923], [0.042322, -0.665349], [0.086755, -0.540993], [-0.016547, -0.585051], [0.004907, -0.729386], [0.16152, -0.497435], [-0.106207, -0.601437], [0.185337, -0.192167], [-0.114302, -0.336108], [0.1218, 0.08981], [-0.213868, -0.057776], [0.118516, 0.180686], [-0.239263, 0.037233]], "theta": [1.126753, 0.012465, 0.12502, 2.902985, 0.231953, -1.490897, -0.001815, 0.095232, -0.053806, -0.390111, 0.037816, 0.003283, 0.273506, -0.041143, -0.018345, 0.021877, 0.005852, -0.044117, 0.915838, 0.022688, -0.002054, -0.13623, 0.002341, 0.006577, -0.287707, 0.288203, 0.08973, -0.08212, -0.069713, 0.139311, 0.00833, 0.020967, -0.039349, -0.002079, 0.001872, 0.001474, 0.001708, 0.002992, -0.006633, -0.185294, -0.049091, 0.016377, 0.023451, 0.009351, -0.551175, -0.007548, 0.368713, 0.406511, -0.040238, -0.14352, 0.081532, 0.019956, -0.277261, -0.725359, 0.325755, 0.077496, 1.002464, -0.017195, -0.259266, 0.025293, 0.046217, 0.267267, -0.118399, 0.22529, -0.09927, 0.409443, -0.033769, 0.122633, -0.035672, 0.109025, 0.043361, -0.410177, 0.109959, -0.038283, 0.415933, 0.687399, -0.689914, 0.007083, -2.285835, 0.348871, 0.081789, 1.260622, -2.041101, 0.108869, 0.873201]}