{"hc3d": [[-0.000899, -0.218489, 0.038247], [0.080831, -0.315202, 0.034409], [-0.080826, -0.314601, 0.037075], [-0.003199, -0.103929, 0.004243], [0.181108, -0.696486, 0.091689], [-0.100334, -0.705253, 0.148393], [0.002824, 0.024731, 0.028262], [0.053146, -0.888564, -0.267706], [-0.088146, -1.123691, 0.059706], [0.002566, 0.070044, 0.068909], [0.15017, -0.980602, -0.229454], [-0.098194, -1.187533, 0.184548], [0.012828, 0.291648, 0.054526], [0.09475, 0.194894, 0.059932], [-0.07594, 0.201654, 0.042963], [0.007613, 0.352069, 0.102186], [0.19353, 0.173393, 0.050598], [-0.180603, 0.188463, 0.055755], [0.247737, -0.092086, 0.077794], [-0.22409, -0.063437, -0.022915], [0.292909, -0.302232, 0.229066], [-0.295679, -0.320174, -0.04104], [0.323556, -0.371326, 0.276966], [-0.321772, -0.403822, -0.053848]], "im2d": [[0.013044, -0.105324], [0.062442, 0.018406], [-0.044961, -0.015696], [0.051298, -0.234455], [0.046582, 0.464235], [-0.188921, 0.418696], [0.042758, -0.374132], [0.278991, 0.629529], [-0.130803, 0.878962], [0.008663, -0.421978], [0.300044, 0.753675], [-0.256666, 0.954629], [0.04505, -0.665771], [0.086087, -0.541426], [-0.008705, -0.585341], [0.002425, -0.730956], [0.157211, -0.497654], [-0.089411, -0.591768], [0.147669, -0.191204], [-0.064234, -0.326694], [0.022509, 0.059267], [-0.113239, -0.058645], [-0.006696, 0.144795], [-0.124668, 0.027718]], "theta": [1.126841, 0.012475, 0.125021, 2.902995, 0.231945, -1.490911, -0.191702, 0.100039, 0.165802, -0.309591, 0.071846, 0.039571, 0.220454, -0.039627, -0.020972, 1.212107, 0.230602, -0.136963, 0.392864, 0.163912, 0.034749, -0.04453, -0.03123, 0.012167, -0.451328, 0.276381, 0.10937, -0.028207, -0.141549, 0.131241, -0.024064, 0.002288, -0.031299, -0.00249, 0.002162, 0.001635, 0.001802, 0.003117, -0.007054, -0.177433, -0.140475, 0.030227, 0.065851, 0.019292, -0.55964, 0.025888, 0.31955, 0.500971, 0.013663, -0.137754, 0.141507, -0.000965, -0.466429, -0.656081, 0.316662, 0.037225, 0.967994, -0.01301, -0.358136, 0.050472, -0.040601, 0.05155, -0.110453, 0.239324, -0.082193, 0.27953, -0.066434, 0.03503, -0.112232, 0.108959, 0.043219, -0.41036, 0.109331, -0.038163, 0.415862, 0.687399, -0.689914, 0.007083, -2.285835, 0.348871, 0.081789, 1.260622, -2.041101, 0.108869, 0.873201]}