{"hc3d": [[-0.000844, -0.218964, 0.038961], [0.0814, -0.315931, 0.035464], [-0.081289, -0.315345, 0.038127], [-0.003132, -0.104028, 0.00435], [0.084293, -0.695953, 0.155923], [-0.123552, -0.720079, 0.044776], [0.001708, 0.025157, 0.024545], [0.05509, -1.110835, 0.055515], [-0.10397, -0.941769, -0.321645], [0.00816, 0.073583, 0.061223], [0.092916, -1.128353, 0.188525], [-0.141235, -1.044356, -0.232476], [0.010217, 0.295721, 0.040273], [0.093879, 0.200272, 0.029757], [-0.077434, 0.203724, 0.050255], [0.01573, 0.347237, 0.09733], [0.190217, 0.186328, -0.000521], [-0.179916, 0.202601, 0.079964], [0.203419, -0.036665, -0.157041], [-0.256195, -0.052381, 0.111815], [0.2018, -0.224998, 0.027042], [-0.249184, -0.206793, 0.330302], [0.211302, -0.288759, 0.089525], [-0.25235, -0.243303, 0.411256]], "im2d": [[0.007357, -0.10959], [0.106234, 1.7e-05], [-0.084719, 0.003773], [0.001849, -0.249269], [0.118971, 0.463119], [-0.124491, 0.47465], [0.004414, -0.395058], [0.094668, 0.924807], [-0.096486, 0.660249], [0.010847, -0.444212], [0.139617, 0.9698], [-0.137645, 0.797094], [0.007849, -0.705476], [0.108346, -0.599013], [-0.09278, -0.594932], [0.013124, -0.75426], [0.221722, -0.591024], [-0.213003, -0.585438], [0.242476, -0.363326], [-0.296308, -0.28226], [0.245326, -0.109784], [-0.284118, -0.061571], [0.258088, -0.024158], [-0.28687, -0.003631]], "theta": [1.173907, 0.007112, 0.125609, 3.306263, -0.034296, -0.001449, -0.333365, -0.057973, -0.068293, -0.061091, -0.068843, -0.009371, 0.197399, 0.097333, -0.003517, 0.439603, -0.152243, -0.052737, 0.968196, 0.075285, -0.004611, -0.101057, 0.007511, -0.023361, -0.424819, 0.292515, 0.118344, -0.438403, -0.050889, -0.014694, 0.030624, 0.045305, -0.020458, -0.004485, 0.003181, 0.004895, 0.002666, 0.00462, -0.011087, 0.011847, -0.19114, -0.030328, 0.080135, 0.02789, -0.499528, -0.077623, 0.259467, 0.381387, 0.129814, -0.085027, 0.034421, 0.394625, 0.09636, -0.89941, 0.126784, 0.195584, 0.836267, 0.118054, -1.233431, 0.139646, -0.108937, 0.750049, -0.142187, -0.136292, -0.149437, 0.273368, -0.347268, 0.260585, -0.275568, 0.108448, 0.041159, -0.411054, 0.107656, -0.03415, 0.416442, 0.726013, -0.770506, -0.002252, -2.328797, 0.363375, 0.048901, 1.254361, -2.043021, 0.093717, 0.863693]}