{"hc3d": [[-0.000844, -0.218964, 0.038961], [0.0814, -0.315931, 0.035464], [-0.081289, -0.315345, 0.038127], [-0.003132, -0.104028, 0.00435], [0.066901, -0.713974, 0.018536], [-0.124225, -0.700947, 0.16104], [0.007439, 0.024441, 0.026803], [0.005159, -1.130046, -0.059782], [-0.09784, -1.013126, -0.131607], [0.012032, 0.071295, 0.065733], [0.053013, -1.16495, 0.066396], [-0.138504, -1.11557, -0.043769], [0.019763, 0.293044, 0.042154], [0.102668, 0.196365, 0.042698], [-0.069797, 0.202359, 0.043159], [0.022571, 0.344509, 0.099454], [0.201524, 0.176079, 0.02827], [-0.174076, 0.189408, 0.061717], [0.253785, -0.086156, -0.025584], [-0.234028, -0.070928, 0.039812], [0.27756, -0.322218, 0.08873], [-0.277147, -0.322633, 0.119898], [0.297715, -0.397273, 0.133679], [-0.27568, -0.405855, 0.151021]], "im2d": [[0.00758, -0.109688], [0.1066, 3.9e-05], [-0.084593, 0.003823], [0.002052, -0.249546], [0.099296, 0.458507], [-0.125517, 0.475579], [0.011346, -0.394377], [0.036873, 0.927158], [-0.087078, 0.780254], [0.015623, -0.441277], [0.094054, 0.990835], [-0.132292, 0.916959], [0.019262, -0.703059], [0.119053, -0.592901], [-0.083761, -0.595574], [0.021342, -0.75171], [0.235707, -0.574574], [-0.205972, -0.574445], [0.303504, -0.282282], [-0.270063, -0.275456], [0.337304, 0.012857], [-0.314513, 0.032824], [0.36286, 0.108051], [-0.310728, 0.135267]], "theta": [1.175381, 0.007294, 0.125643, 3.306542, -0.034531, -0.001832, 0.012444, 0.058983, -0.116913, -0.349447, -0.03213, -0.00607, 0.214693, 0.047921, -0.050016, 0.050698, -0.156907, -0.012555, 0.98498, -0.011672, -0.002424, -0.078873, -0.008528, 0.018758, -0.302569, 0.289014, 0.012493, -0.190929, -0.060021, 0.082914, -0.021545, -0.004935, -0.01841, -0.004397, 0.003426, 0.004244, 0.002621, 0.00528, -0.011263, 0.022887, -0.082219, 0.008047, 0.022927, -0.027477, -0.531846, -0.009886, 0.270815, 0.507599, 0.090307, -0.153133, 0.01648, 0.162298, -0.132077, -0.75299, 0.179982, 0.101105, 0.852539, 0.128573, -0.516341, -0.014137, -0.109627, 0.274601, -0.026022, -0.059692, -0.20567, 0.31645, -0.501554, 0.190752, 0.018965, 0.107285, 0.041459, -0.408123, 0.108171, -0.035433, 0.415413, 0.726013, -0.770506, -0.002252, -2.328797, 0.363375, 0.048901, 1.254361, -2.043021, 0.093717, 0.863693]}