{"hc3d": [[-0.000844, -0.218964, 0.038961], [0.0814, -0.315931, 0.035464], [-0.081289, -0.315345, 0.038127], [-0.003132, -0.104028, 0.00435], [0.047326, -0.703223, -0.052736], [-0.086486, -0.654126, 0.263606], [0.010604, 0.023668, 0.029354], [-0.000366, -1.03195, -0.322413], [-0.079992, -1.082731, 0.270619], [0.015611, 0.070848, 0.067837], [0.03689, -1.096558, -0.204655], [-0.116049, -1.110106, 0.40409], [0.030176, 0.293435, 0.062223], [0.110586, 0.19467, 0.061854], [-0.061166, 0.205518, 0.049066], [0.026557, 0.343411, 0.120781], [0.211048, 0.180617, 0.05175], [-0.16778, 0.201461, 0.047206], [0.283277, -0.072959, -0.018113], [-0.227295, -0.018294, -0.094267], [0.271616, -0.205384, 0.209233], [-0.247958, -0.204253, 0.097098], [0.294083, -0.24178, 0.288166], [-0.24894, -0.259943, 0.166339]], "im2d": [[0.007609, -0.109702], [0.106648, 4.1e-05], [-0.084578, 0.003829], [0.002079, -0.249586], [0.076031, 0.432822], [-0.082225, 0.440295], [0.015112, -0.393128], [0.027845, 0.762962], [-0.064083, 0.93839], [0.019867, -0.44051], [0.073298, 0.85972], [-0.105698, 0.996799], [0.031526, -0.700001], [0.128455, -0.587524], [-0.073686, -0.598401], [0.026088, -0.746534], [0.246869, -0.575625], [-0.198894, -0.591467], [0.337927, -0.296904], [-0.263557, -0.362595], [0.327626, -0.099154], [-0.283151, -0.109518], [0.35498, -0.042248], [-0.282892, -0.031548]], "theta": [1.175586, 0.007317, 0.125647, 3.306571, -0.034554, -0.001871, 0.19471, 0.047764, -0.163709, -0.619702, 0.10563, 0.057411, 0.23305, 0.012952, -0.076713, 0.368866, -0.249182, 0.006141, 0.48523, -0.06305, -0.071255, -0.108501, -0.018734, 0.009297, -0.528421, 0.32618, 0.097947, -0.045115, -0.062501, 0.002281, 0.070576, -0.039044, 0.003092, -0.004154, 0.003116, 0.004238, 0.002241, 0.003866, -0.009243, -0.024744, -0.132365, 0.022485, 0.059587, 0.01421, -0.463696, 0.066986, 0.145232, 0.462047, 0.01427, -0.161183, 0.101348, 0.181929, -0.186808, -0.735544, 0.367613, -0.086257, 0.964522, -0.05638, -1.187887, 0.09012, -0.173476, 1.226905, -0.229307, -0.025982, -0.157281, 0.467064, -0.641203, 0.198074, -0.090122, 0.107837, 0.042045, -0.408404, 0.109028, -0.035088, 0.416119, 0.726013, -0.770506, -0.002252, -2.328797, 0.363375, 0.048901, 1.254361, -2.043021, 0.093717, 0.863693]}