{"hc3d": [[-0.000893, -0.218403, 0.038403], [0.080893, -0.315119, 0.034655], [-0.080882, -0.314532, 0.037316], [-0.003188, -0.103802, 0.004276], [0.097966, -0.712564, 0.010272], [-0.166416, -0.67405, 0.207452], [0.00057, 0.025099, 0.026434], [0.044678, -1.126845, -0.080429], [-0.109575, -1.045106, 0.001372], [0.001821, 0.071626, 0.065654], [0.10819, -1.162424, 0.038174], [-0.169764, -1.137555, 0.088643], [-0.009125, 0.293502, 0.054225], [0.08098, 0.20429, 0.046738], [-0.090711, 0.196112, 0.053116], [-0.002315, 0.350885, 0.10514], [0.179885, 0.19947, 0.023586], [-0.191712, 0.175882, 0.079894], [0.304124, -0.042903, 0.014164], [-0.244816, -0.086077, 0.094125], [0.298439, -0.261599, 0.16017], [-0.274968, -0.336527, 0.18256], [0.325471, -0.315612, 0.226281], [-0.29301, -0.415661, 0.218134]], "im2d": [[0.016852, -0.09349], [0.017226, 0.030841], [0.002664, -0.009261], [0.065684, -0.214699], [0.005588, 0.465099], [-0.226633, 0.343324], [0.054451, -0.35445], [0.060152, 0.905847], [-0.032838, 0.773678], [0.016035, -0.407475], [-0.06931, 0.949874], [-0.142448, 0.851514], [0.049983, -0.648194], [0.055821, -0.529622], [0.035578, -0.562993], [0.000184, -0.712522], [0.087963, -0.498538], [-0.003208, -0.567899], [0.083099, -0.206544], [-0.048872, -0.299773], [-0.09981, 0.015701], [-0.173374, -0.044548], [-0.175994, 0.075029], [-0.221726, 0.033404]], "theta": [1.107195, 0.016113, 0.133964, 2.360123, 0.344165, -2.188617, 0.028649, 0.074013, -0.036867, -0.484412, -0.06116, -0.107124, 0.208708, 0.030666, 0.001335, 0.065596, -0.110918, -0.061851, 0.888523, -0.063005, 0.123285, -0.063163, -0.007745, 0.022798, -0.29886, 0.324426, 0.085834, -0.06553, -0.183965, 0.085205, 0.019992, 0.056045, 0.003451, -0.007915, 0.006209, 0.006594, 0.000123, 0.006704, -0.010127, -0.135008, -0.004535, -0.04111, 0.063923, 0.03489, -0.482821, 0.001483, 0.320393, 0.48043, -0.090583, -0.022121, 0.041664, 0.159058, -0.425531, -0.560364, 0.296545, 0.30219, 0.748932, 0.287516, -0.649169, -0.221613, -0.066668, 0.165134, -0.044284, 0.409911, -0.082927, 0.549046, 0.128759, 0.109276, -0.231092, 0.10319, 0.040957, -0.403687, 0.10544, -0.038691, 0.412519, 0.697734, -0.710743, -0.020547, -2.305019, 0.349163, 0.105132, 1.254702, -2.024323, 0.088387, 0.897077]}