{"hc3d": [[-0.000893, -0.218403, 0.038403], [0.080893, -0.315119, 0.034655], [-0.080882, -0.314532, 0.037316], [-0.003188, -0.103802, 0.004276], [0.09572, -0.70966, -0.019813], [-0.160037, -0.654869, 0.245693], [0.000101, 0.024744, 0.028476], [0.04378, -1.118286, -0.133925], [-0.122848, -1.069392, 0.144844], [-0.000243, 0.072386, 0.066354], [0.108615, -1.160017, -0.018075], [-0.17615, -1.137098, 0.256021], [-0.013839, 0.294364, 0.061859], [0.077742, 0.206609, 0.055113], [-0.093935, 0.196038, 0.054175], [-0.005764, 0.350679, 0.113773], [0.177263, 0.214423, 0.035722], [-0.198906, 0.189988, 0.070666], [0.317927, -0.008867, -0.032275], [-0.28054, -0.062374, 0.034687], [0.22849, -0.196133, 0.129315], [-0.305136, -0.305269, 0.143554], [0.227219, -0.239549, 0.207622], [-0.327267, -0.380194, 0.185383]], "im2d": [[0.018228, -0.093783], [0.018992, 0.031532], [0.004348, -0.009084], [0.066948, -0.21599], [0.042379, 0.467429], [-0.265219, 0.324328], [0.052764, -0.356521], [0.12567, 0.906863], [-0.190724, 0.791031], [0.015349, -0.411252], [-0.002062, 0.958998], [-0.324366, 0.842666], [0.04076, -0.655038], [0.046425, -0.536801], [0.033973, -0.567465], [-0.010764, -0.718207], [0.075902, -0.519293], [0.007485, -0.587999], [0.139949, -0.237169], [0.017087, -0.331495], [-0.063734, -0.06867], [-0.128812, -0.082581], [-0.154817, -0.028017], [-0.184014, -0.010021]], "theta": [1.115034, 0.017241, 0.134295, 2.362485, 0.342043, -2.191872, 0.104969, 0.071817, -0.040002, -0.585996, -0.025631, -0.098252, 0.223341, -0.013772, 0.001874, 0.044758, -0.132688, -0.05687, 0.708728, -0.006141, 0.137195, -0.106671, -0.002017, 0.027252, -0.291784, 0.351906, 0.114194, -0.032095, -0.211171, 0.08581, 0.081983, 0.055133, 0.01756, -0.004415, 0.002301, 0.006104, 0.002712, 0.00469, -0.011536, -0.147418, 0.037863, -0.07793, 0.079801, 0.063998, -0.383519, 0.011519, 0.235997, 0.336552, -0.121125, 0.075382, 0.034279, 0.280696, -0.285267, -0.633774, 0.322088, 0.203477, 0.8419, 0.446171, -1.201288, -0.191304, -0.047605, 0.468973, -0.082611, 0.381244, -0.05569, 0.585618, 0.167721, 0.07064, -0.280703, 0.109483, 0.041545, -0.409901, 0.109369, -0.033975, 0.41965, 0.697734, -0.710743, -0.020547, -2.305019, 0.349163, 0.105132, 1.254702, -2.024323, 0.088387, 0.897077]}