{"hc3d": [[-0.000893, -0.218403, 0.038403], [0.080893, -0.315119, 0.034655], [-0.080882, -0.314532, 0.037316], [-0.003188, -0.103802, 0.004276], [0.133153, -0.705985, -0.023155], [-0.106595, -0.678651, 0.216959], [0.00094, 0.026095, 0.019452], [0.107661, -0.929533, -0.38657], [-0.077632, -1.105161, 0.191791], [-0.003656, 0.071127, 0.060141], [0.181798, -1.033635, -0.3315], [-0.11331, -1.161747, 0.315527], [-0.008777, 0.293386, 0.052793], [0.079784, 0.202497, 0.058261], [-0.090636, 0.19778, 0.035447], [-0.007125, 0.355833, 0.09784], [0.181006, 0.193659, 0.062441], [-0.193796, 0.175244, 0.048775], [0.288303, -0.052193, 0.110527], [-0.257737, -0.084276, 0.034437], [0.259881, -0.23739, 0.295115], [-0.308336, -0.329039, 0.129231], [0.259191, -0.293508, 0.364893], [-0.335799, -0.404872, 0.16595]], "im2d": [[0.020232, -0.094346], [0.0215, 0.03244], [0.006724, -0.008911], [0.068885, -0.218034], [0.054061, 0.478297], [-0.230089, 0.370557], [0.064161, -0.360526], [0.438878, 0.743832], [-0.239107, 0.847245], [0.022377, -0.414051], [0.372982, 0.872454], [-0.38562, 0.891204], [0.050741, -0.658449], [0.042714, -0.537036], [0.055367, -0.572855], [0.006135, -0.729823], [0.044628, -0.502308], [0.030794, -0.574968], [-0.024089, -0.209467], [0.01824, -0.305412], [-0.250137, -0.027192], [-0.114289, -0.056756], [-0.333569, 0.029002], [-0.164449, 0.016789]], "theta": [1.126945, 0.018846, 0.134684, 2.365494, 0.33941, -2.196007, 0.113503, 0.044255, 0.052583, -0.490949, 0.060508, 0.020601, 0.151001, -0.094308, -0.007245, 0.787541, -0.001031, -0.027907, 0.422461, 0.072851, 0.058049, 0.03233, -0.023609, 0.046056, -0.299979, 0.313229, 0.043048, 0.056365, -0.245932, 0.09567, 0.005798, 0.025748, -0.013806, -0.003967, 0.002818, 0.003624, 0.002488, 0.004353, -0.00974, -0.264487, 0.054321, -0.031346, 0.024828, -0.077868, -0.479129, 0.019487, 0.367143, 0.508982, -0.016554, 0.068769, 0.04477, 0.086154, -0.467364, -0.555186, 0.239057, 0.199255, 0.721782, 0.326104, -0.64522, -0.057077, 0.021179, 0.272834, -0.100686, 0.409931, -0.133188, 0.256943, 0.012784, 0.102764, -0.263056, 0.108032, 0.042691, -0.408461, 0.108707, -0.035933, 0.415803, 0.697734, -0.710743, -0.020547, -2.305019, 0.349163, 0.105132, 1.254702, -2.024323, 0.088387, 0.897077]}