{"hc3d": [[-0.000893, -0.218403, 0.038403], [0.080893, -0.315119, 0.034655], [-0.080882, -0.314532, 0.037316], [-0.003188, -0.103802, 0.004276], [0.149314, -0.701978, 0.101794], [-0.139087, -0.707167, 0.126567], [0.000103, 0.025725, 0.022511], [0.078571, -0.988802, -0.207111], [-0.086598, -1.116663, 0.012812], [-0.000889, 0.071931, 0.062116], [0.161413, -1.064318, -0.124644], [-0.137899, -1.174436, 0.130354], [-0.006977, 0.29357, 0.044268], [0.081864, 0.202817, 0.046483], [-0.089888, 0.19745, 0.038866], [-0.003674, 0.352201, 0.094098], [0.182023, 0.188325, 0.0365], [-0.189731, 0.170659, 0.064189], [0.274598, -0.067947, 0.031702], [-0.243435, -0.090911, 0.082677], [0.294479, -0.290129, 0.171051], [-0.291099, -0.341339, 0.163105], [0.316516, -0.362164, 0.219467], [-0.307696, -0.425869, 0.183899]], "im2d": [[0.020269, -0.094361], [0.021544, 0.032454], [0.006765, -0.00891], [0.068925, -0.218079], [-0.084379, 0.468836], [-0.133755, 0.400453], [0.060668, -0.36063], [0.23028, 0.788428], [-0.040146, 0.871021], [0.020458, -0.414468], [0.136939, 0.885897], [-0.180998, 0.912842], [0.060456, -0.657707], [0.056113, -0.536104], [0.051575, -0.57268], [0.010243, -0.724849], [0.073305, -0.494386], [0.013404, -0.570183], [0.061835, -0.189834], [-0.035374, -0.298184], [-0.11341, 0.048486], [-0.152118, -0.041461], [-0.172713, 0.129419], [-0.184439, 0.045536]], "theta": [1.12719, 0.018875, 0.134689, 2.365533, 0.339379, -2.196059, -0.200434, 0.011743, 0.089062, -0.265146, -0.042638, -0.044198, 0.177202, -0.010577, 0.002335, 0.917139, 0.125598, -0.140569, 0.415699, 0.054995, 0.137429, -0.02378, -0.023824, 0.028082, -0.457114, 0.293336, 0.155799, -0.168995, -0.244911, 0.099057, -0.014387, 0.029621, -0.009217, -0.004324, 0.003212, 0.003781, 0.002383, 0.004963, -0.010593, -0.132676, 0.037875, -0.005073, 0.04214, -0.02765, -0.545297, 0.022663, 0.393642, 0.557052, 0.036992, -0.0242, 0.011111, 0.158191, -0.338465, -0.6247, 0.230941, 0.241586, 0.685909, 0.178636, -0.494365, -0.062301, 0.034763, 0.096386, -0.042031, 0.344987, -0.077213, 0.26266, 0.08609, 0.066467, -0.06841, 0.107349, 0.042214, -0.407692, 0.108036, -0.036028, 0.415148, 0.697734, -0.710743, -0.020547, -2.305019, 0.349163, 0.105132, 1.254702, -2.024323, 0.088387, 0.897077]}