{"hc3d": [[-0.000893, -0.218403, 0.038403], [0.080893, -0.315119, 0.034655], [-0.080882, -0.314532, 0.037316], [-0.003188, -0.103802, 0.004276], [0.151839, -0.66122, 0.219127], [-0.162442, -0.701845, -0.056768], [-0.005076, 0.022606, 0.038011], [0.114112, -1.086562, 0.237992], [-0.135418, -1.100534, -0.210717], [-0.006232, 0.070035, 0.076139], [0.201157, -1.098915, 0.345866], [-0.16707, -1.157248, -0.085948], [-0.019642, 0.291882, 0.067021], [0.071861, 0.203926, 0.062057], [-0.099826, 0.193486, 0.061434], [-0.016394, 0.350513, 0.116855], [0.168526, 0.206706, 0.030598], [-0.199873, 0.180722, 0.095423], [0.244124, -0.03909, -0.059613], [-0.287892, -0.044942, 0.209322], [0.351396, -0.278636, -0.042633], [-0.231733, -0.162476, 0.442747], [0.413686, -0.342962, -0.043539], [-0.215597, -0.176267, 0.528786]], "im2d": [[0.020287, -0.094369], [0.021564, 0.032461], [0.006784, -0.00891], [0.068946, -0.218101], [-0.211965, 0.41617], [0.070585, 0.402344], [0.042638, -0.359689], [-0.275091, 0.871773], [0.208409, 0.857695], [0.004179, -0.414805], [-0.390796, 0.899167], [0.060977, 0.902752], [0.033872, -0.660778], [0.038032, -0.541031], [0.02519, -0.57255], [-0.016356, -0.72794], [0.08064, -0.51754], [-0.021423, -0.586127], [0.164658, -0.222392], [-0.176373, -0.369112], [0.131397, 0.065928], [-0.444798, -0.243377], [0.131045, 0.152143], [-0.541349, -0.23056]], "theta": [1.127315, 0.018889, 0.134691, 2.365549, 0.339366, -2.196081, -0.513445, -0.006677, 0.101229, 0.183785, -0.097885, -0.120735, 0.29841, 0.000559, 0.04294, 0.36218, 0.162188, -0.115849, 0.05619, 0.222198, 0.152946, -0.176641, -0.006742, 0.008265, -0.204887, 0.31314, 0.165481, -0.242297, -0.145374, 0.0793, 0.055875, 0.046806, -0.004804, -0.004616, 0.003532, 0.004338, 0.002089, 0.004838, -0.010035, -0.170042, 0.00365, -0.025159, -0.022786, 0.158887, -0.436502, -0.028903, 0.423886, 0.382181, 0.002738, 0.016105, 0.003482, 0.137407, -0.090813, -0.823936, 0.194909, 0.462836, 0.469563, -0.026938, -0.268213, 0.024912, 0.051307, 0.702083, -0.141294, 0.327328, -0.058296, 0.460119, 0.296659, 0.227096, -0.382596, 0.106784, 0.042381, -0.406627, 0.108687, -0.036393, 0.415203, 0.697734, -0.710743, -0.020547, -2.305019, 0.349163, 0.105132, 1.254702, -2.024323, 0.088387, 0.897077]}