{"hc3d": [[-0.000893, -0.218403, 0.038403], [0.080893, -0.315119, 0.034655], [-0.080882, -0.314532, 0.037316], [-0.003188, -0.103802, 0.004276], [0.213873, -0.679601, 0.125861], [-0.167447, -0.706949, 0.100804], [-0.005939, 0.021181, 0.042908], [-0.023371, -0.985227, -0.055805], [-0.248858, -1.09427, -0.062712], [-0.007575, 0.066626, 0.083363], [0.109656, -0.999756, -0.017609], [-0.179192, -1.125171, 0.055514], [-0.024422, 0.288307, 0.076118], [0.068537, 0.201869, 0.071542], [-0.102938, 0.188705, 0.068572], [-0.027109, 0.351166, 0.120539], [0.163909, 0.197243, 0.036555], [-0.201074, 0.164517, 0.101916], [0.233404, -0.038352, -0.081487], [-0.280108, -0.050067, 0.241029], [0.35557, -0.265254, -0.02886], [-0.203009, -0.128023, 0.484819], [0.420724, -0.326675, -0.029918], [-0.184607, -0.140758, 0.570565]], "im2d": [[0.020289, -0.094371], [0.021567, 0.032462], [0.006786, -0.00891], [0.068949, -0.218104], [-0.104548, 0.45876], [-0.106913, 0.395064], [0.036956, -0.358708], [0.053574, 0.747895], [0.034745, 0.811494], [-0.004332, -0.411941], [0.019155, 0.794339], [-0.095551, 0.854111], [0.022994, -0.658737], [0.026966, -0.540316], [0.016519, -0.568622], [-0.021212, -0.731622], [0.072752, -0.508765], [-0.030284, -0.569143], [0.188469, -0.224275], [-0.211824, -0.363887], [0.117498, 0.051282], [-0.486692, -0.277071], [0.117796, 0.135042], [-0.582653, -0.264823]], "theta": [1.127332, 0.018891, 0.134691, 2.36555, 0.339365, -2.196083, -0.331079, 0.31223, 0.223992, -0.167975, 0.176483, -0.129607, 0.337182, -0.041065, 0.044294, 0.971532, 0.313056, -0.392932, 0.438842, 0.476747, 0.142098, -0.165681, -0.013324, -0.011401, -0.776568, 0.453487, 0.557364, -0.495605, 0.114365, 0.106701, 0.015454, 0.083817, 0.030829, -0.006884, 0.004895, 0.006363, 0.002355, 0.005876, -0.012659, -0.273061, -0.091135, -0.024314, -0.000991, 0.194156, -0.542396, 0.065312, 0.4356, 0.462403, 0.043044, 0.016261, -0.025327, 0.20774, -0.041214, -0.744654, 0.163097, 0.577869, 0.277598, -0.279501, -0.531486, 0.070491, -0.052494, 0.765998, -0.16172, 0.258386, -0.00947, 0.475177, 0.341793, 0.12504, -0.271671, 0.105036, 0.041789, -0.404387, 0.106887, -0.03368, 0.414919, 0.697734, -0.710743, -0.020547, -2.305019, 0.349163, 0.105132, 1.254702, -2.024323, 0.088387, 0.897077]}