{"hc3d": [[-0.000886, -0.218283, 0.038427], [0.080893, -0.314992, 0.034669], [-0.080861, -0.314394, 0.037347], [-0.003185, -0.103724, 0.00433], [0.087819, -0.712819, 0.058658], [-0.131088, -0.664543, 0.238455], [0.002153, 0.025653, 0.023176], [0.076307, -0.94764, -0.298425], [-0.08896, -1.077755, 0.133863], [0.002428, 0.070294, 0.064496], [0.111137, -1.046346, -0.206688], [-0.15423, -1.140455, 0.241532], [0.0023, 0.29266, 0.068092], [0.088598, 0.199755, 0.06282], [-0.08276, 0.199789, 0.052067], [0.001609, 0.347108, 0.12262], [0.187791, 0.178073, 0.064603], [-0.186134, 0.185519, 0.072232], [0.254887, -0.07617, -0.007032], [-0.259316, -0.071617, 0.086101], [0.224006, -0.292164, 0.139998], [-0.339458, -0.309195, 0.179043], [0.240606, -0.352569, 0.203991], [-0.374896, -0.383145, 0.21267]], "im2d": [[0.001215, -0.09021], [-0.080917, 0.019437], [0.072625, 0.013904], [0.029829, -0.211174], [-0.125468, 0.454979], [-0.015175, 0.366154], [0.021859, -0.356984], [0.074737, 0.772586], [-0.021132, 0.84076], [0.00077, -0.413053], [-0.016936, 0.867473], [-0.023751, 0.89053], [0.012394, -0.659189], [-0.072973, -0.553371], [0.09739, -0.556339], [-0.014698, -0.728284], [-0.17038, -0.527003], [0.184107, -0.546726], [-0.20936, -0.232663], [0.230673, -0.267072], [-0.27671, -0.019141], [0.240043, -0.022187], [-0.332767, 0.037508], [0.250339, 0.052979]], "theta": [1.116702, 0.001975, 0.1375, 0.83182, 0.232352, -3.004291, -0.081945, -0.12121, -0.063636, -0.558114, -0.005582, -0.027854, 0.18237, -0.016583, -0.013831, 0.933746, -0.058494, -0.123887, 0.693255, -0.090137, 0.051165, 0.008968, -0.005119, 0.025761, -0.499046, 0.281255, 0.050437, -0.082201, -0.240274, 0.069888, 0.043814, -0.004027, -0.016125, -0.00032, 0.000443, -0.000714, 0.001352, 0.001391, -0.004516, -0.150582, -0.068652, -0.00825, 0.004928, -0.156339, -0.567473, 0.017108, 0.357748, 0.445956, 0.097788, 0.051568, 0.006581, 0.258596, -0.119615, -0.734305, 0.017181, 0.254102, 0.713282, 0.03438, -0.802413, 0.000451, -0.416726, 0.184446, -0.053371, 0.051493, -0.20474, 0.521684, -0.41469, 0.164097, -0.249044, 0.110838, 0.044924, -0.412335, 0.110839, -0.03832, 0.418271, 0.695057, -0.700971, -0.014764, -2.312762, 0.315495, 0.082403, 1.235449, -2.048225, 0.10865, 0.866156]}