{"hc3d": [[-0.000886, -0.218283, 0.038427], [0.080893, -0.314992, 0.034669], [-0.080861, -0.314394, 0.037347], [-0.003185, -0.103724, 0.00433], [0.096985, -0.669109, 0.216964], [-0.135102, -0.717424, 0.051366], [-0.001419, 0.025365, 0.025663], [0.097355, -1.032391, -0.008444], [-0.079962, -1.132353, -0.039474], [-0.000827, 0.069479, 0.067541], [0.139596, -1.108421, 0.100216], [-0.138175, -1.18617, 0.076711], [-0.007508, 0.291764, 0.069624], [0.081024, 0.201451, 0.059041], [-0.090588, 0.196242, 0.060139], [-0.00482, 0.341568, 0.128367], [0.181622, 0.189102, 0.052713], [-0.189578, 0.178511, 0.094535], [0.242445, -0.058386, -0.043841], [-0.253718, -0.071693, 0.164897], [0.225604, -0.312563, 0.022005], [-0.294393, -0.305827, 0.2875], [0.239097, -0.395387, 0.05327], [-0.305993, -0.383049, 0.329419]], "im2d": [[0.001289, -0.090242], [-0.080867, 0.01947], [0.072747, 0.013914], [0.0299, -0.21127], [-0.221771, 0.381211], [0.092254, 0.455378], [0.023894, -0.357339], [-0.115696, 0.819572], [0.065944, 0.930216], [0.002132, -0.412934], [-0.222778, 0.886894], [0.052245, 0.968995], [0.020868, -0.659036], [-0.063482, -0.555084], [0.100131, -0.554237], [-0.012175, -0.723628], [-0.157087, -0.537631], [0.174361, -0.543022], [-0.175407, -0.246684], [0.18053, -0.279918], [-0.212259, 0.022853], [0.135389, -0.0425], [-0.24806, 0.109594], [0.117916, 0.035614]], "theta": [1.117252, 0.00204, 0.137511, 0.83191, 0.232278, -3.004413, -0.485864, -0.246978, 0.012252, -0.079097, -0.064342, -0.038025, 0.202881, 0.038263, 0.016849, 0.911391, 0.135382, -0.099826, 0.181329, 0.024147, 0.122102, 0.001278, -0.008752, 0.028164, -0.265037, 0.214522, 0.034334, -0.141282, -0.232031, 0.070762, 0.02333, 0.015844, -0.027692, 0.001002, -9e-05, -0.002496, 0.001017, 0.000796, -0.003188, -0.062064, -0.10076, -0.053334, 0.011608, -0.127906, -0.509565, -0.00819, 0.431849, 0.440252, 0.123182, -0.030707, -0.004451, 0.291236, -0.083706, -0.836529, -0.029492, 0.342822, 0.615231, 0.160807, -0.555622, -0.094, -0.240339, 0.123353, 0.050816, 0.153274, -0.141546, 0.378283, -0.158479, 0.136985, -0.112851, 0.111832, 0.04537, -0.414202, 0.111496, -0.039761, 0.418175, 0.695057, -0.700971, -0.014764, -2.312762, 0.315495, 0.082403, 1.235449, -2.048225, 0.10865, 0.866156]}