{"hc3d": [[-0.000886, -0.218283, 0.038427], [0.080893, -0.314992, 0.034669], [-0.080861, -0.314394, 0.037347], [-0.003185, -0.103724, 0.00433], [0.051296, -0.707893, 0.095017], [-0.143338, -0.701293, 0.146788], [-0.000141, 0.026212, 0.019485], [0.02225, -1.115816, -0.029634], [-0.104636, -0.96285, -0.190182], [0.000877, 0.071318, 0.060284], [0.040137, -1.167479, 0.098361], [-0.166162, -1.075706, -0.133068], [-0.000111, 0.293692, 0.057369], [0.086249, 0.200949, 0.050508], [-0.085429, 0.200117, 0.048345], [0.00466, 0.345974, 0.113779], [0.186043, 0.182375, 0.047551], [-0.186053, 0.186314, 0.079664], [0.239404, -0.075184, -0.023782], [-0.247892, -0.070026, 0.125842], [0.232833, -0.330156, 0.040806], [-0.304386, -0.314671, 0.21783], [0.244941, -0.412983, 0.072625], [-0.323503, -0.392773, 0.255109]], "im2d": [[0.001299, -0.090248], [-0.080861, 0.019475], [0.072765, 0.013915], [0.029911, -0.211286], [-0.110778, 0.442857], [0.046749, 0.4217], [0.026251, -0.357252], [-0.036647, 0.913221], [0.18588, 0.767072], [0.004753, -0.413759], [-0.129926, 0.949783], [0.205451, 0.880691], [0.020883, -0.659001], [-0.06366, -0.553026], [0.102156, -0.556484], [-0.01268, -0.725896], [-0.158801, -0.529267], [0.179951, -0.549149], [-0.184955, -0.231516], [0.197335, -0.275211], [-0.230986, 0.03941], [0.184183, -0.021569], [-0.265776, 0.126033], [0.17651, 0.058076]], "theta": [1.11734, 0.002049, 0.137513, 0.83192, 0.232271, -3.004426, -0.178315, -0.222668, -0.143381, -0.318057, -0.051364, -0.052911, 0.154817, 0.01499, 0.005218, 0.340739, -0.098077, -0.016276, 1.116669, -0.035761, 0.019386, 0.025313, -0.003296, 0.017489, -0.248597, 0.300266, 0.02164, -0.151289, -0.185793, 0.07619, 0.025594, 0.01051, -0.029153, -0.001169, 0.001135, 7.7e-05, 0.001554, 0.002645, -0.006461, -0.085831, -0.075785, -0.064325, 0.015677, -0.145778, -0.541936, -0.049048, 0.421263, 0.440207, 0.180691, -0.009818, -0.015179, 0.24751, -0.133993, -0.800348, 0.027317, 0.258597, 0.725224, 0.136519, -0.429533, -0.070173, -0.231479, 0.067789, 0.01519, 0.073068, -0.186955, 0.346693, -0.275026, 0.192225, -0.161621, 0.109905, 0.044154, -0.41111, 0.110004, -0.038712, 0.417167, 0.695057, -0.700971, -0.014764, -2.312762, 0.315495, 0.082403, 1.235449, -2.048225, 0.10865, 0.866156]}