{"hc3d": [[-0.000886, -0.218828, 0.038645], [0.081025, -0.315635, 0.035022], [-0.081, -0.315046, 0.037687], [-0.003179, -0.10408, 0.004296], [0.147533, -0.70235, 0.103616], [-0.1306, -0.707271, 0.132942], [2.4e-05, 0.025659, 0.021725], [0.100622, -0.982801, -0.215396], [-0.088403, -1.125823, 0.053142], [-0.001108, 0.070761, 0.062738], [0.173978, -1.073934, -0.139935], [-0.140309, -1.185054, 0.169766], [-0.002861, 0.293536, 0.061429], [0.084393, 0.20103, 0.059247], [-0.087333, 0.19956, 0.046504], [-0.005333, 0.343269, 0.120276], [0.184592, 0.184486, 0.05264], [-0.192402, 0.190109, 0.061263], [0.288739, -0.066716, 0.036165], [-0.272188, -0.061966, 0.019834], [0.29744, -0.300568, 0.15616], [-0.370618, -0.310412, 0.023328], [0.31623, -0.371476, 0.207611], [-0.413662, -0.387866, 0.019931]], "im2d": [[0.017252, -0.101272], [-0.011799, 0.026478], [0.043762, -0.016059], [0.05905, -0.223662], [-0.12316, 0.459783], [-0.054595, 0.390254], [0.043747, -0.367424], [0.226715, 0.794649], [0.001177, 0.870402], [0.001668, -0.422246], [0.115948, 0.904317], [-0.107552, 0.90788], [0.011576, -0.667147], [-0.020798, -0.542923], [0.054748, -0.583807], [-0.049025, -0.729576], [-0.0504, -0.498246], [0.076425, -0.602186], [-0.079109, -0.193693], [0.140807, -0.340811], [-0.219477, 0.050657], [0.163756, -0.09369], [-0.284054, 0.127053], [0.180188, -0.019272]], "theta": [1.134182, 0.016097, 0.129537, 1.898842, 0.362044, -2.628703, -0.200254, -0.020837, 0.086797, -0.280536, -0.048742, -0.022003, 0.171647, -0.005141, 0.003384, 0.936394, 0.095377, -0.119635, 0.344494, 0.121817, 0.109073, 0.010599, -0.03455, 0.026298, -0.336273, 0.269373, 0.099847, -0.084479, -0.329495, 0.126691, 0.030844, 0.002314, -0.023214, -0.005628, 0.003289, 0.006617, 0.003642, 0.006522, -0.015026, -0.046204, -0.105776, -0.033229, 0.052543, -0.045679, -0.54987, -0.004792, 0.307715, 0.406128, 0.097693, -0.04215, 0.071952, 0.115519, -0.319005, -0.554473, 0.170005, 0.093857, 0.815265, 0.227674, -0.506965, -0.135662, -0.250289, 0.035422, -0.044934, 0.310446, -0.143137, 0.358069, -0.126914, 0.0442, -0.245787, 0.107403, 0.040816, -0.407465, 0.107372, -0.033011, 0.41745, 0.704, -0.73712, 0.004301, -2.291798, 0.336936, 0.080315, 1.240561, -2.02128, 0.085839, 0.88694]}