{"hc3d": [[-0.000886, -0.218828, 0.038645], [0.081025, -0.315635, 0.035022], [-0.081, -0.315046, 0.037687], [-0.003179, -0.10408, 0.004296], [0.146561, -0.695412, 0.135778], [-0.14223, -0.715628, 0.07173], [-0.002472, 0.025309, 0.024405], [0.098067, -1.076728, -0.050951], [-0.099466, -1.127825, -0.035969], [-0.001045, 0.072418, 0.063086], [0.179724, -1.140316, 0.042159], [-0.140968, -1.19322, 0.081524], [-0.008966, 0.294679, 0.050023], [0.079845, 0.203984, 0.042118], [-0.092053, 0.198317, 0.050661], [-0.002931, 0.342043, 0.110544], [0.176704, 0.193907, 0.012553], [-0.192157, 0.184596, 0.084392], [0.257861, -0.058589, -0.049735], [-0.268341, -0.069365, 0.12078], [0.312611, -0.310707, 0.001254], [-0.326256, -0.313189, 0.213632], [0.349885, -0.389614, 0.021567], [-0.350528, -0.39175, 0.246837]], "im2d": [[0.017724, -0.101435], [-0.011269, 0.026688], [0.044411, -0.016065], [0.059487, -0.22417], [-0.156494, 0.449406], [0.016159, 0.404962], [0.041983, -0.368854], [0.049217, 0.8793], [0.102685, 0.882791], [0.001395, -0.425036], [-0.08279, 0.959053], [-0.011169, 0.929816], [0.025926, -0.670151], [-0.000737, -0.546456], [0.051961, -0.585581], [-0.039853, -0.728075], [-0.004211, -0.506799], [0.051306, -0.600384], [0.024967, -0.200375], [0.030938, -0.344894], [-0.058372, 0.085079], [-0.056528, -0.102702], [-0.096422, 0.179084], [-0.086226, -0.026512]], "theta": [1.137059, 0.016473, 0.12962, 1.899508, 0.36147, -2.629616, -0.287783, 0.012425, 0.081816, -0.127586, -0.04608, -0.054517, 0.192899, 0.028278, 0.024396, 0.635243, 0.122191, -0.104204, 0.258623, 0.112653, 0.134781, -0.059994, 0.004327, 0.002506, -0.244088, 0.294232, 0.115686, -0.090328, -0.230716, 0.13334, 0.026598, 0.054717, -0.01543, -0.004052, 0.002847, 0.004092, 0.002647, 0.004862, -0.011121, 0.049913, -0.041581, -0.02004, 0.031395, 0.077346, -0.524826, -0.007585, 0.36907, 0.427472, 0.107201, -0.032828, 0.028323, 0.14457, -0.214445, -0.69383, 0.17472, 0.249738, 0.699085, 0.175138, -0.306958, -0.116693, -0.019909, 0.10807, -0.00156, 0.335513, -0.119865, 0.340415, 0.126966, 0.101536, -0.173731, 0.107767, 0.042259, -0.408539, 0.10865, -0.03554, 0.416225, 0.704, -0.73712, 0.004301, -2.291798, 0.336936, 0.080315, 1.240561, -2.02128, 0.085839, 0.88694]}