{"hc3d": [[-0.000886, -0.218828, 0.038645], [0.081025, -0.315635, 0.035022], [-0.081, -0.315046, 0.037687], [-0.003179, -0.10408, 0.004296], [0.149799, -0.687531, 0.160085], [-0.141742, -0.717045, 0.046689], [-0.003087, 0.025311, 0.024404], [0.119881, -1.0744, -0.018964], [-0.107112, -1.132161, -0.052375], [-0.000678, 0.073491, 0.061692], [0.19883, -1.13442, 0.078736], [-0.13797, -1.190204, 0.072053], [-0.009826, 0.295657, 0.047845], [0.078986, 0.205225, 0.037362], [-0.092502, 0.199018, 0.051766], [-0.001545, 0.342322, 0.108643], [0.173166, 0.199939, -0.000842], [-0.19266, 0.190505, 0.087016], [0.242281, -0.050923, -0.081539], [-0.280028, -0.059984, 0.122316], [0.307525, -0.304127, -0.053397], [-0.341306, -0.298349, 0.226494], [0.349772, -0.382449, -0.042946], [-0.369563, -0.371559, 0.26779]], "im2d": [[0.01783, -0.101476], [-0.011153, 0.026732], [0.044554, -0.016068], [0.059589, -0.224289], [-0.183479, 0.438937], [0.043161, 0.409923], [0.042265, -0.369214], [0.007268, 0.879011], [0.123376, 0.888079], [0.002823, -0.426176], [-0.128649, 0.953658], [-0.001606, 0.928962], [0.028598, -0.671554], [0.004734, -0.547755], [0.050973, -0.586935], [-0.038367, -0.728181], [0.011709, -0.512989], [0.048876, -0.607686], [0.065228, -0.209067], [0.033891, -0.35863], [0.002712, 0.083246], [-0.064379, -0.124539], [-0.026484, 0.179149], [-0.101178, -0.056205]], "theta": [1.137726, 0.016557, 0.129637, 1.899644, 0.361355, -2.629802, -0.34845, -0.016944, 0.094655, -0.062255, -0.02044, -0.054513, 0.192973, 0.04, 0.029789, 0.667202, 0.086392, -0.101545, 0.163571, 0.183222, 0.133787, -0.087551, 0.016727, -0.008353, -0.231024, 0.311387, 0.128979, -0.116168, -0.225436, 0.113074, 0.049847, 0.064629, -0.010293, -0.002315, 0.00184, 0.002075, 0.002151, 0.003408, -0.008146, 0.066782, -0.033481, -0.017505, 0.037449, 0.142327, -0.492278, -0.008082, 0.341885, 0.379119, 0.087471, 0.009874, 0.033893, 0.152229, -0.189751, -0.754543, 0.168912, 0.229148, 0.712395, 0.145218, -0.277229, -0.08606, -0.011912, 0.161606, -0.01483, 0.359625, -0.115408, 0.354065, 0.187997, 0.110427, -0.238575, 0.109324, 0.043203, -0.411105, 0.110078, -0.037006, 0.416869, 0.704, -0.73712, 0.004301, -2.291798, 0.336936, 0.080315, 1.240561, -2.02128, 0.085839, 0.88694]}