{"hc3d": [[-0.000886, -0.218828, 0.038645], [0.081025, -0.315635, 0.035022], [-0.081, -0.315046, 0.037687], [-0.003179, -0.10408, 0.004296], [0.093044, -0.712451, 0.067726], [-0.177145, -0.695531, 0.144276], [-0.00337, 0.025315, 0.024376], [0.048704, -1.134157, 0.014623], [-0.112242, -0.936782, -0.203459], [-0.001882, 0.072817, 0.06257], [0.100405, -1.16028, 0.141214], [-0.172819, -1.054108, -0.154791], [-0.005638, 0.295165, 0.049119], [0.081538, 0.202841, 0.041897], [-0.090485, 0.200346, 0.049397], [0.002304, 0.343651, 0.10852], [0.180144, 0.192616, 0.018882], [-0.190662, 0.194536, 0.085138], [0.260981, -0.059839, -0.043983], [-0.272625, -0.058911, 0.111043], [0.306775, -0.315316, -0.00161], [-0.334437, -0.299838, 0.208814], [0.336017, -0.398909, 0.012009], [-0.358781, -0.376181, 0.246796]], "im2d": [[0.017987, -0.101544], [-0.010988, 0.026793], [0.044764, -0.016074], [0.059747, -0.224477], [-0.063978, 0.463391], [-0.048294, 0.36561], [0.042498, -0.369601], [-0.004813, 0.923237], [0.295411, 0.690428], [0.002335, -0.426204], [-0.161017, 0.950083], [0.260852, 0.798214], [0.02569, -0.670662], [-0.001154, -0.545469], [0.052891, -0.588107], [-0.039661, -0.729248], [-0.012327, -0.505916], [0.050359, -0.61193], [0.017788, -0.199101], [0.043524, -0.356861], [-0.053101, 0.089248], [-0.047741, -0.11908], [-0.081189, 0.187313], [-0.082495, -0.045812]], "theta": [1.138759, 0.016681, 0.129658, 1.899818, 0.36121, -2.630041, -0.10909, -0.025531, -0.052032, -0.325999, -0.113407, -0.131199, 0.192428, 0.017181, 0.030633, 0.103766, -0.130911, -0.050904, 1.186415, 0.020621, 0.115073, -0.069848, 0.006221, -0.011031, -0.255017, 0.334563, 0.132963, -0.170531, -0.204556, 0.109523, 0.036122, 0.054855, -0.025734, -0.001773, 0.001516, 0.00117, 0.002015, 0.003251, -0.007482, 0.029046, -0.04909, -0.051701, 0.048876, 0.021888, -0.497843, -0.047249, 0.393411, 0.370693, 0.146499, -0.027499, 0.026653, 0.130396, -0.18823, -0.707808, 0.171648, 0.176879, 0.784561, 0.213703, -0.286675, -0.135311, 0.047082, 0.156059, -0.033868, 0.255025, -0.100752, 0.265299, 0.123346, 0.133603, -0.193911, 0.109517, 0.043631, -0.410891, 0.109879, -0.037922, 0.416624, 0.704, -0.73712, 0.004301, -2.291798, 0.336936, 0.080315, 1.240561, -2.02128, 0.085839, 0.88694]}