{"hc3d": [[-0.000886, -0.218828, 0.038645], [0.081025, -0.315635, 0.035022], [-0.081, -0.315046, 0.037687], [-0.003179, -0.10408, 0.004296], [0.094766, -0.712842, 0.008284], [-0.163567, -0.680049, 0.196839], [0.001514, 0.025011, 0.02574], [0.03637, -1.119316, -0.109996], [-0.121293, -1.087596, 0.072529], [0.000508, 0.070763, 0.06603], [0.085142, -1.165328, 0.012008], [-0.194104, -1.154495, 0.172661], [0.004186, 0.293321, 0.075401], [0.089197, 0.198851, 0.070502], [-0.082208, 0.202323, 0.054303], [0.000969, 0.34459, 0.132878], [0.190465, 0.188773, 0.071314], [-0.18795, 0.206758, 0.066372], [0.299259, -0.06022, 0.05165], [-0.285597, -0.033027, -0.001392], [0.291094, -0.296985, 0.165829], [-0.42459, -0.26104, -0.01221], [0.30205, -0.363994, 0.224293], [-0.471901, -0.334965, -0.024869]], "im2d": [[0.017988, -0.101544], [-0.010987, 0.026794], [0.044766, -0.016074], [0.059748, -0.224479], [-0.00046, 0.471464], [-0.109413, 0.345696], [0.039249, -0.368171], [0.134648, 0.918776], [-0.004248, 0.820951], [-0.002331, -0.423743], [-0.016217, 0.967346], [-0.088229, 0.863756], [-0.00629, -0.669274], [-0.034931, -0.542556], [0.04467, -0.588744], [-0.065435, -0.733582], [-0.072777, -0.505359], [0.070043, -0.622437], [-0.099283, -0.200358], [0.170435, -0.375146], [-0.227523, 0.044722], [0.224719, -0.158415], [-0.296838, 0.114351], [0.253008, -0.087622]], "theta": [1.138769, 0.016682, 0.129658, 1.899819, 0.36121, -2.630043, 0.040786, -0.028967, -0.049792, -0.460641, -0.104838, -0.0919, 0.202037, -0.02479, -0.009359, 0.110633, -0.069089, -0.079896, 0.647208, 0.028596, 0.114279, -0.035401, -0.025802, 0.028373, -0.275354, 0.271571, 0.100979, -0.119268, -0.346073, 0.139222, 0.093673, -0.01076, -0.036507, -0.00407, 0.002894, 0.003477, 0.00239, 0.00523, -0.010853, -0.118319, -0.119195, -0.021697, 0.03437, -0.082621, -0.447767, -0.04701, 0.287679, 0.298266, 0.098234, -0.024565, 0.048419, 0.139677, -0.315743, -0.611028, 0.083556, -0.033617, 0.875695, 0.289619, -0.551388, -0.136319, -0.38274, 0.093372, -0.116555, 0.271566, -0.199869, 0.439197, -0.250397, 0.015241, -0.172752, 0.108257, 0.042051, -0.409698, 0.107763, -0.035986, 0.415469, 0.704, -0.73712, 0.004301, -2.291798, 0.336936, 0.080315, 1.240561, -2.02128, 0.085839, 0.88694]}