{"hc3d": [[-0.000886, -0.218828, 0.038645], [0.081025, -0.315635, 0.035022], [-0.081, -0.315046, 0.037687], [-0.003179, -0.10408, 0.004296], [0.098457, -0.710107, -0.017565], [-0.162735, -0.66902, 0.220431], [0.002518, 0.025224, 0.02415], [0.040488, -1.101958, -0.177921], [-0.131452, -1.09567, 0.202373], [0.001656, 0.07097, 0.064451], [0.08935, -1.161485, -0.061948], [-0.203697, -1.146463, 0.311937], [0.007938, 0.293115, 0.080116], [0.091841, 0.197731, 0.073977], [-0.07921, 0.203859, 0.05505], [0.002182, 0.344538, 0.137257], [0.193051, 0.187157, 0.07539], [-0.185357, 0.211299, 0.059988], [0.307771, -0.059944, 0.074882], [-0.285027, -0.021548, -0.026452], [0.293387, -0.281779, 0.215394], [-0.437068, -0.234239, -0.081876], [0.300001, -0.337284, 0.285421], [-0.486087, -0.301663, -0.11212]], "im2d": [[0.017988, -0.101544], [-0.010986, 0.026794], [0.044766, -0.016074], [0.059749, -0.224479], [0.026195, 0.472532], [-0.134805, 0.330898], [0.040609, -0.367954], [0.207052, 0.908926], [-0.140981, 0.811512], [-0.001036, -0.423484], [0.062209, 0.973149], [-0.234805, 0.835566], [-0.012743, -0.668649], [-0.039675, -0.541059], [0.042832, -0.589754], [-0.070602, -0.733741], [-0.078166, -0.503403], [0.076148, -0.626], [-0.127427, -0.201272], [0.197662, -0.38462], [-0.281334, 0.022555], [0.305323, -0.182756], [-0.361172, 0.076979], [0.353428, -0.117443]], "theta": [1.13877, 0.016682, 0.129658, 1.899819, 0.361209, -2.630043, 0.105919, -0.023062, -0.04108, -0.524154, -0.095844, -0.089239, 0.18969, -0.02412, -0.016866, 0.150717, -0.068132, -0.090012, 0.453888, 0.034953, 0.112568, -0.022771, -0.029086, 0.030924, -0.272682, 0.274718, 0.085224, -0.033359, -0.388832, 0.177171, 0.120985, -0.026565, -0.042381, -0.004624, 0.003202, 0.00408, 0.002411, 0.005644, -0.011426, -0.145549, -0.140598, 0.003081, 0.026581, -0.073676, -0.441866, -0.053061, 0.232816, 0.293487, 0.12999, -0.004958, 0.050044, 0.114988, -0.3826, -0.551719, 0.062801, -0.067779, 0.873337, 0.246875, -0.609072, -0.120881, -0.542732, 0.024691, -0.147808, 0.316222, -0.247752, 0.481754, -0.334384, -0.013124, -0.204406, 0.108011, 0.041789, -0.409454, 0.107377, -0.036264, 0.41524, 0.704, -0.73712, 0.004301, -2.291798, 0.336936, 0.080315, 1.240561, -2.02128, 0.085839, 0.88694]}