{"hc3d": [[-0.000746, -0.218928, 0.039876], [0.082267, -0.315955, 0.03671], [-0.081948, -0.315402, 0.039447], [-0.003004, -0.104093, 0.004851], [0.165561, -0.678973, 0.170513], [-0.108591, -0.718259, 0.057063], [0.001731, 0.020338, 0.042707], [-0.047868, -1.033524, 0.074341], [-0.209497, -0.981605, -0.261927], [0.000495, 0.066628, 0.082797], [0.078915, -1.045735, 0.129296], [-0.166696, -1.060194, -0.153892], [-5.2e-05, 0.289007, 0.062757], [0.086986, 0.196344, 0.070596], [-0.085059, 0.194388, 0.054209], [-0.001919, 0.350659, 0.107826], [0.184471, 0.176801, 0.048021], [-0.188225, 0.179119, 0.076389], [0.220394, -0.074536, -0.046977], [-0.263773, -0.075338, 0.101472], [0.312754, -0.30175, 0.044413], [-0.237487, -0.237469, 0.310623], [0.375546, -0.36428, 0.056692], [-0.232927, -0.282628, 0.386685]], "im2d": [[0.014335, -0.090797], [0.064879, 0.035516], [-0.043959, -6.8e-05], [0.053116, -0.222515], [-0.030126, 0.469867], [-0.103391, 0.447084], [0.02849, -0.358277], [-0.10038, 0.81473], [0.11455, 0.697852], [-0.00707, -0.407562], [-0.070772, 0.859499], [0.035654, 0.802847], [0.025564, -0.658397], [0.068641, -0.535327], [-0.02744, -0.571145], [-0.014111, -0.724683], [0.151733, -0.494162], [-0.116052, -0.57453], [0.248349, -0.211525], [-0.204726, -0.303669], [0.207736, 0.069496], [-0.394725, -0.101323], [0.232859, 0.153915], [-0.466179, -0.044279]], "theta": [1.143493, 0.013282, 0.139525, 2.904464, 0.226678, -1.516989, -0.418406, 0.271976, 0.088773, -0.071626, 0.138217, 0.027906, 0.338643, -0.024417, -0.013024, 0.743825, 0.365341, -0.304593, 0.859296, 0.328497, -0.016414, -0.193054, -0.042493, 0.031212, -0.722903, 0.335104, 0.38966, -0.574264, 0.105984, 0.04298, -0.009147, 0.011752, -0.003994, -0.003008, 0.002399, 0.002737, 0.001374, 0.002691, -0.006323, -0.210833, -0.08878, -0.032835, -0.025679, 0.13487, -0.598046, 0.028491, 0.40149, 0.462205, 0.022766, -0.188252, 0.014136, 0.193139, -0.010163, -0.797299, 0.311541, 0.310799, 0.700628, -0.276035, -0.584855, 0.143024, -0.082237, 0.740481, -0.209322, -0.003529, -0.062674, 0.587179, -0.008118, 0.180376, -0.237518, 0.108412, 0.0422, -0.410549, 0.109507, -0.03635, 0.415816, 0.657453, -0.914018, 0.039512, -2.339606, 0.403908, 0.047701, 1.256596, -2.103914, 0.096022, 0.864051]}