{"hc3d": [[-0.001022, -0.218198, 0.037073], [0.079715, -0.314741, 0.032812], [-0.079964, -0.314099, 0.035378], [-0.003358, -0.103641, 0.003668], [0.075159, -0.715034, -0.006569], [-0.12324, -0.672687, 0.230363], [-0.001363, 0.02542, 0.030116], [-0.017991, -1.122243, -0.112936], [-0.117781, -1.035918, -0.002978], [-0.000309, 0.074815, 0.065171], [0.066007, -1.141077, -0.002626], [-0.141832, -1.111508, 0.114034], [0.003606, 0.296663, 0.056021], [0.088022, 0.201941, 0.055572], [-0.082886, 0.204492, 0.045119], [0.009438, 0.350361, 0.112184], [0.188786, 0.204388, 0.043587], [-0.186202, 0.204549, 0.070301], [0.238842, -0.065342, 0.034954], [-0.234146, -0.050745, -0.000698], [0.270636, -0.289936, 0.171807], [-0.28751, -0.310198, 0.04786], [0.307177, -0.357158, 0.218881], [-0.302784, -0.397686, 0.050692]], "im2d": [[0.01818, -0.128673], [0.050083, -0.00851], [-0.021318, -0.042754], [0.059032, -0.252032], [0.057646, 0.418107], [-0.261258, 0.333757], [0.043097, -0.389315], [0.093326, 0.832731], [-0.053043, 0.720672], [0.012241, -0.441515], [0.018073, 0.871777], [-0.185821, 0.797753], [0.039563, -0.678007], [0.069384, -0.558975], [0.006273, -0.597768], [-0.009979, -0.733567], [0.124997, -0.540531], [-0.063427, -0.619278], [0.135145, -0.241687], [-0.032241, -0.357184], [-0.004425, 0.006686], [-0.123024, -0.09044], [-0.040641, 0.086779], [-0.138947, -7.3e-05]], "theta": [1.08981, 0.017704, 0.100129, 2.718461, 0.255603, -1.774331, 0.069887, 0.078951, -0.091719, -0.524184, 0.081014, -0.02774, 0.232801, -0.046061, 0.010473, 0.074934, 0.005759, -0.080533, 0.975859, -0.017197, 0.05754, -0.157963, 0.007237, -0.020086, -0.477575, 0.33643, 0.211474, -0.261779, 0.001094, 0.005818, 0.094122, 0.010022, -0.012934, -0.001125, 0.000877, 0.00081, 0.001753, 0.001914, -0.005234, -0.063082, -0.016072, -0.056493, 0.035689, 0.046506, -0.346159, 0.002808, 0.378449, 0.33958, 0.020055, -0.080785, 0.058026, 0.117899, -0.433652, -0.934516, 0.24724, 0.033597, 1.088873, 0.028627, -0.424389, 0.055503, 0.056595, 0.267045, -0.170047, 0.306983, -0.065698, 0.407498, 0.085018, 0.020331, 0.007569, 0.110774, 0.043806, -0.413097, 0.111058, -0.037335, 0.417385, 0.770322, -0.498994, -0.059899, -2.289229, 0.279551, 0.096993, 1.225958, -1.977778, 0.079166, 0.910488]}