{"hc3d": [[-0.000894, -0.218543, 0.038303], [0.080879, -0.315282, 0.034483], [-0.080863, -0.314683, 0.037154], [-0.003193, -0.103954, 0.004264], [0.110736, -0.676072, 0.200665], [-0.102921, -0.707765, -0.064588], [0.002827, 0.020389, 0.045107], [0.011327, -1.084257, 0.277653], [-0.151793, -1.01351, -0.359939], [0.005557, 0.067249, 0.083901], [0.112159, -1.067951, 0.372078], [-0.143602, -1.098632, -0.248352], [-0.001868, 0.288864, 0.067112], [0.086669, 0.198077, 0.061837], [-0.084841, 0.192767, 0.068199], [0.007885, 0.353373, 0.10823], [0.180053, 0.189753, 0.022853], [-0.186094, 0.187766, 0.100101], [0.190295, -0.033521, -0.132711], [-0.307063, -0.048998, 0.129226], [0.387464, -0.199201, -0.080207], [-0.207797, -0.142748, 0.35884], [0.469293, -0.235069, -0.08534], [-0.1767, -0.156968, 0.440538]], "im2d": [[0.010578, -0.103599], [0.065117, 0.019884], [-0.053515, -0.014054], [0.047274, -0.23308], [-0.08504, 0.436503], [-0.012487, 0.408157], [0.026139, -0.366211], [-0.255, 0.872281], [0.183082, 0.714398], [-0.001678, -0.414599], [-0.262608, 0.881949], [0.086057, 0.818151], [0.024852, -0.662096], [0.08598, -0.54389], [-0.043327, -0.573059], [0.001469, -0.728353], [0.18614, -0.518186], [-0.144086, -0.586186], [0.310154, -0.280708], [-0.274825, -0.347638], [0.393735, -0.053146], [-0.408792, -0.206997], [0.454224, 0.00303], [-0.457995, -0.178964]], "theta": [1.125919, 0.010289, 0.12653, 2.965827, 0.230649, -1.376561, -0.470137, 0.139945, -0.036796, 0.218405, 0.023026, 0.045289, 0.357322, 0.068743, -0.008573, 0.198576, 0.093667, -0.142859, 0.444563, 0.255253, -0.092751, -0.220214, -0.022614, 0.01615, -0.442626, 0.369369, 0.191663, -0.404238, -0.004373, 0.096521, 0.004074, 0.030957, 0.002016, -0.003317, 0.002411, 0.003735, 0.001475, 0.003288, -0.007351, -0.267556, 0.015166, -0.069756, -0.024567, 0.189745, -0.514023, -0.033088, 0.356638, 0.354877, -0.17994, -0.101036, 0.049791, 0.159389, 0.25638, -0.839415, 0.316506, 0.176444, 0.649119, -0.485366, -0.924354, 0.353474, -0.012982, 1.208096, -0.180003, -0.086221, -0.162858, 0.545222, -0.1403, 0.252417, -0.275468, 0.1079, 0.042722, -0.408425, 0.109809, -0.037256, 0.416561, 0.688499, -0.696461, 0.010386, -2.288086, 0.350793, 0.08343, 1.260035, -2.041024, 0.111865, 0.870051]}