{"hc3d": [[-0.000894, -0.218543, 0.038303], [0.080879, -0.315282, 0.034483], [-0.080863, -0.314683, 0.037154], [-0.003193, -0.103954, 0.004264], [0.080486, -0.702138, 0.129454], [-0.104667, -0.719101, 0.002066], [0.00313, 0.022956, 0.036193], [0.001058, -1.121552, 0.143859], [-0.128594, -0.87416, -0.396035], [0.00593, 0.070036, 0.074716], [0.084186, -1.136451, 0.254388], [-0.15779, -1.009166, -0.369853], [0.000299, 0.290871, 0.049216], [0.088113, 0.199245, 0.04765], [-0.083442, 0.195554, 0.053953], [0.009238, 0.356079, 0.089405], [0.181911, 0.187563, 0.010567], [-0.185381, 0.190301, 0.083545], [0.197274, -0.053715, -0.114754], [-0.266129, -0.06379, 0.104917], [0.364497, -0.252244, -0.07346], [-0.229269, -0.235296, 0.306392], [0.432716, -0.310144, -0.071843], [-0.221328, -0.269717, 0.387608]], "im2d": [[0.010603, -0.103612], [0.065154, 0.019891], [-0.053496, -0.014053], [0.047302, -0.233116], [-0.047404, 0.453974], [-0.072089, 0.425193], [0.034267, -0.369682], [-0.149895, 0.901845], [0.241932, 0.562773], [0.006746, -0.418324], [-0.186587, 0.943485], [0.187746, 0.707743], [0.042017, -0.665257], [0.099372, -0.545989], [-0.02981, -0.576963], [0.018898, -0.732533], [0.197942, -0.516349], [-0.129105, -0.590122], [0.298171, -0.25571], [-0.225586, -0.324632], [0.367311, 0.001169], [-0.386311, -0.113019], [0.410465, 0.079359], [-0.453355, -0.067492]], "theta": [1.126103, 0.01031, 0.126533, 2.965853, 0.230628, -1.376597, -0.274069, 0.137382, -0.099206, 0.045873, -0.049261, 0.034123, 0.286191, 0.05877, -0.014318, 0.133017, -0.03421, -0.050671, 1.035312, 0.12776, -0.100259, -0.155067, -0.023372, 0.015617, -0.287398, 0.366944, 0.091966, -0.10718, -0.080136, 0.164874, -0.028838, 0.038907, 0.000139, -0.003312, 0.002529, 0.003337, 0.001577, 0.003701, -0.007741, -0.245814, -0.003209, -0.060179, 0.030495, 0.179473, -0.533848, -0.064161, 0.340063, 0.37958, -0.083468, -0.083592, 0.026131, 0.11297, 0.11762, -0.844825, 0.347263, 0.207794, 0.816649, -0.393728, -0.67094, 0.309499, 0.044568, 0.743173, -0.204699, -0.111804, -0.150653, 0.378423, -0.091604, 0.287751, -0.377901, 0.107925, 0.04292, -0.408715, 0.109304, -0.037641, 0.416047, 0.688499, -0.696461, 0.010386, -2.288086, 0.350793, 0.08343, 1.260035, -2.041024, 0.111865, 0.870051]}