{"hc3d": [[-0.000894, -0.218543, 0.038303], [0.080879, -0.315282, 0.034483], [-0.080863, -0.314683, 0.037154], [-0.003193, -0.103954, 0.004264], [0.09471, -0.702027, -0.059934], [-0.108914, -0.665074, 0.241582], [0.002876, 0.022869, 0.036585], [0.022373, -1.106127, -0.177809], [-0.120293, -1.09196, 0.214391], [0.002004, 0.068801, 0.076559], [0.109803, -1.136461, -0.073958], [-0.129933, -1.132191, 0.348752], [0.013881, 0.290844, 0.078973], [0.095101, 0.193316, 0.079825], [-0.074956, 0.202606, 0.057944], [0.012858, 0.350236, 0.128154], [0.195944, 0.181561, 0.078359], [-0.18045, 0.198361, 0.070101], [0.262239, -0.078889, 0.122254], [-0.232285, -0.039993, -0.039626], [0.293525, -0.275076, 0.294342], [-0.315621, -0.292182, -0.068277], [0.330798, -0.32476, 0.358771], [-0.333896, -0.375546, -0.091947]], "im2d": [[0.01061, -0.103616], [0.065164, 0.019893], [-0.053492, -0.014053], [0.04731, -0.233126], [0.126224, 0.443142], [-0.277518, 0.381949], [0.033746, -0.369626], [0.144147, 0.866033], [-0.295743, 0.849175], [0.002238, -0.417657], [0.115099, 0.925134], [-0.421744, 0.90132], [0.026124, -0.660296], [0.076187, -0.535694], [-0.02659, -0.582733], [-0.012379, -0.722562], [0.149102, -0.501943], [-0.113329, -0.599001], [0.138511, -0.197354], [-0.074677, -0.354364], [-0.002818, 0.038257], [-0.129721, -0.095109], [-0.035472, 0.105506], [-0.128993, -0.008516]], "theta": [1.126154, 0.010316, 0.126534, 2.965859, 0.230623, -1.376604, 0.204281, 0.12307, -0.032138, -0.554852, 0.121183, -0.002586, 0.284386, -0.069511, -0.025914, -0.023214, 0.043777, -0.081056, 0.498946, 0.074169, 0.007895, -0.123349, -0.014967, 0.022029, -0.400794, 0.300825, 0.143493, -0.052851, -0.053469, 0.120092, 0.06543, -0.014909, -0.042658, -0.001505, 0.00145, 0.000672, 0.001756, 0.002583, -0.006313, -0.235966, -0.065354, 0.005363, 0.029698, -0.019898, -0.444095, 0.011165, 0.337613, 0.409979, -0.052317, -0.133104, 0.113226, -0.034291, -0.529408, -0.674484, 0.273483, -0.05239, 1.029157, -0.019562, -0.410624, 0.02759, -0.130943, 0.150385, -0.132869, 0.331858, -0.136467, 0.485455, -0.099105, -0.008736, 0.021873, 0.109822, 0.043737, -0.411198, 0.110098, -0.038527, 0.416356, 0.688499, -0.696461, 0.010386, -2.288086, 0.350793, 0.08343, 1.260035, -2.041024, 0.111865, 0.870051]}