{"hc3d": [[-0.000894, -0.218543, 0.038303], [0.080879, -0.315282, 0.034483], [-0.080863, -0.314683, 0.037154], [-0.003193, -0.103954, 0.004264], [0.11592, -0.686847, -0.104761], [-0.074579, -0.666272, 0.241353], [0.003259, 0.024406, 0.029713], [0.018528, -0.975603, -0.404026], [-0.087579, -1.093346, 0.264578], [-0.000972, 0.069295, 0.070644], [0.118357, -1.040454, -0.332072], [-0.072584, -1.122849, 0.401213], [0.005074, 0.291577, 0.07271], [0.088519, 0.196172, 0.079325], [-0.079934, 0.201015, 0.046398], [0.003671, 0.353278, 0.118951], [0.189286, 0.188932, 0.089496], [-0.185792, 0.194379, 0.053099], [0.258397, -0.066471, 0.15391], [-0.243777, -0.039466, -0.063062], [0.241128, -0.214792, 0.370208], [-0.329556, -0.290902, -0.091122], [0.252353, -0.255667, 0.449025], [-0.363969, -0.370662, -0.108379]], "im2d": [[0.01061, -0.103616], [0.065164, 0.019893], [-0.053491, -0.014053], [0.04731, -0.233126], [0.18135, 0.427528], [-0.252706, 0.390363], [0.040071, -0.371741], [0.346768, 0.704726], [-0.315603, 0.861102], [0.005238, -0.419247], [0.351451, 0.80222], [-0.424995, 0.906661], [0.025246, -0.663383], [0.072107, -0.540248], [-0.020338, -0.582841], [-0.010812, -0.72849], [0.135281, -0.51066], [-0.10282, -0.596937], [0.109413, -0.209581], [-0.06269, -0.359018], [-0.101241, -0.0337], [-0.119942, -0.101058], [-0.164362, 0.019466], [-0.136077, -0.021322]], "theta": [1.126157, 0.010316, 0.126534, 2.965859, 0.230623, -1.376604, 0.312717, 0.192233, 0.042845, -0.554193, 0.198187, 0.066268, 0.228346, -0.120212, -0.030898, 0.405209, 0.079587, -0.095958, 0.391349, 0.21728, -0.019126, -0.039343, -0.035523, 0.039484, -0.516331, 0.333735, 0.146542, -0.014683, -0.083344, 0.097343, 0.038102, -0.00216, -0.023209, -0.001942, 0.001544, 0.001156, 0.002232, 0.002984, -0.007201, -0.287461, -0.033961, -0.03189, 0.035544, -0.06328, -0.413369, 0.017993, 0.349163, 0.404233, -0.068062, -0.014675, 0.099544, -0.027448, -0.571294, -0.663527, 0.27249, -0.097083, 0.963943, 0.032202, -0.634057, 0.069606, -0.054243, 0.189301, -0.116698, 0.275637, -0.130371, 0.351583, -0.092766, 0.005629, -0.167482, 0.109767, 0.04416, -0.410878, 0.109706, -0.037381, 0.416811, 0.688499, -0.696461, 0.010386, -2.288086, 0.350793, 0.08343, 1.260035, -2.041024, 0.111865, 0.870051]}