{"hc3d": [[-0.00102, -0.218436, 0.037135], [0.079801, -0.315061, 0.032919], [-0.080048, -0.314418, 0.035472], [-0.003356, -0.103748, 0.003613], [0.059771, -0.709452, 0.111097], [-0.104362, -0.723985, 0.055425], [0.001714, 0.025745, 0.027922], [0.012152, -1.138105, 0.10055], [-0.11956, -0.884912, -0.345338], [0.004947, 0.074059, 0.064453], [0.069316, -1.173032, 0.223531], [-0.15029, -1.022216, -0.330282], [0.007843, 0.295056, 0.040854], [0.09215, 0.200074, 0.039599], [-0.079244, 0.202623, 0.042837], [0.011917, 0.352751, 0.093242], [0.18903, 0.183696, 0.013774], [-0.181073, 0.202403, 0.073846], [0.208524, -0.080325, -0.059334], [-0.229064, -0.061299, 0.046102], [0.28565, -0.325486, 0.005666], [-0.257359, -0.315251, 0.131699], [0.323637, -0.404452, 0.025829], [-0.264916, -0.392599, 0.174936]], "im2d": [[0.012545, -0.129503], [0.066004, -0.012432], [-0.046827, -0.03987], [0.046166, -0.254977], [-0.038013, 0.412146], [-0.106043, 0.396849], [0.037455, -0.391692], [-0.089047, 0.863634], [0.208682, 0.543431], [0.012156, -0.440858], [-0.154542, 0.917987], [0.166189, 0.686531], [0.047763, -0.678982], [0.101262, -0.562914], [-0.020021, -0.5943], [0.010365, -0.737142], [0.188959, -0.530552], [-0.116524, -0.609373], [0.247085, -0.248174], [-0.143086, -0.336021], [0.230756, 0.031792], [-0.250231, -0.063146], [0.23525, 0.124134], [-0.296495, 0.021156]], "theta": [1.088118, 0.012548, 0.09942, 2.94486, 0.191732, -1.377075, -0.22108, 0.002308, -0.135866, -0.086005, -0.027328, 0.038278, 0.218924, 0.053249, -0.004816, 0.125651, -0.055363, 0.045164, 1.158489, 0.06712, -0.0944, -0.111192, -0.016214, -0.002615, -0.139313, 0.314636, 0.02194, -0.00898, -0.041588, 0.121276, -0.003015, 0.013749, -0.024992, -0.000403, 0.000727, -3.1e-05, 0.001133, 0.001244, -0.003667, -0.064264, -0.11741, -0.034115, 0.05373, 0.083364, -0.532096, -0.065128, 0.368066, 0.367543, 0.070149, -0.13969, 0.065764, 0.086253, -0.094782, -0.868084, 0.325742, 0.107297, 1.062106, -0.097604, -0.39437, 0.115127, 0.080286, 0.265839, -0.141817, 0.041894, -0.169529, 0.288523, -0.062771, 0.257035, -0.238162, 0.110704, 0.04437, -0.412893, 0.111449, -0.040258, 0.417159, 0.785002, -0.5031, -0.04776, -2.29123, 0.289061, 0.071637, 1.239901, -1.973264, 0.076649, 0.911693]}