{"hc3d": [[-0.00102, -0.218436, 0.037135], [0.079801, -0.315061, 0.032919], [-0.080048, -0.314418, 0.035472], [-0.003356, -0.103748, 0.003613], [0.087287, -0.696265, -0.096251], [-0.081999, -0.67971, 0.223335], [0.002828, 0.025496, 0.028967], [0.020452, -1.088561, -0.262862], [-0.081331, -1.098679, 0.329181], [0.002853, 0.072767, 0.066975], [0.102535, -1.124544, -0.155255], [-0.067234, -1.102678, 0.469924], [0.00941, 0.294934, 0.068978], [0.092899, 0.199225, 0.068358], [-0.077355, 0.204383, 0.048869], [0.009637, 0.351485, 0.122753], [0.194075, 0.192159, 0.062498], [-0.18295, 0.196893, 0.060023], [0.259028, -0.074656, 0.067247], [-0.227467, -0.04408, -0.052056], [0.282389, -0.244678, 0.269298], [-0.277546, -0.308647, -0.041315], [0.312262, -0.288007, 0.342203], [-0.28574, -0.396756, -0.050202]], "im2d": [[0.012563, -0.129517], [0.066031, -0.012431], [-0.046814, -0.039873], [0.046186, -0.255008], [0.155424, 0.390459], [-0.228279, 0.363028], [0.037353, -0.391224], [0.223964, 0.790542], [-0.342655, 0.819163], [0.008525, -0.439727], [0.188525, 0.849328], [-0.450923, 0.834122], [0.025316, -0.677013], [0.077681, -0.560252], [-0.023645, -0.59559], [-0.015985, -0.734518], [0.15224, -0.535983], [-0.106609, -0.604662], [0.176545, -0.238333], [-0.058758, -0.360062], [0.012982, -0.039968], [-0.119025, -0.083831], [-0.030049, 0.015872], [-0.122787, 0.008856]], "theta": [1.088259, 0.012564, 0.099422, 2.944878, 0.191718, -1.377099, 0.295878, 0.106775, -0.048769, -0.498216, 0.212816, 0.04796, 0.222827, -0.061729, -0.022436, -0.005304, -0.029594, -0.054777, 0.141092, 0.142642, -0.05492, -0.087229, -0.014333, 0.006622, -0.457966, 0.336934, 0.141769, 0.002317, -0.025158, 0.078597, 0.082888, -0.005845, -0.012854, -0.002911, 0.002282, 0.002476, 0.002107, 0.003557, -0.008134, -0.157321, -0.050494, -0.020048, 0.047131, 0.020933, -0.430583, 0.021662, 0.310225, 0.425064, 0.01209, -0.09863, 0.062436, 0.074558, -0.469673, -0.761173, 0.302092, -0.034606, 1.027544, -0.094283, -0.695127, 0.125601, -0.040874, 0.32319, -0.122117, 0.305995, -0.172155, 0.422801, -0.123048, 0.019471, 0.016787, 0.109046, 0.042778, -0.410529, 0.109204, -0.037666, 0.41611, 0.785002, -0.5031, -0.04776, -2.29123, 0.289061, 0.071637, 1.239901, -1.973264, 0.076649, 0.911693]}