{"hc3d": [[-0.00102, -0.218436, 0.037135], [0.079801, -0.315061, 0.032919], [-0.080048, -0.314418, 0.035472], [-0.003356, -0.103748, 0.003613], [0.099199, -0.684957, -0.124746], [-0.057309, -0.679279, 0.222805], [0.002983, 0.02642, 0.02364], [0.023175, -0.991554, -0.418584], [-0.062014, -1.108249, 0.274782], [0.000722, 0.072826, 0.062634], [0.114874, -1.056105, -0.334701], [-0.04193, -1.128853, 0.41333], [0.00392, 0.295075, 0.062416], [0.088764, 0.200643, 0.066268], [-0.080608, 0.203012, 0.039805], [0.003145, 0.352767, 0.114961], [0.190164, 0.194464, 0.065299], [-0.186604, 0.19719, 0.047666], [0.254532, -0.072534, 0.064425], [-0.23524, -0.043168, -0.064021], [0.275775, -0.237709, 0.270686], [-0.287654, -0.306895, -0.046144], [0.296104, -0.289274, 0.341487], [-0.308908, -0.393249, -0.04539]], "im2d": [[0.012564, -0.129518], [0.066032, -0.012431], [-0.046814, -0.039873], [0.046187, -0.255009], [0.188234, 0.378646], [-0.210702, 0.366691], [0.041977, -0.392505], [0.362252, 0.677684], [-0.284347, 0.829485], [0.010685, -0.440407], [0.351539, 0.767359], [-0.38767, 0.863149], [0.027013, -0.678478], [0.076654, -0.562595], [-0.018398, -0.595201], [-0.013882, -0.737448], [0.147331, -0.538952], [-0.09878, -0.606327], [0.175925, -0.241535], [-0.054072, -0.363056], [0.007676, -0.048481], [-0.121878, -0.087698], [-0.040723, 0.014471], [-0.142646, 0.001476]], "theta": [1.088262, 0.012564, 0.099422, 2.944878, 0.191718, -1.3771, 0.364584, 0.181795, 0.001653, -0.50201, 0.246209, 0.102556, 0.179676, -0.111973, -0.025339, 0.296228, -0.026073, -0.05632, 0.282103, 0.205771, -0.063818, -0.020356, -0.016897, 0.014589, -0.516498, 0.36799, 0.117854, -0.000469, -0.062111, 0.041055, 0.05055, 0.00957, -0.000984, -0.00311, 0.002327, 0.00262, 0.002244, 0.003912, -0.008482, -0.170344, -0.026948, -0.033487, 0.042123, 0.012093, -0.433931, 0.019863, 0.313293, 0.394183, -0.005045, -0.013586, 0.068894, 0.070482, -0.419161, -0.790358, 0.300382, -0.050537, 1.012335, -0.0489, -0.729421, 0.167991, 0.052002, 0.348935, -0.123389, 0.200557, -0.134942, 0.281494, -0.069819, 0.043093, -0.134796, 0.1087, 0.04324, -0.409719, 0.108833, -0.0377, 0.416206, 0.785002, -0.5031, -0.04776, -2.29123, 0.289061, 0.071637, 1.239901, -1.973264, 0.076649, 0.911693]}