{"hc3d": [[-0.000913, -0.218504, 0.038042], [0.080608, -0.315265, 0.034185], [-0.080633, -0.314647, 0.036798], [-0.003224, -0.103759, 0.004006], [0.04268, -0.711368, 0.078182], [-0.130162, -0.682421, 0.20777], [0.005583, 0.02407, 0.032385], [-0.015456, -1.110875, -0.067868], [-0.089152, -1.058884, 0.003877], [0.0065, 0.066834, 0.075626], [0.015076, -1.164585, 0.057374], [-0.1493, -1.141088, 0.101594], [0.00984, 0.288568, 0.093716], [0.094674, 0.194913, 0.080956], [-0.076913, 0.198098, 0.072706], [0.011128, 0.340674, 0.150981], [0.194576, 0.178628, 0.090472], [-0.177423, 0.181425, 0.103712], [0.239393, -0.082987, 0.024287], [-0.229088, -0.081344, 0.125254], [0.210333, -0.303604, 0.166601], [-0.271412, -0.315454, 0.24974], [0.232727, -0.37072, 0.221954], [-0.284199, -0.392568, 0.292105]], "im2d": [[-0.009647, -0.104076], [-0.100472, 0.001606], [0.076225, 0.002006], [-0.002091, -0.225773], [-0.069744, 0.430538], [0.109055, 0.385447], [-0.011973, -0.369055], [-0.000247, 0.885186], [0.075247, 0.820658], [-0.01601, -0.420846], [-0.045678, 0.92935], [0.131218, 0.899954], [-0.017324, -0.665708], [-0.110949, -0.562434], [0.078098, -0.563507], [-0.022831, -0.729339], [-0.221685, -0.54655], [0.185365, -0.547954], [-0.269702, -0.252916], [0.2355, -0.262303], [-0.254206, -0.027469], [0.266871, -0.019924], [-0.28482, 0.039465], [0.27582, 0.059748]], "theta": [1.100848, -0.00785, 0.123963, 0.12584, 0.162775, -3.122854, -0.137959, -0.158577, -0.172034, -0.471806, -0.006721, -0.024617, 0.253986, 0.000827, -0.038722, 0.349791, 0.017011, -0.006171, 0.859303, -0.13948, 0.004604, -0.012927, -0.003253, 0.048683, -0.316433, 0.243456, -0.022336, -0.123543, -0.107033, 0.029156, 0.055581, -0.009897, -0.030542, -0.001543, 0.00132, 0.000487, 0.00153, 0.002558, -0.006581, -0.165704, -0.100266, -0.034088, -0.009634, -0.23798, -0.470046, -0.023359, 0.466647, 0.448946, 0.144137, -0.097069, -0.012074, 0.21704, -0.188956, -0.874527, 0.033475, 0.294651, 0.756014, -0.160223, -0.724964, 0.019048, -0.413049, 0.280696, -0.073013, -0.054725, -0.170768, 0.537866, -0.47361, 0.120016, -0.132599, 0.109878, 0.044397, -0.410654, 0.109883, -0.037176, 0.417881, 0.744933, -0.640988, -0.040071, -2.314566, 0.321645, 0.067238, 1.250274, -2.023124, 0.086188, 0.842476]}