{"hc3d": [[-0.000913, -0.218504, 0.038042], [0.080608, -0.315265, 0.034185], [-0.080633, -0.314647, 0.036798], [-0.003224, -0.103759, 0.004006], [0.064894, -0.712291, 0.083134], [-0.111618, -0.674172, 0.228431], [0.003906, 0.024087, 0.032775], [0.070288, -0.990082, -0.244156], [-0.069247, -1.096899, 0.16146], [0.004241, 0.067327, 0.075549], [0.094777, -1.082183, -0.142077], [-0.125135, -1.147078, 0.280969], [0.005033, 0.289186, 0.092342], [0.091015, 0.196326, 0.081626], [-0.080427, 0.197715, 0.070384], [0.00534, 0.342383, 0.14861], [0.191145, 0.183069, 0.093211], [-0.181014, 0.179606, 0.100315], [0.217821, -0.078649, 0.01822], [-0.216094, -0.086436, 0.113442], [0.186014, -0.297987, 0.161917], [-0.251285, -0.325176, 0.231171], [0.208072, -0.367275, 0.214668], [-0.26604, -0.402849, 0.27184]], "im2d": [[-0.009601, -0.104105], [-0.100449, 0.001621], [0.076309, 0.002009], [-0.002051, -0.225847], [-0.094513, 0.430959], [0.087154, 0.374026], [-0.010141, -0.369228], [-0.076633, 0.772722], [0.039051, 0.844327], [-0.013497, -0.421497], [-0.114094, 0.861665], [0.089023, 0.886037], [-0.011918, -0.666413], [-0.106992, -0.564209], [0.082192, -0.562989], [-0.01625, -0.731135], [-0.218146, -0.551867], [0.18965, -0.545741], [-0.245472, -0.25685], [0.222301, -0.255581], [-0.227043, -0.032856], [0.246378, -0.007329], [-0.257105, 0.036786], [0.257634, 0.073196]], "theta": [1.101236, -0.007806, 0.12397, 0.125896, 0.16273, -3.122931, -0.145361, -0.179684, -0.114427, -0.522879, 0.041591, 0.011567, 0.256003, -0.02146, -0.027909, 0.885319, -0.008773, -0.047731, 0.565945, -0.149203, 0.013842, -0.025762, 0.005752, 0.039661, -0.469299, 0.218956, -0.007337, -0.075868, -0.115629, 0.000892, 0.060793, -0.012382, -0.020685, -0.00119, 0.001168, -8e-05, 0.001297, 0.002088, -0.005671, -0.17884, -0.079958, -0.027083, 0.002346, -0.233147, -0.450772, 0.015779, 0.468639, 0.448603, 0.121132, -0.028717, -0.003366, 0.225051, -0.207803, -0.98125, -0.008408, 0.308014, 0.806907, -0.170133, -0.735071, 0.090644, -0.377436, 0.274526, -0.093302, -0.051065, -0.131741, 0.53034, -0.450309, 0.129753, -0.181125, 0.110233, 0.044606, -0.411384, 0.110107, -0.03755, 0.418056, 0.744933, -0.640988, -0.040071, -2.314566, 0.321645, 0.067238, 1.250274, -2.023124, 0.086188, 0.842476]}