{"hc3d": [[-0.000823, -0.219246, 0.039843], [0.081877, -0.316289, 0.036693], [-0.081745, -0.315725, 0.039436], [-0.003091, -0.104236, 0.0047], [0.049206, -0.698058, -0.063849], [-0.109716, -0.583862, 0.341121], [0.006483, 0.022578, 0.03386], [0.019172, -1.014974, -0.346235], [-0.097445, -1.009166, 0.369732], [0.00439, 0.063421, 0.07947], [0.044416, -1.10189, -0.240839], [-0.159435, -1.05488, 0.487226], [0.006503, 0.284092, 0.112868], [0.09245, 0.190794, 0.101515], [-0.078916, 0.195794, 0.078871], [0.00251, 0.326638, 0.176356], [0.193161, 0.177324, 0.110861], [-0.183442, 0.177786, 0.090802], [0.291068, -0.07276, 0.071165], [-0.254864, -0.071026, 0.025639], [0.176272, -0.065673, 0.306888], [-0.29772, -0.274738, 0.191897], [0.175264, -0.0478, 0.394708], [-0.323964, -0.336992, 0.249411]], "im2d": [[0.002289, -0.055133], [-0.096624, 0.061483], [0.093005, 0.058869], [0.019704, -0.185411], [-0.042743, 0.533143], [0.025443, 0.322286], [0.00456, -0.341323], [0.064819, 0.960885], [-0.013193, 0.822548], [-0.005115, -0.398181], [0.000714, 1.045188], [0.022144, 0.854919], [-0.009355, -0.666457], [-0.109456, -0.552769], [0.096937, -0.556099], [-0.022098, -0.728611], [-0.22996, -0.537578], [0.214353, -0.537796], [-0.341339, -0.232322], [0.307702, -0.230909], [-0.277912, -0.284691], [0.300327, -0.019509], [-0.302317, -0.321932], [0.31137, 0.043757]], "theta": [1.202156, 0.002728, 0.173384, 0.394704, 0.237331, -3.095604, 0.2268, -0.048404, -0.172958, -0.877136, 0.073646, -0.003109, 0.26644, -0.052285, -0.051276, 0.375552, -0.15242, 0.028018, 0.693834, -0.186496, -0.067816, 0.0113, -0.016456, 0.069497, -0.380984, 0.264324, 0.015607, 0.11681, -0.148581, 0.055412, 0.096902, -0.024722, -0.029371, -0.00061, 0.000623, -0.000336, 0.001548, 0.001534, -0.005008, -0.099729, -0.14749, -0.080331, 0.017288, -0.152967, -0.456887, 0.003181, 0.382862, 0.467978, 0.201291, -0.126701, 0.013054, 0.151424, -0.297104, -0.64838, 0.211355, 0.167151, 0.773239, -0.068589, -1.739109, 0.156677, -0.441027, 0.792915, -0.193368, 0.110665, -0.183133, 0.6173, -0.514135, 0.167078, -0.2902, 0.110406, 0.045154, -0.410529, 0.111136, -0.038254, 0.418465, 0.679468, -0.903176, 0.015735, -2.312477, 0.340682, 0.050151, 1.264601, -2.087141, 0.140136, 0.848079]}