{"hc3d": [[-0.000823, -0.219246, 0.039843], [0.081877, -0.316289, 0.036693], [-0.081745, -0.315725, 0.039436], [-0.003091, -0.104236, 0.0047], [0.050833, -0.696277, -0.070869], [-0.108459, -0.569418, 0.353474], [0.006089, 0.022517, 0.034245], [0.022156, -1.002215, -0.365248], [-0.098422, -0.993782, 0.394309], [0.004033, 0.063652, 0.079595], [0.047226, -1.091315, -0.261649], [-0.157202, -1.036509, 0.514545], [0.005797, 0.284312, 0.113088], [0.091893, 0.191166, 0.10162], [-0.0795, 0.195883, 0.079124], [0.00206, 0.327881, 0.175894], [0.192812, 0.179176, 0.110743], [-0.184187, 0.178801, 0.091009], [0.29168, -0.070251, 0.069331], [-0.255484, -0.069654, 0.024365], [0.176617, -0.064709, 0.304966], [-0.301865, -0.270995, 0.192555], [0.176353, -0.047546, 0.392933], [-0.328268, -0.332868, 0.250406]], "im2d": [[0.002326, -0.055138], [-0.096601, 0.061508], [0.093067, 0.058882], [0.019736, -0.185445], [-0.042406, 0.532437], [0.020881, 0.30296], [0.004921, -0.341391], [0.067622, 0.949405], [-0.018751, 0.799966], [-0.004715, -0.398558], [0.004167, 1.036654], [0.012147, 0.828324], [-0.008596, -0.666896], [-0.108845, -0.553337], [0.097568, -0.556371], [-0.021403, -0.73015], [-0.229492, -0.539851], [0.215244, -0.539165], [-0.341455, -0.234985], [0.308943, -0.232374], [-0.277744, -0.285513], [0.30519, -0.024127], [-0.303095, -0.321936], [0.316337, 0.038637]], "theta": [1.202405, 0.002758, 0.173389, 0.394747, 0.237295, -3.095663, 0.245273, -0.042968, -0.168694, -0.923117, 0.087201, -0.007403, 0.269291, -0.056959, -0.048747, 0.395398, -0.166871, 0.020626, 0.710971, -0.183518, -0.064929, 0.001978, -0.012729, 0.065854, -0.397034, 0.271884, 0.022633, 0.125527, -0.132446, 0.053156, 0.1039, -0.022894, -0.027592, -0.000615, 0.000684, -0.000387, 0.001455, 0.001444, -0.004708, -0.11648, -0.137642, -0.074008, 0.021617, -0.146152, -0.445599, 0.012066, 0.376859, 0.457817, 0.181898, -0.104286, 0.017194, 0.158856, -0.303755, -0.658629, 0.204915, 0.172642, 0.781197, -0.073238, -1.741113, 0.158845, -0.455283, 0.804493, -0.206603, 0.126826, -0.174814, 0.624418, -0.508029, 0.162692, -0.27775, 0.110508, 0.045105, -0.410786, 0.111237, -0.038217, 0.418335, 0.679468, -0.903176, 0.015735, -2.312477, 0.340682, 0.050151, 1.264601, -2.087141, 0.140136, 0.848079]}