{"hc3d": [[-0.000823, -0.219246, 0.039843], [0.081877, -0.316289, 0.036693], [-0.081745, -0.315725, 0.039436], [-0.003091, -0.104236, 0.0047], [0.056239, -0.699207, -0.061496], [-0.10523, -0.582849, 0.3424], [0.005276, 0.022857, 0.033001], [0.028294, -0.96592, -0.391892], [-0.090553, -1.008566, 0.322361], [0.003173, 0.063684, 0.078626], [0.057626, -1.062436, -0.296371], [-0.147488, -1.064818, 0.437823], [0.004162, 0.285065, 0.107003], [0.090608, 0.1921, 0.096759], [-0.081037, 0.195459, 0.076008], [-0.000132, 0.331008, 0.168057], [0.190644, 0.174129, 0.105778], [-0.185207, 0.177468, 0.090752], [0.279245, -0.076316, 0.049824], [-0.259303, -0.076168, 0.052902], [0.18555, -0.136673, 0.287252], [-0.303787, -0.284, 0.21354], [0.190077, -0.145081, 0.376368], [-0.330638, -0.346972, 0.269982]], "im2d": [[0.002361, -0.055143], [-0.096579, 0.061532], [0.093127, 0.058895], [0.019768, -0.185479], [-0.051551, 0.534377], [0.019988, 0.321044], [0.006273, -0.34164], [0.069899, 0.911359], [-0.006876, 0.830895], [-0.00341, -0.398502], [0.003612, 1.008956], [0.022806, 0.876223], [-0.004847, -0.666827], [-0.105876, -0.553675], [0.1003, -0.555427], [-0.016402, -0.7326], [-0.22571, -0.533058], [0.216509, -0.537659], [-0.321413, -0.224357], [0.304703, -0.229921], [-0.285552, -0.196693], [0.300766, -0.012519], [-0.317781, -0.202889], [0.312819, 0.051817]], "theta": [1.20265, 0.002786, 0.173394, 0.394786, 0.237264, -3.095715, 0.22092, -0.027504, -0.151773, -0.880587, 0.087413, 0.003327, 0.2594, -0.061826, -0.042571, 0.542921, -0.154323, -0.006468, 0.810525, -0.165775, -0.052675, 0.018428, -0.007736, 0.059857, -0.445467, 0.282863, 0.025669, 0.089782, -0.149213, 0.067062, 0.074414, -0.011835, -0.025266, -0.001181, 0.000988, 0.000358, 0.001719, 0.002071, -0.00588, -0.130268, -0.136543, -0.054098, 0.023404, -0.176824, -0.504839, 0.007006, 0.391915, 0.460245, 0.161909, -0.065954, 0.014044, 0.17741, -0.23016, -0.670352, 0.148459, 0.213811, 0.733129, -0.0859, -1.514968, 0.108807, -0.42903, 0.670301, -0.139489, 0.057285, -0.167507, 0.592615, -0.502742, 0.17692, -0.291257, 0.109855, 0.044992, -0.409592, 0.110628, -0.037623, 0.418035, 0.679468, -0.903176, 0.015735, -2.312477, 0.340682, 0.050151, 1.264601, -2.087141, 0.140136, 0.848079]}