{"hc3d": [[-0.000823, -0.219246, 0.039843], [0.081877, -0.316289, 0.036693], [-0.081745, -0.315725, 0.039436], [-0.003091, -0.104236, 0.0047], [0.063806, -0.703425, -0.045303], [-0.108822, -0.597811, 0.328206], [0.004553, 0.023137, 0.031925], [0.024251, -0.951591, -0.38871], [-0.086814, -1.015458, 0.24491], [0.002433, 0.06405, 0.077473], [0.060049, -1.049083, -0.29644], [-0.144169, -1.08178, 0.354679], [0.002888, 0.286015, 0.100857], [0.089571, 0.193157, 0.091705], [-0.082313, 0.195427, 0.072869], [-0.001189, 0.332724, 0.161343], [0.189173, 0.172379, 0.099399], [-0.18594, 0.176903, 0.090498], [0.272547, -0.079507, 0.041903], [-0.263776, -0.078348, 0.083925], [0.210383, -0.214529, 0.258001], [-0.310269, -0.293741, 0.233662], [0.223674, -0.248988, 0.339664], [-0.338418, -0.358971, 0.286811]], "im2d": [[0.002369, -0.055145], [-0.096574, 0.061537], [0.09314, 0.058898], [0.019776, -0.185487], [-0.065348, 0.536537], [0.027873, 0.341401], [0.007451, -0.341799], [0.07421, 0.89375], [0.011693, 0.853271], [-0.002186, -0.398751], [0.001327, 0.993165], [0.043194, 0.911606], [-0.00149, -0.666878], [-0.103121, -0.554044], [0.102729, -0.554854], [-0.013101, -0.73346], [-0.222163, -0.52985], [0.217429, -0.536973], [-0.311372, -0.219187], [0.300573, -0.233033], [-0.30861, -0.098591], [0.301956, -0.004664], [-0.349781, -0.072381], [0.316423, 0.062948]], "theta": [1.202706, 0.002793, 0.173395, 0.394793, 0.237258, -3.095726, 0.178812, -0.007225, -0.128965, -0.829978, 0.075869, 0.000116, 0.251004, -0.063724, -0.036864, 0.633553, -0.129584, -0.042922, 0.909519, -0.152412, -0.025764, 0.024772, -0.004018, 0.055909, -0.486239, 0.289765, 0.029343, 0.021268, -0.169467, 0.076878, 0.05401, -0.002174, -0.025622, -0.001101, 0.000879, 0.000362, 0.00177, 0.002049, -0.00594, -0.120155, -0.123143, -0.040525, 0.010742, -0.184287, -0.538016, 0.001861, 0.405874, 0.461597, 0.157139, -0.047879, 0.01391, 0.16578, -0.189478, -0.668253, 0.092409, 0.260683, 0.676682, -0.084172, -1.19749, 0.03485, -0.426956, 0.515326, -0.066926, -0.014143, -0.168593, 0.57475, -0.518239, 0.181495, -0.299155, 0.109911, 0.045155, -0.409757, 0.110521, -0.037364, 0.418171, 0.679468, -0.903176, 0.015735, -2.312477, 0.340682, 0.050151, 1.264601, -2.087141, 0.140136, 0.848079]}