{"hc3d": [[-0.000823, -0.219246, 0.039843], [0.081877, -0.316289, 0.036693], [-0.081745, -0.315725, 0.039436], [-0.003091, -0.104236, 0.0047], [0.101694, -0.69345, 0.156196], [-0.136367, -0.706645, 0.12827], [0.002977, 0.024809, 0.022978], [0.011217, -1.0037, -0.12064], [-0.069352, -1.121797, 0.057486], [0.002199, 0.06674, 0.067633], [0.075406, -1.087912, -0.030706], [-0.139423, -1.182436, 0.163081], [0.002045, 0.289824, 0.074644], [0.088907, 0.196916, 0.068067], [-0.083703, 0.197059, 0.057591], [6.1e-05, 0.33376, 0.137274], [0.188823, 0.176643, 0.072252], [-0.184931, 0.175838, 0.08395], [0.262337, -0.081731, 0.032975], [-0.267131, -0.071666, 0.140867], [0.258267, -0.316387, 0.150081], [-0.307422, -0.29766, 0.276073], [0.278565, -0.386634, 0.201909], [-0.316557, -0.371968, 0.323687]], "im2d": [[0.002379, -0.055147], [-0.096569, 0.061544], [0.093158, 0.058902], [0.019786, -0.185498], [-0.169341, 0.488353], [0.115726, 0.506987], [0.01203, -0.342192], [0.007319, 0.906813], [0.043495, 1.014047], [0.001134, -0.400183], [-0.097436, 0.991127], [0.091264, 1.066276], [0.007473, -0.666681], [-0.095143, -0.554245], [0.108986, -0.554059], [-0.00732, -0.730341], [-0.213488, -0.530007], [0.218191, -0.534541], [-0.296907, -0.215018], [0.287725, -0.251396], [-0.335875, 0.042593], [0.285843, -0.007706], [-0.377609, 0.116851], [0.27949, 0.071882]], "theta": [1.202783, 0.002801, 0.173396, 0.394802, 0.23725, -3.095738, -0.329253, -0.114332, -0.015832, -0.270778, -0.079101, -0.034004, 0.184256, 0.005327, -0.019041, 0.928121, 0.264526, -0.15125, 0.340382, -0.110453, 0.104526, 0.067596, -0.032939, 0.048678, -0.414526, 0.241787, -0.007067, -0.080424, -0.241262, 0.136725, 0.003249, 0.004822, -0.031168, 6e-05, 0.000235, -0.00133, 0.00124, 0.001314, -0.004536, -0.001989, -0.126097, -0.047127, -0.052729, -0.190379, -0.541721, -0.013749, 0.438742, 0.49191, 0.224795, -0.12535, -0.015547, 0.162891, -0.154386, -0.703042, 0.057757, 0.335842, 0.547713, -0.03477, -0.537239, -0.108369, -0.386259, 0.24503, 0.066318, -0.012396, -0.230287, 0.448152, -0.490963, 0.142888, -0.102103, 0.110706, 0.045751, -0.41154, 0.110693, -0.039289, 0.418247, 0.679468, -0.903176, 0.015735, -2.312477, 0.340682, 0.050151, 1.264601, -2.087141, 0.140136, 0.848079]}