{"hc3d": [[-0.000823, -0.219246, 0.039843], [0.081877, -0.316289, 0.036693], [-0.081745, -0.315725, 0.039436], [-0.003091, -0.104236, 0.0047], [0.055492, -0.573078, 0.33717], [-0.176274, -0.706549, 0.084319], [-0.001788, 0.023553, 0.031004], [0.06704, -0.887449, 0.05061], [-0.120297, -1.036723, -0.179697], [0.002029, 0.066125, 0.07489], [0.11282, -0.944046, 0.168936], [-0.186855, -1.10797, -0.078546], [0.010129, 0.2871, 0.105219], [0.092803, 0.193365, 0.080746], [-0.079935, 0.198806, 0.086738], [0.003841, 0.324349, 0.171776], [0.193183, 0.177062, 0.072398], [-0.179268, 0.197418, 0.125769], [0.263152, -0.064772, -0.029211], [-0.291353, -0.023128, 0.226023], [0.246734, -0.282632, 0.115914], [-0.245378, -0.042764, 0.487706], [0.268053, -0.347379, 0.174105], [-0.244161, -0.043016, 0.576422]], "im2d": [[0.002381, -0.055147], [-0.096568, 0.061545], [0.09316, 0.058903], [0.019787, -0.1855], [-0.165208, 0.311871], [0.175345, 0.514524], [0.015134, -0.342206], [-0.104592, 0.737922], [0.176901, 0.955657], [-0.000861, -0.400779], [-0.195381, 0.784068], [0.221516, 1.021339], [-0.011184, -0.668945], [-0.103603, -0.552303], [0.095949, -0.561417], [-0.022388, -0.725409], [-0.218595, -0.530498], [0.199892, -0.56777], [-0.278633, -0.223846], [0.292263, -0.324834], [-0.31098, 0.008583], [0.159743, -0.34874], [-0.355603, 0.075152], [0.131785, -0.364588]], "theta": [1.202795, 0.002802, 0.173397, 0.394803, 0.23725, -3.095739, -0.878351, -0.41785, 0.019658, -0.170017, -0.109093, -0.137463, 0.247707, 0.075335, 0.023407, 1.475614, 0.292413, -0.204542, 0.740158, 0.019013, 0.148639, -0.009677, -0.018744, -0.017762, -0.539926, 0.232354, 0.218885, -0.367748, -0.160953, -0.049538, 0.124864, 0.001091, -0.04676, -0.001023, 0.000906, -3.2e-05, 0.001404, 0.001953, -0.006286, 0.01189, -0.339296, -0.030732, -0.020912, -0.156836, -0.482521, -0.041068, 0.430432, 0.296722, 0.32136, -0.155705, 0.040544, 0.172424, -0.084431, -0.739415, 0.003104, 0.464486, 0.474013, -0.001642, -0.893411, -0.086347, -0.524051, 1.091004, -0.206015, 0.114666, -0.191828, 0.479735, -0.199386, 0.128069, -0.306077, 0.110756, 0.044632, -0.411851, 0.111089, -0.037661, 0.41876, 0.679468, -0.903176, 0.015735, -2.312477, 0.340682, 0.050151, 1.264601, -2.087141, 0.140136, 0.848079]}