{"hc3d": [[-0.000859, -0.218633, 0.038691], [0.081151, -0.315419, 0.035097], [-0.081067, -0.314838, 0.037758], [-0.003147, -0.103953, 0.004341], [0.090089, -0.70852, 0.097693], [-0.134723, -0.717184, 0.058347], [0.001387, 0.023026, 0.035121], [0.033178, -1.131445, 0.114507], [-0.112116, -0.919797, -0.317874], [0.00101, 0.070236, 0.073676], [0.114839, -1.148369, 0.22588], [-0.154221, -1.050173, -0.286062], [-0.006857, 0.29195, 0.053711], [0.082682, 0.20167, 0.055059], [-0.089373, 0.195152, 0.05095], [0.000779, 0.346991, 0.107031], [0.176035, 0.196617, 0.01487], [-0.193303, 0.191002, 0.073853], [0.220157, -0.050465, -0.090698], [-0.283449, -0.060715, 0.082445], [0.360718, -0.270597, -0.119768], [-0.253664, -0.237487, 0.280444], [0.41944, -0.333228, -0.145255], [-0.246669, -0.26849, 0.363192]], "im2d": [[0.0185, -0.092608], [0.044508, 0.035403], [-0.018157, -0.005999], [0.064124, -0.220437], [-0.052302, 0.473864], [-0.093764, 0.427006], [0.043409, -0.360216], [-0.126783, 0.92889], [0.301302, 0.657628], [0.005855, -0.412711], [-0.217577, 0.96816], [0.240704, 0.791722], [0.042953, -0.660724], [0.066982, -0.538042], [0.007357, -0.574036], [-0.006831, -0.719899], [0.14413, -0.508969], [-0.055917, -0.595549], [0.252986, -0.223664], [-0.119494, -0.338864], [0.3176, 0.055944], [-0.335777, -0.135265], [0.36137, 0.140207], [-0.424586, -0.099124]], "theta": [1.137807, 0.017118, 0.137242, 2.657971, 0.297347, -1.881146, -0.193411, 0.135415, -0.069152, -0.097622, -0.0792, -0.036366, 0.276099, -0.00743, -0.007597, 0.040667, -0.088572, -0.039112, 1.055751, 0.073516, 0.005553, -0.148108, -0.017144, 0.032481, -0.224985, 0.394206, 0.106492, -0.069688, -0.138928, 0.152595, 0.00234, 0.042347, 0.001515, -0.002575, 0.00185, 0.002684, 0.00188, 0.003349, -0.007848, -0.059612, 0.028464, -0.071001, 0.008488, 0.270982, -0.50393, -0.01083, 0.324044, 0.343872, 0.047909, -0.051723, 0.035545, 0.03708, 0.008982, -0.80953, 0.378792, 0.261963, 0.791837, -0.371336, -0.268118, 0.178126, 0.091391, 0.752054, -0.248467, 0.074623, -0.099662, 0.388338, 0.146008, 0.288379, -0.438644, 0.108743, 0.043312, -0.409843, 0.110294, -0.038603, 0.4172, 0.695474, -0.74927, 0.000336, -2.303391, 0.355669, 0.073295, 1.249516, -2.016179, 0.071795, 0.887214]}