{"hc3d": [[-0.000813, -0.219167, 0.039681], [0.081825, -0.316197, 0.036481], [-0.081665, -0.315629, 0.039199], [-0.003084, -0.104168, 0.004623], [0.050802, -0.689068, 0.168422], [-0.163044, -0.669518, 0.218877], [0.005149, 0.023579, 0.02995], [-0.026028, -1.070812, -0.004591], [-0.075462, -0.918968, -0.11644], [0.008666, 0.066683, 0.073285], [0.02011, -1.118928, 0.117449], [-0.138169, -1.02725, -0.052255], [0.016083, 0.289242, 0.089094], [0.099338, 0.19413, 0.073307], [-0.073482, 0.199779, 0.073802], [0.017981, 0.332983, 0.152001], [0.199684, 0.175568, 0.073826], [-0.174358, 0.186694, 0.106265], [0.260932, -0.081272, 0.009223], [-0.249219, -0.069074, 0.126611], [0.222108, -0.247942, 0.208384], [-0.277725, -0.274792, 0.294039], [0.245346, -0.296114, 0.280389], [-0.285414, -0.34341, 0.349879]], "im2d": [[-0.009819, -0.067039], [-0.1103, 0.04504], [0.082881, 0.047678], [-0.002197, -0.194987], [-0.090405, 0.457442], [0.160868, 0.430326], [-0.009151, -0.349133], [-0.003784, 0.937104], [0.063937, 0.781243], [-0.013836, -0.40753], [-0.064915, 0.969932], [0.132108, 0.897517], [-0.01657, -0.670736], [-0.117193, -0.558609], [0.087265, -0.561285], [-0.020145, -0.733422], [-0.236402, -0.53934], [0.20476, -0.549588], [-0.313822, -0.228728], [0.284704, -0.252615], [-0.281326, -0.069469], [0.305163, -0.042146], [-0.31328, -0.026883], [0.309835, 0.028017]], "theta": [1.183334, -0.007485, 0.162514, 0.058409, 0.241376, -3.109075, -0.368105, -0.182666, -0.133881, -0.515494, -0.073841, -0.095227, 0.240621, 0.057597, -0.031505, 0.64034, 0.15088, -0.088256, 1.353235, -0.156689, 0.052578, -0.015543, -0.01469, 0.027207, -0.429168, 0.256175, 0.049174, -0.258519, -0.063101, 0.002885, 0.069313, -0.009078, -0.035088, -0.001711, 0.001523, 0.000626, 0.001559, 0.002624, -0.006919, -0.035316, -0.173746, -0.058526, -0.00397, -0.205301, -0.487415, -0.035334, 0.429349, 0.436101, 0.241851, -0.179276, -0.009237, 0.209436, -0.181159, -0.768042, 0.114684, 0.282934, 0.717868, -0.171259, -1.03891, -0.017113, -0.484203, 0.504381, -0.082327, -0.038572, -0.180169, 0.581573, -0.523068, 0.107646, -0.129478, 0.109379, 0.044626, -0.409059, 0.109575, -0.037245, 0.418006, 0.693001, -0.879812, 0.002472, -2.320764, 0.354321, 0.0454, 1.257798, -2.073437, 0.119485, 0.840784]}