{"hc3d": [[-0.000813, -0.219167, 0.039681], [0.081825, -0.316197, 0.036481], [-0.081665, -0.315629, 0.039199], [-0.003084, -0.104168, 0.004623], [0.074181, -0.712155, 0.012766], [-0.164015, -0.59343, 0.322376], [0.005601, 0.022107, 0.036369], [0.005969, -1.080657, -0.19001], [-0.152161, -1.019847, 0.341367], [0.006788, 0.064685, 0.080345], [0.049837, -1.13506, -0.069788], [-0.203044, -1.052834, 0.46825], [0.009964, 0.286213, 0.107777], [0.095449, 0.19288, 0.093352], [-0.077017, 0.19674, 0.081543], [0.010033, 0.3364, 0.165704], [0.196915, 0.185802, 0.101639], [-0.180044, 0.176353, 0.100798], [0.268749, -0.07112, 0.049461], [-0.246364, -0.077916, 0.051971], [0.167977, -0.14052, 0.281796], [-0.279663, -0.289123, 0.211493], [0.18436, -0.153852, 0.368969], [-0.2907, -0.360985, 0.262481]], "im2d": [[-0.00981, -0.067042], [-0.110296, 0.045046], [0.082897, 0.047682], [-0.002188, -0.194998], [-0.112175, 0.512413], [0.159972, 0.322489], [-0.009993, -0.348619], [-0.034079, 0.981874], [0.132325, 0.817192], [-0.011967, -0.406468], [-0.092644, 1.02244], [0.186148, 0.833707], [-0.010211, -0.670515], [-0.11348, -0.56076], [0.091037, -0.559104], [-0.011222, -0.739786], [-0.234003, -0.556361], [0.211419, -0.536404], [-0.324464, -0.248152], [0.284232, -0.2287], [-0.217196, -0.207217], [0.310527, -0.010241], [-0.240638, -0.207971], [0.319266, 0.064684]], "theta": [1.18341, -0.007477, 0.162515, 0.058418, 0.241369, -3.109087, 0.032003, -0.061468, -0.103745, -0.824055, 0.011977, -0.126608, 0.288323, -0.005153, -0.040078, 0.333535, 0.001135, -0.069955, 0.673427, -0.166938, 0.045397, -0.050405, -0.003127, 0.041428, -0.453175, 0.23328, 0.025361, 0.001865, -0.012258, 0.072158, 0.10804, -0.02362, -0.018095, 0.000659, 3.7e-05, -0.002052, 0.000937, 0.000465, -0.002726, -0.195941, -0.136698, -0.061326, 0.003787, -0.182101, -0.385785, 0.038203, 0.388051, 0.486778, 0.188061, -0.118969, -0.017683, 0.262882, -0.332183, -0.825715, 0.1957, 0.219702, 0.763016, -0.156052, -1.449499, 0.088859, -0.481099, 0.699161, -0.186097, 0.079449, -0.142454, 0.741072, -0.50743, 0.076966, -0.148456, 0.112352, 0.045664, -0.414205, 0.111889, -0.040112, 0.419345, 0.693001, -0.879812, 0.002472, -2.320764, 0.354321, 0.0454, 1.257798, -2.073437, 0.119485, 0.840784]}