{"hc3d": [[-0.000813, -0.219167, 0.039681], [0.081825, -0.316197, 0.036481], [-0.081665, -0.315629, 0.039199], [-0.003084, -0.104168, 0.004623], [0.090605, -0.712785, 0.04314], [-0.131059, -0.592139, 0.331169], [0.003455, 0.022297, 0.036128], [0.074956, -0.93394, -0.320743], [-0.096333, -1.015623, 0.288885], [0.003627, 0.064726, 0.080265], [0.111021, -1.030208, -0.2271], [-0.146425, -1.065954, 0.410271], [0.005588, 0.286689, 0.104052], [0.091589, 0.193586, 0.091295], [-0.080876, 0.196335, 0.079162], [0.004397, 0.335134, 0.163431], [0.192539, 0.18203, 0.100759], [-0.18369, 0.17762, 0.101073], [0.251445, -0.077219, 0.044086], [-0.242891, -0.082292, 0.081684], [0.181207, -0.228282, 0.247058], [-0.272777, -0.293295, 0.242151], [0.201294, -0.273431, 0.321914], [-0.286256, -0.362946, 0.295562]], "im2d": [[-0.009809, -0.067043], [-0.110296, 0.045047], [0.082899, 0.047682], [-0.002187, -0.195], [-0.13289, 0.507213], [0.120681, 0.318608], [-0.007439, -0.34875], [-0.105719, 0.832707], [0.068662, 0.820573], [-0.008225, -0.40643], [-0.155199, 0.92726], [0.121259, 0.858349], [-0.004866, -0.670293], [-0.108808, -0.561125], [0.095689, -0.55811], [-0.004501, -0.737765], [-0.228907, -0.551693], [0.215758, -0.537856], [-0.303965, -0.239639], [0.278747, -0.229107], [-0.234018, -0.098578], [0.300973, -0.011138], [-0.262277, -0.059971], [0.312565, 0.060817]], "theta": [1.183422, -0.007476, 0.162515, 0.058419, 0.241369, -3.109088, -0.041191, -0.103315, -0.060144, -0.841901, 0.066372, -0.05776, 0.285481, -0.027009, -0.025665, 0.929875, -0.035752, -0.105793, 0.828675, -0.179311, 0.046435, -0.04386, -0.001951, 0.032531, -0.569107, 0.252658, 0.010267, -0.012485, -0.065506, 0.023718, 0.088033, -0.0051, -0.020528, -0.002776, 0.002151, 0.002005, 0.001981, 0.003195, -0.008178, -0.148232, -0.103268, -0.028609, 0.022864, -0.204477, -0.431173, 0.045474, 0.403969, 0.461618, 0.146418, -0.043561, 0.025621, 0.198517, -0.286866, -0.840753, 0.087774, 0.283295, 0.756141, -0.140901, -1.095358, 0.029808, -0.443523, 0.599477, -0.132433, -0.023122, -0.11003, 0.658459, -0.506857, 0.111058, -0.189806, 0.109521, 0.043485, -0.410344, 0.109441, -0.035224, 0.417766, 0.693001, -0.879812, 0.002472, -2.320764, 0.354321, 0.0454, 1.257798, -2.073437, 0.119485, 0.840784]}