{"hc3d": [[-0.000813, -0.219167, 0.039681], [0.081825, -0.316197, 0.036481], [-0.081665, -0.315629, 0.039199], [-0.003084, -0.104168, 0.004623], [0.096692, -0.698369, 0.141963], [-0.127342, -0.675355, 0.219905], [0.004609, 0.023561, 0.030212], [0.049205, -0.94447, -0.20263], [-0.064756, -1.092274, 0.152122], [0.004648, 0.065422, 0.074887], [0.101863, -1.039264, -0.115575], [-0.129216, -1.148201, 0.263897], [0.006906, 0.288077, 0.090916], [0.092727, 0.194571, 0.080046], [-0.079908, 0.196931, 0.070546], [0.00513, 0.332267, 0.153512], [0.192334, 0.173107, 0.085699], [-0.181056, 0.175593, 0.097283], [0.259824, -0.086778, 0.043312], [-0.250937, -0.081053, 0.12345], [0.231448, -0.284865, 0.213334], [-0.272072, -0.3031, 0.269783], [0.253841, -0.34214, 0.278629], [-0.279216, -0.375823, 0.320242]], "im2d": [[-0.009809, -0.067043], [-0.110296, 0.045047], [0.0829, 0.047683], [-0.002187, -0.195], [-0.143815, 0.472131], [0.118468, 0.436165], [-0.008517, -0.349171], [-0.080564, 0.823994], [0.034782, 0.934476], [-0.009184, -0.406284], [-0.14934, 0.917644], [0.104603, 0.980888], [-0.005829, -0.669543], [-0.109651, -0.560243], [0.094926, -0.557252], [-0.005036, -0.732616], [-0.228299, -0.538501], [0.212744, -0.534854], [-0.314126, -0.228518], [0.286538, -0.238015], [-0.293698, -0.027429], [0.298682, -0.00475], [-0.324648, 0.027049], [0.302814, 0.071188]], "theta": [1.183423, -0.007475, 0.162516, 0.058419, 0.241369, -3.109088, -0.290641, -0.139034, -0.02785, -0.504596, -0.008195, -0.017235, 0.240163, 0.001692, -0.031641, 1.105911, 0.162945, -0.127931, 0.557814, -0.157076, 0.071089, 0.014335, -0.018912, 0.050506, -0.494309, 0.230773, -0.00193, -0.075748, -0.182655, 0.058822, 0.040119, -0.000985, -0.03259, -0.0012, 0.001207, -0.000127, 0.001451, 0.002162, -0.006052, -0.04284, -0.123271, -0.029753, -0.032457, -0.215431, -0.534862, 0.014308, 0.441954, 0.489375, 0.196866, -0.132936, 0.022369, 0.136455, -0.182716, -0.70908, 0.084774, 0.32555, 0.632554, -0.090071, -0.800734, -0.061722, -0.42399, 0.406315, 0.001173, -0.045004, -0.18219, 0.544815, -0.521986, 0.13042, -0.152681, 0.109588, 0.04501, -0.409544, 0.109921, -0.037409, 0.417885, 0.693001, -0.879812, 0.002472, -2.320764, 0.354321, 0.0454, 1.257798, -2.073437, 0.119485, 0.840784]}