{"hc3d": [[-0.000847, -0.218958, 0.039037], [0.081348, -0.315864, 0.035585], [-0.081243, -0.31528, 0.038262], [-0.003132, -0.104091, 0.004413], [0.061163, -0.663164, 0.228896], [-0.16943, -0.700592, -0.055879], [-0.003826, 0.025772, 0.020062], [0.079822, -1.084843, 0.29428], [-0.152536, -1.053385, -0.29759], [0.000992, 0.073558, 0.057755], [0.045331, -1.088747, 0.429094], [-0.218508, -1.125857, -0.196575], [0.002841, 0.296564, 0.059221], [0.087132, 0.202767, 0.042055], [-0.084647, 0.204035, 0.057135], [0.007597, 0.348948, 0.115327], [0.185045, 0.186562, 0.019125], [-0.184984, 0.206391, 0.093107], [0.236105, -0.05343, -0.098884], [-0.289193, -0.033308, 0.150406], [0.253719, -0.314238, -0.127072], [-0.371158, -0.242122, 0.295524], [0.271916, -0.40199, -0.129394], [-0.416079, -0.291736, 0.353796]], "im2d": [[0.014421, -0.100475], [-0.041843, 0.019873], [0.063184, -0.006497], [0.053603, -0.221538], [-0.223354, 0.366098], [0.18716, 0.421719], [0.046605, -0.367756], [-0.317605, 0.822979], [0.378195, 0.856334], [0.011509, -0.426392], [-0.418153, 0.798203], [0.32571, 0.908309], [0.020688, -0.67254], [-0.024271, -0.552882], [0.075536, -0.583618], [-0.030942, -0.739501], [-0.068883, -0.51575], [0.109108, -0.608135], [-0.007472, -0.222122], [0.113015, -0.369804], [-0.007097, 0.073481], [0.023639, -0.177566], [-0.02162, 0.173586], [-0.002513, -0.140032]], "theta": [1.128581, 0.013624, 0.12993, 1.45173, 0.323758, -2.825431, -0.521207, -0.444639, -0.028098, 0.172149, -0.164135, -0.147381, 0.160607, 0.094642, 0.036946, 0.26455, -0.292226, -0.025854, 0.304387, 0.238276, 0.12121, -0.044892, 0.003785, -0.031589, -0.116362, 0.22742, 0.118348, -0.293621, -0.329794, 0.04615, 0.114368, 0.020072, -0.032254, -0.002267, 0.001859, 0.002115, 0.002549, 0.004507, -0.009857, -0.107832, -0.123895, 0.001504, 0.065598, -0.040513, -0.534279, -0.070529, 0.345503, 0.302833, 0.194354, 0.043138, 0.041982, 0.25515, -0.072614, -0.761917, -0.019923, 0.232805, 0.700836, 0.297143, -0.238814, -0.118029, -0.154603, 0.238248, -0.042638, 0.34977, -0.16104, 0.280862, 0.137906, 0.159804, -0.427377, 0.109425, 0.042938, -0.411199, 0.109191, -0.03702, 0.417352, 0.70457, -0.783691, 0.010976, -2.312359, 0.332565, 0.079668, 1.237301, -2.049825, 0.075051, 0.866023]}