{"hc3d": [[-0.000847, -0.218958, 0.039037], [0.081348, -0.315864, 0.035585], [-0.081243, -0.31528, 0.038262], [-0.003132, -0.104091, 0.004413], [0.075294, -0.708144, -0.031299], [-0.15927, -0.637207, 0.27359], [0.000763, 0.025118, 0.024408], [0.003636, -1.091363, -0.205783], [-0.120012, -1.062891, 0.29419], [0.001574, 0.072664, 0.062699], [0.045927, -1.143347, -0.083762], [-0.198861, -1.100965, 0.404379], [0.006485, 0.295514, 0.069858], [0.090994, 0.200592, 0.0631], [-0.081081, 0.204665, 0.052566], [0.007813, 0.34124, 0.131679], [0.1924, 0.193767, 0.056357], [-0.18654, 0.197883, 0.066689], [0.302654, -0.054815, 0.042921], [-0.270463, -0.052353, 0.022678], [0.27845, -0.272525, 0.188324], [-0.368185, -0.293082, 0.084973], [0.291151, -0.325772, 0.259321], [-0.395445, -0.37638, 0.098883]], "im2d": [[0.014574, -0.100543], [-0.041706, 0.019934], [0.06341, -0.006496], [0.053756, -0.221727], [0.002904, 0.464195], [-0.116995, 0.295661], [0.039666, -0.367403], [0.189753, 0.907158], [-0.184084, 0.768496], [0.006611, -0.426547], [0.047502, 0.949715], [-0.234671, 0.778904], [0.008488, -0.673273], [-0.046196, -0.554046], [0.077453, -0.583483], [-0.046517, -0.734465], [-0.107456, -0.52953], [0.133934, -0.594894], [-0.181109, -0.235338], [0.216571, -0.323727], [-0.309439, -0.024133], [0.211642, -0.083914], [-0.385537, 0.024188], [0.212592, 0.001433]], "theta": [1.129615, 0.013748, 0.129951, 1.451905, 0.323613, -2.82567, 0.141416, -0.032771, -0.101509, -0.670045, -0.040139, -0.092078, 0.192747, -0.017937, -0.002998, 0.148144, -0.107722, -0.077414, 0.519582, -0.136443, 0.08973, -0.073257, -0.002773, 0.00676, -0.386898, 0.280543, 0.081476, -0.037018, -0.304226, 0.109242, 0.132587, -0.008405, -0.030752, -0.002201, 0.001691, 0.001668, 0.001856, 0.003302, -0.007443, -0.022747, -0.069439, -0.034075, 0.024317, -0.033821, -0.423763, -0.031606, 0.296239, 0.408587, 0.171677, -0.079478, 0.009089, 0.164962, -0.380377, -0.614169, 0.11925, 0.081065, 0.819331, 0.181935, -0.676815, -0.158052, -0.355756, 0.275449, -0.085852, 0.253014, -0.224745, 0.542372, -0.37984, 0.02381, -0.082898, 0.110195, 0.042667, -0.412968, 0.109489, -0.037761, 0.416429, 0.70457, -0.783691, 0.010976, -2.312359, 0.332565, 0.079668, 1.237301, -2.049825, 0.075051, 0.866023]}