{"hc3d": [[-0.000745, -0.218798, 0.040032], [0.082259, -0.315835, 0.036909], [-0.08194, -0.315287, 0.03968], [-0.003005, -0.103967, 0.004962], [0.063414, -0.70346, -0.041203], [-0.130044, -0.576847, 0.344163], [0.003671, 0.022495, 0.034487], [0.018972, -0.981144, -0.360141], [-0.0718, -0.997462, 0.379966], [0.004477, 0.065449, 0.078114], [0.047705, -1.073167, -0.260313], [-0.143468, -1.052524, 0.48731], [0.008712, 0.288033, 0.096809], [0.09362, 0.193842, 0.084706], [-0.078873, 0.197833, 0.075703], [0.006552, 0.333019, 0.158524], [0.193371, 0.173219, 0.081234], [-0.183154, 0.182759, 0.091631], [0.277757, -0.077892, 0.022777], [-0.258565, -0.072765, 0.077062], [0.227559, -0.235862, 0.225604], [-0.335097, -0.296946, 0.198346], [0.256588, -0.267921, 0.303959], [-0.371423, -0.367914, 0.237042]], "im2d": [[0.009356, -0.071854], [-0.081431, 0.044054], [0.09081, 0.037044], [0.034921, -0.198478], [-0.040392, 0.506569], [-0.024672, 0.282384], [0.01893, -0.350095], [0.154684, 0.885012], [-0.124301, 0.764971], [-0.001942, -0.407805], [0.069469, 0.974299], [-0.105406, 0.806491], [-0.005319, -0.668832], [-0.093443, -0.554506], [0.093683, -0.563642], [-0.032104, -0.732318], [-0.198136, -0.526423], [0.195176, -0.552834], [-0.269712, -0.221904], [0.270162, -0.256963], [-0.326672, -0.077957], [0.279134, -0.022334], [-0.398501, -0.054161], [0.294614, 0.051454]], "theta": [1.172963, 0.008722, 0.15754, 0.69626, 0.250412, -3.047945, 0.168456, -0.015858, -0.13139, -0.896554, 0.020905, -0.03738, 0.273171, -0.02934, -0.027786, 0.551006, -0.142435, -0.050849, 0.71016, -0.273188, 0.025774, -0.049165, 0.015962, 0.032515, -0.462466, 0.25694, 0.018038, 0.11471, -0.231121, 0.100523, 0.085662, -0.004776, -0.030838, 0.001377, -0.001469, -0.000648, 0.001511, -9e-05, -0.003377, -0.072992, -0.137662, -0.024473, 0.020157, -0.124301, -0.547409, -0.004481, 0.327838, 0.467428, 0.132629, -0.053405, 0.021047, 0.183508, -0.224367, -0.629578, 0.084224, 0.245139, 0.725362, -0.050134, -1.095942, -0.037388, -0.529934, 0.406306, -0.107036, 0.159149, -0.169894, 0.73238, -0.404563, 0.125806, -0.275488, 0.11321, 0.046098, -0.413822, 0.113162, -0.03916, 0.422583, 0.662686, -0.920456, 0.029789, -2.355586, 0.362938, 0.041822, 1.230145, -2.0897, 0.126231, 0.854283]}