{"hc3d": [[-0.000745, -0.218798, 0.040032], [0.082259, -0.315835, 0.036909], [-0.08194, -0.315287, 0.03968], [-0.003005, -0.103967, 0.004962], [0.065183, -0.701873, -0.049073], [-0.124877, -0.591422, 0.331815], [0.003557, 0.022936, 0.03256], [0.019058, -0.97281, -0.373528], [-0.069463, -1.012874, 0.361799], [0.003793, 0.065921, 0.076162], [0.050069, -1.067581, -0.277006], [-0.140153, -1.067139, 0.470192], [0.006026, 0.288729, 0.092362], [0.091812, 0.19512, 0.082071], [-0.080623, 0.197569, 0.07152], [0.004716, 0.335422, 0.15282], [0.191938, 0.17617, 0.080265], [-0.184673, 0.18179, 0.088249], [0.27584, -0.074599, 0.019681], [-0.258592, -0.07439, 0.078266], [0.233552, -0.236069, 0.221553], [-0.334255, -0.301727, 0.194099], [0.25885, -0.271538, 0.299731], [-0.369597, -0.373583, 0.232059]], "im2d": [[0.009846, -0.071918], [-0.081019, 0.044383], [0.091622, 0.037163], [0.035333, -0.198902], [-0.03712, 0.507663], [-0.023822, 0.302711], [0.020234, -0.35104], [0.16386, 0.879869], [-0.117215, 0.788572], [-0.000151, -0.408912], [0.077653, 0.973385], [-0.099789, 0.829125], [-0.000453, -0.670469], [-0.09047, -0.556733], [0.097745, -0.564029], [-0.027581, -0.735789], [-0.196544, -0.530695], [0.198805, -0.552622], [-0.266305, -0.225368], [0.270385, -0.256113], [-0.331351, -0.076405], [0.281317, -0.016173], [-0.399461, -0.048593], [0.2962, 0.058997]], "theta": [1.175888, 0.009119, 0.157637, 0.697013, 0.249752, -3.048981, 0.188564, -0.00141, -0.125429, -0.849544, 0.024269, -0.02347, 0.257661, -0.037099, -0.02731, 0.552243, -0.143373, -0.050536, 0.672922, -0.247285, 0.021981, -0.034129, 0.013789, 0.036015, -0.454361, 0.261986, 0.017182, 0.100644, -0.242608, 0.104872, 0.075137, -0.001467, -0.025461, 0.000583, -0.000732, -0.00028, 0.001729, 0.000528, -0.004355, -0.091293, -0.107712, -0.028469, 0.020733, -0.126893, -0.537346, -0.002551, 0.34199, 0.463518, 0.124058, -0.033974, 0.013287, 0.189907, -0.209785, -0.657201, 0.063575, 0.237899, 0.721765, -0.04539, -1.076051, 0.003148, -0.485705, 0.365675, -0.094642, 0.134305, -0.176108, 0.657334, -0.417914, 0.133792, -0.266896, 0.112117, 0.045745, -0.412751, 0.112279, -0.038241, 0.421082, 0.662686, -0.920456, 0.029789, -2.355586, 0.362938, 0.041822, 1.230145, -2.0897, 0.126231, 0.854283]}