{"hc3d": [[-0.000745, -0.218798, 0.040032], [0.082259, -0.315835, 0.036909], [-0.08194, -0.315287, 0.03968], [-0.003005, -0.103967, 0.004962], [0.100113, -0.709923, 0.069859], [-0.135198, -0.642599, 0.27091], [0.000979, 0.024269, 0.026145], [0.047919, -0.915322, -0.298777], [-0.085212, -1.048941, 0.152678], [0.001691, 0.068452, 0.068527], [0.096475, -1.013216, -0.213227], [-0.148875, -1.112436, 0.26041], [0.002554, 0.291807, 0.073351], [0.088896, 0.198332, 0.067402], [-0.083599, 0.199164, 0.057619], [0.002279, 0.338953, 0.13347], [0.188523, 0.17685, 0.066615], [-0.18651, 0.18152, 0.078909], [0.258038, -0.078193, 0.005656], [-0.261965, -0.073784, 0.096745], [0.232096, -0.288671, 0.159407], [-0.332279, -0.312327, 0.191493], [0.256426, -0.345941, 0.223735], [-0.361389, -0.389331, 0.224303]], "im2d": [[0.010419, -0.072018], [-0.080562, 0.044746], [0.092569, 0.037298], [0.035831, -0.199429], [-0.133987, 0.498359], [0.016725, 0.374204], [0.026556, -0.352485], [0.100038, 0.802878], [0.005601, 0.87093], [0.006193, -0.411653], [0.000469, 0.903124], [0.015547, 0.922757], [0.012831, -0.672613], [-0.080096, -0.559354], [0.108258, -0.565158], [-0.015383, -0.738508], [-0.186546, -0.530367], [0.206001, -0.55245], [-0.240813, -0.219549], [0.265667, -0.261284], [-0.300988, -0.003506], [0.281448, -0.003485], [-0.36218, 0.052375], [0.292223, 0.079081]], "theta": [1.179431, 0.009579, 0.157736, 0.697815, 0.249063, -3.050081, -0.109652, -0.070173, -0.033994, -0.651754, 0.008984, -0.042904, 0.208395, -0.013384, -0.004977, 1.029714, 0.025176, -0.165433, 0.822019, -0.126238, 0.071982, -0.013159, -0.002782, 0.013264, -0.566803, 0.270576, 0.062292, -0.115096, -0.21359, 0.077271, 0.052274, -0.00463, -0.016514, -0.001399, 0.001063, 0.000658, 0.001766, 0.002288, -0.006444, -0.048727, -0.086996, -0.033308, 0.006842, -0.141437, -0.565119, 0.020754, 0.374914, 0.474578, 0.152277, -0.011597, 0.000362, 0.234622, -0.172871, -0.706086, 0.021846, 0.265721, 0.667216, -0.044666, -0.791772, -0.03126, -0.452775, 0.186616, -0.012912, 0.036372, -0.199556, 0.58194, -0.473411, 0.138542, -0.214136, 0.109873, 0.044448, -0.410645, 0.110045, -0.037139, 0.418004, 0.662686, -0.920456, 0.029789, -2.355586, 0.362938, 0.041822, 1.230145, -2.0897, 0.126231, 0.854283]}