{"hc3d": [[-0.001019, -0.218181, 0.037037], [0.079688, -0.314741, 0.032715], [-0.079924, -0.314098, 0.035311], [-0.003358, -0.103654, 0.003728], [0.085153, -0.715047, 0.069438], [-0.126969, -0.682587, 0.209429], [0.000941, 0.027334, 0.017848], [0.084034, -0.958761, -0.285826], [-0.084084, -1.100803, 0.112157], [0.00296, 0.073425, 0.057108], [0.119831, -1.059705, -0.19591], [-0.153789, -1.162062, 0.218666], [0.005535, 0.29535, 0.06181], [0.090248, 0.201435, 0.053367], [-0.080586, 0.203511, 0.047236], [0.001288, 0.348013, 0.11905], [0.189767, 0.182466, 0.051266], [-0.184434, 0.195563, 0.067783], [0.24581, -0.071781, -0.035119], [-0.25394, -0.064397, 0.072103], [0.202649, -0.29631, 0.098353], [-0.339454, -0.304962, 0.157292], [0.208245, -0.364771, 0.156132], [-0.371764, -0.38265, 0.185665]], "im2d": [[0.002446, -0.105263], [-0.073352, 0.004576], [0.07126, -0.008051], [0.029464, -0.221337], [-0.11844, 0.425676], [-0.005085, 0.348423], [0.023276, -0.363802], [0.080236, 0.755542], [-0.00646, 0.817539], [0.000471, -0.420598], [-0.01007, 0.848429], [-0.008114, 0.857207], [0.0056, -0.658548], [-0.07132, -0.550444], [0.088763, -0.563701], [-0.02174, -0.726332], [-0.16206, -0.52263], [0.171376, -0.566659], [-0.174308, -0.229966], [0.220453, -0.294611], [-0.223657, -0.019148], [0.237526, -0.060247], [-0.265918, 0.043137], [0.246829, 0.014933]], "theta": [1.088981, 0.003265, 0.12152, 0.890168, 0.302234, -3.010461, -0.109958, -0.137526, -0.066834, -0.477438, -0.013391, -0.015467, 0.139639, 0.007422, -0.003015, 0.947636, -0.055013, -0.106068, 0.594975, -0.081341, 0.043891, 0.023935, -0.006714, -0.002844, -0.45698, 0.291772, 0.040419, -0.070566, -0.267808, 0.036423, 0.069293, -0.003405, -0.013482, -0.002573, 0.001883, 0.001934, 0.001771, 0.003232, -0.007609, -0.098943, -0.167136, 0.011215, 0.022707, -0.129859, -0.533412, -0.023763, 0.326742, 0.408375, 0.130372, 0.005497, 0.020972, 0.297155, -0.128235, -0.798186, 0.016917, 0.207175, 0.805412, 0.107507, -0.801435, 0.001008, -0.39965, 0.18597, -0.075967, 0.081744, -0.189728, 0.424533, -0.400546, 0.119334, -0.190074, 0.109525, 0.043193, -0.411195, 0.109297, -0.036752, 0.416934, 0.759758, -0.489826, -0.038987, -2.287227, 0.265334, 0.109524, 1.224884, -1.985583, 0.105617, 0.885241]}