{"hc3d": [[-0.001019, -0.218181, 0.037037], [0.079688, -0.314741, 0.032715], [-0.079924, -0.314098, 0.035311], [-0.003358, -0.103654, 0.003728], [0.096184, -0.694513, 0.163576], [-0.135048, -0.719911, 0.059631], [-0.001354, 0.027602, 0.015717], [0.07928, -1.074248, -0.039219], [-0.081406, -1.140918, -0.018352], [-0.000119, 0.073486, 0.055251], [0.119945, -1.15623, 0.066522], [-0.15598, -1.204111, 0.083634], [-0.000857, 0.295472, 0.056074], [0.085121, 0.202704, 0.047747], [-0.085805, 0.202111, 0.044623], [-0.003375, 0.344578, 0.116491], [0.184927, 0.185868, 0.042891], [-0.187931, 0.190583, 0.071218], [0.232481, -0.069229, -0.046043], [-0.250886, -0.064617, 0.128997], [0.220713, -0.328024, 0.008517], [-0.307649, -0.299835, 0.246862], [0.232235, -0.412787, 0.035706], [-0.322729, -0.377978, 0.286239]], "im2d": [[0.00246, -0.105271], [-0.073343, 0.004581], [0.071283, -0.008052], [0.029478, -0.221358], [-0.18294, 0.386163], [0.088708, 0.417063], [0.026653, -0.363872], [-0.065733, 0.830533], [0.066024, 0.886211], [0.004391, -0.420562], [-0.168934, 0.900417], [0.071399, 0.928487], [0.014832, -0.658082], [-0.063266, -0.551123], [0.095025, -0.562126], [-0.016127, -0.722565], [-0.152559, -0.525025], [0.172347, -0.562318], [-0.15557, -0.231533], [0.184219, -0.305311], [-0.188832, 0.033615], [0.156006, -0.080967], [-0.219285, 0.119738], [0.143046, -0.006209]], "theta": [1.089094, 0.003278, 0.121522, 0.890182, 0.302223, -3.010481, -0.343894, -0.197942, -0.013999, -0.105576, -0.093337, -0.036359, 0.123663, 0.024298, 0.014858, 0.704196, 0.102013, -0.083442, 0.187748, -0.050027, 0.093834, 0.045759, -0.02068, -0.001144, -0.190632, 0.240306, -0.043246, -0.040004, -0.285699, 0.067349, 0.045816, 0.011538, -0.019964, -0.001872, 0.001586, 0.001006, 0.001552, 0.002907, -0.006859, -0.022618, -0.159202, -0.013142, 0.012204, -0.116584, -0.529338, -0.051157, 0.374724, 0.425611, 0.16487, -0.048379, -0.010559, 0.306176, -0.117573, -0.845784, 0.014338, 0.333147, 0.71472, 0.153839, -0.453332, -0.04531, -0.237795, 0.125136, -0.008127, 0.183638, -0.153568, 0.33575, -0.228523, 0.125136, -0.0908, 0.109574, 0.043662, -0.411096, 0.109556, -0.038238, 0.4167, 0.759758, -0.489826, -0.038987, -2.287227, 0.265334, 0.109524, 1.224884, -1.985583, 0.105617, 0.885241]}