{"hc3d": [[-0.000868, -0.218638, 0.038651], [0.081157, -0.315483, 0.034995], [-0.081089, -0.314897, 0.037672], [-0.003159, -0.103908, 0.004346], [0.090686, -0.713264, 0.014011], [-0.134906, -0.676279, 0.216437], [0.000979, 0.022486, 0.038059], [0.030869, -1.133665, -0.034441], [-0.110208, -1.025306, -0.030421], [0.002363, 0.068374, 0.078185], [0.103814, -1.171943, 0.077742], [-0.138818, -1.133978, 0.054225], [0.008664, 0.290473, 0.063272], [0.092246, 0.19472, 0.063128], [-0.079682, 0.19919, 0.057725], [0.012431, 0.348613, 0.113655], [0.191966, 0.178125, 0.052184], [-0.181653, 0.18722, 0.085708], [0.242131, -0.089534, 0.045829], [-0.226322, -0.06953, 0.024926], [0.285915, -0.31436, 0.174949], [-0.258475, -0.332944, 0.056345], [0.328205, -0.38145, 0.216567], [-0.255794, -0.421515, 0.054209]], "im2d": [[0.014803, -0.11643], [0.072116, 0.006096], [-0.048827, -0.027224], [0.049003, -0.246109], [0.073029, 0.442312], [-0.261004, 0.375787], [0.031085, -0.38061], [0.045076, 0.886568], [-0.055065, 0.739459], [0.000911, -0.426732], [0.001291, 0.954363], [-0.154083, 0.861154], [0.031424, -0.670541], [0.086972, -0.548552], [-0.03399, -0.58889], [-0.004947, -0.728613], [0.168199, -0.511177], [-0.132983, -0.593718], [0.19426, -0.208012], [-0.129632, -0.327109], [0.103652, 0.060154], [-0.195492, -0.041609], [0.095387, 0.146412], [-0.197023, 0.055882]], "theta": [1.119859, 0.014086, 0.11467, 2.995987, 0.214233, -1.360027, 0.018655, 0.107378, -0.054446, -0.493053, 0.023465, -0.043427, 0.298976, -0.014087, -0.00542, -0.013647, 0.027658, -0.041422, 0.993629, -0.078135, 0.031888, -0.13809, 0.00024, 0.002737, -0.218908, 0.262431, 0.011033, -0.004832, 0.024209, 0.136761, -0.008577, 0.013313, -0.034054, -0.000777, 0.000945, 0.000333, 0.001434, 0.001535, -0.004694, -0.142633, -0.088265, -0.041565, 0.042185, -0.027911, -0.510879, 0.009413, 0.397157, 0.465836, -0.06529, -0.191766, 0.085984, 0.040471, -0.331265, -0.762174, 0.316459, 0.070653, 1.000467, -0.052648, -0.390029, 0.02199, 0.048305, 0.198481, -0.092732, 0.244766, -0.086367, 0.445482, -0.131735, 0.101876, 0.081731, 0.110452, 0.044304, -0.412116, 0.111096, -0.038764, 0.417224, 0.700067, -0.732136, 0.017703, -2.316976, 0.343946, 0.078207, 1.26322, -2.046721, 0.096658, 0.882569]}