{"hc3d": [[-0.000868, -0.218638, 0.038651], [0.081157, -0.315483, 0.034995], [-0.081089, -0.314897, 0.037672], [-0.003159, -0.103908, 0.004346], [0.088837, -0.692032, -0.095055], [-0.094527, -0.64843, 0.270104], [0.000141, 0.024224, 0.030813], [-0.002312, -1.084518, -0.237566], [-0.120801, -1.074963, 0.297463], [-0.000115, 0.072558, 0.067982], [0.092856, -1.106468, -0.138407], [-0.109333, -1.095125, 0.436225], [0.007054, 0.295049, 0.061985], [0.090488, 0.199278, 0.066585], [-0.080069, 0.20413, 0.04434], [0.011586, 0.351514, 0.114179], [0.191786, 0.193882, 0.059592], [-0.185664, 0.195098, 0.053976], [0.254757, -0.071131, 0.058767], [-0.240443, -0.046349, -0.047576], [0.265751, -0.21602, 0.277907], [-0.249307, -0.30115, 0.032463], [0.301068, -0.250186, 0.352786], [-0.244682, -0.388438, 0.047154]], "im2d": [[0.014875, -0.11647], [0.072221, 0.006109], [-0.048771, -0.027227], [0.049079, -0.24621], [0.165368, 0.408121], [-0.275192, 0.358891], [0.03676, -0.383552], [0.195761, 0.806325], [-0.343063, 0.824319], [0.008015, -0.432996], [0.180218, 0.859483], [-0.453273, 0.862403], [0.031634, -0.676291], [0.083091, -0.553793], [-0.022646, -0.595945], [-0.005833, -0.732209], [0.162835, -0.527983], [-0.108632, -0.606535], [0.193788, -0.224448], [-0.077243, -0.362671], [0.007773, -0.041691], [-0.166677, -0.076992], [-0.031769, 0.01033], [-0.180938, 0.021181]], "theta": [1.120353, 0.014145, 0.11468, 2.996068, 0.214166, -1.360139, 0.295897, 0.157978, -0.035789, -0.630526, 0.215732, 0.002638, 0.239765, -0.09461, -0.005216, -0.04323, 0.011141, -0.116016, 0.456238, 0.07564, -0.020926, -0.143556, -0.004536, -0.015347, -0.533591, 0.352844, 0.184626, -0.063486, 0.045652, 0.063254, 0.094069, 0.001385, -0.00507, -0.001516, 0.001438, 0.000896, 0.001494, 0.001992, -0.005167, -0.156069, 0.000401, -0.070716, 0.032315, 0.047253, -0.416857, 0.036484, 0.314207, 0.440923, -0.030602, -0.07431, 0.02159, 0.121239, -0.443793, -0.800548, 0.393154, 0.029456, 0.98071, -0.098235, -0.832053, 0.153778, 0.067889, 0.576062, -0.153657, 0.304853, -0.104699, 0.515335, -0.080099, 0.05658, 0.027707, 0.109912, 0.043659, -0.411555, 0.110388, -0.038647, 0.416481, 0.700067, -0.732136, 0.017703, -2.316976, 0.343946, 0.078207, 1.26322, -2.046721, 0.096658, 0.882569]}