{"hc3d": [[-0.000868, -0.218638, 0.038651], [0.081157, -0.315483, 0.034995], [-0.081089, -0.314897, 0.037672], [-0.003159, -0.103908, 0.004346], [0.118451, -0.679737, -0.122133], [-0.0617, -0.654456, 0.260771], [0.001434, 0.025531, 0.02315], [-0.007256, -0.928224, -0.446346], [-0.087043, -1.08126, 0.236986], [-0.001662, 0.072201, 0.062266], [0.09814, -0.996007, -0.38578], [-0.066913, -1.121685, 0.370228], [-6.2e-05, 0.294598, 0.050999], [0.08562, 0.20123, 0.060776], [-0.084143, 0.200985, 0.032695], [0.004854, 0.353532, 0.100351], [0.187233, 0.197544, 0.059992], [-0.189856, 0.191065, 0.039844], [0.249724, -0.067566, 0.056875], [-0.247875, -0.049388, -0.062264], [0.251975, -0.205097, 0.280964], [-0.265852, -0.30541, 0.012152], [0.271301, -0.250798, 0.355525], [-0.276962, -0.389941, 0.036392]], "im2d": [[0.014892, -0.116481], [0.072247, 0.006112], [-0.048758, -0.027228], [0.049098, -0.246236], [0.210738, 0.398026], [-0.24363, 0.371304], [0.044284, -0.385517], [0.378197, 0.613356], [-0.267559, 0.832245], [0.011708, -0.433525], [0.400055, 0.71511], [-0.367982, 0.893792], [0.035702, -0.678391], [0.084576, -0.557552], [-0.015958, -0.594528], [0.001063, -0.737226], [0.159406, -0.532942], [-0.099989, -0.604413], [0.19195, -0.22959], [-0.070432, -0.362329], [-0.004233, -0.056173], [-0.161857, -0.07768], [-0.055905, 0.005236], [-0.195552, 0.015219]], "theta": [1.120478, 0.014159, 0.114682, 2.996084, 0.214153, -1.360161, 0.352205, 0.266643, 0.070284, -0.610051, 0.250053, 0.080705, 0.178088, -0.145865, -0.015002, 0.496625, 0.04906, -0.125971, 0.563048, 0.166371, -0.016831, -0.036312, -0.008125, 0.004037, -0.592049, 0.360115, 0.127815, -0.035665, -0.018123, 0.047144, 0.028114, 0.027382, 0.012772, -0.003937, 0.002876, 0.003634, 0.002314, 0.004529, -0.009341, -0.183801, 0.051847, -0.088451, 0.035018, 0.019848, -0.419746, 0.044149, 0.318435, 0.423324, -0.061195, 0.049777, 0.028938, 0.115699, -0.39447, -0.837357, 0.361761, -0.01998, 0.94798, -0.032624, -0.870499, 0.194921, 0.175438, 0.553606, -0.144111, 0.153815, -0.064709, 0.31436, -0.044647, 0.078399, -0.163142, 0.108227, 0.042424, -0.409499, 0.108253, -0.03691, 0.415776, 0.700067, -0.732136, 0.017703, -2.316976, 0.343946, 0.078207, 1.26322, -2.046721, 0.096658, 0.882569]}