{"hc3d": [[-0.000868, -0.218638, 0.038651], [0.081157, -0.315483, 0.034995], [-0.081089, -0.314897, 0.037672], [-0.003159, -0.103908, 0.004346], [0.168211, -0.699259, 0.097436], [-0.10266, -0.711273, 0.126388], [0.001237, 0.024867, 0.027297], [0.063386, -0.925461, -0.249704], [-0.076275, -1.121783, 0.007414], [0.001738, 0.071916, 0.066078], [0.154508, -1.014782, -0.19412], [-0.099039, -1.19056, 0.128014], [0.007643, 0.292751, 0.038034], [0.091508, 0.197519, 0.045247], [-0.080292, 0.200923, 0.036235], [0.008554, 0.353927, 0.084829], [0.18977, 0.17606, 0.0303], [-0.182411, 0.180794, 0.058398], [0.227471, -0.093669, 0.025512], [-0.229884, -0.08205, 0.041993], [0.276432, -0.326574, 0.137289], [-0.27807, -0.334942, 0.113633], [0.30664, -0.404552, 0.169357], [-0.292037, -0.420136, 0.133716]], "im2d": [[0.014894, -0.116482], [0.07225, 0.006112], [-0.048757, -0.027228], [0.049101, -0.246239], [0.060214, 0.451139], [-0.163301, 0.412144], [0.040593, -0.384426], [0.263695, 0.644002], [-0.067843, 0.856363], [0.010956, -0.432151], [0.278033, 0.766007], [-0.190665, 0.939074], [0.052204, -0.676082], [0.101806, -0.553817], [-0.016136, -0.593338], [0.01693, -0.738442], [0.185107, -0.511771], [-0.110852, -0.589813], [0.200643, -0.208546], [-0.147431, -0.312588], [0.127987, 0.068004], [-0.258436, -0.03778], [0.118309, 0.162875], [-0.290745, 0.05486]], "theta": [1.120493, 0.01416, 0.114682, 2.996086, 0.214152, -1.360163, -0.201306, 0.087722, 0.132161, -0.254862, 0.039732, 0.039114, 0.213898, -0.03871, -0.008474, 1.11594, 0.186156, -0.117203, 0.411784, 0.080076, 0.03403, -0.082497, -0.005479, 0.00334, -0.463184, 0.263786, 0.079536, -0.065003, -0.128995, 0.122571, -0.038872, 0.024175, -0.024905, -0.002023, 0.001935, 0.001053, 0.001382, 0.002767, -0.005952, -0.141566, -0.044548, 0.017521, 0.040788, 0.035904, -0.567691, 0.018613, 0.360969, 0.558055, -0.003725, -0.058224, 0.049448, 0.109196, -0.332891, -0.766737, 0.270593, 0.14339, 0.83612, -0.021102, -0.296515, 0.067705, 0.06618, 0.162224, -0.111793, 0.176771, -0.073014, 0.264279, -0.007817, 0.101798, -0.071224, 0.10899, 0.043837, -0.410285, 0.109731, -0.039781, 0.416014, 0.700067, -0.732136, 0.017703, -2.316976, 0.343946, 0.078207, 1.26322, -2.046721, 0.096658, 0.882569]}