{"hc3d": [[-0.00084, -0.219316, 0.0393], [0.081514, -0.316304, 0.035928], [-0.0814, -0.31572, 0.038638], [-0.00312, -0.104356, 0.004509], [0.05842, -0.711735, 0.009171], [-0.168446, -0.633012, 0.275521], [0.001642, 0.024792, 0.025164], [-0.003604, -1.117269, -0.106305], [-0.122753, -1.023186, 0.107998], [0.003617, 0.07046, 0.065809], [0.019594, -1.160995, 0.023633], [-0.200955, -1.106268, 0.190134], [0.009994, 0.293077, 0.078813], [0.093706, 0.198018, 0.066487], [-0.07867, 0.203127, 0.062371], [0.010529, 0.33556, 0.14272], [0.193913, 0.181803, 0.058195], [-0.183665, 0.19613, 0.079425], [0.280332, -0.071336, 0.010268], [-0.269594, -0.056539, 0.067941], [0.247231, -0.291119, 0.149902], [-0.345573, -0.292592, 0.166098], [0.273675, -0.345806, 0.215756], [-0.381683, -0.366799, 0.198595]], "im2d": [[0.007977, -0.071639], [-0.078071, 0.045874], [0.086971, 0.033547], [0.034264, -0.196539], [-0.054758, 0.503172], [0.030857, 0.343257], [0.022811, -0.348507], [0.057705, 0.987447], [0.062983, 0.82785], [-0.000232, -0.409006], [-0.040557, 1.012737], [0.093657, 0.901079], [-0.005429, -0.666486], [-0.08777, -0.549269], [0.090947, -0.566042], [-0.040165, -0.728162], [-0.186185, -0.522158], [0.188445, -0.568646], [-0.257447, -0.21625], [0.27295, -0.28244], [-0.310407, 0.005109], [0.286448, -0.036911], [-0.376479, 0.056225], [0.302271, 0.039108]], "theta": [1.166568, 0.007678, 0.157906, 0.784348, 0.290593, -3.041791, 0.039723, -0.113054, -0.145743, -0.680336, -0.048183, -0.114733, 0.199589, 0.00375, -0.008567, 0.096664, -0.15966, -0.030626, 0.989444, -0.159263, 0.043452, -0.03285, 0.002654, 0.007225, -0.312862, 0.29672, 0.00112, -0.028432, -0.236489, 0.089445, 0.113779, -7.2e-05, -0.035394, -0.000643, -0.000247, 0.001818, 0.00246, 0.002389, -0.007822, 0.000442, -0.148423, -0.047529, 0.015462, -0.084108, -0.502193, -0.047498, 0.293072, 0.41204, 0.211207, -0.086644, 0.015103, 0.187453, -0.270316, -0.646462, 0.146664, 0.227248, 0.772922, 0.073184, -0.734966, -0.154462, -0.483266, 0.309227, -0.045882, 0.085644, -0.208303, 0.67263, -0.446541, 0.132381, -0.276166, 0.112366, 0.043851, -0.413831, 0.111617, -0.037, 0.421589, 0.688172, -0.82413, 0.038789, -2.293828, 0.332969, 0.091477, 1.242855, -2.078007, 0.097376, 0.84096]}