{"hc3d": [[-0.00084, -0.219316, 0.0393], [0.081514, -0.316304, 0.035928], [-0.0814, -0.31572, 0.038638], [-0.00312, -0.104356, 0.004509], [0.060784, -0.69875, -0.068572], [-0.11855, -0.598764, 0.326512], [0.003583, 0.024395, 0.02702], [0.031716, -0.969348, -0.396552], [-0.077597, -1.016059, 0.4076], [0.00304, 0.068523, 0.069375], [0.05996, -1.072952, -0.308222], [-0.14775, -1.064936, 0.519198], [0.005722, 0.2907, 0.089336], [0.091241, 0.197062, 0.07864], [-0.080732, 0.200246, 0.065534], [0.002377, 0.333469, 0.152966], [0.192608, 0.188064, 0.074536], [-0.186077, 0.190141, 0.07834], [0.298861, -0.058277, 0.031281], [-0.262569, -0.063552, 0.04448], [0.252405, -0.215895, 0.235967], [-0.355524, -0.290623, 0.14901], [0.262914, -0.249129, 0.318501], [-0.393792, -0.363604, 0.181811]], "im2d": [[0.009089, -0.07182], [-0.077139, 0.046605], [0.088804, 0.033799], [0.035219, -0.197549], [-0.010532, 0.507509], [-0.04582, 0.299325], [0.020236, -0.350165], [0.194924, 0.884092], [-0.148718, 0.767197], [-0.00155, -0.409696], [0.112267, 0.987714], [-0.141417, 0.795972], [-0.007602, -0.669859], [-0.092824, -0.553587], [0.091458, -0.566832], [-0.038576, -0.732334], [-0.195019, -0.535168], [0.19214, -0.565259], [-0.288644, -0.234663], [0.280778, -0.271171], [-0.362198, -0.097629], [0.309108, -0.037017], [-0.420824, -0.075272], [0.327289, 0.037806]], "theta": [1.173444, 0.008586, 0.158112, 0.785979, 0.289179, -3.044031, 0.237775, -0.019844, -0.139046, -0.829492, 0.025422, -0.006616, 0.212235, -0.041851, -0.026468, 0.515224, -0.179686, -0.018983, 0.527281, -0.204954, -0.002429, -0.007416, 0.002889, 0.039701, -0.366171, 0.298677, 0.00581, 0.180479, -0.273297, 0.108132, 0.106798, -0.002497, -0.031937, -0.000887, 0.000633, 0.000558, 0.001616, 0.001564, -0.005088, -0.034389, -0.147768, -0.042938, 0.033758, -0.057027, -0.451849, -0.013599, 0.306241, 0.41917, 0.186969, -0.067295, 0.035949, 0.153263, -0.307429, -0.630835, 0.074287, 0.183453, 0.78964, 0.039878, -1.076665, -0.021805, -0.514654, 0.409725, -0.126837, 0.157364, -0.216549, 0.541505, -0.524371, 0.11625, -0.241039, 0.111119, 0.044148, -0.413299, 0.111043, -0.037006, 0.418223, 0.688172, -0.82413, 0.038789, -2.293828, 0.332969, 0.091477, 1.242855, -2.078007, 0.097376, 0.84096]}