{"hc3d": [[-0.00084, -0.219316, 0.0393], [0.081514, -0.316304, 0.035928], [-0.0814, -0.31572, 0.038638], [-0.00312, -0.104356, 0.004509], [0.070983, -0.701715, -0.058742], [-0.121272, -0.607244, 0.317544], [0.002533, 0.024919, 0.024113], [0.037921, -0.944825, -0.40723], [-0.082197, -1.032101, 0.336447], [0.001633, 0.068837, 0.06668], [0.07291, -1.053105, -0.327324], [-0.14922, -1.08952, 0.44588], [0.003408, 0.291261, 0.08379], [0.089319, 0.197807, 0.074759], [-0.082591, 0.200192, 0.060694], [-0.000474, 0.335818, 0.14615], [0.190538, 0.187034, 0.071322], [-0.187958, 0.189943, 0.073204], [0.289846, -0.06221, 0.028193], [-0.264139, -0.06521, 0.05198], [0.2507, -0.23269, 0.223902], [-0.353335, -0.294853, 0.154141], [0.262484, -0.273961, 0.302544], [-0.39279, -0.367161, 0.187028]], "im2d": [[0.009126, -0.071829], [-0.077111, 0.046627], [0.088864, 0.033808], [0.035253, -0.197588], [-0.026604, 0.509778], [-0.038212, 0.310813], [0.022998, -0.350325], [0.195605, 0.85858], [-0.104299, 0.799989], [0.001443, -0.409692], [0.110595, 0.969814], [-0.099295, 0.839289], [-0.002076, -0.669681], [-0.088645, -0.553902], [0.096123, -0.56604], [-0.031728, -0.734011], [-0.191149, -0.53357], [0.19701, -0.56425], [-0.277808, -0.230166], [0.278174, -0.270959], [-0.354273, -0.075912], [0.303906, -0.03304], [-0.412309, -0.043393], [0.323291, 0.040918]], "theta": [1.173692, 0.008616, 0.158117, 0.786023, 0.289144, -3.04409, 0.211918, -0.000648, -0.109881, -0.798538, 0.025804, -0.01375, 0.189619, -0.048051, -0.018256, 0.619252, -0.159362, -0.046971, 0.64166, -0.166089, 0.009806, 0.02009, 0.000586, 0.032404, -0.384768, 0.31119, 0.003791, 0.131225, -0.26075, 0.09806, 0.089097, 0.000627, -0.028879, -0.001778, 0.001184, 0.001589, 0.001781, 0.002228, -0.006178, -0.049932, -0.144227, -0.037163, 0.035599, -0.063438, -0.471581, -0.012082, 0.30709, 0.418063, 0.176425, -0.037644, 0.0342, 0.164094, -0.303801, -0.645345, 0.067895, 0.219517, 0.77444, 0.026614, -0.997953, -0.016497, -0.493838, 0.352829, -0.106069, 0.118297, -0.203055, 0.508744, -0.533462, 0.136262, -0.268366, 0.110462, 0.043751, -0.41235, 0.110373, -0.036078, 0.417757, 0.688172, -0.82413, 0.038789, -2.293828, 0.332969, 0.091477, 1.242855, -2.078007, 0.097376, 0.84096]}