{"hc3d": [[-0.00084, -0.219316, 0.0393], [0.081514, -0.316304, 0.035928], [-0.0814, -0.31572, 0.038638], [-0.00312, -0.104356, 0.004509], [0.043504, -0.610919, 0.299313], [-0.181735, -0.708406, 0.028854], [-0.004954, 0.024294, 0.028472], [0.124248, -0.984226, 0.110205], [-0.140437, -1.053713, -0.219028], [8e-05, 0.068405, 0.070547], [0.134287, -1.028814, 0.241526], [-0.217212, -1.124304, -0.124757], [0.009924, 0.290024, 0.094144], [0.091199, 0.195228, 0.069566], [-0.080792, 0.201558, 0.081216], [0.003499, 0.332655, 0.15763], [0.190477, 0.177285, 0.055602], [-0.179868, 0.203187, 0.120523], [0.232833, -0.061837, -0.066347], [-0.28244, -0.019065, 0.227482], [0.208354, -0.314681, -0.000253], [-0.307933, -0.132709, 0.467407], [0.216553, -0.398015, 0.031607], [-0.33221, -0.158286, 0.548789]], "im2d": [[0.009182, -0.071845], [-0.077073, 0.046658], [0.088955, 0.033821], [0.035307, -0.197648], [-0.197422, 0.330617], [0.183625, 0.481908], [0.028247, -0.35113], [-0.1869, 0.805597], [0.26894, 0.93367], [0.000861, -0.410216], [-0.273059, 0.831159], [0.292076, 0.990567], [-0.014677, -0.670101], [-0.087754, -0.549906], [0.082759, -0.571835], [-0.042435, -0.732635], [-0.182598, -0.519287], [0.162485, -0.588747], [-0.165767, -0.215541], [0.199552, -0.361207], [-0.187001, 0.061161], [0.086066, -0.280485], [-0.216425, 0.151476], [0.064109, -0.26919]], "theta": [1.174081, 0.00866, 0.158124, 0.786078, 0.289098, -3.044167, -0.747392, -0.480796, -0.015365, -0.039976, -0.149388, -0.159652, 0.225476, 0.086955, 0.048056, 1.109107, 0.05646, -0.124708, 0.556927, 0.070956, 0.137587, -0.018322, -0.000408, -0.046997, -0.400267, 0.21738, 0.187642, -0.305453, -0.257324, -0.006429, 0.127113, 0.0007, -0.053696, -0.00068, 0.000836, -0.000369, 0.001515, 0.002375, -0.006226, -0.033137, -0.36765, -0.001791, 0.01569, -0.12818, -0.502912, -0.082594, 0.403429, 0.296625, 0.339497, -0.107611, 0.044266, 0.227514, -0.061662, -0.814813, -0.107611, 0.428577, 0.548259, 0.172487, -0.635884, -0.087676, -0.404762, 0.604994, -0.101977, 0.174416, -0.18305, 0.353868, -0.074093, 0.153223, -0.346367, 0.110655, 0.045027, -0.412117, 0.11039, -0.039479, 0.418371, 0.688172, -0.82413, 0.038789, -2.293828, 0.332969, 0.091477, 1.242855, -2.078007, 0.097376, 0.84096]}