{"hc3d": [[-0.00084, -0.219316, 0.0393], [0.081514, -0.316304, 0.035928], [-0.0814, -0.31572, 0.038638], [-0.00312, -0.104356, 0.004509], [0.046652, -0.630157, 0.276544], [-0.1839, -0.707207, 0.014208], [-0.005302, 0.025444, 0.021113], [0.088572, -0.998595, 0.066459], [-0.145906, -0.987878, -0.305429], [-0.000141, 0.069608, 0.063117], [0.111052, -1.040144, 0.197234], [-0.217067, -1.077395, -0.223654], [0.007404, 0.291879, 0.080646], [0.089753, 0.197246, 0.059218], [-0.082365, 0.202202, 0.069585], [0.000959, 0.335153, 0.143694], [0.18949, 0.181509, 0.045874], [-0.181759, 0.201541, 0.108109], [0.237673, -0.061666, -0.065431], [-0.275917, -0.027956, 0.207219], [0.215498, -0.313561, 0.00496], [-0.310944, -0.183486, 0.421023], [0.216446, -0.397591, 0.036022], [-0.339017, -0.22156, 0.496049]], "im2d": [[0.009182, -0.071845], [-0.077073, 0.046658], [0.088955, 0.033821], [0.035307, -0.197648], [-0.188474, 0.357663], [0.194175, 0.483339], [0.032806, -0.350991], [-0.125994, 0.828507], [0.325765, 0.874805], [0.005332, -0.410114], [-0.22453, 0.851558], [0.349515, 0.956481], [-0.004388, -0.669686], [-0.080345, -0.550241], [0.090976, -0.570334], [-0.031854, -0.732875], [-0.175932, -0.522262], [0.171389, -0.584465], [-0.171255, -0.215579], [0.203982, -0.346372], [-0.197255, 0.059321], [0.11357, -0.212688], [-0.218796, 0.150084], [0.098663, -0.185951]], "theta": [1.174082, 0.00866, 0.158124, 0.786079, 0.289098, -3.044167, -0.674685, -0.413022, -0.046615, -0.005177, -0.157448, -0.168424, 0.168506, 0.098291, 0.048607, 1.06224, 0.068175, -0.144558, 0.744754, 0.116575, 0.114351, 0.036968, -0.016529, -0.049668, -0.458176, 0.281869, 0.22456, -0.333356, -0.230262, 0.001038, 0.100196, 0.001206, -0.039603, 0.001098, -0.000543, -0.002201, 0.000853, 0.000695, -0.003278, -0.014473, -0.389326, -0.036243, 0.024814, -0.117463, -0.489747, -0.091983, 0.409911, 0.319605, 0.368317, -0.123908, 0.032353, 0.219652, -0.089647, -0.813628, -0.05916, 0.403864, 0.589532, 0.191007, -0.616356, -0.09733, -0.35197, 0.45158, -0.061162, 0.130174, -0.201994, 0.265588, -0.107452, 0.166385, -0.365499, 0.112236, 0.046376, -0.414211, 0.111782, -0.041632, 0.419081, 0.688172, -0.82413, 0.038789, -2.293828, 0.332969, 0.091477, 1.242855, -2.078007, 0.097376, 0.84096]}