{"hc3d": [[-0.00084, -0.219316, 0.0393], [0.081514, -0.316304, 0.035928], [-0.0814, -0.31572, 0.038638], [-0.00312, -0.104356, 0.004509], [0.062822, -0.707405, 0.101542], [-0.184048, -0.695663, 0.135962], [-0.001222, 0.025941, 0.016658], [0.00528, -1.121773, 0.020128], [-0.124032, -0.939628, -0.209388], [0.00096, 0.069948, 0.059085], [0.03702, -1.156611, 0.150943], [-0.196694, -1.0527, -0.168163], [0.008113, 0.292749, 0.067856], [0.091424, 0.197215, 0.056522], [-0.080967, 0.202783, 0.053941], [0.004043, 0.332956, 0.133094], [0.190915, 0.176148, 0.05096], [-0.183651, 0.193361, 0.080979], [0.248437, -0.082681, -0.008569], [-0.267602, -0.057425, 0.118609], [0.23584, -0.337407, 0.053508], [-0.327919, -0.293975, 0.226008], [0.241753, -0.421013, 0.085159], [-0.35429, -0.367738, 0.267605]], "im2d": [[0.009182, -0.071845], [-0.077073, 0.046658], [0.088955, 0.033821], [0.035307, -0.197648], [-0.108932, 0.483454], [0.125907, 0.445324], [0.031147, -0.350371], [-0.01855, 0.97414], [0.250702, 0.801204], [0.006492, -0.409611], [-0.126392, 0.990097], [0.298076, 0.918181], [0.002146, -0.668047], [-0.08054, -0.54954], [0.098403, -0.567734], [-0.029112, -0.72797], [-0.180465, -0.517003], [0.18838, -0.569659], [-0.215223, -0.202082], [0.244472, -0.293803], [-0.246473, 0.078454], [0.237324, -0.046835], [-0.273437, 0.168963], [0.23829, 0.027994]], "theta": [1.174083, 0.008661, 0.158124, 0.786079, 0.289098, -3.044167, -0.191424, -0.189111, -0.116334, -0.308769, -0.134951, -0.148032, 0.134535, 0.032059, 0.013978, 0.237971, -0.043834, -0.057682, 1.166404, -0.022583, 0.048481, 0.072306, -0.02188, -0.012106, -0.286216, 0.310324, 0.046385, -0.141539, -0.211482, 0.107553, 0.055037, 0.001605, -0.040347, -0.001803, 0.00145, 0.00098, 0.001757, 0.003512, -0.007851, 0.062697, -0.275415, -0.075321, 0.019246, -0.12778, -0.53533, -0.093081, 0.390895, 0.424608, 0.393723, -0.157325, -0.000835, 0.181534, -0.209887, -0.731086, 0.071945, 0.25793, 0.701529, 0.151454, -0.399097, -0.133968, -0.276393, 0.179122, 0.030124, 0.036343, -0.219853, 0.312266, -0.349461, 0.176638, -0.23114, 0.1093, 0.044126, -0.410308, 0.10916, -0.039687, 0.417073, 0.688172, -0.82413, 0.038789, -2.293828, 0.332969, 0.091477, 1.242855, -2.078007, 0.097376, 0.84096]}