{"hc3d": [[-0.00088, -0.218315, 0.03836], [0.080899, -0.315012, 0.034595], [-0.080849, -0.314419, 0.037257], [-0.003178, -0.103778, 0.004302], [0.088425, -0.690945, -0.098144], [-0.079779, -0.661994, 0.249034], [0.002365, 0.024963, 0.026927], [0.014495, -1.044609, -0.326825], [-0.082473, -1.089275, 0.279838], [0.002119, 0.071701, 0.065865], [0.099993, -1.099138, -0.23148], [-0.085638, -1.129044, 0.414728], [0.003914, 0.293994, 0.055996], [0.089473, 0.20014, 0.057124], [-0.081854, 0.200947, 0.044829], [0.007079, 0.351856, 0.106942], [0.188953, 0.188859, 0.039974], [-0.18651, 0.186093, 0.05614], [0.282026, -0.066176, 0.064116], [-0.241955, -0.068666, -0.004622], [0.312048, -0.273742, 0.222869], [-0.284578, -0.329479, 0.035862], [0.352953, -0.326294, 0.282703], [-0.299671, -0.41631, 0.044953]], "im2d": [[0.009244, -0.0961], [0.050518, 0.026612], [-0.04315, -0.008707], [0.050336, -0.222204], [0.148414, 0.433726], [-0.274393, 0.37571], [0.043124, -0.360511], [0.293659, 0.796441], [-0.342412, 0.841053], [0.009986, -0.410355], [0.246348, 0.876804], [-0.476067, 0.8874], [0.039734, -0.652196], [0.078726, -0.53163], [-0.006083, -0.569655], [-0.001947, -0.713081], [0.150153, -0.498455], [-0.077142, -0.575656], [0.15745, -0.200202], [-0.072723, -0.311965], [0.005188, 0.036573], [-0.157984, -0.036121], [-0.033285, 0.104219], [-0.182701, 0.055399]], "theta": [1.109779, 0.009209, 0.131721, 2.828486, 0.256248, -1.598967, 0.302882, 0.164329, -0.03489, -0.57463, 0.187948, 0.053904, 0.209367, -0.065622, -0.018975, 0.16223, -0.056129, -0.05623, 0.387611, 0.070876, -0.033502, -0.070089, 0.000374, 0.013365, -0.466188, 0.367987, 0.108237, 0.088312, -0.056496, 0.087278, 0.035043, 0.029373, -0.006463, -0.005596, 0.004691, 0.00407, -0.000587, 0.004373, -0.005895, -0.155796, -0.02369, -0.036958, 0.047088, 0.077469, -0.50641, 0.029894, 0.277087, 0.4844, -0.114694, -0.021307, 0.063201, 0.055232, -0.506829, -0.60115, 0.340163, 0.136241, 0.881247, -0.02143, -0.458736, -0.108642, -0.104682, 0.253866, -0.068987, 0.294637, -0.13549, 0.533585, -0.030582, 0.070181, -0.105083, 0.105083, 0.042482, -0.406617, 0.107081, -0.041749, 0.41367, 0.696933, -0.694679, -0.00504, -2.307932, 0.332445, 0.071992, 1.232041, -2.020084, 0.087514, 0.888471]}