{"hc3d": [[-0.00088, -0.218315, 0.03836], [0.080899, -0.315012, 0.034595], [-0.080849, -0.314419, 0.037257], [-0.003178, -0.103778, 0.004302], [0.125926, -0.708271, -0.013591], [-0.084724, -0.680234, 0.215648], [0.001099, 0.024842, 0.02787], [0.044163, -0.952984, -0.354573], [-0.078651, -1.106956, 0.178276], [0.000809, 0.071954, 0.066353], [0.132202, -1.038754, -0.289253], [-0.085776, -1.165702, 0.30589], [0.004605, 0.293814, 0.049643], [0.089331, 0.199309, 0.054164], [-0.081912, 0.201205, 0.040853], [0.006779, 0.355077, 0.0965], [0.188415, 0.18187, 0.040168], [-0.186237, 0.18647, 0.055012], [0.260633, -0.080941, 0.041872], [-0.240314, -0.070531, 0.003107], [0.299864, -0.295698, 0.188596], [-0.288172, -0.330452, 0.043478], [0.33607, -0.360722, 0.238356], [-0.308272, -0.415984, 0.054898]], "im2d": [[0.011365, -0.096622], [0.053549, 0.027493], [-0.041022, -0.008334], [0.052345, -0.224342], [0.09314, 0.468427], [-0.245389, 0.399539], [0.042685, -0.364141], [0.355065, 0.708164], [-0.241156, 0.869178], [0.009318, -0.414727], [0.335123, 0.823996], [-0.373068, 0.936667], [0.045909, -0.658628], [0.081965, -0.535998], [-0.002504, -0.575879], [0.007042, -0.72396], [0.150406, -0.495685], [-0.076742, -0.581921], [0.168156, -0.190661], [-0.078714, -0.312673], [0.03132, 0.059282], [-0.166332, -0.035678], [-0.001409, 0.140448], [-0.195842, 0.05446]], "theta": [1.122405, 0.011005, 0.13223, 2.832184, 0.252943, -1.604058, 0.081379, 0.124233, 0.039464, -0.48328, 0.139496, 0.059466, 0.216816, -0.070399, -0.009844, 0.762694, 0.055618, -0.072073, 0.449637, 0.096802, 0.000374, -0.087505, 0.002982, 0.004876, -0.456127, 0.337756, 0.109831, 0.063476, -0.099215, 0.113563, 0.013506, 0.023799, -0.013035, -0.002769, 0.001321, 0.00398, 0.00258, 0.003322, -0.009367, -0.192218, -0.010826, -0.005866, 0.04623, 0.046949, -0.548924, 0.034727, 0.30686, 0.4909, -0.057264, -0.009861, 0.062688, 0.076213, -0.38345, -0.656405, 0.324103, 0.128763, 0.887721, -0.035472, -0.454465, -0.024373, -0.012214, 0.203636, -0.081907, 0.244435, -0.103058, 0.393211, 0.021904, 0.073769, -0.142958, 0.109682, 0.04344, -0.409585, 0.110059, -0.037531, 0.419606, 0.696933, -0.694679, -0.00504, -2.307932, 0.332445, 0.071992, 1.232041, -2.020084, 0.087514, 0.888471]}