{"hc3d": [[-0.00088, -0.218315, 0.03836], [0.080899, -0.315012, 0.034595], [-0.080849, -0.314419, 0.037257], [-0.003178, -0.103778, 0.004302], [0.148804, -0.700185, 0.112265], [-0.097246, -0.711497, 0.125116], [0.000863, 0.024966, 0.027225], [0.078117, -0.9215, -0.246708], [-0.077641, -1.133559, 0.054373], [0.002388, 0.072735, 0.06486], [0.165641, -1.013009, -0.188917], [-0.093941, -1.197648, 0.178526], [0.006686, 0.293721, 0.03913], [0.091013, 0.198873, 0.043915], [-0.080623, 0.201451, 0.037655], [0.007114, 0.354117, 0.087147], [0.187793, 0.175433, 0.023863], [-0.183372, 0.184206, 0.058785], [0.242423, -0.090865, 0.004147], [-0.235302, -0.075412, 0.019167], [0.294723, -0.326407, 0.108896], [-0.284329, -0.336017, 0.053236], [0.327072, -0.403541, 0.140814], [-0.299042, -0.423129, 0.059945]], "im2d": [[0.012125, -0.096858], [0.054627, 0.02778], [-0.040288, -0.008234], [0.053094, -0.22517], [-0.01308, 0.471121], [-0.166977, 0.430156], [0.043663, -0.365705], [0.276155, 0.687034], [-0.121562, 0.898236], [0.011974, -0.416778], [0.262757, 0.809451], [-0.256292, 0.970026], [0.057291, -0.660964], [0.093119, -0.537498], [0.001357, -0.5782], [0.015947, -0.72585], [0.165909, -0.491117], [-0.079191, -0.580894], [0.194572, -0.185607], [-0.091577, -0.306853], [0.103887, 0.089963], [-0.173735, -0.028387], [0.085193, 0.183456], [-0.19571, 0.064892]], "theta": [1.127116, 0.011638, 0.132381, 2.833363, 0.251914, -1.605678, -0.228832, 0.023736, 0.086531, -0.250498, 0.064881, 0.049998, 0.213379, -0.021604, -0.004466, 1.145398, 0.152553, -0.080117, 0.292226, 0.123844, 0.014465, -0.101657, 0.003156, -0.003631, -0.417178, 0.303814, 0.118895, 0.011188, -0.151459, 0.140681, -0.00932, 0.014638, -0.019031, -0.004814, 0.003274, 0.004907, 0.002738, 0.005176, -0.011924, -0.131022, -0.042514, 0.034077, 0.048582, 0.067843, -0.601848, 0.035594, 0.331249, 0.525167, 0.006576, -0.064801, 0.062425, 0.089301, -0.288285, -0.679761, 0.334225, 0.122611, 0.879689, -0.05134, -0.342181, -0.011886, 0.01608, 0.1266, -0.068552, 0.250706, -0.105275, 0.284958, 0.03857, 0.092326, -0.066626, 0.106815, 0.042078, -0.406433, 0.108016, -0.037158, 0.415937, 0.696933, -0.694679, -0.00504, -2.307932, 0.332445, 0.071992, 1.232041, -2.020084, 0.087514, 0.888471]}