{"hc3d": [[-0.00088, -0.218315, 0.03836], [0.080899, -0.315012, 0.034595], [-0.080849, -0.314419, 0.037257], [-0.003178, -0.103778, 0.004302], [0.083185, -0.713752, 0.036321], [-0.118428, -0.700002, 0.162047], [0.002448, 0.022866, 0.036651], [0.03012, -1.133428, -0.026088], [-0.09781, -1.016376, -0.126062], [0.002878, 0.068915, 0.0764], [0.102761, -1.172157, 0.086149], [-0.133157, -1.133053, -0.055889], [0.006045, 0.290616, 0.057596], [0.090842, 0.196081, 0.059233], [-0.080817, 0.198008, 0.053411], [0.009318, 0.35036, 0.106315], [0.188713, 0.175529, 0.041437], [-0.18286, 0.186955, 0.081096], [0.247047, -0.088577, 0.00777], [-0.237633, -0.072974, 0.047851], [0.314318, -0.335877, 0.06697], [-0.28722, -0.332513, 0.088585], [0.354859, -0.414076, 0.082979], [-0.296201, -0.42035, 0.095944]], "im2d": [[0.01255, -0.097022], [0.055222, 0.027927], [-0.039905, -0.008195], [0.053535, -0.225679], [0.022704, 0.47017], [-0.213657, 0.415342], [0.035561, -0.363504], [0.019079, 0.921016], [0.052344, 0.759467], [0.00093, -0.41292], [-0.051426, 0.984115], [-0.045424, 0.883577], [0.038874, -0.658505], [0.078203, -0.535084], [-0.014253, -0.575183], [-0.001734, -0.722128], [0.149848, -0.491469], [-0.100434, -0.584334], [0.19463, -0.187367], [-0.12047, -0.309713], [0.155724, 0.103583], [-0.209328, -0.031597], [0.157084, 0.199719], [-0.228696, 0.064]], "theta": [1.129917, 0.011987, 0.132448, 2.833914, 0.251448, -1.606434, -0.036066, 0.087417, -0.076272, -0.350221, -0.002159, 0.003709, 0.286914, -0.025729, -0.017964, 0.067991, -0.006207, -0.005491, 0.970361, -0.00749, 0.00631, -0.12977, 0.002435, 0.026567, -0.220644, 0.296454, 0.059905, -0.029611, -0.106543, 0.177004, -0.023122, 0.024268, -0.03113, -0.001623, 0.001581, 0.000772, 0.001594, 0.002654, -0.006295, -0.151207, -0.032432, -0.006692, 0.025622, 0.037011, -0.574592, 0.000782, 0.392619, 0.450162, -0.004397, -0.153099, 0.069145, 0.038721, -0.207274, -0.701394, 0.303417, 0.119927, 0.929433, -0.055398, -0.212782, -0.019347, 0.05059, 0.125662, -0.070999, 0.204401, -0.107075, 0.336533, 0.008123, 0.127673, -0.005603, 0.108973, 0.044254, -0.40938, 0.110151, -0.039659, 0.416095, 0.696933, -0.694679, -0.00504, -2.307932, 0.332445, 0.071992, 1.232041, -2.020084, 0.087514, 0.888471]}