{"hc3d": [[-0.000993, -0.217994, 0.037188], [0.079839, -0.314488, 0.032965], [-0.080022, -0.313852, 0.035542], [-0.003326, -0.103548, 0.003787], [0.094644, -0.715941, 0.028873], [-0.167651, -0.675331, 0.207894], [-0.000649, 0.026373, 0.023987], [0.044739, -1.127168, -0.088456], [-0.094568, -1.029185, -0.027513], [0.001997, 0.072675, 0.062908], [0.102865, -1.172616, 0.030289], [-0.161675, -1.12784, 0.048064], [-0.003117, 0.294608, 0.057026], [0.083933, 0.203135, 0.044967], [-0.086942, 0.199434, 0.055077], [0.000435, 0.344615, 0.116513], [0.181963, 0.19639, 0.019587], [-0.188942, 0.188214, 0.082842], [0.289094, -0.055365, 0.000588], [-0.239308, -0.076158, 0.081708], [0.287901, -0.291606, 0.119952], [-0.296325, -0.332102, 0.142078], [0.317804, -0.356294, 0.174559], [-0.322758, -0.414147, 0.163507]], "im2d": [[0.016937, -0.104771], [-0.00475, 0.014899], [0.032601, -0.016761], [0.060169, -0.224625], [-0.028788, 0.449588], [-0.151416, 0.336396], [0.045953, -0.365891], [0.083512, 0.894484], [0.059476, 0.755908], [0.006645, -0.419309], [-0.060443, 0.941764], [-0.010347, 0.84094], [0.027846, -0.658153], [0.013263, -0.541845], [0.045076, -0.571767], [-0.033388, -0.717582], [0.015339, -0.513053], [0.040346, -0.582272], [-0.006735, -0.219904], [0.037919, -0.307725], [-0.148219, 0.020947], [-0.027895, -0.050102], [-0.217909, 0.090354], [-0.049162, 0.030692]], "theta": [1.096884, 0.016435, 0.122477, 1.996431, 0.300197, -2.506031, -0.017976, 0.042114, -0.047264, -0.487822, -0.076869, -0.105991, 0.18802, 0.052744, 0.012068, 0.173259, -0.108116, -0.052157, 0.982298, -0.105532, 0.11422, -0.030303, -0.006172, 0.001036, -0.285376, 0.319752, 0.066904, -0.070994, -0.191851, 0.046991, 0.026896, 0.048639, -0.013488, -0.00511, 0.004271, 0.003705, -0.000575, 0.004073, -0.005712, -0.009079, -0.140744, -0.038587, 0.077218, 0.040004, -0.482119, -0.021732, 0.299025, 0.421662, -0.004822, -0.083133, 0.093402, 0.140945, -0.429354, -0.60197, 0.234996, 0.261871, 0.867486, 0.289974, -0.534485, -0.233335, -0.182785, 0.076418, -0.072726, 0.400913, -0.066055, 0.5159, 0.037062, 0.087863, -0.199973, 0.105878, 0.042594, -0.40773, 0.107649, -0.040696, 0.414324, 0.756291, -0.520714, -0.074741, -2.295053, 0.290664, 0.097814, 1.205114, -1.978164, 0.076293, 0.901577]}