{"hc3d": [[-0.000993, -0.217994, 0.037188], [0.079839, -0.314488, 0.032965], [-0.080022, -0.313852, 0.035542], [-0.003326, -0.103548, 0.003787], [0.089022, -0.703901, -0.065391], [-0.141336, -0.659022, 0.248025], [0.001382, 0.02552, 0.028564], [0.048505, -1.092752, -0.245717], [-0.110718, -1.081914, 0.326738], [0.001408, 0.071518, 0.067933], [0.102477, -1.157, -0.133897], [-0.172599, -1.115862, 0.449074], [0.001168, 0.293268, 0.079831], [0.087273, 0.200664, 0.069782], [-0.083714, 0.200921, 0.060978], [0.000428, 0.342656, 0.139933], [0.188093, 0.198421, 0.058388], [-0.189388, 0.198953, 0.07238], [0.316122, -0.043809, 0.046075], [-0.26152, -0.049535, -0.001653], [0.303381, -0.247921, 0.214107], [-0.36747, -0.296388, -0.017175], [0.31619, -0.295465, 0.289182], [-0.408209, -0.373791, -0.032613]], "im2d": [[0.019616, -0.105581], [-0.001551, 0.016088], [0.03626, -0.016671], [0.062537, -0.227388], [0.081427, 0.452256], [-0.196727, 0.325791], [0.04153, -0.36962], [0.265719, 0.886221], [-0.312546, 0.784785], [0.001426, -0.423728], [0.127583, 0.955658], [-0.431019, 0.797088], [0.000626, -0.666645], [-0.015368, -0.547576], [0.037557, -0.580983], [-0.061528, -0.726699], [-0.028747, -0.523921], [0.051932, -0.601018], [-0.061032, -0.233218], [0.136864, -0.33707], [-0.250621, -0.030318], [0.167172, -0.087555], [-0.337659, 0.016444], [0.190018, -0.009744]], "theta": [1.112434, 0.018627, 0.123084, 2.000882, 0.296232, -2.512157, 0.219131, 0.05447, -0.055231, -0.586671, -0.012142, -0.052371, 0.221748, -0.01199, -0.007601, 0.09375, -0.126798, -0.015799, 0.287992, -0.026921, 0.081757, -0.056569, -0.008595, 0.025866, -0.272579, 0.291351, 0.059316, 0.06662, -0.322032, 0.145159, 0.100645, 0.004688, -0.02472, -0.002082, 0.000997, 0.002731, 0.002781, 0.003207, -0.009512, -0.080518, -0.093816, -0.016721, 0.058127, 0.017256, -0.419241, -0.018022, 0.239597, 0.352245, 0.067302, -0.058884, 0.082553, 0.091577, -0.420178, -0.561533, 0.16124, 0.050911, 0.922843, 0.269674, -0.76707, -0.11921, -0.337122, 0.086955, -0.099204, 0.397712, -0.184379, 0.49008, -0.144191, -0.0057, -0.200923, 0.110767, 0.043356, -0.41202, 0.110397, -0.036906, 0.419321, 0.756291, -0.520714, -0.074741, -2.295053, 0.290664, 0.097814, 1.205114, -1.978164, 0.076293, 0.901577]}