{"hc3d": [[-0.000993, -0.217994, 0.037188], [0.079839, -0.314488, 0.032965], [-0.080022, -0.313852, 0.035542], [-0.003326, -0.103548, 0.003787], [0.092631, -0.697327, -0.08816], [-0.1334, -0.665065, 0.240118], [0.001926, 0.025774, 0.02709], [0.061489, -1.073327, -0.295569], [-0.106286, -1.065537, 0.397779], [0.001065, 0.070986, 0.067349], [0.113484, -1.148245, -0.189606], [-0.165944, -1.086945, 0.523995], [0.002626, 0.292411, 0.084186], [0.088099, 0.19913, 0.075043], [-0.082468, 0.201418, 0.060358], [-0.002124, 0.342155, 0.14381], [0.189298, 0.194914, 0.06868], [-0.188563, 0.202441, 0.06697], [0.31719, -0.047607, 0.061918], [-0.26597, -0.041311, -0.016838], [0.306371, -0.247678, 0.234874], [-0.389356, -0.279301, -0.040057], [0.314792, -0.294946, 0.310739], [-0.435947, -0.35249, -0.05908]], "im2d": [[0.019911, -0.105692], [-0.001212, 0.016202], [0.036653, -0.016672], [0.062813, -0.227717], [0.106315, 0.448839], [-0.190223, 0.335438], [0.043142, -0.370176], [0.318864, 0.873925], [-0.389353, 0.762114], [0.002156, -0.423753], [0.186831, 0.955415], [-0.512097, 0.760861], [-0.004647, -0.666833], [-0.021448, -0.547025], [0.03793, -0.582102], [-0.065386, -0.728082], [-0.040494, -0.521575], [0.057782, -0.605069], [-0.078632, -0.230633], [0.155231, -0.34602], [-0.273982, -0.03182], [0.199022, -0.108542], [-0.360852, 0.013819], [0.227561, -0.036041]], "theta": [1.11422, 0.018863, 0.123137, 2.001307, 0.295863, -2.512742, 0.27793, 0.05477, -0.044758, -0.562405, -0.006622, -0.033249, 0.209661, -0.030988, -0.013073, 0.104969, -0.134639, -0.004235, 0.070021, 0.004876, 0.062247, -0.024637, -0.017822, 0.029429, -0.247337, 0.288857, 0.032884, 0.144086, -0.366643, 0.173823, 0.102887, -0.003032, -0.028593, -0.00177, 0.001021, 0.001735, 0.002447, 0.002978, -0.008617, -0.10667, -0.129332, -0.001387, 0.058629, -0.001524, -0.42469, -0.030635, 0.226513, 0.335883, 0.082977, -0.048797, 0.089261, 0.074612, -0.42175, -0.540733, 0.132902, 0.015639, 0.915742, 0.239197, -0.76103, -0.080715, -0.387481, 0.105097, -0.130922, 0.406384, -0.217948, 0.446691, -0.192017, -0.006444, -0.230762, 0.110626, 0.043978, -0.412013, 0.110312, -0.038135, 0.418562, 0.756291, -0.520714, -0.074741, -2.295053, 0.290664, 0.097814, 1.205114, -1.978164, 0.076293, 0.901577]}