{"hc3d": [[-0.000993, -0.217994, 0.037188], [0.079839, -0.314488, 0.032965], [-0.080022, -0.313852, 0.035542], [-0.003326, -0.103548, 0.003787], [0.079741, -0.68829, 0.180181], [-0.138962, -0.696087, -0.100376], [-0.003498, 0.026845, 0.020889], [0.096563, -1.118493, 0.182731], [-0.129916, -0.991028, -0.414857], [-0.003383, 0.072736, 0.060381], [0.12714, -1.141107, 0.317261], [-0.165049, -1.095585, -0.326644], [-0.018733, 0.294274, 0.059978], [0.072717, 0.207262, 0.047475], [-0.097967, 0.195416, 0.053853], [-0.014627, 0.342303, 0.121038], [0.169978, 0.211039, 0.018743], [-0.196165, 0.191786, 0.09441], [0.229556, -0.027565, -0.102653], [-0.26517, -0.056509, 0.171988], [0.302856, -0.2819, -0.102516], [-0.25323, -0.25356, 0.35483], [0.331726, -0.366628, -0.109472], [-0.253209, -0.27324, 0.441444]], "im2d": [[0.020351, -0.105882], [-0.000723, 0.016356], [0.037228, -0.016684], [0.063247, -0.228245], [-0.180277, 0.410655], [0.179793, 0.403354], [0.05157, -0.372676], [-0.209953, 0.884539], [0.503609, 0.759374], [0.011051, -0.426821], [-0.365072, 0.901966], [0.411233, 0.857913], [0.027048, -0.672287], [0.012763, -0.557465], [0.048685, -0.579399], [-0.037804, -0.730127], [0.019401, -0.539203], [0.029447, -0.599193], [0.123555, -0.254003], [-0.050307, -0.349098], [0.091363, 0.039009], [-0.262335, -0.149362], [0.087111, 0.138216], [-0.357466, -0.136486]], "theta": [1.117023, 0.019212, 0.123205, 2.001859, 0.295397, -2.513497, -0.392385, -0.184108, -0.054279, 0.290114, -0.119789, -0.070903, 0.163323, 0.030218, 0.03204, 0.27865, -0.208614, 0.034715, 0.401563, 0.331099, 0.07531, 0.00472, -0.008607, 0.01537, -0.093005, 0.350628, 0.151791, -0.222616, -0.233049, -0.000943, 0.040312, 0.058544, 0.001362, -0.000491, 0.000524, 0.000595, 0.00187, 0.002017, -0.005531, -0.000797, -0.117931, -0.087849, 0.049869, 0.102367, -0.440952, -0.064886, 0.438239, 0.280654, 0.192455, -0.00345, 0.033485, 0.160024, -0.051191, -0.87135, 0.161249, 0.374686, 0.716009, 0.21643, -0.321097, -0.005392, 0.160323, 0.40571, -0.097259, 0.305319, -0.09356, 0.135454, 0.397287, 0.26533, -0.675832, 0.110901, 0.044771, -0.412981, 0.111622, -0.038396, 0.41813, 0.756291, -0.520714, -0.074741, -2.295053, 0.290664, 0.097814, 1.205114, -1.978164, 0.076293, 0.901577]}