{"hc3d": [[-0.000993, -0.217994, 0.037188], [0.079839, -0.314488, 0.032965], [-0.080022, -0.313852, 0.035542], [-0.003326, -0.103548, 0.003787], [0.076432, -0.713539, 0.079308], [-0.147053, -0.71048, 0.114563], [-0.001123, 0.025954, 0.02657], [0.053776, -1.13778, 0.009524], [-0.084618, -0.946609, -0.240846], [-0.000784, 0.071136, 0.066871], [0.100934, -1.183672, 0.132871], [-0.146205, -1.067705, -0.202238], [-0.000343, 0.293205, 0.066223], [0.085278, 0.19991, 0.05876], [-0.0859, 0.200209, 0.055256], [-0.002149, 0.338893, 0.129162], [0.185075, 0.18586, 0.046813], [-0.187475, 0.196694, 0.086414], [0.252063, -0.072148, -0.017707], [-0.247726, -0.065598, 0.084586], [0.279864, -0.329255, 0.038706], [-0.322505, -0.320095, 0.12978], [0.297212, -0.416299, 0.052236], [-0.352868, -0.401186, 0.149567]], "im2d": [[0.020351, -0.105882], [-0.000722, 0.016356], [0.037229, -0.016684], [0.063247, -0.228245], [-0.071181, 0.447711], [-0.052396, 0.395981], [0.044747, -0.371794], [-0.011909, 0.914383], [0.305375, 0.702454], [0.003256, -0.425199], [-0.160329, 0.961729], [0.272754, 0.818745], [0.015524, -0.668051], [-0.003082, -0.548028], [0.04434, -0.582362], [-0.049986, -0.724705], [-0.016261, -0.511428], [0.036179, -0.60202], [0.023199, -0.209195], [0.039719, -0.326909], [-0.058683, 0.072089], [-0.003711, -0.067948], [-0.082377, 0.169468], [-0.021736, 0.012715]], "theta": [1.117024, 0.019212, 0.123205, 2.001859, 0.295397, -2.513497, -0.139034, -0.059155, -0.090842, -0.245573, -0.111952, -0.058353, 0.206775, 0.005118, 0.01285, 0.180978, -0.081761, 0.036212, 1.122154, 0.010066, 0.056053, -0.021224, -0.012181, 0.009787, -0.143659, 0.294414, 0.061936, -0.104892, -0.236251, 0.078612, 0.023655, 0.01943, -0.035604, -0.002283, 0.001837, 0.001561, 0.001983, 0.003653, -0.008252, 0.037481, -0.189639, -0.055136, 0.052884, -0.032746, -0.517067, -0.079908, 0.414438, 0.352313, 0.225361, -0.146755, 0.06953, 0.085614, -0.174251, -0.739886, 0.160226, 0.157324, 0.920103, 0.220065, -0.349456, -0.099387, -0.014863, 0.017975, -0.053533, 0.214122, -0.082114, 0.17345, 0.05301, 0.123491, -0.202452, 0.108905, 0.043788, -0.409499, 0.109127, -0.039121, 0.416244, 0.756291, -0.520714, -0.074741, -2.295053, 0.290664, 0.097814, 1.205114, -1.978164, 0.076293, 0.901577]}