{"hc3d": [[-0.000993, -0.217994, 0.037188], [0.079839, -0.314488, 0.032965], [-0.080022, -0.313852, 0.035542], [-0.003326, -0.103548, 0.003787], [0.08029, -0.715735, 0.052989], [-0.161711, -0.694679, 0.163403], [-0.000876, 0.025275, 0.030119], [0.04267, -1.132751, -0.047246], [-0.081858, -0.987738, -0.142719], [-0.001716, 0.069394, 0.071573], [0.092575, -1.18234, 0.073562], [-0.148038, -1.098974, -0.086199], [-0.001709, 0.29139, 0.077317], [0.084284, 0.19845, 0.069693], [-0.086718, 0.198645, 0.061178], [-0.004318, 0.337525, 0.1399], [0.185038, 0.186955, 0.065705], [-0.188541, 0.19234, 0.091065], [0.265868, -0.071042, 0.019632], [-0.250543, -0.069532, 0.088007], [0.278651, -0.326662, 0.087114], [-0.323176, -0.324742, 0.132671], [0.295616, -0.412034, 0.109127], [-0.349545, -0.408608, 0.145331]], "im2d": [[0.020351, -0.105882], [-0.000722, 0.016356], [0.037229, -0.016684], [0.063247, -0.228245], [-0.043688, 0.453521], [-0.100888, 0.370863], [0.040793, -0.371356], [0.052855, 0.912329], [0.195912, 0.738199], [-0.001707, -0.42395], [-0.093701, 0.964527], [0.145521, 0.840986], [0.003725, -0.667448], [-0.014782, -0.547724], [0.038032, -0.581408], [-0.061171, -0.724717], [-0.036717, -0.514523], [0.031169, -0.597935], [-0.02082, -0.21137], [0.036514, -0.323512], [-0.110825, 0.064166], [-0.006925, -0.063286], [-0.143548, 0.158791], [-0.018371, 0.021928]], "theta": [1.117024, 0.019212, 0.123205, 2.001859, 0.295397, -2.513497, -0.074058, -0.033835, -0.083365, -0.373622, -0.115308, -0.088294, 0.233687, -0.018729, 0.009027, 0.186088, -0.061306, 0.001104, 1.084005, -0.047112, 0.097747, -0.022165, -0.010957, 0.020414, -0.19504, 0.279307, 0.072102, -0.12294, -0.228729, 0.080899, 0.026372, 0.013752, -0.03719, -0.003183, 0.002378, 0.002502, 0.00227, 0.004528, -0.009882, 0.000577, -0.184418, -0.06486, 0.038483, -0.081595, -0.481083, -0.054196, 0.431116, 0.363623, 0.202521, -0.157834, 0.072311, 0.077071, -0.221115, -0.721348, 0.12447, 0.177545, 0.879094, 0.273267, -0.370596, -0.150664, -0.039151, 0.032684, -0.039981, 0.215928, -0.082202, 0.233906, -0.004006, 0.082581, -0.126895, 0.108169, 0.043314, -0.408314, 0.108478, -0.037549, 0.415834, 0.756291, -0.520714, -0.074741, -2.295053, 0.290664, 0.097814, 1.205114, -1.978164, 0.076293, 0.901577]}