{"hc3d": [[-0.000886, -0.218292, 0.038459], [0.080964, -0.315006, 0.034746], [-0.080941, -0.314422, 0.037403], [-0.003178, -0.103702, 0.004287], [0.150527, -0.675437, 0.190016], [-0.168239, -0.711273, 0.017405], [-0.003132, 0.025156, 0.026408], [0.135823, -1.088893, 0.082636], [-0.137791, -1.123038, -0.096201], [-0.001162, 0.0734, 0.063457], [0.205591, -1.12425, 0.197729], [-0.183118, -1.181404, 0.023481], [-0.012373, 0.294975, 0.047903], [0.077516, 0.205605, 0.03985], [-0.094001, 0.197663, 0.050853], [-0.007858, 0.350441, 0.10111], [0.170896, 0.198249, 0.000204], [-0.196418, 0.188567, 0.078395], [0.261141, -0.049289, -0.069371], [-0.276159, -0.061949, 0.12864], [0.325928, -0.299237, -0.019328], [-0.26659, -0.265221, 0.301954], [0.386929, -0.361352, 0.001657], [-0.270194, -0.306916, 0.38007]], "im2d": [[0.010003, -0.103304], [0.007604, 0.018214], [0.000237, -0.016611], [0.057721, -0.224193], [-0.193075, 0.407552], [-0.016181, 0.39362], [0.04515, -0.364638], [-0.113286, 0.858173], [0.071837, 0.852416], [0.008998, -0.419213], [-0.240572, 0.901237], [-0.065759, 0.895696], [0.045753, -0.658607], [0.048994, -0.54294], [0.03145, -0.571307], [-0.00737, -0.721765], [0.094345, -0.512123], [-0.002386, -0.585313], [0.150663, -0.221109], [-0.082279, -0.33677], [0.075068, 0.057169], [-0.290179, -0.130577], [0.048171, 0.135033], [-0.37959, -0.093005]], "theta": [1.09912, 0.009987, 0.124304, 2.303986, 0.307855, -2.228536, -0.425829, -0.048232, 0.104088, -0.001476, -0.087331, -0.124431, 0.208498, 0.03982, 0.030339, 0.555626, 0.016682, -0.12289, 0.146827, 0.153232, 0.165788, -0.107831, 0.00366, -0.008555, -0.267579, 0.329907, 0.13697, -0.124877, -0.200736, 0.053137, 0.046009, 0.05963, 0.001961, -0.005748, 0.004906, 0.004356, -0.000591, 0.004726, -0.006504, -0.079119, -0.040534, -0.003308, 0.030442, 0.173213, -0.527034, 0.003884, 0.282615, 0.383827, -0.090065, 0.053379, 0.063063, 0.133068, -0.228043, -0.655992, 0.338958, 0.411554, 0.677973, 0.169614, -0.328221, -0.155781, -0.024092, 0.47042, -0.116582, 0.470469, -0.041027, 0.609186, 0.345475, 0.221766, -0.464922, 0.10469, 0.042301, -0.405928, 0.107569, -0.041717, 0.413807, 0.697045, -0.718426, -0.025253, -2.31526, 0.351253, 0.090336, 1.266452, -2.028818, 0.086716, 0.90186]}