{"hc3d": [[-0.000886, -0.218292, 0.038459], [0.080964, -0.315006, 0.034746], [-0.080941, -0.314422, 0.037403], [-0.003178, -0.103702, 0.004287], [0.159448, -0.703875, 0.073203], [-0.117739, -0.708384, 0.132017], [-0.000674, 0.025315, 0.025311], [0.062824, -0.959913, -0.255129], [-0.07895, -1.124187, 0.037221], [-0.002805, 0.070319, 0.066226], [0.157893, -1.037355, -0.189333], [-0.110941, -1.172004, 0.165576], [-0.011611, 0.292123, 0.0525], [0.078377, 0.202494, 0.053392], [-0.093311, 0.19512, 0.044949], [-0.008779, 0.347378, 0.106043], [0.178921, 0.193615, 0.040825], [-0.192118, 0.166973, 0.072796], [0.268744, -0.063392, 0.029036], [-0.237322, -0.096337, 0.089076], [0.300159, -0.287866, 0.162453], [-0.272186, -0.349875, 0.166227], [0.32446, -0.362349, 0.205828], [-0.289086, -0.433881, 0.188832]], "im2d": [[0.013296, -0.104383], [0.011754, 0.019632], [0.004297, -0.01642], [0.060818, -0.227814], [-0.061044, 0.459735], [-0.134818, 0.399947], [0.048074, -0.370173], [0.281492, 0.743965], [-0.062259, 0.870984], [0.006072, -0.423021], [0.20435, 0.844495], [-0.210328, 0.906707], [0.039443, -0.666846], [0.033576, -0.54917], [0.037574, -0.577794], [-0.015665, -0.730796], [0.049686, -0.516629], [0.001408, -0.570557], [0.044152, -0.214697], [-0.039753, -0.293206], [-0.122364, 0.027931], [-0.14774, -0.02891], [-0.176229, 0.111523], [-0.18037, 0.057721]], "theta": [1.11926, 0.012765, 0.125031, 2.309414, 0.303055, -2.236002, -0.139695, 0.097242, 0.111921, -0.270897, 0.022004, 0.002959, 0.19872, -0.031614, 0.006874, 0.96328, 0.152558, -0.118937, 0.365714, 0.099226, 0.09509, -0.016233, -0.016037, 0.035643, -0.481443, 0.30391, 0.155689, -0.178444, -0.187579, 0.082606, -0.023983, 0.040714, -0.009942, -0.002949, 0.00228, 0.002458, 0.002087, 0.003704, -0.008336, -0.088785, 0.000209, -0.040427, 0.043128, 0.006699, -0.510339, 0.025533, 0.426813, 0.549495, 0.068808, -0.065315, 0.03232, 0.133992, -0.352754, -0.684626, 0.196929, 0.235268, 0.704313, 0.178893, -0.471267, -0.037948, 0.059482, 0.103164, -0.025794, 0.278919, -0.069526, 0.23452, 0.128596, 0.054906, -0.125797, 0.108692, 0.042741, -0.410048, 0.109121, -0.036981, 0.415993, 0.697045, -0.718426, -0.025253, -2.31526, 0.351253, 0.090336, 1.266452, -2.028818, 0.086716, 0.90186]}