{"hc3d": [[-0.000886, -0.218292, 0.038459], [0.080964, -0.315006, 0.034746], [-0.080941, -0.314422, 0.037403], [-0.003178, -0.103702, 0.004287], [0.141769, -0.691789, 0.149617], [-0.137396, -0.71699, 0.021164], [-0.00282, 0.024555, 0.02966], [0.107112, -1.084095, -0.016481], [-0.109029, -1.125557, -0.103944], [-0.003538, 0.070893, 0.069109], [0.189703, -1.133228, 0.084162], [-0.138035, -1.181325, 0.021888], [-0.01197, 0.292945, 0.059916], [0.077638, 0.203026, 0.055813], [-0.094271, 0.196368, 0.053529], [-0.009992, 0.344164, 0.117367], [0.17681, 0.200376, 0.033371], [-0.196317, 0.187642, 0.082533], [0.253948, -0.054434, -0.024781], [-0.280785, -0.066144, 0.092471], [0.319677, -0.293406, 0.06324], [-0.315936, -0.303222, 0.210825], [0.359778, -0.367977, 0.092409], [-0.334581, -0.372325, 0.263081]], "im2d": [[0.013296, -0.104383], [0.011754, 0.019632], [0.004297, -0.01642], [0.060818, -0.227814], [-0.14581, 0.43688], [-0.012382, 0.413472], [0.043098, -0.370135], [0.00619, 0.871591], [0.094304, 0.876605], [0.002882, -0.424026], [-0.107852, 0.935769], [-0.051521, 0.921877], [0.031226, -0.668385], [0.030897, -0.550096], [0.028076, -0.580018], [-0.0286, -0.728396], [0.058502, -0.52393], [-0.00787, -0.594844], [0.10453, -0.223662], [-0.042269, -0.335987], [-0.011566, 0.045737], [-0.194883, -0.092893], [-0.049142, 0.133935], [-0.259418, -0.025205]], "theta": [1.11926, 0.012765, 0.125031, 2.309414, 0.303055, -2.236002, -0.322136, -0.005819, 0.071935, -0.001209, -0.034751, -0.044908, 0.233108, -0.010006, 0.024561, 0.611089, 0.122419, -0.072547, 0.167346, 0.209554, 0.109834, -0.083643, -0.00364, 0.013984, -0.291033, 0.295765, 0.145435, -0.182129, -0.197869, 0.07719, 0.028183, 0.040557, -0.013703, -0.002699, 0.002137, 0.002211, 0.00234, 0.003918, -0.008892, -0.036045, -0.060511, -0.03736, 0.015158, 0.075545, -0.458485, -0.022367, 0.380312, 0.36931, 0.063456, -0.051725, 0.050995, 0.100758, -0.203404, -0.795255, 0.239891, 0.199817, 0.767038, 0.193596, -0.417326, -0.007214, 0.112402, 0.326503, -0.067216, 0.332769, -0.082044, 0.311515, 0.258882, 0.145879, -0.297226, 0.108722, 0.043218, -0.409754, 0.109601, -0.0372, 0.416272, 0.697045, -0.718426, -0.025253, -2.31526, 0.351253, 0.090336, 1.266452, -2.028818, 0.086716, 0.90186]}