{"hc3d": [[-0.000839, -0.219635, 0.039401], [0.081626, -0.316753, 0.036064], [-0.08151, -0.316167, 0.038765], [-0.003121, -0.10448, 0.004471], [0.045711, -0.711575, 0.00476], [-0.151089, -0.612022, 0.308145], [0.003033, 0.02284, 0.034789], [-0.002353, -1.091614, -0.184053], [-0.116217, -1.028002, 0.213823], [0.005193, 0.065763, 0.078459], [0.013331, -1.136563, -0.053146], [-0.191182, -1.082796, 0.319746], [0.008715, 0.287073, 0.109373], [0.093751, 0.194286, 0.08898], [-0.079003, 0.197367, 0.086035], [0.005874, 0.326281, 0.175479], [0.195543, 0.188634, 0.08527], [-0.18321, 0.189985, 0.108145], [0.2814, -0.06285, 0.025963], [-0.253505, -0.067234, 0.084969], [0.212566, -0.224424, 0.221737], [-0.307501, -0.28594, 0.228685], [0.241468, -0.261398, 0.298259], [-0.339167, -0.355016, 0.274754]], "im2d": [[-0.002566, -0.066207], [-0.096526, 0.04626], [0.083286, 0.043423], [0.015844, -0.191993], [-0.061611, 0.502585], [0.060566, 0.335456], [0.003956, -0.342618], [0.039036, 0.968484], [0.036961, 0.827358], [-0.011127, -0.399047], [-0.023034, 0.997929], [0.083111, 0.87133], [-0.01669, -0.657263], [-0.107733, -0.54684], [0.084682, -0.551677], [-0.033743, -0.713286], [-0.219468, -0.538684], [0.192551, -0.548064], [-0.304729, -0.240236], [0.268151, -0.250798], [-0.29896, -0.089291], [0.272385, -0.025584], [-0.35751, -0.05964], [0.289683, 0.04528]], "theta": [1.155792, -0.001381, 0.162352, 0.451817, 0.228923, -3.088118, 0.049221, -0.108006, -0.178476, -0.772091, 0.00297, -0.085368, 0.275019, 0.012654, -0.018165, 0.276329, -0.201446, -0.018296, 0.893699, -0.211479, 0.008976, -0.040939, 0.006522, 0.020868, -0.476968, 0.275191, 0.023267, -0.079777, -0.137342, -0.01239, 0.126143, -0.003063, -0.026206, -0.005359, 0.004287, 0.003955, -0.000491, 0.004738, -0.00676, -0.023249, -0.250433, -0.075731, 0.021741, -0.112023, -0.401086, -0.026943, 0.329963, 0.374298, 0.116878, -0.131974, 0.061511, 0.166553, -0.314267, -0.749278, 0.116992, 0.279589, 0.830665, -0.011247, -1.109164, -0.100975, -0.588934, 0.539347, -0.122865, 0.034371, -0.141983, 0.789273, -0.489603, 0.131572, -0.308892, 0.106263, 0.042371, -0.408488, 0.107368, -0.040002, 0.415354, 0.718701, -0.825726, 0.040271, -2.306293, 0.346468, 0.069299, 1.23893, -2.073025, 0.107969, 0.843311]}