{"hc3d": [[-0.000839, -0.219635, 0.039401], [0.081626, -0.316753, 0.036064], [-0.08151, -0.316167, 0.038765], [-0.003121, -0.10448, 0.004471], [0.117675, -0.703218, 0.122665], [-0.146391, -0.701626, 0.148987], [0.002749, 0.025468, 0.020171], [0.018185, -0.99972, -0.168157], [-0.090497, -1.122237, 0.093179], [0.002389, 0.068686, 0.063601], [0.08409, -1.086325, -0.081215], [-0.158032, -1.177567, 0.20372], [0.002898, 0.292105, 0.069036], [0.089454, 0.198652, 0.063472], [-0.082973, 0.199244, 0.052031], [-1e-06, 0.341481, 0.127934], [0.189404, 0.178572, 0.0672], [-0.186016, 0.18353, 0.075219], [0.257251, -0.079878, 0.014919], [-0.264899, -0.069183, 0.114641], [0.241923, -0.308987, 0.143161], [-0.324277, -0.30398, 0.227541], [0.259436, -0.377443, 0.198524], [-0.344312, -0.380795, 0.267475]], "im2d": [[0.000624, -0.066497], [-0.093962, 0.048667], [0.088791, 0.044382], [0.018406, -0.194728], [-0.175254, 0.484661], [0.113172, 0.473322], [0.010347, -0.348446], [0.026189, 0.876205], [0.05663, 0.973152], [-0.002636, -0.405978], [-0.079938, 0.96378], [0.093679, 1.017825], [0.001579, -0.666861], [-0.096751, -0.555512], [0.101238, -0.557629], [-0.013588, -0.734184], [-0.211124, -0.530835], [0.208939, -0.545195], [-0.277505, -0.220064], [0.276933, -0.259208], [-0.310359, 0.024891], [0.298681, -0.005929], [-0.350804, 0.09567], [0.305468, 0.076421]], "theta": [1.175694, 0.00137, 0.163075, 0.457213, 0.224149, -3.095541, -0.244318, -0.059957, 0.014466, -0.325504, -0.078346, -0.056769, 0.160959, -0.002773, -0.017205, 0.896741, 0.208037, -0.186975, 0.355135, -0.078741, 0.109154, 0.066744, -0.032143, 0.032484, -0.437355, 0.244961, 0.012446, -0.077601, -0.237691, 0.140037, 0.018025, 0.005579, -0.020405, -1.6e-05, 0.000292, -0.00117, 0.001185, 0.001284, -0.004329, -0.075109, -0.134288, -0.031545, -0.028264, -0.174221, -0.54065, -0.005073, 0.398125, 0.451287, 0.176381, -0.070574, -0.002738, 0.213533, -0.152228, -0.737844, 0.052615, 0.319451, 0.642158, 0.000787, -0.633575, -0.04777, -0.401837, 0.190161, 0.019177, -0.024492, -0.207578, 0.459337, -0.507614, 0.137046, -0.152562, 0.111065, 0.045368, -0.412805, 0.110538, -0.039445, 0.418138, 0.718701, -0.825726, 0.040271, -2.306293, 0.346468, 0.069299, 1.23893, -2.073025, 0.107969, 0.843311]}