{"hc3d": [[-0.000839, -0.219635, 0.039401], [0.081626, -0.316753, 0.036064], [-0.08151, -0.316167, 0.038765], [-0.003121, -0.10448, 0.004471], [0.074364, -0.632208, 0.278117], [-0.158997, -0.713187, 0.074929], [-0.002065, 0.024445, 0.027812], [0.093171, -0.975822, 0.025203], [-0.111517, -1.114474, -0.06602], [0.000851, 0.0692, 0.069556], [0.127877, -1.035953, 0.145962], [-0.174273, -1.162726, 0.050494], [0.002487, 0.292273, 0.083036], [0.087873, 0.199144, 0.065932], [-0.084862, 0.200035, 0.070849], [0.002676, 0.336709, 0.145811], [0.188669, 0.186057, 0.057216], [-0.185215, 0.191036, 0.106215], [0.23703, -0.062635, -0.042517], [-0.272478, -0.049448, 0.184911], [0.211918, -0.305166, 0.056071], [-0.297618, -0.228981, 0.381221], [0.229225, -0.381593, 0.09986], [-0.308447, -0.285943, 0.448562]], "im2d": [[0.000652, -0.066504], [-0.093946, 0.048683], [0.088838, 0.044391], [0.018432, -0.194759], [-0.176887, 0.375383], [0.152112, 0.498952], [0.013173, -0.348679], [-0.122787, 0.817796], [0.134393, 0.990398], [-0.002888, -0.407664], [-0.204443, 0.868342], [0.164258, 1.025938], [-0.00268, -0.669509], [-0.095798, -0.556614], [0.097055, -0.561817], [-0.022787, -0.731678], [-0.20673, -0.537978], [0.19783, -0.559177], [-0.234848, -0.230983], [0.262375, -0.294079], [-0.247062, 0.034389], [0.219042, -0.118303], [-0.283606, 0.116384], [0.206797, -0.063432]], "theta": [1.175899, 0.001393, 0.163079, 0.457241, 0.224126, -3.09558, -0.665522, -0.361721, 0.010477, -0.139625, -0.077275, -0.095049, 0.220958, 0.058604, 0.023826, 1.163316, 0.178559, -0.158889, 0.36715, 0.010336, 0.142327, -0.028389, -0.002074, -0.00582, -0.45658, 0.209847, 0.116857, -0.270301, -0.189307, 0.016023, 0.090268, 0.002866, -0.036219, 0.001194, -0.000263, -0.002814, 0.001009, 0.000694, -0.003426, -0.028375, -0.18583, -0.031754, -0.006551, -0.132009, -0.480131, -0.018612, 0.410734, 0.375077, 0.233977, -0.065554, 0.001198, 0.260261, -0.106877, -0.864025, -0.042588, 0.390561, 0.581498, 0.083662, -0.678652, -0.065205, -0.384753, 0.451685, -0.00786, 0.102721, -0.164768, 0.463789, -0.25267, 0.142081, -0.171829, 0.112303, 0.045649, -0.414717, 0.111876, -0.039675, 0.419014, 0.718701, -0.825726, 0.040271, -2.306293, 0.346468, 0.069299, 1.23893, -2.073025, 0.107969, 0.843311]}