{"hc3d": [[-0.000839, -0.219635, 0.039401], [0.081626, -0.316753, 0.036064], [-0.08151, -0.316167, 0.038765], [-0.003121, -0.10448, 0.004471], [0.053485, -0.713375, 0.043378], [-0.180206, -0.642571, 0.259347], [0.002181, 0.024321, 0.027917], [-0.016173, -1.122866, -0.055894], [-0.117233, -0.995537, 0.025678], [0.004204, 0.069151, 0.069632], [0.006885, -1.155007, 0.077666], [-0.193662, -1.081043, 0.107465], [0.011404, 0.292032, 0.084403], [0.09494, 0.196566, 0.071587], [-0.077704, 0.202379, 0.066852], [0.012394, 0.33794, 0.146103], [0.195968, 0.182415, 0.071033], [-0.180992, 0.193472, 0.092438], [0.258883, -0.076076, 0.013093], [-0.259244, -0.062243, 0.103708], [0.218879, -0.296086, 0.151537], [-0.316234, -0.291569, 0.228463], [0.236906, -0.359543, 0.212417], [-0.335892, -0.366492, 0.272015]], "im2d": [[0.000656, -0.066506], [-0.093944, 0.048686], [0.088845, 0.044392], [0.018436, -0.194764], [-0.076469, 0.508557], [0.115784, 0.38565], [0.008357, -0.348479], [0.023383, 1.000354], [0.113381, 0.83661], [-0.006688, -0.407566], [-0.048656, 1.015967], [0.169273, 0.92103], [-0.013189, -0.669302], [-0.105743, -0.554433], [0.090419, -0.563756], [-0.033792, -0.732991], [-0.219728, -0.535913], [0.197809, -0.559652], [-0.278643, -0.224182], [0.274541, -0.265414], [-0.286887, 0.008059], [0.289772, -0.02038], [-0.329634, 0.072128], [0.294973, 0.05919]], "theta": [1.175932, 0.001396, 0.16308, 0.457244, 0.224123, -3.095585, -0.04664, -0.149193, -0.153471, -0.635718, -0.067683, -0.139879, 0.220675, -0.005938, -0.013194, 0.137551, -0.106392, -0.043079, 1.133381, -0.168047, 0.058678, -0.031493, 0.010909, 0.008684, -0.358551, 0.269264, 0.017498, -0.170882, -0.153061, 0.058299, 0.098434, -0.002966, -0.036189, 0.0004, 7e-05, -0.00145, 0.001205, 0.001363, -0.003998, -0.060128, -0.150406, -0.050255, -0.009384, -0.152286, -0.455736, -0.037355, 0.381312, 0.410428, 0.227352, -0.104498, 0.003016, 0.218395, -0.228651, -0.792971, 0.064741, 0.258498, 0.755845, 0.044303, -0.733549, -0.067408, -0.405073, 0.335231, -0.041404, -0.028608, -0.188013, 0.564374, -0.509921, 0.133955, -0.157884, 0.111791, 0.045193, -0.413845, 0.111353, -0.039638, 0.418477, 0.718701, -0.825726, 0.040271, -2.306293, 0.346468, 0.069299, 1.23893, -2.073025, 0.107969, 0.843311]}