{"hc3d": [[-0.000735, -0.218897, 0.03999], [0.082287, -0.315916, 0.036872], [-0.081945, -0.315369, 0.039618], [-0.002993, -0.104066, 0.004916], [0.120032, -0.702827, 0.110823], [-0.137505, -0.696257, 0.162617], [-0.000936, 0.025027, 0.020382], [0.061598, -0.990705, -0.196274], [-0.080499, -1.10098, 0.042886], [-0.001721, 0.070196, 0.061725], [0.119144, -1.07773, -0.104797], [-0.141278, -1.161612, 0.153878], [-0.009929, 0.293275, 0.05201], [0.080186, 0.203159, 0.051517], [-0.092414, 0.196388, 0.043084], [-0.004715, 0.340974, 0.111403], [0.181352, 0.190303, 0.049029], [-0.19324, 0.173122, 0.069017], [0.261833, -0.061006, -0.013599], [-0.259197, -0.083128, 0.102944], [0.244117, -0.304235, 0.081743], [-0.311781, -0.334906, 0.170956], [0.257099, -0.381393, 0.125206], [-0.3239, -0.419883, 0.193035]], "im2d": [[0.013846, -0.09886], [-0.063534, 0.017259], [0.081346, 0.005405], [0.047536, -0.223448], [-0.172119, 0.446501], [0.021164, 0.413401], [0.041739, -0.37249], [0.085424, 0.821416], [0.033956, 0.896868], [0.015159, -0.430812], [-0.036799, 0.908527], [0.004925, 0.942957], [0.04192, -0.682975], [-0.043308, -0.574672], [0.116703, -0.576876], [-0.002891, -0.746826], [-0.132677, -0.553022], [0.186859, -0.561456], [-0.173485, -0.251842], [0.207107, -0.280589], [-0.239904, 0.007022], [0.191083, -0.009686], [-0.28713, 0.088125], [0.181273, 0.082263]], "theta": [1.149708, 0.012778, 0.13291, 1.04908, 0.24876, -2.955662, -0.2123, -0.079541, 0.020936, -0.354637, -0.03288, -0.039838, 0.163614, -0.004411, 0.010575, 0.897327, 0.095397, -0.164892, 0.526532, -0.033373, 0.117519, 0.008722, -0.017951, 0.024363, -0.433596, 0.261104, 0.043911, -0.161415, -0.247667, 0.09555, 0.010544, 0.014975, -0.003336, -0.001591, 0.001319, 0.000761, 0.001915, 0.002802, -0.007049, 0.003417, -0.01176, -0.093, 0.014531, -0.109791, -0.524632, 0.02963, 0.40533, 0.497364, 0.122342, 0.000377, -0.033611, 0.299661, -0.160734, -0.758207, 0.031047, 0.246054, 0.639084, 0.125872, -0.579311, -0.105414, -0.235518, 0.037147, 0.071003, 0.047406, -0.1602, 0.405007, -0.341948, 0.114126, -0.077491, 0.109975, 0.043646, -0.411764, 0.109793, -0.03696, 0.417128, 0.661691, -0.927576, 0.020485, -2.344959, 0.396824, 0.058301, 1.228134, -2.085262, 0.094293, 0.858013]}