{"hc3d": [[-0.000735, -0.218897, 0.03999], [0.082287, -0.315916, 0.036872], [-0.081945, -0.315369, 0.039618], [-0.002993, -0.104066, 0.004916], [0.058661, -0.684108, 0.179945], [-0.171058, -0.705517, 0.095611], [-0.003849, 0.025157, 0.019373], [0.039328, -1.089476, 0.053848], [-0.137243, -0.918741, -0.27151], [-0.001724, 0.07131, 0.059566], [0.061551, -1.117601, 0.187893], [-0.19712, -1.024286, -0.201049], [-0.004257, 0.294724, 0.057185], [0.082986, 0.202339, 0.047415], [-0.089895, 0.200369, 0.051387], [0.001492, 0.343322, 0.115794], [0.184095, 0.19234, 0.0383], [-0.188747, 0.189824, 0.090075], [0.265891, -0.056038, -0.033625], [-0.261427, -0.057198, 0.15981], [0.258819, -0.312149, 0.020421], [-0.30535, -0.275364, 0.305608], [0.266457, -0.397197, 0.047242], [-0.326948, -0.341577, 0.360424]], "im2d": [[0.013879, -0.098875], [-0.06351, 0.017271], [0.081399, 0.005408], [0.04757, -0.223492], [-0.166004, 0.409639], [0.099017, 0.433129], [0.045103, -0.372733], [-0.080367, 0.890004], [0.321567, 0.739535], [0.016797, -0.431796], [-0.198434, 0.900742], [0.318444, 0.843547], [0.033206, -0.68526], [-0.042903, -0.572974], [0.108716, -0.582754], [-0.01148, -0.749976], [-0.127302, -0.553443], [0.168634, -0.583808], [-0.162412, -0.253869], [0.169612, -0.319857], [-0.209297, 0.02736], [0.091648, -0.099645], [-0.240193, 0.119904], [0.067763, -0.03514]], "theta": [1.149945, 0.012804, 0.132915, 1.049111, 0.248735, -2.955705, -0.395607, -0.283238, -0.094274, -0.195023, -0.092035, -0.123677, 0.15634, 0.050746, 0.034865, 0.549362, -0.06063, -0.098187, 1.122499, 0.08943, 0.0889, -0.007197, -0.013251, -0.013105, -0.376599, 0.312728, 0.186998, -0.362983, -0.184731, 0.013807, 0.066331, 0.01964, -0.023707, 0.001719, -0.000793, -0.002623, 0.000828, -0.000158, -0.001484, -0.043473, -0.112193, -0.088878, 0.037106, -0.106472, -0.471064, -0.046707, 0.454795, 0.391937, 0.196331, -0.047375, 0.005825, 0.248113, -0.17488, -0.751902, 0.016739, 0.29915, 0.664476, 0.276171, -0.454342, -0.166763, -0.198939, 0.210918, -0.010954, 0.157011, -0.174903, 0.290248, -0.130803, 0.16696, -0.246471, 0.112762, 0.045691, -0.4161, 0.11247, -0.03979, 0.418497, 0.661691, -0.927576, 0.020485, -2.344959, 0.396824, 0.058301, 1.228134, -2.085262, 0.094293, 0.858013]}