{"hc3d": [[-0.001, -0.217864, 0.037074], [0.079738, -0.314304, 0.032823], [-0.079936, -0.313666, 0.035389], [-0.003334, -0.103475, 0.003737], [0.134254, -0.705565, 0.10652], [-0.117185, -0.717552, 0.095442], [-0.000813, 0.025719, 0.028077], [0.113864, -1.014145, -0.19308], [-0.074298, -1.133204, -0.011279], [-0.001144, 0.07024, 0.069033], [0.188326, -1.105659, -0.118081], [-0.114235, -1.199927, 0.106614], [-0.005972, 0.292087, 0.065592], [0.081873, 0.200835, 0.060227], [-0.089118, 0.196998, 0.054818], [-0.009928, 0.343168, 0.124177], [0.181503, 0.189862, 0.044574], [-0.192003, 0.185274, 0.078724], [0.247933, -0.068835, -0.017791], [-0.246097, -0.078258, 0.071477], [0.290016, -0.323889, 0.039153], [-0.32198, -0.335363, 0.095076], [0.31592, -0.408584, 0.053809], [-0.353767, -0.41815, 0.099894]], "im2d": [[0.017894, -0.10279], [0.0018, 0.019186], [0.026527, -0.013766], [0.063095, -0.224831], [-0.116474, 0.450057], [-0.061833, 0.413905], [0.045084, -0.367959], [0.194576, 0.813685], [0.018578, 0.887508], [0.003266, -0.420847], [0.092758, 0.920933], [-0.108945, 0.940373], [0.023665, -0.663841], [0.007942, -0.545995], [0.043071, -0.575512], [-0.03645, -0.726421], [0.007215, -0.512447], [0.033667, -0.585757], [0.045955, -0.210135], [0.032208, -0.307935], [-0.042062, 0.071144], [0.001035, -0.044649], [-0.068668, 0.167371], [-0.004679, 0.038939]], "theta": [1.115443, 0.017041, 0.125712, 2.09059, 0.301947, -2.428296, -0.210395, -0.006856, 0.051867, -0.18417, -0.015435, 0.007181, 0.217843, -0.017833, 0.00878, 0.866003, 0.066027, -0.026551, 0.310833, 0.121266, 0.088853, -0.015766, 0.002015, 0.019132, -0.245161, 0.285233, 0.055023, -0.068197, -0.254566, 0.092305, -0.005692, 0.022252, -0.017571, -0.002414, 0.001934, 0.00181, 0.002079, 0.003434, -0.008097, -0.038491, -0.148109, -0.008054, 0.056745, 0.018952, -0.521642, -0.01882, 0.352931, 0.414517, 0.104054, -0.087985, 0.07614, 0.132248, -0.223321, -0.761908, 0.144468, 0.1901, 0.856192, 0.151944, -0.323674, -0.049208, -0.080481, -0.035702, -0.038878, 0.278644, -0.071345, 0.213162, 0.061316, 0.05046, -0.165094, 0.109015, 0.043526, -0.410045, 0.109445, -0.037797, 0.416235, 0.754337, -0.508258, -0.083234, -2.291641, 0.285523, 0.092031, 1.210381, -1.971221, 0.069181, 0.899731]}