{"hc3d": [[-0.000835, -0.218426, 0.03888], [0.081328, -0.315164, 0.035344], [-0.081192, -0.31459, 0.038029], [-0.003116, -0.10387, 0.004497], [0.149445, -0.699761, 0.107676], [-0.120132, -0.715702, 0.083016], [0.000284, 0.02405, 0.029968], [0.054007, -1.030425, -0.143495], [-0.077174, -1.118945, -0.050406], [0.000213, 0.069395, 0.070679], [0.14827, -1.091835, -0.062038], [-0.110889, -1.177331, 0.072746], [-0.005589, 0.291287, 0.053697], [0.08292, 0.200143, 0.05242], [-0.089138, 0.195514, 0.051205], [-0.002507, 0.344365, 0.109123], [0.181316, 0.186434, 0.030694], [-0.189383, 0.176847, 0.081599], [0.256028, -0.072475, -0.004431], [-0.25316, -0.082446, 0.08495], [0.326674, -0.314799, 0.066888], [-0.316905, -0.337144, 0.131053], [0.363485, -0.394072, 0.085856], [-0.339014, -0.422396, 0.140029]], "im2d": [[0.020938, -0.100023], [0.026606, 0.027488], [0.007476, -0.013859], [0.067121, -0.225603], [-0.073875, 0.466079], [-0.073933, 0.417423], [0.047323, -0.367134], [0.177513, 0.81836], [0.05367, 0.879293], [0.004481, -0.419003], [0.090985, 0.906173], [-0.092347, 0.929981], [0.037893, -0.66476], [0.042022, -0.541941], [0.025991, -0.579753], [-0.020697, -0.725022], [0.075357, -0.501276], [-0.019461, -0.585502], [0.105022, -0.195156], [-0.046931, -0.315227], [0.015459, 0.086992], [-0.12226, -0.051884], [-0.007564, 0.182905], [-0.140277, 0.036352]], "theta": [1.133087, 0.019313, 0.130151, 2.402108, 0.310749, -2.185421, -0.226053, 0.096983, 0.082816, -0.150587, -0.011784, -0.000544, 0.236329, -0.007108, 0.000867, 0.790558, 0.173226, -0.122542, 0.341588, 0.12069, 0.101481, -0.064407, -0.001859, 0.027389, -0.442834, 0.287505, 0.168095, -0.207157, -0.204566, 0.131023, -0.026894, 0.041753, -0.016758, -0.003308, 0.002426, 0.002901, 0.002469, 0.004507, -0.009954, -0.038641, -0.019991, -0.008925, 0.026663, 0.050866, -0.547647, 0.009291, 0.398643, 0.480591, 0.061845, -0.101762, 0.047693, 0.081543, -0.247457, -0.7009, 0.199421, 0.16128, 0.761281, 0.018812, -0.266876, -0.038012, 0.011093, 0.028012, -0.006545, 0.201452, -0.087372, 0.264356, 0.090352, 0.061365, -0.070864, 0.108398, 0.042538, -0.409742, 0.108848, -0.0365, 0.416057, 0.668185, -0.7826, 0.00018, -2.305234, 0.359734, 0.068444, 1.245071, -2.039744, 0.080812, 0.880379]}