{"hc3d": [[-0.000835, -0.218426, 0.03888], [0.081328, -0.315164, 0.035344], [-0.081192, -0.31459, 0.038029], [-0.003116, -0.10387, 0.004497], [0.148415, -0.687271, 0.157092], [-0.131279, -0.716598, 0.02036], [-0.000928, 0.023078, 0.03455], [0.095771, -1.079397, -0.001023], [-0.093209, -1.125014, -0.097957], [-0.001227, 0.069343, 0.074212], [0.182053, -1.133729, 0.093292], [-0.119023, -1.188472, 0.024595], [-0.009913, 0.291228, 0.058413], [0.07978, 0.201255, 0.056722], [-0.092202, 0.194387, 0.055339], [-0.005901, 0.343604, 0.114443], [0.175962, 0.194099, 0.02448], [-0.194291, 0.183968, 0.083457], [0.234874, -0.061499, -0.046573], [-0.26887, -0.072448, 0.08362], [0.325242, -0.306976, -0.065885], [-0.334358, -0.32264, 0.148236], [0.371545, -0.382043, -0.080717], [-0.359954, -0.403102, 0.174846]], "im2d": [[0.020999, -0.100049], [0.026681, 0.02751], [0.007545, -0.013859], [0.067186, -0.225677], [-0.128757, 0.450061], [-0.004392, 0.418506], [0.042016, -0.366683], [0.018015, 0.876977], [0.105447, 0.884359], [0.000374, -0.419592], [-0.083351, 0.954461], [-0.039493, 0.942681], [0.032153, -0.666201], [0.036956, -0.544315], [0.020968, -0.579649], [-0.027101, -0.725497], [0.082375, -0.510969], [-0.021566, -0.594875], [0.151228, -0.210787], [-0.046302, -0.330248], [0.165564, 0.083825], [-0.142366, -0.073028], [0.181863, 0.178971], [-0.180282, 0.008307]], "theta": [1.133488, 0.019361, 0.130159, 2.402175, 0.310693, -2.185513, -0.348867, 0.043893, 0.082406, 0.002321, -0.033613, -0.030031, 0.272226, -0.009848, 0.00984, 0.628507, 0.129973, -0.096482, 0.148461, 0.191833, 0.114267, -0.123032, 0.006943, 0.026048, -0.26505, 0.305304, 0.11043, -0.12842, -0.199107, 0.152588, 0.001183, 0.036894, -0.01121, -0.003457, 0.002706, 0.00313, 0.002356, 0.004635, -0.010019, -0.030823, -0.004072, -0.023649, 0.012867, 0.165095, -0.515894, 0.016892, 0.362652, 0.39027, 0.045801, -0.074577, 0.060775, 0.043416, -0.132343, -0.792773, 0.242385, 0.200001, 0.800252, -0.102547, -0.067692, 0.009811, 0.017643, 0.107337, -0.040738, 0.217014, -0.093845, 0.336376, 0.150762, 0.131292, -0.185524, 0.107802, 0.042553, -0.408707, 0.108943, -0.037581, 0.415598, 0.668185, -0.7826, 0.00018, -2.305234, 0.359734, 0.068444, 1.245071, -2.039744, 0.080812, 0.880379]}