{"hc3d": [[-0.000835, -0.218426, 0.03888], [0.081328, -0.315164, 0.035344], [-0.081192, -0.31459, 0.038029], [-0.003116, -0.10387, 0.004497], [0.145897, -0.666004, 0.21007], [-0.145948, -0.70527, -0.04919], [-0.000447, 0.021829, 0.039374], [0.117263, -1.088525, 0.16327], [-0.127237, -1.113429, -0.172913], [-0.00178, 0.068728, 0.078263], [0.192214, -1.100802, 0.279562], [-0.141078, -1.157842, -0.040444], [-0.015754, 0.290648, 0.067583], [0.076203, 0.202996, 0.065625], [-0.095487, 0.1919, 0.060478], [-0.007711, 0.343536, 0.122692], [0.1679, 0.204893, 0.021696], [-0.19909, 0.186981, 0.084217], [0.221473, -0.03369, -0.096868], [-0.311009, -0.055294, 0.093641], [0.351283, -0.251905, -0.162671], [-0.272678, -0.240697, 0.2813], [0.407697, -0.307394, -0.204353], [-0.262443, -0.279789, 0.360069]], "im2d": [[0.021022, -0.100059], [0.026708, 0.027517], [0.007569, -0.013859], [0.06721, -0.225705], [-0.187289, 0.423699], [0.073349, 0.4054], [0.036559, -0.365437], [-0.165612, 0.885412], [0.187405, 0.866423], [-0.004279, -0.419277], [-0.290079, 0.912657], [0.03373, 0.906277], [0.021201, -0.667502], [0.02669, -0.547586], [0.014689, -0.578019], [-0.036589, -0.726321], [0.085449, -0.524852], [-0.022696, -0.599512], [0.208485, -0.242701], [-0.060631, -0.360213], [0.280982, 0.033708], [-0.280759, -0.153939], [0.329868, 0.11093], [-0.371149, -0.111612]], "theta": [1.133638, 0.019378, 0.130162, 2.402197, 0.310675, -2.185543, -0.487914, -0.004654, 0.084759, 0.177014, -0.028523, -0.069496, 0.310396, -0.010206, 0.005908, 0.473612, -0.00864, -0.130089, -0.021428, 0.307015, 0.107808, -0.177727, -0.006511, 0.041452, -0.312832, 0.363283, 0.189976, -0.267741, -0.179781, 0.095713, 0.041442, 0.034607, 0.006781, -0.00163, 0.001487, 0.001452, 0.001938, 0.002946, -0.007096, -0.061482, 0.079341, -0.067397, -0.014445, 0.316001, -0.481789, 0.057845, 0.321167, 0.309319, 0.023876, -0.004925, 0.076059, 0.037212, 0.02152, -0.806289, 0.327559, 0.283628, 0.677275, -0.362628, -0.161621, 0.121187, 0.096832, 0.801082, -0.157184, 0.213138, -0.056671, 0.444928, 0.216006, 0.244354, -0.397332, 0.109597, 0.043702, -0.411285, 0.111101, -0.0387, 0.417311, 0.668185, -0.7826, 0.00018, -2.305234, 0.359734, 0.068444, 1.245071, -2.039744, 0.080812, 0.880379]}