{"hc3d": [[-0.000857, -0.219498, 0.039253], [0.081473, -0.316534, 0.035856], [-0.081395, -0.315941, 0.038552], [-0.003142, -0.104438, 0.004435], [0.051612, -0.706166, -0.037252], [-0.11558, -0.587467, 0.338432], [0.003915, 0.023461, 0.032113], [0.034134, -0.980197, -0.364042], [-0.094804, -1.012475, 0.295174], [0.004845, 0.065653, 0.07644], [0.056754, -1.06426, -0.255389], [-0.161342, -1.061037, 0.409334], [0.004149, 0.286669, 0.107794], [0.091024, 0.195317, 0.08963], [-0.08141, 0.195799, 0.08187], [0.000917, 0.328049, 0.172532], [0.192814, 0.192773, 0.084708], [-0.186157, 0.184935, 0.099082], [0.296752, -0.052789, 0.03029], [-0.244589, -0.071884, 0.05228], [0.209451, -0.13306, 0.264934], [-0.292494, -0.287195, 0.202924], [0.226681, -0.145488, 0.352099], [-0.327695, -0.352593, 0.251613]], "im2d": [[-0.002173, -0.068947], [-0.096468, 0.042646], [0.082499, 0.041132], [0.017316, -0.194538], [-0.057274, 0.49983], [0.007635, 0.300968], [0.006255, -0.345234], [0.058197, 0.867482], [-0.020682, 0.79368], [-0.007583, -0.400843], [-0.006915, 0.945356], [0.012472, 0.829875], [-0.006972, -0.658525], [-0.101099, -0.550942], [0.091911, -0.5506], [-0.023056, -0.716633], [-0.211971, -0.546971], [0.201328, -0.541321], [-0.320036, -0.257148], [0.269487, -0.2403], [-0.305596, -0.204957], [0.262138, -0.019717], [-0.354256, -0.205314], [0.281731, 0.046743]], "theta": [1.154351, -0.001026, 0.15977, 0.45923, 0.225007, -3.080012, 0.156334, -0.034423, -0.162169, -0.866313, 0.070195, -0.017552, 0.253489, -0.000152, -0.026227, 0.593576, -0.243791, -0.022119, 0.854345, -0.196096, -0.042844, -0.002666, -0.004077, 0.036174, -0.556059, 0.32205, 0.048608, 0.004688, -0.131453, -0.044686, 0.111141, -0.001456, -0.013478, -0.005605, 0.004414, 0.004341, -0.000612, 0.004377, -0.006253, -0.061197, -0.222835, -0.081315, 0.051485, -0.063328, -0.404122, 0.004809, 0.312839, 0.395834, 0.077117, -0.099421, 0.088339, 0.143429, -0.350527, -0.688787, 0.163445, 0.268578, 0.861572, -0.018376, -1.465226, -0.011094, -0.584557, 0.651384, -0.175203, 0.100078, -0.10814, 0.70517, -0.46332, 0.162622, -0.371038, 0.105854, 0.042262, -0.407649, 0.10743, -0.039644, 0.415227, 0.708868, -0.811159, 0.031762, -2.293888, 0.337608, 0.073846, 1.239405, -2.080442, 0.109934, 0.842697]}