{"hc3d": [[-0.000857, -0.219498, 0.039253], [0.081473, -0.316534, 0.035856], [-0.081395, -0.315941, 0.038552], [-0.003142, -0.104438, 0.004435], [0.108902, -0.709878, 0.08663], [-0.137185, -0.673018, 0.223502], [0.002195, 0.025188, 0.022942], [0.053068, -0.933854, -0.272408], [-0.085729, -1.094063, 0.16865], [0.002507, 0.068535, 0.06615], [0.105127, -1.036237, -0.193723], [-0.155134, -1.152078, 0.276518], [0.003996, 0.291436, 0.078156], [0.090024, 0.197936, 0.069257], [-0.082272, 0.199563, 0.059001], [0.000228, 0.33627, 0.140521], [0.189997, 0.178015, 0.068516], [-0.185849, 0.182842, 0.078452], [0.260745, -0.079781, 0.017516], [-0.258896, -0.073711, 0.098583], [0.23995, -0.283617, 0.182262], [-0.31778, -0.312221, 0.20343], [0.261917, -0.340842, 0.247773], [-0.347122, -0.387494, 0.240303]], "im2d": [[0.00064, -0.069209], [-0.09418, 0.044748], [0.087343, 0.041954], [0.019567, -0.196945], [-0.157526, 0.492898], [0.072752, 0.425029], [0.012296, -0.350306], [0.019035, 0.811427], [0.017522, 0.923001], [-0.001139, -0.407719], [-0.070143, 0.917721], [0.056137, 0.971773], [0.001743, -0.66824], [-0.095201, -0.557438], [0.101349, -0.559388], [-0.013612, -0.730583], [-0.207695, -0.533189], [0.210062, -0.544262], [-0.279513, -0.225016], [0.275038, -0.250744], [-0.320445, -0.015999], [0.295895, 0.007998], [-0.369663, 0.039783], [0.313234, 0.088921]], "theta": [1.171687, 0.001403, 0.16043, 0.464107, 0.220673, -3.086723, -0.152312, -0.066185, -0.009928, -0.518163, -0.029901, -0.037692, 0.182224, -0.001229, -0.013008, 1.030343, 0.064744, -0.153745, 0.540762, -0.124536, 0.067987, 0.04219, -0.021403, 0.024201, -0.480053, 0.259471, -0.000689, -0.033143, -0.244746, 0.091275, 0.050253, -0.001523, -0.021805, -0.002977, 0.001756, 0.003049, 0.002473, 0.003871, -0.009896, -0.028068, -0.155261, -0.028845, -0.000677, -0.138742, -0.544141, -0.001428, 0.362146, 0.467193, 0.205718, -0.075462, 0.022728, 0.178876, -0.212503, -0.700408, 0.060376, 0.31306, 0.675697, -0.045688, -0.795713, -0.027541, -0.466914, 0.225615, -0.001135, -0.009911, -0.196541, 0.522839, -0.516784, 0.155609, -0.261349, 0.109134, 0.043481, -0.409511, 0.109053, -0.035382, 0.41847, 0.708868, -0.811159, 0.031762, -2.293888, 0.337608, 0.073846, 1.239405, -2.080442, 0.109934, 0.842697]}