{"hc3d": [[-0.000857, -0.219498, 0.039253], [0.081473, -0.316534, 0.035856], [-0.081395, -0.315941, 0.038552], [-0.003142, -0.104438, 0.004435], [0.120962, -0.704282, 0.114227], [-0.140222, -0.693883, 0.174649], [0.002263, 0.025455, 0.020941], [0.043117, -0.967607, -0.212561], [-0.08474, -1.11617, 0.135527], [0.002468, 0.068668, 0.064283], [0.102058, -1.065462, -0.132974], [-0.153396, -1.172803, 0.244602], [0.003556, 0.291766, 0.071852], [0.089724, 0.198282, 0.064236], [-0.08264, 0.199357, 0.055102], [0.000355, 0.337175, 0.133832], [0.18918, 0.175951, 0.062891], [-0.185624, 0.181352, 0.076464], [0.257087, -0.082544, 0.01157], [-0.262697, -0.07274, 0.108982], [0.24586, -0.310433, 0.142196], [-0.320666, -0.315066, 0.205237], [0.26678, -0.377523, 0.197965], [-0.344511, -0.393457, 0.239485]], "im2d": [[0.000806, -0.069239], [-0.094058, 0.044858], [0.087626, 0.041999], [0.019708, -0.197106], [-0.180058, 0.482534], [0.092462, 0.45772], [0.012993, -0.350587], [0.008943, 0.841391], [0.027421, 0.955063], [-0.000411, -0.407912], [-0.088136, 0.942492], [0.064876, 1.002084], [0.004354, -0.668179], [-0.093232, -0.557468], [0.103166, -0.559034], [-0.011527, -0.731166], [-0.205125, -0.530266], [0.210612, -0.542747], [-0.273624, -0.220948], [0.276118, -0.253917], [-0.31451, 0.02196], [0.298842, 0.010932], [-0.359631, 0.090871], [0.310837, 0.096042]], "theta": [1.172778, 0.001543, 0.160459, 0.464347, 0.220467, -3.087052, -0.222493, -0.062316, 0.022665, -0.38934, -0.056533, -0.042533, 0.166985, 0.003886, -0.013287, 0.987951, 0.146058, -0.174647, 0.377035, -0.095664, 0.095612, 0.060554, -0.025798, 0.02744, -0.419397, 0.240926, -0.007524, -0.032443, -0.265687, 0.133431, 0.027246, 0.004643, -0.023445, -0.002608, 0.001731, 0.002193, 0.002218, 0.003611, -0.009064, -0.017801, -0.149534, -0.02951, -0.011347, -0.143017, -0.569725, -0.004314, 0.374397, 0.479067, 0.213645, -0.089308, 0.010514, 0.189367, -0.183871, -0.693531, 0.053131, 0.31233, 0.635786, -0.004464, -0.63433, -0.061221, -0.418819, 0.15366, 0.042587, -0.011725, -0.209165, 0.479514, -0.497105, 0.141092, -0.200809, 0.109124, 0.043523, -0.410008, 0.108904, -0.036168, 0.417712, 0.708868, -0.811159, 0.031762, -2.293888, 0.337608, 0.073846, 1.239405, -2.080442, 0.109934, 0.842697]}