{"hc3d": [[-0.000857, -0.219498, 0.039253], [0.081473, -0.316534, 0.035856], [-0.081395, -0.315941, 0.038552], [-0.003142, -0.104438, 0.004435], [0.092335, -0.660216, 0.235391], [-0.145511, -0.713042, 0.093536], [-0.000925, 0.025256, 0.023106], [0.070029, -0.9807, -0.045649], [-0.090534, -1.129742, 0.014329], [0.000983, 0.070179, 0.064629], [0.117938, -1.056923, 0.060551], [-0.156613, -1.177482, 0.1291], [0.001505, 0.293287, 0.071996], [0.087545, 0.200169, 0.059811], [-0.085064, 0.200492, 0.059962], [0.00173, 0.337615, 0.134835], [0.187964, 0.183878, 0.053291], [-0.186108, 0.187578, 0.091734], [0.237507, -0.070987, -0.028285], [-0.269056, -0.056494, 0.163212], [0.219481, -0.314887, 0.068204], [-0.306799, -0.266202, 0.324288], [0.238803, -0.390683, 0.112143], [-0.317989, -0.334559, 0.379864]], "im2d": [[0.000999, -0.069281], [-0.093925, 0.04498], [0.087957, 0.042053], [0.019878, -0.197305], [-0.187601, 0.411665], [0.125955, 0.49386], [0.015922, -0.351117], [-0.078404, 0.830327], [0.075559, 0.991906], [0.001254, -0.410167], [-0.171482, 0.901929], [0.108553, 1.027731], [0.00663, -0.670716], [-0.089296, -0.559518], [0.10438, -0.561819], [-0.013481, -0.73261], [-0.200378, -0.538399], [0.206396, -0.553163], [-0.237707, -0.228139], [0.265696, -0.282165], [-0.259837, 0.039247], [0.24485, -0.065399], [-0.299469, 0.120314], [0.235754, 0.004763]], "theta": [1.174101, 0.001707, 0.16049, 0.464602, 0.220252, -3.087402, -0.537566, -0.266951, 0.010711, -0.183773, -0.068879, -0.060274, 0.184257, 0.035927, 0.012779, 1.118606, 0.215501, -0.16087, 0.264482, -0.036631, 0.127413, 0.003286, -0.008511, 0.004573, -0.424923, 0.219633, 0.064686, -0.164986, -0.225841, 0.073877, 0.066642, 0.006589, -0.029467, 0.000328, 0.000193, -0.00181, 0.001233, 0.001348, -0.004634, -0.00011, -0.148244, -0.034486, -0.015612, -0.131625, -0.514652, -0.01906, 0.410642, 0.418938, 0.230856, -0.056524, -0.022974, 0.264569, -0.137922, -0.833345, -0.005551, 0.367906, 0.587103, 0.022848, -0.594352, -0.063613, -0.368413, 0.299977, 0.035048, 0.090961, -0.184391, 0.467641, -0.341614, 0.141442, -0.129706, 0.111288, 0.045335, -0.413061, 0.111109, -0.038718, 0.418355, 0.708868, -0.811159, 0.031762, -2.293888, 0.337608, 0.073846, 1.239405, -2.080442, 0.109934, 0.842697]}