{"hc3d": [[-0.000857, -0.219498, 0.039253], [0.081473, -0.316534, 0.035856], [-0.081395, -0.315941, 0.038552], [-0.003142, -0.104438, 0.004435], [0.053718, -0.712776, 0.052332], [-0.177467, -0.659763, 0.23189], [0.002924, 0.024771, 0.025466], [-0.019435, -1.122856, -0.040802], [-0.107391, -0.990764, -0.029765], [0.00474, 0.068644, 0.068101], [0.0103, -1.160486, 0.089902], [-0.183608, -1.087052, 0.039066], [0.013152, 0.291268, 0.082217], [0.096085, 0.195398, 0.069832], [-0.076317, 0.202158, 0.064772], [0.012594, 0.334622, 0.145729], [0.195953, 0.174978, 0.068704], [-0.179459, 0.191696, 0.09004], [0.25922, -0.085045, 0.019205], [-0.25929, -0.062617, 0.112684], [0.235468, -0.315976, 0.142611], [-0.318041, -0.299449, 0.22134], [0.253605, -0.383946, 0.19829], [-0.339486, -0.376233, 0.260467]], "im2d": [[0.001052, -0.069295], [-0.093894, 0.045012], [0.088047, 0.042069], [0.019927, -0.197364], [-0.083427, 0.502728], [0.116535, 0.408886], [0.010808, -0.35101], [0.015077, 0.994119], [0.115049, 0.837727], [-0.00419, -0.409041], [-0.064565, 1.016636], [0.173349, 0.937484], [-0.010024, -0.670141], [-0.10252, -0.5557], [0.093019, -0.564639], [-0.029537, -0.731039], [-0.215024, -0.53066], [0.199746, -0.55779], [-0.278942, -0.219438], [0.271948, -0.266703], [-0.303371, 0.028456], [0.291645, -0.009902], [-0.345412, 0.098502], [0.299384, 0.072686]], "theta": [1.174489, 0.001752, 0.160497, 0.464658, 0.220207, -3.087478, -0.069456, -0.134692, -0.151076, -0.558692, -0.090449, -0.128064, 0.201871, 0.00225, -0.018405, 0.147935, -0.064118, -0.041914, 1.140323, -0.149745, 0.052733, 0.009872, 0.000446, 0.016818, -0.313334, 0.274374, 0.005285, -0.142284, -0.182568, 0.089036, 0.072607, -0.00365, -0.043501, -0.000315, 0.000547, -0.000774, 0.001332, 0.002057, -0.00512, -0.013719, -0.179065, -0.051207, -0.017767, -0.160728, -0.512346, -0.053983, 0.38752, 0.432359, 0.293683, -0.147342, -0.000922, 0.179253, -0.213197, -0.723622, 0.064636, 0.272721, 0.719294, 0.030455, -0.615499, -0.093285, -0.402106, 0.235238, 0.005496, -0.038062, -0.220362, 0.506327, -0.515603, 0.146032, -0.172132, 0.110712, 0.044915, -0.412065, 0.110443, -0.039556, 0.417883, 0.708868, -0.811159, 0.031762, -2.293888, 0.337608, 0.073846, 1.239405, -2.080442, 0.109934, 0.842697]}