{"hc3d": [[-0.000857, -0.219498, 0.039253], [0.081473, -0.316534, 0.035856], [-0.081395, -0.315941, 0.038552], [-0.003142, -0.104438, 0.004435], [0.044326, -0.704017, -0.04493], [-0.115968, -0.627571, 0.296456], [0.00513, 0.023605, 0.031089], [0.028614, -1.031191, -0.31861], [-0.101577, -1.054177, 0.323582], [0.00404, 0.066297, 0.074932], [0.041848, -1.110667, -0.205066], [-0.171883, -1.091292, 0.439761], [0.00581, 0.287741, 0.10305], [0.091805, 0.194532, 0.091253], [-0.079852, 0.198082, 0.073502], [0.002068, 0.331591, 0.166112], [0.19323, 0.18625, 0.097272], [-0.184421, 0.184721, 0.090023], [0.280484, -0.063493, 0.033394], [-0.241974, -0.073562, 0.050805], [0.199753, -0.150973, 0.267813], [-0.291074, -0.299461, 0.184619], [0.202761, -0.168346, 0.35578], [-0.317927, -0.369743, 0.2318]], "im2d": [[0.001052, -0.069296], [-0.093893, 0.045012], [0.088048, 0.042069], [0.019928, -0.197365], [-0.039188, 0.508491], [0.026569, 0.361482], [0.006359, -0.350559], [0.059905, 0.933916], [-0.015084, 0.853216], [-0.005835, -0.407447], [0.003085, 1.007737], [0.022586, 0.876419], [-0.009061, -0.66956], [-0.105095, -0.558276], [0.093839, -0.561381], [-0.024826, -0.730997], [-0.221338, -0.548512], [0.205059, -0.549733], [-0.306862, -0.246604], [0.273319, -0.243572], [-0.299958, -0.184466], [0.273966, -0.003529], [-0.334168, -0.178749], [0.285262, 0.07011]], "theta": [1.174491, 0.001752, 0.160497, 0.464658, 0.220207, -3.087478, 0.175252, -0.096574, -0.188436, -0.726244, 0.034884, -0.001279, 0.243565, -0.042783, -0.039069, 0.402309, -0.205417, 0.029426, 0.547484, -0.166316, -0.0578, -0.003028, -0.004487, 0.055295, -0.421618, 0.270872, 0.020754, 0.045748, -0.19041, 0.029563, 0.107053, -0.018967, -0.028113, 2.2e-05, 0.000229, -0.00091, 0.001188, 0.001207, -0.003789, -0.08669, -0.155606, -0.063936, 0.018209, -0.128868, -0.418635, -0.009822, 0.377786, 0.422989, 0.217412, -0.117995, 0.011706, 0.174818, -0.242994, -0.763058, 0.122863, 0.226169, 0.839573, -0.01225, -1.424705, 0.118311, -0.44249, 0.545388, -0.138714, 0.055069, -0.166385, 0.529891, -0.526358, 0.169468, -0.269472, 0.111207, 0.045243, -0.412549, 0.111455, -0.039426, 0.418415, 0.708868, -0.811159, 0.031762, -2.293888, 0.337608, 0.073846, 1.239405, -2.080442, 0.109934, 0.842697]}