{"hc3d": [[-0.000731, -0.21906, 0.040069], [0.08244, -0.31619, 0.037], [-0.082098, -0.315645, 0.039732], [-0.002985, -0.10407, 0.004844], [0.076205, -0.707429, 0.097314], [-0.105721, -0.715837, 0.091976], [0.003058, 0.02281, 0.033015], [-0.031576, -1.117532, 0.066797], [-0.142929, -0.88218, -0.298506], [0.005672, 0.070403, 0.071607], [0.053935, -1.126372, 0.175782], [-0.163329, -1.008791, -0.24134], [0.00808, 0.291787, 0.041579], [0.093677, 0.19746, 0.046477], [-0.079464, 0.198987, 0.044377], [0.014116, 0.350991, 0.089353], [0.19168, 0.176352, 0.027176], [-0.182228, 0.186238, 0.070426], [0.218561, -0.080192, -0.05662], [-0.254096, -0.070657, 0.066243], [0.275622, -0.302887, 0.068866], [-0.279253, -0.272052, 0.238339], [0.320028, -0.368848, 0.110073], [-0.287339, -0.330519, 0.304519]], "im2d": [[0.013728, -0.104609], [0.096406, 0.015214], [-0.070935, -0.004161], [0.034643, -0.241053], [0.044685, 0.468954], [-0.135909, 0.456545], [0.02865, -0.380619], [-0.058895, 0.918807], [0.041086, 0.583409], [0.011005, -0.428752], [-0.034214, 0.955076], [-0.015331, 0.733717], [0.036838, -0.685021], [0.117567, -0.56692], [-0.0557, -0.589134], [0.017826, -0.744609], [0.226557, -0.53435], [-0.174279, -0.582703], [0.293158, -0.251603], [-0.25194, -0.299189], [0.273583, 0.027313], [-0.379936, -0.047152], [0.293236, 0.113732], [-0.426995, 0.028343]], "theta": [1.154231, 0.012625, 0.128429, 3.185798, 0.108202, -0.82454, -0.187553, 0.117475, -0.104, -0.168559, 0.011008, 0.035233, 0.264305, 0.03986, -0.016538, 0.161298, 0.065522, -0.092192, 1.217368, 0.089999, -0.094792, -0.152129, -0.016875, 0.014111, -0.447464, 0.284178, 0.14058, -0.286363, 0.016122, 0.107908, -0.021218, -0.000401, -0.020483, -0.001587, 0.00153, 0.00103, 0.00153, 0.002402, -0.005895, -0.120672, -0.068301, -0.069722, 0.006385, 0.032692, -0.569702, -0.054048, 0.360482, 0.479481, 0.026633, -0.12483, -0.037204, 0.227883, -0.026792, -0.839265, 0.258161, 0.075484, 0.818059, -0.124172, -0.658914, 0.131435, -0.106837, 0.582494, -0.17409, -0.11223, -0.191949, 0.465423, -0.308573, 0.241126, -0.197133, 0.109223, 0.043008, -0.411484, 0.109884, -0.037301, 0.416553, 0.670454, -0.938385, 0.036034, -2.358486, 0.41505, 0.050611, 1.283407, -2.108825, 0.09106, 0.857216]}