{"hc3d": [[-0.000731, -0.21906, 0.040069], [0.08244, -0.31619, 0.037], [-0.082098, -0.315645, 0.039732], [-0.002985, -0.10407, 0.004844], [0.079303, -0.711265, 0.011487], [-0.138764, -0.684443, 0.195353], [0.002918, 0.023359, 0.030449], [0.009748, -1.127313, -0.041419], [-0.105557, -1.053978, -0.014101], [0.006512, 0.070779, 0.069175], [0.071493, -1.158819, 0.078843], [-0.146375, -1.149193, 0.080674], [0.015115, 0.29254, 0.043362], [0.097941, 0.195669, 0.045447], [-0.075092, 0.202307, 0.045414], [0.018543, 0.346701, 0.097017], [0.196077, 0.173494, 0.028118], [-0.177658, 0.18576, 0.07007], [0.241655, -0.093207, 0.009351], [-0.231563, -0.074821, 0.050852], [0.28135, -0.334741, 0.102526], [-0.279283, -0.327667, 0.118689], [0.317249, -0.408428, 0.138613], [-0.274614, -0.415005, 0.133311]], "im2d": [[0.013778, -0.104632], [0.096483, 0.015224], [-0.070904, -0.004155], [0.034694, -0.241117], [0.096016, 0.461022], [-0.22637, 0.432503], [0.030008, -0.381745], [0.043374, 0.918885], [-0.086056, 0.826005], [0.013263, -0.429558], [0.037093, 0.979902], [-0.183282, 0.943835], [0.04298, -0.684981], [0.122448, -0.564692], [-0.051769, -0.592411], [0.017874, -0.738264], [0.230463, -0.530589], [-0.16951, -0.581833], [0.279098, -0.224321], [-0.22073, -0.294191], [0.259623, 0.069297], [-0.314417, -0.001652], [0.273357, 0.162787], [-0.320503, 0.100547]], "theta": [1.154567, 0.012664, 0.128436, 3.185848, 0.108161, -0.824609, 0.031229, 0.066489, -0.085703, -0.440004, -0.01936, -0.044136, 0.243384, 0.019181, -0.017426, -0.024173, -0.042552, -0.046818, 0.841965, -0.0857, 0.023941, -0.127687, 0.008009, -0.001877, -0.281947, 0.273951, 0.023085, -0.044445, -0.027205, 0.133479, -0.00489, 0.002996, -0.034861, -0.002197, 0.002081, 0.001473, 0.001609, 0.003213, -0.006962, -0.035486, -0.064124, 0.011005, 0.019742, 3.9e-05, -0.55139, 0.00155, 0.338097, 0.538065, 0.034031, -0.14509, 0.001081, 0.118311, -0.266247, -0.741897, 0.224118, 0.116899, 0.8525, -0.012764, -0.289768, -0.020818, -0.063888, 0.186681, -0.072361, 0.153, -0.175646, 0.415754, -0.269992, 0.129503, 0.116902, 0.108839, 0.043079, -0.410246, 0.109805, -0.038164, 0.415987, 0.670454, -0.938385, 0.036034, -2.358486, 0.41505, 0.050611, 1.283407, -2.108825, 0.09106, 0.857216]}