{"hc3d": [[-0.000731, -0.21906, 0.040069], [0.08244, -0.31619, 0.037], [-0.082098, -0.315645, 0.039732], [-0.002985, -0.10407, 0.004844], [0.074918, -0.703801, -0.043291], [-0.109421, -0.669947, 0.232514], [0.002108, 0.023896, 0.027807], [-0.025667, -1.09229, -0.183616], [-0.115958, -1.091018, 0.167812], [0.005119, 0.072648, 0.064894], [0.05095, -1.111163, -0.069416], [-0.135367, -1.123274, 0.303079], [0.016408, 0.294925, 0.045295], [0.098453, 0.197474, 0.049827], [-0.074234, 0.20528, 0.039686], [0.019335, 0.346975, 0.101028], [0.197976, 0.179276, 0.036168], [-0.178611, 0.190805, 0.056931], [0.235114, -0.088728, 0.017362], [-0.225394, -0.066485, 0.004104], [0.264092, -0.304215, 0.163381], [-0.252829, -0.321001, 0.076761], [0.301541, -0.366621, 0.215571], [-0.243156, -0.408201, 0.089651]], "im2d": [[0.013782, -0.104635], [0.096491, 0.015225], [-0.070902, -0.004154], [0.034699, -0.241124], [0.122615, 0.443851], [-0.217249, 0.424968], [0.030697, -0.382856], [0.08864, 0.853682], [-0.19988, 0.894146], [0.014322, -0.4325], [0.101132, 0.90114], [-0.29643, 0.948805], [0.043271, -0.687277], [0.120562, -0.56605], [-0.047596, -0.596569], [0.016428, -0.737906], [0.228034, -0.535768], [-0.162939, -0.589667], [0.268144, -0.228996], [-0.187991, -0.309949], [0.208931, 0.0416], [-0.263989, -0.012417], [0.215509, 0.124828], [-0.264052, 0.089952]], "theta": [1.154601, 0.012668, 0.128436, 3.185852, 0.108158, -0.824614, 0.170631, 0.09005, -0.090004, -0.528313, 0.114362, 0.000779, 0.220979, -0.030252, -0.014643, 0.058456, -0.050562, -0.107628, 0.560255, -0.018081, -0.013211, -0.142023, 0.01023, -0.02161, -0.577533, 0.322351, 0.173866, -0.179151, 0.002554, 0.03955, 0.057945, -0.008742, -0.016956, -0.000241, 0.000734, -0.000647, 0.001072, 0.001243, -0.003557, -0.025332, -0.034615, -0.006745, 0.018668, 0.022457, -0.512554, 0.034483, 0.324281, 0.51875, 0.054762, -0.133016, -0.007204, 0.173772, -0.331723, -0.806495, 0.263855, 0.10016, 0.924726, -0.10084, -0.501262, 0.079426, -0.028389, 0.340946, -0.099378, 0.177967, -0.152017, 0.474304, -0.232092, 0.093437, 0.116188, 0.110603, 0.044269, -0.412914, 0.111153, -0.039821, 0.416971, 0.670454, -0.938385, 0.036034, -2.358486, 0.41505, 0.050611, 1.283407, -2.108825, 0.09106, 0.857216]}