{"hc3d": [[-0.000731, -0.21906, 0.040069], [0.08244, -0.31619, 0.037], [-0.082098, -0.315645, 0.039732], [-0.002985, -0.10407, 0.004844], [0.079842, -0.696182, -0.074106], [-0.089383, -0.668034, 0.237747], [0.002802, 0.024181, 0.025984], [-0.028602, -1.065192, -0.255224], [-0.100357, -1.092824, 0.268786], [0.005726, 0.073196, 0.062729], [0.055586, -1.082359, -0.146203], [-0.100315, -1.091542, 0.409188], [0.017169, 0.295548, 0.044101], [0.099209, 0.198161, 0.049907], [-0.073255, 0.205836, 0.036421], [0.019622, 0.349094, 0.098421], [0.198369, 0.178143, 0.036148], [-0.177667, 0.187502, 0.049203], [0.233621, -0.090094, 0.017036], [-0.220068, -0.069615, -0.007985], [0.262376, -0.295612, 0.176822], [-0.238029, -0.323758, 0.068815], [0.300016, -0.354666, 0.232649], [-0.225377, -0.41044, 0.08259]], "im2d": [[0.013783, -0.104635], [0.096492, 0.015225], [-0.070901, -0.004154], [0.0347, -0.241125], [0.145127, 0.431152], [-0.199934, 0.425908], [0.032431, -0.383374], [0.126734, 0.811797], [-0.240963, 0.91309], [0.016169, -0.433379], [0.149818, 0.857422], [-0.319802, 0.932582], [0.044728, -0.688081], [0.121301, -0.566736], [-0.044757, -0.597579], [0.018246, -0.74068], [0.228409, -0.534438], [-0.157742, -0.586952], [0.266785, -0.227664], [-0.175919, -0.30757], [0.199902, 0.033607], [-0.244684, -0.008738], [0.204727, 0.113582], [-0.242227, 0.093521]], "theta": [1.154609, 0.012669, 0.128436, 3.185853, 0.108157, -0.824615, 0.249058, 0.121353, -0.069382, -0.539883, 0.190759, 0.033109, 0.206149, -0.044949, -0.020649, 0.095271, -0.050444, -0.133079, 0.351712, 0.041994, -0.045087, -0.135158, 0.008142, -0.023868, -0.682542, 0.344434, 0.216763, -0.196219, 0.009156, 0.028912, 0.069725, -0.010779, -0.005873, -0.001767, 0.001755, 0.000996, 0.001418, 0.002397, -0.005573, -0.055873, -0.007995, 0.006748, 0.018827, 0.038952, -0.535832, 0.052614, 0.305666, 0.556001, 0.068071, -0.122136, -0.02586, 0.193922, -0.347268, -0.792017, 0.27761, 0.116211, 0.897711, -0.131822, -0.559962, 0.116374, -0.040506, 0.382905, -0.091659, 0.185345, -0.146526, 0.475041, -0.233442, 0.08094, 0.115423, 0.109206, 0.043337, -0.41095, 0.109977, -0.038916, 0.416168, 0.670454, -0.938385, 0.036034, -2.358486, 0.41505, 0.050611, 1.283407, -2.108825, 0.09106, 0.857216]}