{"hc3d": [[-0.000731, -0.21906, 0.040069], [0.08244, -0.31619, 0.037], [-0.082098, -0.315645, 0.039732], [-0.002985, -0.10407, 0.004844], [0.084168, -0.693278, -0.083609], [-0.082659, -0.66785, 0.238208], [0.0026, 0.023913, 0.027601], [-0.02206, -1.052326, -0.284937], [-0.092365, -1.090288, 0.292811], [0.004307, 0.07227, 0.065283], [0.063629, -1.072283, -0.177573], [-0.085249, -1.080639, 0.432706], [0.015177, 0.294941, 0.050527], [0.097498, 0.197809, 0.056607], [-0.07465, 0.204998, 0.03935], [0.015559, 0.348057, 0.105323], [0.197033, 0.178061, 0.045408], [-0.179164, 0.186313, 0.050714], [0.233216, -0.090036, 0.026071], [-0.223073, -0.070746, -0.00559], [0.260892, -0.296903, 0.184299], [-0.239006, -0.324158, 0.074023], [0.297066, -0.357069, 0.239906], [-0.226945, -0.410605, 0.089677]], "im2d": [[0.013784, -0.104635], [0.096493, 0.015225], [-0.070901, -0.004154], [0.0347, -0.241126], [0.154917, 0.426933], [-0.193409, 0.426551], [0.03131, -0.382852], [0.15041, 0.793475], [-0.246336, 0.914722], [0.013276, -0.43211], [0.175858, 0.842206], [-0.317512, 0.925432], [0.03909, -0.686666], [0.1158, -0.565537], [-0.047835, -0.596352], [0.01024, -0.738944], [0.221856, -0.533121], [-0.160136, -0.585549], [0.261302, -0.226431], [-0.180328, -0.306275], [0.194167, 0.03602], [-0.248609, -0.007619], [0.197604, 0.117059], [-0.247797, 0.094584]], "theta": [1.154614, 0.012669, 0.128436, 3.185854, 0.108157, -0.824616, 0.272841, 0.13528, -0.05452, -0.541124, 0.214462, 0.044499, 0.218007, -0.066371, -0.020788, 0.129097, -0.043692, -0.132321, 0.299841, 0.070378, -0.053577, -0.128249, 0.007165, -0.015108, -0.702809, 0.340585, 0.215865, -0.201026, 0.008733, 0.02583, 0.067731, -0.009871, -0.008385, -0.002483, 0.002187, 0.001786, 0.001695, 0.003101, -0.006926, -0.06359, -0.021005, 0.007358, 0.011224, 0.031315, -0.537094, 0.05075, 0.317122, 0.551498, 0.080239, -0.131106, -0.019444, 0.17394, -0.340496, -0.792335, 0.267135, 0.123982, 0.881702, -0.113081, -0.552205, 0.117338, -0.024577, 0.397458, -0.080416, 0.170397, -0.142944, 0.46162, -0.226277, 0.086054, 0.098498, 0.108522, 0.043178, -0.409727, 0.109389, -0.038536, 0.41591, 0.670454, -0.938385, 0.036034, -2.358486, 0.41505, 0.050611, 1.283407, -2.108825, 0.09106, 0.857216]}