{"hc3d": [[-0.000731, -0.21906, 0.040069], [0.08244, -0.31619, 0.037], [-0.082098, -0.315645, 0.039732], [-0.002985, -0.10407, 0.004844], [0.158744, -0.704622, 0.043581], [-0.088345, -0.69531, 0.1785], [0.002019, 0.023158, 0.031616], [0.016202, -0.904596, -0.303442], [-0.080091, -1.114346, 0.101878], [0.002221, 0.069139, 0.072198], [0.108099, -0.989256, -0.24298], [-0.085979, -1.158138, 0.235152], [0.010079, 0.291258, 0.049398], [0.0937, 0.195448, 0.05814], [-0.07868, 0.19985, 0.042314], [0.00641, 0.34518, 0.103276], [0.192855, 0.173576, 0.047535], [-0.182574, 0.181236, 0.058466], [0.219819, -0.094693, 0.018143], [-0.222234, -0.07642, 0.001737], [0.259026, -0.325724, 0.135118], [-0.230558, -0.332011, 0.075314], [0.289357, -0.403237, 0.168171], [-0.225514, -0.418426, 0.094565]], "im2d": [[0.013785, -0.104636], [0.096495, 0.015225], [-0.070901, -0.004154], [0.034701, -0.241127], [0.158272, 0.467519], [-0.166389, 0.448261], [0.028447, -0.381463], [0.203742, 0.626911], [-0.127347, 0.915071], [0.007194, -0.427757], [0.259904, 0.743064], [-0.209487, 0.984149], [0.034478, -0.683237], [0.111041, -0.563064], [-0.053715, -0.590519], [0.002082, -0.737043], [0.216318, -0.528185], [-0.168081, -0.57901], [0.252116, -0.223871], [-0.183769, -0.298624], [0.219081, 0.061292], [-0.24105, 0.002503], [0.228796, 0.158044], [-0.249333, 0.104389]], "theta": [1.15462, 0.01267, 0.128436, 3.185854, 0.108156, -0.824616, -0.071769, 0.173145, 0.114012, -0.383165, 0.123292, 0.06071, 0.249841, -0.058736, -0.016753, 1.047131, 0.138265, -0.167546, 0.439943, 0.079989, -0.000529, -0.097372, -0.009836, 0.000996, -0.620158, 0.266931, 0.079173, -0.131988, -0.040227, 0.062453, -0.030345, 0.009209, -0.012869, -0.003136, 0.002512, 0.00281, 0.001973, 0.003515, -0.007854, -0.040105, -0.118519, -0.008771, 0.035082, 0.020678, -0.568383, 0.056605, 0.34503, 0.538349, 0.031157, -0.18161, 0.067543, 0.112689, -0.255396, -0.818517, 0.291269, 0.097392, 0.918411, -0.095014, -0.407866, 0.09155, 0.075277, 0.370964, -0.095215, 0.025309, -0.071586, 0.328188, -0.235975, 0.111191, -0.026196, 0.108212, 0.042941, -0.409437, 0.108951, -0.037743, 0.415964, 0.670454, -0.938385, 0.036034, -2.358486, 0.41505, 0.050611, 1.283407, -2.108825, 0.09106, 0.857216]}