{"hc3d": [[-0.000908, -0.218533, 0.038258], [0.080773, -0.315236, 0.034436], [-0.080791, -0.314636, 0.0371], [-0.003207, -0.103952, 0.004226], [0.139562, -0.66686, 0.212144], [-0.131356, -0.705819, -0.061739], [0.000356, 0.019608, 0.047701], [0.01874, -1.075547, 0.240523], [-0.1713, -0.998074, -0.371727], [0.001022, 0.066871, 0.086051], [0.134511, -1.071983, 0.317562], [-0.153857, -1.086004, -0.263419], [-0.016216, 0.287986, 0.071028], [0.076545, 0.201471, 0.067215], [-0.094678, 0.18821, 0.069175], [-0.008042, 0.354684, 0.108815], [0.16731, 0.206297, 0.02189], [-0.194804, 0.180945, 0.104184], [0.197542, -0.030246, -0.109654], [-0.29268, -0.051116, 0.194249], [0.373153, -0.220686, -0.154349], [-0.186628, -0.143051, 0.421591], [0.437507, -0.261734, -0.201089], [-0.157506, -0.1439, 0.505239]], "im2d": [[0.0161, -0.097841], [0.030862, 0.028113], [-0.011191, -0.012527], [0.063565, -0.222192], [-0.182103, 0.419511], [0.046949, 0.406338], [0.028831, -0.358056], [-0.281339, 0.834984], [0.347237, 0.728341], [-0.008297, -0.411082], [-0.336872, 0.856533], [0.225035, 0.824296], [0.024988, -0.656271], [0.0434, -0.538712], [-0.00155, -0.566567], [-0.007851, -0.72865], [0.115287, -0.519738], [-0.064697, -0.584767], [0.24343, -0.248529], [-0.20875, -0.359084], [0.316591, 0.004668], [-0.439569, -0.241722], [0.379234, 0.067293], [-0.523751, -0.237007]], "theta": [1.120671, 0.015274, 0.131227, 2.533011, 0.319478, -2.012563, -0.515896, 0.199261, 0.022642, 0.21275, 0.023929, -0.025868, 0.376374, 0.029549, 0.005428, 0.393748, 0.154962, -0.199269, 0.482742, 0.335086, 0.026201, -0.249101, -0.016934, 0.021231, -0.470044, 0.425341, 0.299431, -0.419372, 0.003082, 0.068726, 0.021557, 0.046582, 0.033568, -0.004173, 0.002277, 0.005835, 0.002305, 0.004117, -0.010229, -0.32031, 0.08599, -0.069014, -0.036372, 0.294581, -0.441686, 0.002536, 0.404136, 0.321195, -0.17523, 0.005322, 0.030948, 0.091721, 0.137575, -0.892035, 0.304038, 0.418237, 0.544874, -0.629036, -0.463208, 0.266621, 0.006119, 0.97758, -0.209514, 0.077144, -0.055879, 0.578869, 0.201257, 0.246583, -0.437601, 0.108453, 0.042858, -0.408441, 0.110356, -0.035653, 0.419159, 0.689137, -0.694554, -0.003771, -2.280616, 0.34471, 0.097696, 1.258932, -2.034535, 0.105379, 0.872931]}