{"hc3d": [[-0.000908, -0.218533, 0.038258], [0.080773, -0.315236, 0.034436], [-0.080791, -0.314636, 0.0371], [-0.003207, -0.103952, 0.004226], [0.092949, -0.709979, -0.017579], [-0.131505, -0.677539, 0.213395], [0.000111, 0.023139, 0.035954], [0.018665, -1.121315, -0.105398], [-0.134485, -1.06454, 0.030851], [-0.001095, 0.069556, 0.075312], [0.102293, -1.144437, 0.003332], [-0.162113, -1.134006, 0.14992], [-0.000737, 0.291798, 0.070507], [0.085442, 0.198646, 0.070562], [-0.085708, 0.198568, 0.056258], [0.002488, 0.352949, 0.117341], [0.186658, 0.19217, 0.065126], [-0.189023, 0.18932, 0.07958], [0.268311, -0.067595, 0.060129], [-0.249019, -0.066623, 0.030207], [0.306903, -0.285976, 0.201284], [-0.316617, -0.322669, 0.065624], [0.345079, -0.346977, 0.254504], [-0.337829, -0.40863, 0.068179]], "im2d": [[0.016791, -0.098089], [0.031751, 0.028382], [-0.010444, -0.01249], [0.064266, -0.222975], [0.05445, 0.466313], [-0.2499, 0.36597], [0.042325, -0.36276], [0.093718, 0.902377], [-0.087321, 0.79676], [0.003335, -0.415502], [-0.007085, 0.944236], [-0.230891, 0.861413], [0.029615, -0.658933], [0.041762, -0.535391], [0.015737, -0.577235], [-0.01509, -0.727024], [0.071743, -0.502948], [-0.03581, -0.593657], [0.072622, -0.197625], [-0.020497, -0.325954], [-0.093021, 0.045903], [-0.099833, -0.063346], [-0.147713, 0.12019], [-0.115891, 0.025551]], "theta": [1.125023, 0.015833, 0.131344, 2.533956, 0.318669, -2.01386, 0.096553, 0.118127, -0.043221, -0.482331, 0.053003, -0.041407, 0.280389, -0.054067, -0.002808, 0.00746, 0.002467, -0.08239, 0.800446, 0.053569, 0.057671, -0.131264, -0.007127, 0.020559, -0.39453, 0.31068, 0.158338, -0.195917, -0.088325, 0.097991, 0.047854, 0.014537, -0.019391, -0.002939, 0.002276, 0.002397, 0.002249, 0.00383, -0.008835, -0.246646, -0.003394, -0.033287, 0.030133, -0.022425, -0.441212, 0.003791, 0.398331, 0.400538, -0.069428, -0.09706, 0.067637, 0.077547, -0.365607, -0.735986, 0.231721, 0.084533, 0.927856, 0.064446, -0.455584, 0.009193, -0.052226, 0.157567, -0.102936, 0.286105, -0.098358, 0.442392, -0.004994, 0.037488, -0.050052, 0.108664, 0.04286, -0.409654, 0.109145, -0.036627, 0.415935, 0.689137, -0.694554, -0.003771, -2.280616, 0.34471, 0.097696, 1.258932, -2.034535, 0.105379, 0.872931]}