{"hc3d": [[-0.000908, -0.218533, 0.038258], [0.080773, -0.315236, 0.034436], [-0.080791, -0.314636, 0.0371], [-0.003207, -0.103952, 0.004226], [0.140287, -0.687452, 0.163235], [-0.140522, -0.711841, -0.026232], [-0.002933, 0.024182, 0.031639], [0.11398, -1.103021, 0.068165], [-0.120033, -1.122433, -0.144955], [-0.005036, 0.071293, 0.070124], [0.194265, -1.134896, 0.177202], [-0.143917, -1.174534, -0.016575], [-0.010727, 0.293227, 0.058835], [0.07791, 0.20242, 0.060059], [-0.093397, 0.197411, 0.048839], [-0.011178, 0.354358, 0.105804], [0.176906, 0.196947, 0.038015], [-0.196647, 0.190866, 0.073335], [0.235508, -0.061275, -0.025685], [-0.279184, -0.0599, 0.116322], [0.328803, -0.306745, -0.013659], [-0.274475, -0.252012, 0.301941], [0.380972, -0.379424, -0.016306], [-0.275537, -0.295579, 0.379054]], "im2d": [[0.016824, -0.098105], [0.031792, 0.028394], [-0.010411, -0.01249], [0.064304, -0.223019], [-0.129744, 0.446389], [0.006958, 0.410815], [0.046432, -0.364563], [-0.071226, 0.899378], [0.103231, 0.870892], [0.008232, -0.418263], [-0.174023, 0.950011], [-0.04801, 0.917085], [0.040102, -0.662657], [0.051796, -0.541093], [0.021889, -0.577702], [-0.005661, -0.731655], [0.099516, -0.509644], [-0.030682, -0.597123], [0.159192, -0.209378], [-0.121447, -0.344256], [0.145633, 0.082557], [-0.341561, -0.139635], [0.154391, 0.175332], [-0.430327, -0.095129]], "theta": [1.12526, 0.015859, 0.131348, 2.533988, 0.318643, -2.013903, -0.357188, -0.020391, 0.071181, 0.115852, -0.038067, -0.05569, 0.247162, -0.053753, 0.021516, 0.465597, 0.086782, -0.080487, 0.033812, 0.242897, 0.093954, -0.116291, -0.005461, 0.015131, -0.26956, 0.32618, 0.152308, -0.191544, -0.182475, 0.081862, 0.037698, 0.033378, -0.014298, -0.003076, 0.002414, 0.002825, 0.002083, 0.004149, -0.008767, -0.213269, -0.010216, 0.005724, -0.007114, 0.119146, -0.481088, -0.021236, 0.386637, 0.359072, -0.004446, 0.004903, 0.035457, 0.075706, -0.143863, -0.840818, 0.27857, 0.356008, 0.719955, 0.040555, -0.134326, 0.06197, 0.103297, 0.529187, -0.160088, 0.29959, -0.043091, 0.358955, 0.265857, 0.225524, -0.370906, 0.108299, 0.04317, -0.409108, 0.109794, -0.038058, 0.415987, 0.689137, -0.694554, -0.003771, -2.280616, 0.34471, 0.097696, 1.258932, -2.034535, 0.105379, 0.872931]}