{"hc3d": [[-0.000875, -0.218246, 0.038369], [0.081006, -0.314976, 0.034618], [-0.080951, -0.314385, 0.037266], [-0.00317, -0.103671, 0.004257], [0.074094, -0.711907, -0.003873], [-0.121025, -0.680569, 0.210539], [0.003743, 0.023759, 0.03293], [-0.000995, -1.125131, -0.084192], [-0.114645, -1.077248, 0.048881], [0.008911, 0.070365, 0.07172], [0.059432, -1.152403, 0.038189], [-0.143788, -1.157818, 0.160458], [0.014768, 0.291856, 0.052747], [0.097719, 0.195852, 0.047978], [-0.073918, 0.200966, 0.055157], [0.016684, 0.349588, 0.10382], [0.195058, 0.175296, 0.027298], [-0.175987, 0.185707, 0.08083], [0.247405, -0.092065, 0.020916], [-0.219194, -0.074319, 0.034294], [0.269844, -0.321743, 0.147112], [-0.243543, -0.333199, 0.09639], [0.315402, -0.383838, 0.192778], [-0.237695, -0.420397, 0.110959]], "im2d": [[0.004741, -0.101555], [0.076473, 0.01204], [-0.072702, -0.007404], [0.028892, -0.228236], [0.071882, 0.435928], [-0.23109, 0.39733], [0.024998, -0.36239], [0.029006, 0.865839], [-0.150732, 0.812102], [0.009248, -0.408754], [0.010293, 0.912682], [-0.247538, 0.904972], [0.037548, -0.64847], [0.110896, -0.535619], [-0.049543, -0.560695], [0.012161, -0.706174], [0.210766, -0.503766], [-0.158577, -0.554068], [0.248083, -0.209898], [-0.184239, -0.282728], [0.181753, 0.05103], [-0.256874, -0.00123], [0.192993, 0.12719], [-0.264779, 0.094701]], "theta": [1.087826, 0.005234, 0.124891, 3.112229, 0.13312, -0.915715, 0.066058, 0.080414, -0.095499, -0.472995, 0.059902, -0.015208, 0.26111, 0.051519, -0.020418, 0.007056, -0.097821, -0.052046, 0.743238, -0.083257, -0.013341, -0.120744, 0.007022, -0.010272, -0.379378, 0.289055, 0.040419, -0.033861, 0.044007, 0.054452, -0.006214, 0.012804, -0.02054, -0.005386, 0.004712, 0.003831, -0.000926, 0.004307, -0.005535, -0.108552, -0.16256, -0.004248, 0.044738, -0.00464, -0.550275, 0.012604, 0.303855, 0.517893, -0.128346, -0.163004, 0.084251, 0.091232, -0.356885, -0.70862, 0.290016, 0.114513, 0.941471, -0.024064, -0.399869, -0.087845, -0.121532, 0.277994, -0.089792, 0.250811, -0.131981, 0.596927, -0.210261, 0.123417, 0.041546, 0.104987, 0.042622, -0.406557, 0.107274, -0.042047, 0.41405, 0.697556, -0.699125, -0.002673, -2.322025, 0.351011, 0.061419, 1.275666, -2.042242, 0.082844, 0.894844]}