{"hc3d": [[-0.000875, -0.218246, 0.038369], [0.081006, -0.314976, 0.034618], [-0.080951, -0.314385, 0.037266], [-0.00317, -0.103671, 0.004257], [0.082783, -0.687705, 0.17658], [-0.087762, -0.717149, -0.02151], [0.002229, 0.02393, 0.032488], [0.02011, -1.107842, 0.12758], [-0.099458, -1.110214, -0.191484], [0.004965, 0.073243, 0.068046], [0.085612, -1.122152, 0.24955], [-0.106092, -1.163122, -0.061303], [0.006962, 0.29441, 0.044951], [0.092042, 0.20017, 0.045584], [-0.079814, 0.201665, 0.045424], [0.012333, 0.354311, 0.093202], [0.18941, 0.189278, 0.018639], [-0.183491, 0.195347, 0.068254], [0.197894, -0.065516, -0.077645], [-0.248881, -0.063722, 0.052335], [0.282596, -0.275592, 0.05605], [-0.24474, -0.262623, 0.23091], [0.338858, -0.334725, 0.092856], [-0.244121, -0.318398, 0.299748]], "im2d": [[0.007903, -0.102626], [0.081391, 0.012902], [-0.070271, -0.006723], [0.031947, -0.231864], [-0.02086, 0.43558], [-0.060419, 0.428959], [0.026012, -0.368603], [-0.06953, 0.884619], [0.012684, 0.842924], [0.009401, -0.419044], [-0.083349, 0.919609], [-0.074814, 0.912486], [0.035892, -0.663718], [0.109811, -0.550129], [-0.049281, -0.572187], [0.014549, -0.72427], [0.215827, -0.529158], [-0.159483, -0.575407], [0.26969, -0.257598], [-0.222933, -0.300342], [0.257131, -0.004368], [-0.336776, -0.064706], [0.28414, 0.070683], [-0.380559, 0.003076]], "theta": [1.107933, 0.008008, 0.125617, 3.117653, 0.128322, -0.923177, -0.390266, -0.046831, -0.072251, 0.110847, 0.048822, 0.083842, 0.256791, 0.036562, -0.010192, 0.381217, 0.087411, -0.038213, 0.186042, 0.160797, -0.092491, -0.186963, -0.002589, 0.009135, -0.376374, 0.268697, 0.095091, -0.288706, -0.042928, 0.03164, 0.044697, -0.000556, -0.02362, -0.00052, 0.000845, 0.000155, 0.000941, 0.00095, -0.003253, -0.137224, -0.038322, -0.021552, 0.007859, 0.11065, -0.484777, -0.050727, 0.312502, 0.418195, -0.031563, -0.089885, -0.000943, 0.2596, -0.056895, -0.973521, 0.302983, 0.131882, 0.908051, -0.215504, -0.764281, 0.245136, -0.066734, 0.685793, -0.178599, -0.016667, -0.164591, 0.506953, -0.229965, 0.246801, -0.219108, 0.110758, 0.043485, -0.413943, 0.111215, -0.039098, 0.416949, 0.697556, -0.699125, -0.002673, -2.322025, 0.351011, 0.061419, 1.275666, -2.042242, 0.082844, 0.894844]}