{"hc3d": [[-0.000933, -0.218226, 0.037915], [0.080484, -0.314908, 0.033959], [-0.080549, -0.314298, 0.036593], [-0.003246, -0.103629, 0.004076], [0.08023, -0.701439, -0.070206], [-0.142143, -0.650468, 0.260496], [0.003155, 0.026137, 0.02222], [0.050997, -1.007753, -0.36948], [-0.105654, -1.064894, 0.369219], [0.001647, 0.07004, 0.064174], [0.08225, -1.106728, -0.276226], [-0.186989, -1.106723, 0.476533], [-0.001079, 0.291774, 0.08049], [0.086364, 0.200112, 0.072132], [-0.084563, 0.199109, 0.05671], [-0.0046, 0.345773, 0.135819], [0.187751, 0.194862, 0.075405], [-0.190016, 0.191786, 0.068366], [0.300548, -0.046869, 0.01517], [-0.269339, -0.062073, 0.031592], [0.222024, -0.170349, 0.234846], [-0.386406, -0.271983, 0.150811], [0.211945, -0.198301, 0.319473], [-0.433942, -0.337559, 0.187091]], "im2d": [[0.007443, -0.105939], [-0.057388, 0.008329], [0.066862, -0.010992], [0.040087, -0.224035], [0.006798, 0.443703], [-0.071195, 0.306041], [0.026534, -0.366559], [0.247192, 0.823122], [-0.200794, 0.738672], [-0.00273, -0.421421], [0.146793, 0.917294], [-0.221351, 0.755979], [-0.003874, -0.663946], [-0.069832, -0.553651], [0.076001, -0.569209], [-0.04143, -0.73226], [-0.152059, -0.53709], [0.149401, -0.575252], [-0.204252, -0.252897], [0.229271, -0.303763], [-0.316889, -0.16666], [0.220538, -0.111109], [-0.375274, -0.152335], [0.227148, -0.051996]], "theta": [1.099323, 0.007704, 0.121859, 1.201931, 0.295806, -2.925708, 0.23702, -0.009884, -0.087012, -0.629737, -0.063805, -0.039997, 0.173122, -0.036631, -0.02228, 0.40952, -0.176163, -0.0334, 0.273257, -0.164369, 0.046137, 0.040343, -0.020774, 0.042708, -0.315713, 0.282801, -0.013575, 0.161338, -0.32781, 0.103021, 0.076992, 0.006945, -0.01449, -0.001173, 0.001014, 0.000232, 0.00125, 0.00212, -0.005361, -0.191501, -0.12315, -0.028835, 0.037379, -0.104145, -0.421758, -0.024777, 0.293846, 0.378427, 0.060846, 0.034579, 0.039762, 0.221622, -0.21909, -0.690099, 0.066815, 0.139636, 0.807051, 0.127009, -1.318314, 0.112014, -0.400264, 0.459449, -0.233407, 0.227692, -0.180322, 0.401523, -0.327456, 0.099261, -0.252183, 0.110595, 0.044734, -0.412106, 0.110278, -0.039276, 0.417852, 0.732915, -0.620616, -0.033729, -2.318641, 0.309508, 0.096124, 1.237873, -2.016, 0.094787, 0.893124]}