{"hc3d": [[-0.000933, -0.218226, 0.037915], [0.080484, -0.314908, 0.033959], [-0.080549, -0.314298, 0.036593], [-0.003246, -0.103629, 0.004076], [0.085704, -0.714978, 0.047113], [-0.111877, -0.702542, 0.159967], [0.002493, 0.026039, 0.023117], [0.059914, -1.032306, -0.240786], [-0.069622, -1.116057, 0.04987], [0.000519, 0.070072, 0.064916], [0.103269, -1.124303, -0.145256], [-0.132735, -1.183393, 0.156472], [-0.001561, 0.292397, 0.067467], [0.085624, 0.200133, 0.065539], [-0.08517, 0.19869, 0.04875], [-0.003874, 0.346157, 0.123093], [0.185754, 0.183809, 0.070585], [-0.188426, 0.182109, 0.068067], [0.258141, -0.076199, 0.026529], [-0.255019, -0.077905, 0.074937], [0.255622, -0.320219, 0.127123], [-0.341644, -0.327521, 0.121497], [0.268588, -0.396382, 0.172681], [-0.374209, -0.408767, 0.136149]], "im2d": [[0.007459, -0.105949], [-0.057376, 0.008334], [0.066887, -0.010993], [0.040104, -0.224059], [-0.088313, 0.438597], [-0.019721, 0.383206], [0.026371, -0.366724], [0.140203, 0.828356], [0.014591, 0.853601], [-0.002408, -0.421757], [0.028847, 0.91598], [-0.020774, 0.900635], [0.006552, -0.662483], [-0.064182, -0.552669], [0.082596, -0.567506], [-0.032196, -0.73046], [-0.147259, -0.524599], [0.148, -0.564639], [-0.18098, -0.228021], [0.184061, -0.292624], [-0.266618, 0.017676], [0.205718, -0.041002], [-0.315029, 0.093456], [0.21658, 0.04049]], "theta": [1.099448, 0.007718, 0.121861, 1.201947, 0.295794, -2.92573, -0.055421, -0.090376, -0.070496, -0.345546, -0.015821, 0.022071, 0.180245, -0.032901, -0.017136, 0.662745, -0.004498, -0.048857, 0.488663, -0.018112, 0.032703, 0.030005, -0.020729, 0.050086, -0.320917, 0.264572, 0.015737, -0.064916, -0.297349, 0.080202, 0.017796, -0.005296, -0.023976, -0.003031, 0.0022, 0.002195, 0.002031, 0.004165, -0.008986, -0.125877, -0.08274, -0.031182, 0.009153, -0.140044, -0.524435, -0.027399, 0.391307, 0.460288, 0.108516, -0.020949, 0.010329, 0.196706, -0.205951, -0.74099, 0.020314, 0.175163, 0.73786, 0.117097, -0.485784, -0.046902, -0.306712, 0.026767, -0.040342, 0.112134, -0.192186, 0.356834, -0.314691, 0.105159, -0.184232, 0.108524, 0.043153, -0.409289, 0.108527, -0.036765, 0.4163, 0.732915, -0.620616, -0.033729, -2.318641, 0.309508, 0.096124, 1.237873, -2.016, 0.094787, 0.893124]}