{"hc3d": [[-0.000933, -0.218226, 0.037915], [0.080484, -0.314908, 0.033959], [-0.080549, -0.314298, 0.036593], [-0.003246, -0.103629, 0.004076], [0.083605, -0.683876, 0.189231], [-0.146614, -0.716185, 0.004057], [-0.003295, 0.026534, 0.020417], [0.099627, -1.099764, 0.084214], [-0.109694, -1.131525, -0.100972], [-0.002269, 0.072505, 0.06011], [0.124977, -1.148735, 0.212387], [-0.182007, -1.187445, 0.006382], [-0.001845, 0.294677, 0.068961], [0.083789, 0.201869, 0.055871], [-0.087834, 0.202152, 0.056052], [-0.005009, 0.344864, 0.127791], [0.18437, 0.18926, 0.049379], [-0.188643, 0.203116, 0.089915], [0.245796, -0.055277, -0.056517], [-0.291812, -0.031429, 0.170126], [0.246897, -0.317387, -0.025404], [-0.330164, -0.158885, 0.403073], [0.258576, -0.404235, -0.006281], [-0.352487, -0.188513, 0.483695]], "im2d": [[0.007462, -0.10595], [-0.057375, 0.008334], [0.06689, -0.010993], [0.040106, -0.224063], [-0.194737, 0.380077], [0.126935, 0.421121], [0.03301, -0.367449], [-0.143862, 0.849192], [0.161455, 0.892009], [0.003579, -0.42387], [-0.264426, 0.882649], [0.133201, 0.925546], [0.00572, -0.665246], [-0.05523, -0.553078], [0.079213, -0.572825], [-0.034975, -0.73002], [-0.129627, -0.526961], [0.132237, -0.591152], [-0.106516, -0.237571], [0.141601, -0.36352], [-0.142278, 0.040151], [-0.012926, -0.27074], [-0.169782, 0.131919], [-0.058706, -0.255291]], "theta": [1.099465, 0.00772, 0.121861, 1.201949, 0.295792, -2.925732, -0.409146, -0.296206, -0.021754, 0.028208, -0.120655, -0.073123, 0.160775, 0.014471, 0.02956, 0.533455, 0.006481, -0.043194, 0.10898, 0.068065, 0.106555, 0.001547, -0.010899, -0.011739, -0.173566, 0.239187, 0.093449, -0.123783, -0.304904, 0.034908, 0.093451, 0.028803, -0.03241, -0.000348, 0.000567, -0.000575, 0.001171, 0.001622, -0.004602, -0.087817, -0.18369, 0.002742, 0.015902, -0.116626, -0.483661, -0.084213, 0.412866, 0.293893, 0.105783, 0.01718, 0.022855, 0.277426, -0.070959, -0.829272, -0.022809, 0.320447, 0.636742, 0.281693, -0.439157, -0.061492, -0.17073, 0.610248, -0.179657, 0.314651, -0.158708, 0.284101, 0.059445, 0.154295, -0.292323, 0.11078, 0.044755, -0.412724, 0.110997, -0.039329, 0.417885, 0.732915, -0.620616, -0.033729, -2.318641, 0.309508, 0.096124, 1.237873, -2.016, 0.094787, 0.893124]}