{"hc3d": [[-0.000933, -0.218226, 0.037915], [0.080484, -0.314908, 0.033959], [-0.080549, -0.314298, 0.036593], [-0.003246, -0.103629, 0.004076], [0.037084, -0.651418, 0.246407], [-0.170098, -0.705987, -0.037549], [-0.004399, 0.025708, 0.025981], [0.114819, -1.072751, 0.220264], [-0.152399, -1.074593, -0.258269], [-0.000766, 0.071612, 0.065599], [0.085191, -1.094524, 0.354865], [-0.219201, -1.139345, -0.152317], [0.001328, 0.293059, 0.085504], [0.085415, 0.200911, 0.061921], [-0.085787, 0.201414, 0.073934], [-0.000775, 0.344129, 0.143616], [0.186136, 0.193153, 0.051305], [-0.181953, 0.21274, 0.11791], [0.246183, -0.03234, -0.091286], [-0.311904, -0.006434, 0.202552], [0.228409, -0.290052, -0.037067], [-0.320002, -0.096073, 0.455296], [0.229563, -0.376127, -0.011881], [-0.338597, -0.094331, 0.542056]], "im2d": [[0.007462, -0.10595], [-0.057375, 0.008334], [0.066891, -0.010993], [0.040106, -0.224063], [-0.200905, 0.32983], [0.177795, 0.414689], [0.029559, -0.367651], [-0.259348, 0.798092], [0.318374, 0.853059], [-0.00186, -0.423692], [-0.340613, 0.794848], [0.286508, 0.896998], [-0.009566, -0.666018], [-0.061201, -0.552914], [0.063815, -0.574906], [-0.050505, -0.731501], [-0.132332, -0.531301], [0.105849, -0.605656], [-0.079103, -0.256248], [0.133446, -0.398418], [-0.117664, 0.010574], [-0.058459, -0.346491], [-0.141549, 0.099264], [-0.110574, -0.365558]], "theta": [1.099468, 0.00772, 0.121861, 1.201949, 0.295792, -2.925732, -0.583183, -0.509122, -0.05897, 0.122115, -0.160786, -0.143138, 0.204039, 0.068116, 0.041905, 0.592573, -0.222008, -0.017279, 0.296938, 0.207586, 0.11832, -0.038085, 0.005566, -0.028172, -0.205279, 0.212756, 0.200403, -0.279835, -0.294888, -0.020732, 0.142015, 0.025499, -0.036669, -0.001318, 0.001228, 0.000582, 0.001737, 0.003159, -0.007185, -0.150017, -0.263567, -0.002284, 0.029944, -0.133564, -0.429726, -0.08575, 0.420535, 0.175078, 0.138435, 0.048073, 0.06812, 0.262599, 0.026402, -0.858666, -0.082245, 0.261885, 0.614667, 0.367138, -0.694786, -0.052745, -0.145193, 0.810151, -0.191032, 0.35303, -0.179455, 0.233523, 0.213022, 0.187869, -0.498629, 0.109781, 0.044955, -0.41047, 0.110139, -0.038875, 0.418137, 0.732915, -0.620616, -0.033729, -2.318641, 0.309508, 0.096124, 1.237873, -2.016, 0.094787, 0.893124]}