{"hc3d": [[-0.000801, -0.218966, 0.039605], [0.081859, -0.315958, 0.036332], [-0.081661, -0.315402, 0.039068], [-0.003069, -0.104097, 0.004726], [0.101233, -0.691867, -0.088287], [-0.087336, -0.652101, 0.263888], [0.001879, 0.02405, 0.028495], [0.026717, -1.050861, -0.304577], [-0.083347, -1.063327, 0.377278], [0.002506, 0.071433, 0.06719], [0.115918, -1.101271, -0.210854], [-0.077768, -1.074375, 0.517135], [0.003748, 0.294419, 0.058164], [0.089865, 0.20062, 0.057005], [-0.082675, 0.201225, 0.049229], [0.007495, 0.347876, 0.112754], [0.188327, 0.187946, 0.033969], [-0.186398, 0.180698, 0.062719], [0.294078, -0.061986, 0.040158], [-0.252607, -0.073188, 0.013976], [0.322293, -0.24901, 0.221585], [-0.291073, -0.331973, 0.063516], [0.361675, -0.288633, 0.291481], [-0.302212, -0.419564, 0.070561]], "im2d": [[0.01278, -0.074396], [0.043398, 0.055001], [-0.031941, 0.012308], [0.059633, -0.203221], [0.146138, 0.478479], [-0.303485, 0.387349], [0.049387, -0.344704], [0.305172, 0.858481], [-0.460994, 0.847419], [0.013655, -0.397179], [0.24137, 0.938105], [-0.606487, 0.861862], [0.045477, -0.645515], [0.075719, -0.518778], [0.007426, -0.5639], [-0.004971, -0.703882], [0.142341, -0.47942], [-0.054748, -0.567642], [0.158316, -0.173518], [-0.057728, -0.301861], [-0.037997, 0.043155], [-0.152109, -0.022993], [-0.097814, 0.097813], [-0.173008, 0.071831]], "theta": [1.144249, 0.01197, 0.153949, 2.720899, 0.306073, -1.786955, 0.279232, 0.161813, -0.004575, -0.614683, 0.208772, 0.025897, 0.224705, -0.038381, -0.013651, 0.157583, -0.021917, -0.08318, 0.226222, 0.093548, -0.022007, -0.105329, 0.000446, 0.01038, -0.450579, 0.358128, 0.142374, 0.070228, -0.054463, 0.125129, 0.064273, 0.028697, -0.009218, -0.001931, 0.00078, 0.003285, 0.002686, 0.002145, -0.008151, -0.092369, 0.001951, -0.013043, 0.039219, 0.100762, -0.528691, 0.050922, 0.28312, 0.532297, 0.009877, -0.054447, 0.031688, 0.100333, -0.471381, -0.545443, 0.314387, 0.157806, 0.777718, -0.013065, -0.640359, -0.088653, -0.108951, 0.268317, -0.02952, 0.390609, -0.174655, 0.565583, -0.020382, 0.037841, -0.047102, 0.110733, 0.043442, -0.411175, 0.11112, -0.036749, 0.420345, 0.672214, -0.867051, 0.038831, -2.330006, 0.355912, 0.095712, 1.250311, -2.077539, 0.094321, 0.887222]}