{"hc3d": [[-0.000801, -0.218966, 0.039605], [0.081859, -0.315958, 0.036332], [-0.081661, -0.315402, 0.039068], [-0.003069, -0.104097, 0.004726], [0.111721, -0.692544, -0.0841], [-0.086148, -0.651349, 0.265036], [0.000514, 0.024429, 0.026622], [0.065994, -0.992055, -0.383119], [-0.085533, -1.077657, 0.280589], [-0.001043, 0.070898, 0.066383], [0.144043, -1.076797, -0.305601], [-0.095196, -1.12839, 0.411149], [-0.001477, 0.293744, 0.054335], [0.085445, 0.200716, 0.056789], [-0.08682, 0.199667, 0.044349], [0.003296, 0.347881, 0.10817], [0.184952, 0.187256, 0.039376], [-0.190401, 0.1782, 0.057462], [0.283797, -0.065546, 0.042317], [-0.2562, -0.077279, 0.017235], [0.320159, -0.262428, 0.211447], [-0.302081, -0.334863, 0.066722], [0.352938, -0.31614, 0.275063], [-0.320658, -0.420313, 0.080832]], "im2d": [[0.013559, -0.074529], [0.044464, 0.055416], [-0.031144, 0.012489], [0.060401, -0.203947], [0.148545, 0.483848], [-0.303849, 0.388981], [0.05127, -0.346738], [0.414792, 0.805178], [-0.361018, 0.86646], [0.013107, -0.398878], [0.359598, 0.920786], [-0.507927, 0.921671], [0.047075, -0.64853], [0.074215, -0.521878], [0.010571, -0.56538], [-0.002379, -0.707516], [0.135574, -0.481179], [-0.051426, -0.568067], [0.152128, -0.172586], [-0.062868, -0.299397], [-0.029053, 0.058409], [-0.160287, -0.022583], [-0.086742, 0.127467], [-0.191664, 0.068361]], "theta": [1.14896, 0.012603, 0.154099, 2.722078, 0.305044, -1.788575, 0.267874, 0.142362, 0.01816, -0.621582, 0.164578, 0.041344, 0.209061, -0.080109, -0.005485, 0.399929, -0.059947, -0.025946, 0.46416, 0.073612, -0.003727, -0.06561, 0.009358, 0.020509, -0.3483, 0.343178, 0.048851, 0.125914, -0.111414, 0.130353, 0.027276, 0.035825, -0.017067, -0.002113, 0.001387, 0.002293, 0.002551, 0.002592, -0.007904, -0.09255, 0.040379, -0.032441, 0.042922, 0.0709, -0.536078, 0.037222, 0.305043, 0.531124, 0.027556, 0.008647, 0.027432, 0.097191, -0.422805, -0.579669, 0.279098, 0.138911, 0.762009, 0.008583, -0.575346, -0.043171, -0.002629, 0.224602, -0.031101, 0.310229, -0.161726, 0.410091, 0.000453, 0.077612, -0.134277, 0.109543, 0.043756, -0.410112, 0.110221, -0.037276, 0.418134, 0.672214, -0.867051, 0.038831, -2.330006, 0.355912, 0.095712, 1.250311, -2.077539, 0.094321, 0.887222]}