{"hc3d": [[-0.000801, -0.218966, 0.039605], [0.081859, -0.315958, 0.036332], [-0.081661, -0.315402, 0.039068], [-0.003069, -0.104097, 0.004726], [0.139008, -0.689654, 0.155908], [-0.127721, -0.712952, 0.10051], [0.004585, 0.023779, 0.029225], [-0.001065, -1.070251, 0.026542], [-0.08867, -1.016979, -0.196176], [0.007527, 0.071114, 0.067872], [0.102943, -1.104897, 0.111771], [-0.126781, -1.118464, -0.106949], [0.01408, 0.292216, 0.038268], [0.097647, 0.196218, 0.042335], [-0.074996, 0.201171, 0.041424], [0.015351, 0.349331, 0.089141], [0.191381, 0.163742, 0.018987], [-0.176018, 0.180268, 0.068245], [0.256208, -0.099485, 0.004947], [-0.230683, -0.080422, 0.051806], [0.307725, -0.335038, 0.107662], [-0.279559, -0.337177, 0.102711], [0.348228, -0.408631, 0.138485], [-0.287608, -0.425372, 0.10435]], "im2d": [[0.013938, -0.074616], [0.044975, 0.055609], [-0.030774, 0.012565], [0.060794, -0.204332], [-0.091718, 0.490569], [-0.154308, 0.447034], [0.050541, -0.345591], [-0.053822, 0.880105], [0.147674, 0.795843], [0.015524, -0.397615], [-0.100868, 0.94664], [0.026639, 0.900496], [0.070899, -0.644163], [0.094675, -0.514758], [0.019134, -0.565131], [0.023147, -0.707494], [0.158045, -0.454186], [-0.056264, -0.567691], [0.176606, -0.142208], [-0.088202, -0.289592], [0.068445, 0.136202], [-0.18838, -0.013868], [0.046878, 0.229509], [-0.20214, 0.082985]], "theta": [1.151374, 0.012907, 0.15416, 2.722574, 0.304623, -1.789254, -0.350127, 0.104214, 0.049337, -0.195756, -0.03785, -0.017284, 0.233879, 0.049748, -0.028166, 0.620854, 0.289195, -0.1995, 0.848063, 0.034556, 0.067884, -0.113846, -0.033646, 0.016353, -0.481303, 0.289795, 0.223775, -0.246524, -0.117951, 0.135739, -0.028363, 0.010967, -0.03023, -0.003214, 0.002596, 0.002671, 0.001745, 0.003675, -0.007967, -0.067307, -0.037116, 0.058594, 0.025112, 0.061, -0.67462, 0.011005, 0.363384, 0.573092, 0.078251, -0.220007, 0.04381, 0.073235, -0.266462, -0.555344, 0.357782, 0.153638, 0.821092, -0.042358, -0.320405, -0.081698, -0.027011, 0.10193, -0.064107, 0.219743, -0.098855, 0.395567, 0.036111, 0.059742, 0.073884, 0.107923, 0.042059, -0.409092, 0.108823, -0.037218, 0.415079, 0.672214, -0.867051, 0.038831, -2.330006, 0.355912, 0.095712, 1.250311, -2.077539, 0.094321, 0.887222]}