{"hc3d": [[-0.000801, -0.218966, 0.039605], [0.081859, -0.315958, 0.036332], [-0.081661, -0.315402, 0.039068], [-0.003069, -0.104097, 0.004726], [0.128336, -0.693764, 0.147307], [-0.122505, -0.717715, 0.059531], [0.001613, 0.024105, 0.028254], [0.061854, -1.083074, -0.011524], [-0.081333, -1.106402, -0.111372], [0.003243, 0.071523, 0.066875], [0.144201, -1.132019, 0.089001], [-0.121149, -1.182753, -0.000474], [0.001935, 0.293181, 0.04096], [0.088731, 0.200012, 0.042236], [-0.083976, 0.199134, 0.043791], [0.006439, 0.347858, 0.09427], [0.185141, 0.181868, 0.014631], [-0.185852, 0.184835, 0.071694], [0.246246, -0.079191, -0.027821], [-0.247169, -0.07461, 0.059631], [0.312875, -0.315027, 0.065088], [-0.295116, -0.33054, 0.115348], [0.354225, -0.389173, 0.093353], [-0.306828, -0.417036, 0.13042]], "im2d": [[0.013975, -0.074627], [0.045022, 0.055627], [-0.030741, 0.012572], [0.060833, -0.204372], [-0.087737, 0.492459], [-0.109074, 0.453504], [0.050303, -0.346803], [0.013336, 0.910711], [0.052832, 0.898909], [0.014725, -0.399271], [-0.060923, 0.987809], [-0.089495, 0.975122], [0.062747, -0.648506], [0.091194, -0.521431], [0.012445, -0.565271], [0.013612, -0.708254], [0.161644, -0.476266], [-0.063862, -0.575455], [0.208816, -0.167848], [-0.103265, -0.300388], [0.117727, 0.114789], [-0.208044, -0.02525], [0.099187, 0.208939], [-0.237478, 0.068874]], "theta": [1.151618, 0.012936, 0.154164, 2.722612, 0.304592, -1.789307, -0.317127, 0.019928, 0.033846, -0.094127, -0.04823, -0.006147, 0.22477, 0.021574, -0.007397, 0.596594, 0.156897, -0.091636, 0.386433, 0.076404, 0.073336, -0.105816, -0.002506, 0.021043, -0.334927, 0.277937, 0.123584, -0.148343, -0.177854, 0.150006, -0.011318, 0.026341, -0.02501, -0.003494, 0.002796, 0.002988, 0.002145, 0.004536, -0.009533, -0.037004, -0.002946, 0.013034, 0.016521, 0.096718, -0.56824, 0.011875, 0.351426, 0.473203, 0.049956, -0.118318, 0.034605, 0.112993, -0.211014, -0.709137, 0.309199, 0.167468, 0.845955, 0.002731, -0.378972, -0.011257, 0.03335, 0.122069, -0.042489, 0.242007, -0.108185, 0.344959, 0.056031, 0.129327, -0.05072, 0.107801, 0.042321, -0.408508, 0.108904, -0.037461, 0.415266, 0.672214, -0.867051, 0.038831, -2.330006, 0.355912, 0.095712, 1.250311, -2.077539, 0.094321, 0.887222]}