{"hc3d": [[-0.000801, -0.218966, 0.039605], [0.081859, -0.315958, 0.036332], [-0.081661, -0.315402, 0.039068], [-0.003069, -0.104097, 0.004726], [0.14411, -0.681984, 0.175481], [-0.142031, -0.71515, 0.016726], [-0.000727, 0.024574, 0.025927], [0.087461, -1.083926, 0.047247], [-0.120283, -1.107792, -0.14862], [0.001002, 0.073183, 0.063034], [0.169721, -1.114851, 0.154759], [-0.155306, -1.17041, -0.027932], [-0.000316, 0.29496, 0.038155], [0.086522, 0.201829, 0.03934], [-0.08619, 0.200858, 0.040201], [0.004166, 0.349917, 0.091178], [0.18246, 0.186019, 0.008811], [-0.189308, 0.190615, 0.065168], [0.245586, -0.072014, -0.047064], [-0.265449, -0.064949, 0.054807], [0.319556, -0.306324, 0.044134], [-0.304801, -0.313971, 0.140497], [0.363765, -0.379161, 0.071464], [-0.317354, -0.395317, 0.173225]], "im2d": [[0.013983, -0.074629], [0.045033, 0.055631], [-0.030734, 0.012573], [0.060842, -0.204381], [-0.10936, 0.483591], [-0.072263, 0.445237], [0.051772, -0.347971], [-0.037458, 0.918832], [0.07474, 0.8901], [0.017951, -0.401764], [-0.117423, 0.975751], [-0.074496, 0.952232], [0.064883, -0.651139], [0.093452, -0.52409], [0.015422, -0.567836], [0.016066, -0.711211], [0.16701, -0.481687], [-0.057949, -0.582916], [0.229573, -0.176234], [-0.105392, -0.316027], [0.143712, 0.106599], [-0.237375, -0.046153], [0.127561, 0.200019], [-0.285363, 0.042121]], "theta": [1.151675, 0.012942, 0.154165, 2.72262, 0.304586, -1.789317, -0.390125, -0.011103, 0.079555, 0.008979, -0.06449, -0.05814, 0.206476, 0.024818, 0.010619, 0.587107, 0.132226, -0.139102, 0.262688, 0.177239, 0.092996, -0.118981, -0.010148, -0.001055, -0.384445, 0.306868, 0.170829, -0.232853, -0.180249, 0.123173, 0.024865, 0.02575, -0.019022, -0.003715, 0.002995, 0.003153, 0.002171, 0.004753, -0.009863, -0.04712, -0.004039, 0.008095, 0.021512, 0.132803, -0.553264, 0.00749, 0.323144, 0.435644, 0.070797, -0.084294, 0.035032, 0.128981, -0.191584, -0.713494, 0.338779, 0.182786, 0.824253, 0.032665, -0.420382, 0.011528, 0.047616, 0.25799, -0.060086, 0.254512, -0.098984, 0.348249, 0.096812, 0.159124, -0.146986, 0.107428, 0.042387, -0.407968, 0.108634, -0.037957, 0.415066, 0.672214, -0.867051, 0.038831, -2.330006, 0.355912, 0.095712, 1.250311, -2.077539, 0.094321, 0.887222]}