{"hc3d": [[-0.000801, -0.218966, 0.039605], [0.081859, -0.315958, 0.036332], [-0.081661, -0.315402, 0.039068], [-0.003069, -0.104097, 0.004726], [0.108755, -0.674419, 0.203649], [-0.128143, -0.711257, -0.032213], [0.001699, 0.025029, 0.02247], [0.017175, -1.086255, 0.14695], [-0.157803, -0.872973, -0.425847], [0.003459, 0.072779, 0.060676], [0.109076, -1.104787, 0.249383], [-0.171835, -0.999255, -0.366105], [0.003346, 0.294602, 0.036171], [0.089963, 0.201353, 0.040416], [-0.082663, 0.200609, 0.034847], [0.004047, 0.352515, 0.086143], [0.187471, 0.183914, 0.01646], [-0.184776, 0.189786, 0.063438], [0.256014, -0.075732, -0.023214], [-0.242423, -0.070425, 0.049849], [0.32679, -0.313996, 0.059915], [-0.298952, -0.325361, 0.101962], [0.361561, -0.392652, 0.084627], [-0.321199, -0.405859, 0.131474]], "im2d": [[0.013995, -0.074633], [0.045049, 0.055637], [-0.030724, 0.012576], [0.060856, -0.204395], [-0.154186, 0.466189], [-0.013925, 0.444114], [0.056564, -0.347904], [-0.174452, 0.904067], [0.373682, 0.614705], [0.02151, -0.40072], [-0.243566, 0.949548], [0.292165, 0.75324], [0.068588, -0.649849], [0.093814, -0.522692], [0.02264, -0.566725], [0.021589, -0.714249], [0.160971, -0.477997], [-0.054177, -0.580866], [0.208672, -0.169175], [-0.090401, -0.303966], [0.129537, 0.117224], [-0.195106, -0.032166], [0.111389, 0.21471], [-0.243938, 0.05262]], "theta": [1.151762, 0.012952, 0.154167, 2.72263, 0.304578, -1.789331, -0.466196, -0.008498, -0.012302, 0.132795, -0.061263, -0.02724, 0.181007, 0.059612, -0.006736, 0.489115, 0.169837, -0.128333, 0.926277, 0.301741, 0.016526, -0.071094, -0.051376, 0.01403, -0.364621, 0.373305, 0.248918, -0.320616, -0.091975, 0.056203, 0.00402, -0.004408, -0.011729, -0.003698, 0.002829, 0.003506, 0.002075, 0.004626, -0.009491, -0.106839, -0.068738, -0.010316, 0.029591, 0.10091, -0.564685, -0.021421, 0.401151, 0.437693, 0.165849, -0.167687, 0.04484, 0.076608, -0.217269, -0.688385, 0.37908, 0.179572, 0.905926, -0.012781, -0.329704, -0.024803, 0.040935, 0.07394, -0.082081, 0.200424, -0.120336, 0.250243, 0.122449, 0.177127, -0.251045, 0.107956, 0.041933, -0.409558, 0.108672, -0.037151, 0.415123, 0.672214, -0.867051, 0.038831, -2.330006, 0.355912, 0.095712, 1.250311, -2.077539, 0.094321, 0.887222]}