{"hc3d": [[-0.000916, -0.218427, 0.038109], [0.080666, -0.315182, 0.034219], [-0.080695, -0.314574, 0.036868], [-0.003224, -0.103758, 0.004141], [0.049655, -0.702021, -0.061964], [-0.127365, -0.588113, 0.336116], [0.00519, 0.022996, 0.036797], [0.035917, -1.041387, -0.323694], [-0.121768, -1.017626, 0.33953], [0.004587, 0.064316, 0.081438], [0.045681, -1.122056, -0.210343], [-0.188392, -1.066693, 0.453641], [0.00477, 0.283466, 0.119728], [0.091057, 0.191756, 0.103257], [-0.079777, 0.194869, 0.085976], [0.000724, 0.333306, 0.178702], [0.192196, 0.187045, 0.111743], [-0.185061, 0.185909, 0.098251], [0.278642, -0.060734, 0.035596], [-0.241668, -0.064408, 0.019883], [0.167228, -0.048205, 0.274345], [-0.327639, -0.264697, 0.175988], [0.173747, -0.034773, 0.362787], [-0.378039, -0.320655, 0.222966]], "im2d": [[-0.002435, -0.098776], [-0.090538, 0.007826], [0.077408, 0.006771], [0.016736, -0.219956], [-0.040779, 0.444698], [0.009828, 0.266762], [0.001861, -0.363256], [0.05091, 0.851583], [-0.015417, 0.737155], [-0.011396, -0.414499], [-0.002433, 0.924919], [0.012245, 0.775729], [-0.015719, -0.659839], [-0.104124, -0.557091], [0.080823, -0.558239], [-0.030033, -0.722332], [-0.213128, -0.553034], [0.186313, -0.550075], [-0.287406, -0.271248], [0.262397, -0.265243], [-0.253927, -0.31681], [0.289189, -0.066492], [-0.291162, -0.343315], [0.323101, -0.011418]], "theta": [1.104298, -0.00129, 0.128981, 0.504621, 0.186225, -3.075542, 0.215975, -0.072148, -0.17269, -0.860746, 0.045188, -0.039605, 0.287198, -0.025755, -0.038991, 0.326542, -0.252327, 0.038813, 0.740871, -0.173364, -0.055879, -0.01453, -0.013084, 0.052709, -0.376774, 0.262081, 0.004818, 0.10723, -0.134162, 0.006481, 0.117643, -0.023395, -0.018217, -0.001604, 0.00051, 0.002368, 0.002192, 0.002472, -0.007958, -0.219592, -0.194588, -0.064156, 0.05905, -0.13473, -0.382579, -0.003708, 0.32087, 0.387016, 0.118492, -0.042896, 0.035773, 0.194177, -0.294521, -0.799933, 0.180814, 0.183331, 0.910904, -0.042118, -1.855652, 0.233543, -0.555901, 0.765294, -0.330138, 0.157094, -0.103968, 0.653701, -0.34935, 0.15218, -0.417438, 0.111109, 0.044557, -0.410585, 0.111208, -0.037166, 0.421637, 0.727571, -0.650486, -0.021835, -2.31521, 0.324334, 0.089147, 1.245162, -2.026934, 0.109316, 0.871889]}