{"hc3d": [[-0.000916, -0.218427, 0.038109], [0.080666, -0.315182, 0.034219], [-0.080695, -0.314574, 0.036868], [-0.003224, -0.103758, 0.004141], [0.076465, -0.710021, 0.097007], [-0.123895, -0.712199, 0.117977], [0.001919, 0.025765, 0.024172], [0.042016, -1.078731, -0.119156], [-0.075938, -1.133509, 0.049252], [0.001366, 0.06872, 0.067242], [0.07868, -1.150948, -0.005614], [-0.14218, -1.187359, 0.161412], [-0.001533, 0.291033, 0.075085], [0.085919, 0.199276, 0.06734], [-0.085536, 0.197329, 0.057767], [-0.001475, 0.339, 0.135727], [0.186124, 0.183714, 0.073673], [-0.18611, 0.17813, 0.086613], [0.228264, -0.075316, -0.002444], [-0.246558, -0.078595, 0.136033], [0.221277, -0.329931, 0.066068], [-0.303486, -0.324582, 0.226172], [0.237899, -0.411382, 0.099749], [-0.318027, -0.405882, 0.25869]], "im2d": [[-0.001409, -0.099179], [-0.089785, 0.008331], [0.079201, 0.006861], [0.017599, -0.22122], [-0.123286, 0.4357], [0.080172, 0.434769], [0.010259, -0.366788], [-0.025253, 0.871116], [0.037205, 0.90892], [-0.002681, -0.419897], [-0.106885, 0.935863], [0.065143, 0.953296], [0.006451, -0.666265], [-0.086543, -0.563743], [0.097292, -0.560802], [-0.013146, -0.727231], [-0.194909, -0.547131], [0.192221, -0.543718], [-0.222674, -0.251091], [0.228168, -0.267141], [-0.249685, 0.020777], [0.246437, -0.007798], [-0.282341, 0.10624], [0.24701, 0.077565]], "theta": [1.111422, -0.000352, 0.129192, 0.506295, 0.184775, -3.077842, -0.178955, -0.159724, -0.08375, -0.241506, -0.03751, -0.006892, 0.189653, -0.007008, -0.011338, 0.574302, 0.062817, -0.054001, 0.293285, -0.075839, 0.055173, 0.045216, -0.011759, 0.041511, -0.327114, 0.231419, -0.029096, -0.090769, -0.235171, 0.086601, 0.017371, 0.001961, -0.022834, -0.000835, 0.000861, -0.000464, 0.001481, 0.002536, -0.006433, -0.053118, -0.097678, -0.052555, -0.009253, -0.199255, -0.505531, -0.028682, 0.44951, 0.464514, 0.180596, -0.035014, -0.035882, 0.259653, -0.145492, -0.9017, -0.050342, 0.286849, 0.663809, -0.015334, -0.435933, -0.001063, -0.335199, 0.053774, 0.029408, 0.009332, -0.188369, 0.400684, -0.404265, 0.138695, -0.0935, 0.110268, 0.044777, -0.411663, 0.110001, -0.038528, 0.417888, 0.727571, -0.650486, -0.021835, -2.31521, 0.324334, 0.089147, 1.245162, -2.026934, 0.109316, 0.871889]}