{"hc3d": [[-0.000916, -0.218427, 0.038109], [0.080666, -0.315182, 0.034219], [-0.080695, -0.314574, 0.036868], [-0.003224, -0.103758, 0.004141], [0.034386, -0.664973, 0.222268], [-0.158511, -0.710627, 0.09718], [-0.003404, 0.025891, 0.024016], [0.043744, -1.029199, -0.00381], [-0.115777, -0.989896, -0.226405], [0.000794, 0.070314, 0.065361], [0.069874, -1.085528, 0.121072], [-0.17847, -1.087747, -0.14664], [0.002774, 0.292467, 0.077083], [0.087114, 0.199491, 0.057859], [-0.084317, 0.200435, 0.068013], [0.00354, 0.343932, 0.13478], [0.187127, 0.184016, 0.04884], [-0.181348, 0.189729, 0.110275], [0.221646, -0.067803, -0.051469], [-0.230879, -0.049525, 0.221217], [0.204481, -0.320587, 0.021861], [-0.247657, -0.229982, 0.418775], [0.217826, -0.402216, 0.056553], [-0.263899, -0.280635, 0.489831]], "im2d": [[-0.00136, -0.099205], [-0.089757, 0.008349], [0.079287, 0.006865], [0.017645, -0.221292], [-0.121442, 0.369426], [0.124171, 0.435846], [0.015956, -0.367043], [-0.065787, 0.801473], [0.182546, 0.787126], [-0.001328, -0.421548], [-0.13973, 0.847179], [0.216469, 0.884392], [0.001267, -0.668325], [-0.084459, -0.562903], [0.092549, -0.56578], [-0.017907, -0.73278], [-0.187223, -0.544338], [0.17937, -0.55984], [-0.198099, -0.25297], [0.182782, -0.310575], [-0.216009, 0.016308], [0.123387, -0.137598], [-0.245583, 0.101857], [0.113343, -0.091145]], "theta": [1.111809, -0.000308, 0.129199, 0.506351, 0.18473, -3.077918, -0.519835, -0.342823, -0.124526, -0.19622, -0.065572, -0.092248, 0.189419, 0.066192, 0.033612, 0.940322, 0.067674, -0.091543, 0.946164, -0.013814, 0.069932, 0.012332, 0.01185, -0.024862, -0.416311, 0.286596, 0.156228, -0.284589, -0.153526, -0.000467, 0.06999, 0.00996, -0.03245, -0.000208, 0.000406, -0.00091, 0.000951, 0.001233, -0.004232, -0.124596, -0.218027, -0.026985, 0.002182, -0.159106, -0.497954, -0.064974, 0.46056, 0.394235, 0.238894, -0.058539, -0.010366, 0.263196, -0.101785, -0.889975, -0.067576, 0.477906, 0.609713, 0.079287, -0.554099, -0.040611, -0.35479, 0.295214, -0.05597, 0.13132, -0.187322, 0.387464, -0.128214, 0.178859, -0.284058, 0.111029, 0.044952, -0.412591, 0.111227, -0.039239, 0.41784, 0.727571, -0.650486, -0.021835, -2.31521, 0.324334, 0.089147, 1.245162, -2.026934, 0.109316, 0.871889]}