{"hc3d": [[-0.000916, -0.218427, 0.038109], [0.080666, -0.315182, 0.034219], [-0.080695, -0.314574, 0.036868], [-0.003224, -0.103758, 0.004141], [0.048595, -0.710077, 0.08795], [-0.148054, -0.701274, 0.148566], [0.000509, 0.025926, 0.02343], [0.009854, -1.124238, -0.016116], [-0.111412, -0.998333, -0.159553], [0.001588, 0.069073, 0.066297], [0.029118, -1.176393, 0.111791], [-0.174542, -1.107956, -0.097382], [0.002537, 0.29137, 0.075031], [0.088127, 0.198288, 0.063313], [-0.083589, 0.199066, 0.060914], [0.003878, 0.343124, 0.132459], [0.187706, 0.178107, 0.063473], [-0.18341, 0.182273, 0.093617], [0.233926, -0.082245, -0.005423], [-0.240596, -0.071507, 0.159418], [0.235804, -0.338118, 0.058583], [-0.286983, -0.300831, 0.290317], [0.251375, -0.420582, 0.090242], [-0.305189, -0.371957, 0.340197]], "im2d": [[-0.00136, -0.099205], [-0.089757, 0.008349], [0.079287, 0.006865], [0.017645, -0.221292], [-0.090679, 0.437055], [0.095349, 0.418743], [0.012043, -0.366993], [-0.029514, 0.907919], [0.153961, 0.787595], [-0.002546, -0.4203], [-0.09713, 0.948598], [0.194102, 0.900186], [0.0022, -0.666844], [-0.087503, -0.562294], [0.094239, -0.563327], [-0.017474, -0.73158], [-0.193245, -0.539754], [0.18714, -0.549408], [-0.227899, -0.243094], [0.214008, -0.278149], [-0.26269, 0.030884], [0.207442, -0.04248], [-0.293567, 0.117764], [0.206143, 0.029373]], "theta": [1.11181, -0.000308, 0.129199, 0.506351, 0.18473, -3.077918, -0.161399, -0.205317, -0.152629, -0.323306, -0.051685, -0.064155, 0.184583, 0.01592, 0.000749, 0.273641, -0.074788, 0.000983, 1.018023, -0.065107, 0.009542, 0.045745, -0.005422, 0.01995, -0.208541, 0.283548, -0.016186, -0.097127, -0.164882, 0.083136, 0.025749, 0.008594, -0.034971, -0.002321, 0.001913, 0.001214, 0.001699, 0.003582, -0.008098, -0.119905, -0.137296, -0.045581, 0.008405, -0.186322, -0.540009, -0.062357, 0.448984, 0.459513, 0.214945, -0.06465, -0.006367, 0.206145, -0.158985, -0.809214, -0.006419, 0.341073, 0.663146, 0.038751, -0.391778, -0.03582, -0.288431, 0.149785, -0.014135, 0.048079, -0.203205, 0.353697, -0.308388, 0.19186, -0.190683, 0.108778, 0.043816, -0.409203, 0.10913, -0.038255, 0.416835, 0.727571, -0.650486, -0.021835, -2.31521, 0.324334, 0.089147, 1.245162, -2.026934, 0.109316, 0.871889]}