{"hc3d": [[-0.000916, -0.218427, 0.038109], [0.080666, -0.315182, 0.034219], [-0.080695, -0.314574, 0.036868], [-0.003224, -0.103758, 0.004141], [0.051164, -0.713889, 0.029767], [-0.14154, -0.671995, 0.224215], [0.002798, 0.024842, 0.029231], [0.001178, -1.123119, -0.088099], [-0.108116, -1.042133, 0.008795], [0.003144, 0.068509, 0.071582], [0.019711, -1.171909, 0.041236], [-0.174817, -1.12573, 0.10061], [0.006433, 0.290473, 0.086213], [0.091309, 0.196584, 0.075805], [-0.080111, 0.199728, 0.065905], [0.006995, 0.340895, 0.144827], [0.191529, 0.180679, 0.080929], [-0.182194, 0.185529, 0.092231], [0.24229, -0.079274, 0.01374], [-0.237656, -0.076644, 0.106152], [0.217166, -0.301158, 0.154124], [-0.299653, -0.31855, 0.203688], [0.235893, -0.367289, 0.211752], [-0.32171, -0.396826, 0.239253]], "im2d": [[-0.00136, -0.099205], [-0.089756, 0.008349], [0.079287, 0.006866], [0.017646, -0.221292], [-0.072951, 0.448981], [0.062888, 0.376417], [0.007537, -0.36656], [0.005135, 0.916198], [0.089189, 0.813647], [-0.006076, -0.420373], [-0.062081, 0.952972], [0.123637, 0.893571], [-0.005896, -0.667325], [-0.095342, -0.562061], [0.088837, -0.56471], [-0.025222, -0.73075], [-0.203345, -0.544895], [0.18648, -0.552816], [-0.243369, -0.24889], [0.229553, -0.265412], [-0.275392, -0.022629], [0.250731, -0.011478], [-0.318133, 0.042789], [0.25827, 0.070154]], "theta": [1.111811, -0.000308, 0.129199, 0.506351, 0.18473, -3.077918, -0.015451, -0.140056, -0.159841, -0.519563, -0.014464, -0.052225, 0.228595, -0.013463, -0.01875, 0.16229, -0.115519, 0.004847, 0.938826, -0.127911, 0.001013, -0.010417, -0.001455, 0.032897, -0.276052, 0.25361, -0.026897, -0.119141, -0.147313, 0.032862, 0.064203, -0.009355, -0.034478, -0.001215, 0.00119, 8.6e-05, 0.0014, 0.002483, -0.005981, -0.124258, -0.114058, -0.045925, 0.007521, -0.181287, -0.483006, -0.039321, 0.426311, 0.441026, 0.163877, -0.073058, 9.5e-05, 0.212916, -0.197075, -0.841426, 0.020015, 0.251596, 0.783584, -0.028101, -0.718962, 0.035131, -0.379503, 0.19371, -0.070733, -0.005794, -0.175848, 0.495298, -0.438765, 0.149345, -0.162729, 0.11006, 0.044253, -0.411265, 0.110046, -0.03859, 0.417491, 0.727571, -0.650486, -0.021835, -2.31521, 0.324334, 0.089147, 1.245162, -2.026934, 0.109316, 0.871889]}