{"hc3d": [[-0.000916, -0.218427, 0.038109], [0.080666, -0.315182, 0.034219], [-0.080695, -0.314574, 0.036868], [-0.003224, -0.103758, 0.004141], [0.046271, -0.711657, -0.00428], [-0.136481, -0.649805, 0.262831], [0.005122, 0.024267, 0.031415], [0.003385, -1.111661, -0.152663], [-0.10561, -1.072338, 0.19186], [0.005616, 0.067326, 0.074381], [0.016697, -1.169479, -0.026443], [-0.178402, -1.130152, 0.297815], [0.009014, 0.288519, 0.097943], [0.093889, 0.194969, 0.084832], [-0.077389, 0.198819, 0.072939], [0.008421, 0.338257, 0.157138], [0.194434, 0.182826, 0.092997], [-0.180563, 0.185764, 0.095309], [0.255433, -0.071579, 0.01411], [-0.236522, -0.074835, 0.064314], [0.172821, -0.185358, 0.237272], [-0.307802, -0.305245, 0.181387], [0.177237, -0.213987, 0.322159], [-0.334587, -0.380032, 0.220984]], "im2d": [[-0.00136, -0.099205], [-0.089756, 0.008349], [0.079287, 0.006866], [0.017646, -0.221293], [-0.055663, 0.451015], [0.044779, 0.346819], [0.004294, -0.366207], [0.026108, 0.912112], [0.020582, 0.822739], [-0.009717, -0.419432], [-0.034866, 0.959249], [0.057468, 0.87231], [-0.012842, -0.666715], [-0.101318, -0.561467], [0.083446, -0.56463], [-0.031183, -0.729465], [-0.210589, -0.548856], [0.183682, -0.553479], [-0.257038, -0.257395], [0.243232, -0.261861], [-0.2535, -0.161604], [0.267733, -0.023233], [-0.289321, -0.141236], [0.278964, 0.053999]], "theta": [1.111812, -0.000307, 0.129199, 0.506351, 0.18473, -3.077918, 0.06898, -0.124981, -0.177527, -0.629747, -0.012711, -0.039722, 0.245686, -0.011263, -0.036547, 0.158576, -0.134496, 0.033819, 0.690392, -0.186508, -0.017703, -0.013247, -0.004139, 0.046199, -0.27285, 0.220379, -0.027309, -0.019235, -0.160519, 0.03502, 0.0903, -0.018898, -0.028985, -0.001954, 0.001716, 0.000832, 0.001436, 0.003077, -0.006766, -0.152388, -0.139232, -0.052763, 0.021871, -0.189169, -0.436687, -0.027244, 0.399131, 0.427058, 0.154997, -0.076708, -0.008091, 0.257242, -0.216952, -0.855969, 0.071324, 0.177361, 0.851742, -0.026358, -1.329085, 0.160164, -0.433731, 0.425812, -0.177066, 0.073543, -0.156458, 0.542133, -0.44796, 0.124673, -0.182218, 0.109432, 0.043866, -0.410085, 0.109553, -0.038434, 0.41706, 0.727571, -0.650486, -0.021835, -2.31521, 0.324334, 0.089147, 1.245162, -2.026934, 0.109316, 0.871889]}