{"hc3d": [[-0.000907, -0.218428, 0.038216], [0.080712, -0.315098, 0.03437], [-0.080723, -0.3145, 0.037043], [-0.003207, -0.103906, 0.004255], [0.122139, -0.696231, -0.073832], [-0.113334, -0.655448, 0.256246], [0.003021, 0.02474, 0.028154], [0.061801, -1.009706, -0.357633], [-0.095392, -1.074825, 0.339441], [0.000334, 0.069667, 0.069076], [0.143596, -1.092952, -0.281961], [-0.117905, -1.10807, 0.474147], [-0.000835, 0.291901, 0.073613], [0.085943, 0.199361, 0.072359], [-0.084566, 0.198824, 0.052877], [-0.001125, 0.358616, 0.112271], [0.18728, 0.194752, 0.075843], [-0.190425, 0.191888, 0.058683], [0.310172, -0.033005, 0.16071], [-0.266716, -0.049831, -0.026743], [0.261416, -0.183542, 0.370604], [-0.380907, -0.291165, -0.016675], [0.259919, -0.201096, 0.458326], [-0.439621, -0.357393, -0.019527]], "im2d": [[0.01514, -0.087555], [0.013765, 0.038915], [0.001011, -0.002314], [0.065606, -0.21018], [0.095351, 0.476261], [-0.283746, 0.341788], [0.053419, -0.351563], [0.374629, 0.830717], [-0.421913, 0.797086], [0.012426, -0.405218], [0.285788, 0.93507], [-0.577638, 0.815147], [0.031757, -0.648979], [0.028251, -0.525981], [0.039604, -0.56615], [-0.004158, -0.72565], [0.030016, -0.495956], [0.025899, -0.585553], [-0.082525, -0.224163], [0.090194, -0.33222], [-0.336877, -0.091457], [0.045396, -0.097761], [-0.437035, -0.080885], [0.037717, -0.039729]], "theta": [1.125732, 0.014356, 0.140651, 2.344878, 0.357039, -2.196884, 0.23593, 0.129383, 0.041186, -0.600399, 0.086613, -0.007416, 0.218915, -0.049848, -0.02321, 0.392988, 0.012705, -0.069223, 0.27584, 0.118854, 0.055146, -0.032307, -0.038242, 0.049064, -0.318704, 0.309583, 0.07434, 0.120881, -0.239429, 0.178401, 0.053785, 0.013732, -0.019372, -0.003234, 0.001443, 0.00459, 0.003498, 0.00383, -0.01115, -0.41522, -0.005528, 0.004421, 0.043069, -0.07677, -0.416617, 0.011523, 0.256859, 0.392851, -0.159704, 0.058875, 0.119587, -0.014029, -0.610874, -0.439393, 0.269697, 0.045468, 0.868411, 0.282074, -0.746215, -0.103904, -0.325708, 0.203697, -0.169389, 0.583405, -0.145756, 0.561218, -0.030935, 0.009631, -0.390995, 0.1104, 0.042626, -0.410773, 0.110235, -0.033485, 0.420406, 0.686042, -0.686433, -0.005039, -2.280843, 0.332334, 0.102694, 1.243713, -2.022581, 0.107516, 0.869505]}