{"hc3d": [[-0.000907, -0.218428, 0.038216], [0.080712, -0.315098, 0.03437], [-0.080723, -0.3145, 0.037043], [-0.003207, -0.103906, 0.004255], [0.155821, -0.693198, 0.134793], [-0.1418, -0.705426, 0.130882], [0.003413, 0.024928, 0.027008], [0.012104, -1.058765, -0.033006], [-0.097463, -1.065912, -0.0954], [0.003687, 0.07221, 0.065278], [0.116768, -1.100423, 0.048583], [-0.13997, -1.143848, 0.013582], [0.00751, 0.293522, 0.044879], [0.09208, 0.199052, 0.049218], [-0.079246, 0.201068, 0.039407], [0.007793, 0.359868, 0.084167], [0.190662, 0.175595, 0.043388], [-0.181497, 0.182907, 0.061828], [0.278326, -0.080326, 0.074972], [-0.239251, -0.077853, 0.047166], [0.280057, -0.291991, 0.230821], [-0.29818, -0.32929, 0.115649], [0.308995, -0.34745, 0.294794], [-0.317093, -0.414987, 0.127474]], "im2d": [[0.016094, -0.087803], [0.014947, 0.039385], [0.002138, -0.0022], [0.066542, -0.211146], [-0.134324, 0.464699], [-0.14944, 0.4035], [0.055298, -0.353195], [0.006051, 0.845788], [0.068756, 0.831779], [0.01739, -0.408625], [-0.083822, 0.910443], [-0.064848, 0.896704], [0.064517, -0.649064], [0.054583, -0.524304], [0.055363, -0.568792], [0.027527, -0.725542], [0.064626, -0.47314], [0.021931, -0.576659], [0.006767, -0.172632], [0.006672, -0.303219], [-0.191314, 0.04613], [-0.101162, -0.047979], [-0.267497, 0.108497], [-0.124891, 0.040371]], "theta": [1.131533, 0.015129, 0.140831, 2.346297, 0.355804, -2.198833, -0.296452, 0.081353, 0.098176, -0.276056, -0.035575, -0.051889, 0.212604, 0.016281, -0.021439, 0.681042, 0.31976, -0.238898, 0.716207, 0.04983, 0.124119, -0.086484, -0.050709, 0.029411, -0.494752, 0.275299, 0.241412, -0.270117, -0.159778, 0.113711, 0.00036, 0.012138, -0.025735, -0.004792, 0.003314, 0.004843, 0.002619, 0.004872, -0.011128, -0.291183, 0.004925, 0.053798, 0.023824, -0.06146, -0.584643, 0.011798, 0.371174, 0.522137, -0.036794, -0.108545, 0.055212, 0.099606, -0.39007, -0.533554, 0.324039, 0.184478, 0.813874, 0.232296, -0.46876, -0.116183, -0.084494, 0.146113, -0.110307, 0.384557, -0.062475, 0.492352, 0.037037, 0.025486, -0.030595, 0.107414, 0.041135, -0.408525, 0.107908, -0.033972, 0.41543, 0.686042, -0.686433, -0.005039, -2.280843, 0.332334, 0.102694, 1.243713, -2.022581, 0.107516, 0.869505]}