{"hc3d": [[-0.000907, -0.218428, 0.038216], [0.080712, -0.315098, 0.03437], [-0.080723, -0.3145, 0.037043], [-0.003207, -0.103906, 0.004255], [0.136664, -0.696922, 0.133191], [-0.14049, -0.716586, 0.026396], [-0.001385, 0.025408, 0.025091], [0.107679, -1.103973, 0.007018], [-0.104872, -1.130962, -0.074323], [-0.000763, 0.073892, 0.061822], [0.181766, -1.148559, 0.115966], [-0.146412, -1.194287, 0.044092], [-0.004566, 0.295047, 0.03977], [0.082853, 0.203104, 0.040072], [-0.088739, 0.200077, 0.039701], [-0.000626, 0.358504, 0.083394], [0.180853, 0.190738, 0.016713], [-0.191537, 0.193694, 0.065773], [0.244, -0.069589, -0.032481], [-0.274083, -0.060072, 0.084073], [0.318383, -0.31853, 0.007388], [-0.312552, -0.288554, 0.217111], [0.367376, -0.392006, 0.021764], [-0.329547, -0.354328, 0.273913]], "im2d": [[0.016298, -0.087871], [0.015192, 0.039478], [0.00237, -0.002182], [0.066756, -0.211373], [-0.133861, 0.464755], [-0.032682, 0.426222], [0.057358, -0.355141], [-0.037477, 0.916991], [0.038201, 0.900494], [0.021267, -0.411712], [-0.160436, 0.97477], [-0.104515, 0.948836], [0.069728, -0.65404], [0.064815, -0.530811], [0.054408, -0.570767], [0.027694, -0.726886], [0.09578, -0.490317], [0.018073, -0.592086], [0.126948, -0.183359], [-0.034965, -0.335323], [0.059744, 0.105734], [-0.211778, -0.105784], [0.038626, 0.197649], [-0.283877, -0.042898]], "theta": [1.132856, 0.015293, 0.140862, 2.346553, 0.355589, -2.199183, -0.276426, -0.032937, 0.062097, -0.017591, -0.057609, -0.053569, 0.196653, -0.016329, 0.013231, 0.457833, 0.069481, -0.090377, 0.13166, 0.141656, 0.11457, -0.102651, 0.002262, -0.000879, -0.259486, 0.318317, 0.109271, -0.08683, -0.241181, 0.137511, 0.024987, 0.048094, -0.010144, -0.002798, 0.00222, 0.002413, 0.002344, 0.003835, -0.008855, -0.212547, 0.053391, 0.036732, 0.019153, 0.07185, -0.521422, -0.012358, 0.337513, 0.38716, -0.076638, 0.058383, 0.028926, 0.123099, -0.188749, -0.763006, 0.293787, 0.243202, 0.784021, 0.11434, -0.188396, 0.002276, 0.074308, 0.32912, -0.113378, 0.370975, -0.081119, 0.398181, 0.241012, 0.173899, -0.282727, 0.108592, 0.042832, -0.409736, 0.109874, -0.036762, 0.416251, 0.686042, -0.686433, -0.005039, -2.280843, 0.332334, 0.102694, 1.243713, -2.022581, 0.107516, 0.869505]}