{"hc3d": [[-0.000907, -0.218428, 0.038216], [0.080712, -0.315098, 0.03437], [-0.080723, -0.3145, 0.037043], [-0.003207, -0.103906, 0.004255], [0.142652, -0.680766, 0.179754], [-0.15605, -0.711019, -0.012527], [-0.003042, 0.025274, 0.025983], [0.127169, -1.098848, 0.093627], [-0.129242, -1.128132, -0.104279], [-0.002708, 0.074995, 0.061026], [0.194302, -1.125889, 0.212406], [-0.167226, -1.175323, 0.022561], [-0.008297, 0.296298, 0.040932], [0.079913, 0.205114, 0.040948], [-0.09164, 0.20061, 0.039495], [-0.003301, 0.359244, 0.085184], [0.17767, 0.198647, 0.01441], [-0.194522, 0.197059, 0.065775], [0.240589, -0.058483, -0.049646], [-0.289912, -0.049603, 0.105837], [0.32449, -0.307034, -0.033008], [-0.279374, -0.234978, 0.297951], [0.379661, -0.377358, -0.028956], [-0.277834, -0.27641, 0.376198]], "im2d": [[0.016321, -0.087879], [0.015218, 0.039488], [0.002395, -0.00218], [0.066781, -0.211399], [-0.184169, 0.444285], [0.010838, 0.419792], [0.056255, -0.355538], [-0.133219, 0.908455], [0.070815, 0.89409], [0.022174, -0.413395], [-0.265797, 0.944278], [-0.079446, 0.924809], [0.068333, -0.656551], [0.063876, -0.533912], [0.05453, -0.572141], [0.025593, -0.728632], [0.099047, -0.499675], [0.018256, -0.596622], [0.1473, -0.19489], [-0.059306, -0.352884], [0.106885, 0.098349], [-0.295016, -0.163799], [0.098111, 0.189314], [-0.387514, -0.124983]], "theta": [1.133008, 0.015311, 0.140865, 2.346577, 0.355569, -2.199216, -0.393365, -0.088294, 0.090212, 0.077071, -0.065551, -0.09611, 0.203656, -0.01529, 0.025948, 0.470013, 0.035677, -0.118923, 0.010173, 0.194694, 0.136815, -0.144192, -0.002249, -0.009551, -0.283558, 0.331204, 0.151614, -0.170785, -0.216846, 0.082622, 0.068328, 0.046182, -0.003842, -0.002123, 0.001853, 0.001717, 0.00191, 0.003161, -0.007229, -0.208775, 0.078405, 0.024387, 0.009908, 0.114862, -0.47847, -0.006891, 0.341335, 0.348753, -0.072611, 0.112456, 0.024159, 0.135717, -0.155978, -0.81199, 0.294803, 0.311971, 0.715605, 0.083559, -0.155982, 0.01605, 0.110968, 0.604917, -0.164692, 0.381323, -0.052655, 0.435336, 0.274275, 0.219814, -0.363478, 0.109413, 0.043039, -0.411356, 0.110615, -0.037657, 0.416561, 0.686042, -0.686433, -0.005039, -2.280843, 0.332334, 0.102694, 1.243713, -2.022581, 0.107516, 0.869505]}