{"hc3d": [[-0.000772, -0.21895, 0.039903], [0.082037, -0.316005, 0.036805], [-0.081783, -0.31545, 0.039535], [-0.003036, -0.103962, 0.004753], [0.127612, -0.673116, 0.203683], [-0.153549, -0.712687, 0.074699], [-0.002016, 0.025935, 0.014174], [0.066431, -1.02873, -0.023191], [-0.091964, -1.130301, 0.009356], [-0.002314, 0.071584, 0.054942], [0.128443, -1.111911, 0.069383], [-0.16726, -1.193998, 0.109584], [-0.001992, 0.294991, 0.054724], [0.084654, 0.20164, 0.050484], [-0.088084, 0.201816, 0.04138], [-0.006051, 0.332631, 0.121186], [0.185227, 0.185805, 0.043657], [-0.192388, 0.192889, 0.062286], [0.268894, -0.064311, -0.021955], [-0.295246, -0.049789, 0.106611], [0.261224, -0.31856, 0.042915], [-0.345868, -0.238917, 0.287726], [0.272728, -0.399986, 0.078643], [-0.361267, -0.303036, 0.34717]], "im2d": [[0.014392, -0.081897], [-0.063404, 0.040722], [0.084785, 0.019481], [0.047428, -0.206995], [-0.244054, 0.42135], [0.107471, 0.46075], [0.045105, -0.358597], [-0.035331, 0.873127], [0.081423, 0.963715], [0.017165, -0.420127], [-0.164278, 0.956345], [0.073529, 1.006043], [0.026637, -0.677456], [-0.053673, -0.558387], [0.111433, -0.5777], [-0.017217, -0.735823], [-0.141502, -0.52637], [0.191197, -0.584713], [-0.180395, -0.213646], [0.242253, -0.327326], [-0.232308, 0.064216], [0.146477, -0.155107], [-0.2728, 0.151647], [0.113839, -0.096079]], "theta": [1.179045, 0.012978, 0.14949, 1.058324, 0.334094, -2.977296, -0.449327, -0.161388, 0.067843, -0.144455, -0.130149, -0.08027, 0.116042, 0.008446, 0.019363, 0.893369, 0.253617, -0.175704, 0.203751, -0.03271, 0.153717, 0.046814, -0.042994, -0.000958, -0.240592, 0.237155, 0.017116, -0.036132, -0.306963, 0.112639, 0.059558, 0.015235, -0.02459, -0.000906, 0.000875, 9.1e-05, 0.001373, 0.002011, -0.00525, 0.129139, -0.177399, -0.062845, 0.0014, -0.06964, -0.525305, -0.0341, 0.352368, 0.401228, 0.24009, -0.089039, -0.018815, 0.259102, -0.165673, -0.697914, 0.091099, 0.299321, 0.616805, 0.200778, -0.471581, -0.161128, -0.230655, 0.477896, -0.053622, 0.183069, -0.197232, 0.365687, -0.260134, 0.106301, -0.113205, 0.110508, 0.044163, -0.412609, 0.110385, -0.038508, 0.41724, 0.691433, -0.89741, 0.011076, -2.356746, 0.336377, 0.062097, 1.243516, -2.075591, 0.087786, 0.850529]}