{"hc3d": [[-0.000851, -0.21872, 0.038881], [0.08135, -0.315631, 0.035332], [-0.081252, -0.315047, 0.038011], [-0.003137, -0.103897, 0.004387], [0.104025, -0.666143, -0.152425], [-0.070344, -0.645963, 0.274014], [0.003497, 0.025437, 0.022782], [0.006063, -1.027735, -0.357927], [-0.097251, -1.070478, 0.32259], [0.002892, 0.073523, 0.060362], [0.105989, -1.05102, -0.263877], [-0.078233, -1.075898, 0.461907], [0.013937, 0.295839, 0.051286], [0.095618, 0.198872, 0.060945], [-0.073955, 0.206035, 0.031372], [0.019569, 0.354567, 0.100623], [0.196768, 0.189173, 0.06658], [-0.180021, 0.197131, 0.035281], [0.238378, -0.079099, 0.087817], [-0.229878, -0.027455, -0.101366], [0.21335, -0.184739, 0.327283], [-0.219569, -0.273336, 0.002682], [0.231435, -0.215601, 0.409439], [-0.211663, -0.357406, 0.029783]], "im2d": [[0.013855, -0.115713], [0.090125, 0.001157], [-0.063111, -0.020412], [0.036036, -0.247557], [0.217845, 0.361382], [-0.207272, 0.380776], [0.034286, -0.3862], [0.243746, 0.715288], [-0.273531, 0.851646], [0.011807, -0.433502], [0.278273, 0.768235], [-0.341891, 0.881166], [0.033573, -0.678019], [0.101207, -0.55916], [-0.038457, -0.593758], [0.009936, -0.734435], [0.19178, -0.534367], [-0.139992, -0.597286], [0.210391, -0.230542], [-0.108103, -0.377394], [0.036537, -0.081395], [-0.169171, -0.08979], [0.001899, -0.032648], [-0.180739, 0.007839]], "theta": [1.118271, 0.013241, 0.115245, 3.164266, 0.122482, -0.948469, 0.444739, 0.232412, 0.035338, -0.644872, 0.271024, 0.048014, 0.175675, -0.124148, -0.029393, -0.007104, -0.022864, -0.166198, 0.431364, 0.109796, -0.05377, -0.073696, -0.024526, -0.019805, -0.672391, 0.349959, 0.147969, -0.11032, 0.02787, -0.001824, 0.073952, 0.008203, 0.010881, -0.002801, 0.002253, 0.002424, 0.001948, 0.003126, -0.006943, -0.191762, 0.057128, -0.063055, 0.044756, -0.037646, -0.425674, 0.048177, 0.302888, 0.457803, -0.071473, -0.001895, 0.030448, 0.102471, -0.487153, -0.817715, 0.426965, -0.111812, 1.005561, -0.067717, -0.914179, 0.242917, 0.180036, 0.825241, -0.202837, 0.238024, -0.060623, 0.412549, -0.139589, 0.072491, -0.034515, 0.108966, 0.04293, -0.41041, 0.109339, -0.037584, 0.416262, 0.702156, -0.761614, 0.0184, -2.330334, 0.346274, 0.075605, 1.276196, -2.067508, 0.091546, 0.876109]}