{"hc3d": [[-0.000851, -0.21872, 0.038881], [0.08135, -0.315631, 0.035332], [-0.081252, -0.315047, 0.038011], [-0.003137, -0.103897, 0.004387], [0.103998, -0.65613, -0.170027], [-0.050001, -0.644572, 0.274143], [0.004421, 0.025623, 0.021036], [0.00368, -0.990098, -0.416966], [-0.076296, -1.071576, 0.290669], [0.002878, 0.073437, 0.058934], [0.104793, -1.027199, -0.328805], [-0.054708, -1.084707, 0.429095], [0.011996, 0.295739, 0.047643], [0.094425, 0.199651, 0.059479], [-0.074772, 0.20491, 0.02746], [0.018761, 0.354196, 0.09716], [0.19545, 0.190231, 0.067371], [-0.180857, 0.196135, 0.031171], [0.228459, -0.079838, 0.078568], [-0.232412, -0.030922, -0.100678], [0.21172, -0.190188, 0.316628], [-0.220609, -0.271311, 0.015356], [0.228257, -0.227938, 0.396193], [-0.215171, -0.35237, 0.050917]], "im2d": [[0.013856, -0.115713], [0.090126, 0.001157], [-0.063111, -0.020412], [0.036036, -0.247558], [0.228944, 0.347703], [-0.188348, 0.381936], [0.03623, -0.386549], [0.278942, 0.664644], [-0.234331, 0.850781], [0.012674, -0.433628], [0.317845, 0.732057], [-0.299949, 0.888988], [0.034008, -0.678718], [0.101021, -0.560397], [-0.036835, -0.593221], [0.01131, -0.734659], [0.190093, -0.535586], [-0.138263, -0.596923], [0.206832, -0.232429], [-0.110982, -0.37381], [0.041447, -0.077225], [-0.177907, -0.090239], [0.006783, -0.021494], [-0.196915, 0.005033]], "theta": [1.118275, 0.013241, 0.115245, 3.164266, 0.122482, -0.94847, 0.490863, 0.280129, 0.055483, -0.651863, 0.29858, 0.092407, 0.160483, -0.152324, -0.036846, 0.072712, -0.029648, -0.150708, 0.51861, 0.112651, -0.060422, -0.050234, -0.016155, -0.010574, -0.664908, 0.33357, 0.101996, -0.124794, 0.018693, -0.029954, 0.057033, 0.01573, 0.019029, -0.00402, 0.00302, 0.003754, 0.002151, 0.004246, -0.008609, -0.179008, 0.098457, -0.073942, 0.031948, -0.048323, -0.430129, 0.044046, 0.312952, 0.44597, -0.085155, 0.052598, 0.021944, 0.108692, -0.437028, -0.87624, 0.397465, -0.126201, 0.990295, -0.06662, -0.905322, 0.290287, 0.24188, 0.857293, -0.206397, 0.160076, -0.043291, 0.34848, -0.137108, 0.097618, -0.090945, 0.107884, 0.042447, -0.408822, 0.108456, -0.036893, 0.415762, 0.702156, -0.761614, 0.0184, -2.330334, 0.346274, 0.075605, 1.276196, -2.067508, 0.091546, 0.876109]}