{"hc3d": [[-0.000896, -0.218551, 0.038349], [0.080898, -0.315282, 0.03458], [-0.080894, -0.314685, 0.037236], [-0.003193, -0.103938, 0.004229], [0.165695, -0.701184, 0.085146], [-0.098996, -0.697388, 0.1734], [0.004097, 0.024599, 0.028273], [0.033305, -0.891901, -0.27333], [-0.087783, -1.112985, 0.072211], [0.007312, 0.07153, 0.066951], [0.122282, -0.984556, -0.219942], [-0.101169, -1.180007, 0.195096], [0.021439, 0.292284, 0.044376], [0.101565, 0.193898, 0.048513], [-0.069848, 0.204049, 0.040969], [0.018489, 0.354875, 0.089272], [0.199447, 0.169371, 0.036455], [-0.175109, 0.196384, 0.054281], [0.240275, -0.097259, 0.073791], [-0.212943, -0.05246, -0.036176], [0.265095, -0.298879, 0.2406], [-0.274285, -0.312461, -0.034213], [0.302485, -0.359326, 0.295027], [-0.299302, -0.397418, -0.036367]], "im2d": [[0.009264, -0.107418], [0.082245, 0.009549], [-0.067616, -0.013054], [0.033792, -0.237698], [0.110799, 0.450951], [-0.187137, 0.421133], [0.03106, -0.374832], [0.206953, 0.598234], [-0.131664, 0.866449], [0.011723, -0.421171], [0.250668, 0.718703], [-0.224381, 0.953185], [0.048765, -0.664274], [0.11516, -0.544755], [-0.036659, -0.580415], [0.020561, -0.72789], [0.211331, -0.505834], [-0.141819, -0.584866], [0.213277, -0.20301], [-0.130585, -0.328011], [0.121856, 0.042084], [-0.199641, -0.050851], [0.119097, 0.120227], [-0.224999, 0.038687]], "theta": [1.112885, 0.009221, 0.122029, 3.134347, 0.141647, -0.968595, -0.172496, 0.103736, 0.126468, -0.373576, 0.080174, 0.039695, 0.22243, 0.001375, -0.027652, 1.178221, 0.185778, -0.169543, 0.488927, 0.084084, 0.019065, -0.089639, -0.021286, -0.013036, -0.543794, 0.25981, 0.088681, -0.014772, -0.068093, 0.078359, -0.016276, 0.002865, -0.027533, -0.002679, 0.001458, 0.003709, 0.001542, 0.002946, -0.007271, -0.187817, -0.169599, 0.039013, 0.062924, -0.002944, -0.559254, 0.032, 0.259812, 0.482033, -0.100909, -0.114079, 0.144636, 5.9e-05, -0.474743, -0.684156, 0.36226, 0.023733, 1.060495, -0.01197, -0.407247, 0.009398, -0.088323, 0.16682, -0.157242, 0.236681, -0.074866, 0.455539, -0.105852, 0.064928, -0.1606, 0.109989, 0.043471, -0.410521, 0.110159, -0.03877, 0.420139, 0.690784, -0.707493, -0.000679, -2.287887, 0.356154, 0.079915, 1.271214, -2.039605, 0.097638, 0.87934]}