{"hc3d": [[-0.000896, -0.218551, 0.038349], [0.080898, -0.315282, 0.03458], [-0.080894, -0.314685, 0.037236], [-0.003193, -0.103938, 0.004229], [0.095555, -0.692861, 0.160624], [-0.08768, -0.71809, -0.013241], [0.001502, 0.023394, 0.034518], [0.032081, -1.112106, 0.109539], [-0.095188, -1.114053, -0.17524], [0.004065, 0.072412, 0.070567], [0.100606, -1.124599, 0.229957], [-0.10491, -1.16883, -0.046102], [6.4e-05, 0.293238, 0.04485], [0.087282, 0.201, 0.043405], [-0.084466, 0.198571, 0.049679], [0.012269, 0.354551, 0.089947], [0.183346, 0.191834, 0.011538], [-0.186851, 0.192073, 0.077798], [0.191122, -0.053564, -0.106239], [-0.275168, -0.060176, 0.067409], [0.316135, -0.250919, 0.014238], [-0.208601, -0.21126, 0.277432], [0.383178, -0.304554, 0.03959], [-0.185429, -0.245565, 0.355755]], "im2d": [[0.011073, -0.108083], [0.085031, 0.009973], [-0.066202, -0.012781], [0.035538, -0.23978], [0.002283, 0.446563], [-0.057185, 0.426871], [0.025888, -0.376363], [-0.041381, 0.895832], [0.022658, 0.843906], [0.007305, -0.425716], [-0.05542, 0.934584], [-0.071054, 0.919784], [0.029288, -0.67428], [0.106965, -0.560154], [-0.055906, -0.580473], [0.01436, -0.734765], [0.215723, -0.540754], [-0.168773, -0.58387], [0.287787, -0.282796], [-0.254369, -0.317903], [0.31817, -0.03134], [-0.333227, -0.114371], [0.361713, 0.040637], [-0.363238, -0.063121]], "theta": [1.12414, 0.010746, 0.122404, 3.137237, 0.139114, -0.972566, -0.351359, 0.013497, -0.048914, 0.090333, 0.047337, 0.083071, 0.272072, 0.032514, -0.004654, 0.351686, 0.033253, -0.061929, 0.18475, 0.130038, -0.089774, -0.192093, 0.006474, 0.009302, -0.403755, 0.288846, 0.081233, -0.263422, -0.044206, 0.078133, 0.021793, 0.03393, -0.011275, -0.002952, 0.002187, 0.003406, 0.001847, 0.003334, -0.007843, -0.159088, 0.04963, -0.063142, 0.005257, 0.124872, -0.487263, -0.026693, 0.320747, 0.397712, -0.136392, -0.040507, 0.009703, 0.239889, 0.069583, -0.955153, 0.329052, 0.107549, 0.827417, -0.274371, -0.859719, 0.287746, 0.023729, 1.010686, -0.165401, -0.066951, -0.145209, 0.518404, -0.272023, 0.289487, -0.237741, 0.108832, 0.041994, -0.41119, 0.109679, -0.036481, 0.41671, 0.690784, -0.707493, -0.000679, -2.287887, 0.356154, 0.079915, 1.271214, -2.039605, 0.097638, 0.87934]}