{"hc3d": [[-0.000896, -0.218551, 0.038349], [0.080898, -0.315282, 0.03458], [-0.080894, -0.314685, 0.037236], [-0.003193, -0.103938, 0.004229], [0.067561, -0.713371, 0.030782], [-0.110957, -0.704156, 0.150098], [0.00279, 0.023429, 0.034142], [0.011724, -1.134965, -0.008536], [-0.10043, -0.965737, -0.188356], [0.004059, 0.070184, 0.073145], [0.06857, -1.171141, 0.113169], [-0.131341, -1.093491, -0.138405], [0.008082, 0.291258, 0.049651], [0.092469, 0.196444, 0.052164], [-0.079354, 0.199147, 0.048631], [0.014029, 0.352445, 0.096158], [0.191518, 0.180233, 0.036219], [-0.182736, 0.193794, 0.073109], [0.22127, -0.084594, -0.01976], [-0.241475, -0.065129, 0.040761], [0.288023, -0.325379, 0.061838], [-0.259222, -0.304167, 0.158713], [0.32853, -0.401781, 0.084991], [-0.256645, -0.379923, 0.204567]], "im2d": [[0.011221, -0.108157], [0.08526, 0.010001], [-0.066101, -0.01277], [0.03569, -0.239981], [0.058701, 0.449215], [-0.182315, 0.429535], [0.027438, -0.376584], [0.014533, 0.904044], [0.032742, 0.6777], [0.005647, -0.423263], [-0.01215, 0.967676], [-0.033115, 0.821523], [0.033625, -0.670929], [0.106128, -0.553732], [-0.050471, -0.581026], [0.01197, -0.732003], [0.207279, -0.524054], [-0.161983, -0.586292], [0.259499, -0.233369], [-0.206487, -0.311403], [0.259052, 0.053439], [-0.308268, -0.033592], [0.278541, 0.146775], [-0.338351, 0.056676]], "theta": [1.125166, 0.010869, 0.122425, 3.137411, 0.13897, -0.972804, -0.020317, 0.077612, -0.114972, -0.319237, 0.001672, 0.021709, 0.267547, -0.016339, -0.019353, -0.005255, -0.084669, 0.011502, 1.113788, -0.023095, -0.044697, -0.127647, 0.005639, 0.019828, -0.207263, 0.276623, -0.005398, -0.01107, -0.025652, 0.142557, -0.027239, 0.023822, -0.030042, -0.001029, 0.001209, 0.000359, 0.001372, 0.002359, -0.005247, -0.165677, -0.042195, -0.040685, 0.030182, 0.015896, -0.51751, -0.028729, 0.345, 0.411942, -0.054078, -0.089914, 0.040036, 0.097158, -0.126635, -0.865058, 0.300096, 0.094735, 0.966443, -0.101751, -0.375661, 0.102329, 0.054711, 0.447327, -0.149374, -0.035566, -0.130243, 0.366163, -0.269975, 0.238328, -0.105604, 0.11034, 0.043789, -0.412912, 0.110593, -0.03853, 0.416836, 0.690784, -0.707493, -0.000679, -2.287887, 0.356154, 0.079915, 1.271214, -2.039605, 0.097638, 0.87934]}