{"hc3d": [[-0.000896, -0.218551, 0.038349], [0.080898, -0.315282, 0.03458], [-0.080894, -0.314685, 0.037236], [-0.003193, -0.103938, 0.004229], [0.079173, -0.713317, 0.01932], [-0.119697, -0.694887, 0.176054], [0.002999, 0.023536, 0.03364], [0.023683, -1.132541, -0.040487], [-0.098033, -1.015305, -0.1067], [0.005073, 0.070511, 0.072343], [0.078835, -1.169149, 0.081867], [-0.131835, -1.12895, -0.03111], [0.012287, 0.291654, 0.05032], [0.095233, 0.195552, 0.051514], [-0.076551, 0.200895, 0.049374], [0.016259, 0.35137, 0.098903], [0.194172, 0.177512, 0.03691], [-0.179835, 0.194886, 0.074112], [0.225335, -0.090896, 0.00317], [-0.232393, -0.06412, 0.032987], [0.275767, -0.333478, 0.090935], [-0.263774, -0.316682, 0.114193], [0.31335, -0.410005, 0.118235], [-0.261383, -0.401129, 0.140862]], "im2d": [[0.011222, -0.108158], [0.085262, 0.010001], [-0.066101, -0.01277], [0.035691, -0.239983], [0.076772, 0.449298], [-0.206599, 0.421374], [0.027958, -0.376741], [0.046116, 0.89892], [-0.019286, 0.743496], [0.007112, -0.42359], [0.017433, 0.96288], [-0.103611, 0.87456], [0.037105, -0.670705], [0.109065, -0.552446], [-0.048279, -0.582484], [0.012234, -0.730154], [0.209181, -0.520581], [-0.159895, -0.586976], [0.248348, -0.222873], [-0.193076, -0.312262], [0.228785, 0.064456], [-0.284558, -0.026056], [0.242914, 0.158057], [-0.302917, 0.071365]], "theta": [1.125174, 0.01087, 0.122426, 3.137412, 0.138969, -0.972805, 0.007669, 0.069449, -0.085015, -0.386442, 0.007709, -0.00113, 0.263809, -0.010819, -0.020399, 0.014548, -0.078763, -0.016628, 0.992362, -0.051482, -0.007897, -0.130106, 0.009173, 0.011111, -0.248603, 0.2624, -0.007795, -0.039056, -0.025745, 0.118442, -0.014286, 0.020302, -0.03664, -0.001961, 0.001798, 0.001491, 0.001691, 0.003175, -0.006753, -0.138081, -0.061003, -0.002815, 0.027102, -0.007462, -0.517693, -0.013041, 0.339524, 0.431018, -0.037753, -0.113387, 0.056112, 0.074545, -0.203935, -0.839061, 0.269901, 0.081499, 0.9888, -0.021164, -0.314042, 0.055111, 0.038366, 0.322179, -0.116989, 0.039437, -0.123568, 0.384099, -0.26197, 0.186256, -0.008178, 0.109762, 0.043094, -0.412145, 0.109977, -0.037638, 0.416485, 0.690784, -0.707493, -0.000679, -2.287887, 0.356154, 0.079915, 1.271214, -2.039605, 0.097638, 0.87934]}