{"hc3d": [[-0.000896, -0.218551, 0.038349], [0.080898, -0.315282, 0.03458], [-0.080894, -0.314685, 0.037236], [-0.003193, -0.103938, 0.004229], [0.093052, -0.712317, 0.004869], [-0.127771, -0.69016, 0.186068], [0.002921, 0.023352, 0.034442], [0.037452, -1.130921, -0.059042], [-0.107171, -1.071158, -0.007587], [0.004533, 0.069713, 0.0739], [0.098317, -1.163276, 0.061792], [-0.14274, -1.161013, 0.094553], [0.016332, 0.291191, 0.058093], [0.09748, 0.193563, 0.05907], [-0.074045, 0.202158, 0.052132], [0.017546, 0.349729, 0.108232], [0.196317, 0.171999, 0.049378], [-0.177788, 0.196604, 0.074983], [0.234022, -0.097448, 0.038005], [-0.234157, -0.05771, 0.014282], [0.277843, -0.336491, 0.138153], [-0.27567, -0.315645, 0.070082], [0.316401, -0.409567, 0.172611], [-0.275836, -0.403211, 0.083507]], "im2d": [[0.011223, -0.108158], [0.085263, 0.010001], [-0.0661, -0.01277], [0.035692, -0.239984], [0.09889, 0.448262], [-0.22027, 0.416298], [0.027366, -0.376447], [0.070781, 0.896656], [-0.093404, 0.816903], [0.005584, -0.422582], [0.048532, 0.956497], [-0.195334, 0.924742], [0.035862, -0.668634], [0.106233, -0.548961], [-0.04767, -0.583186], [0.007396, -0.726961], [0.202969, -0.512571], [-0.158486, -0.588488], [0.233854, -0.209931], [-0.182488, -0.322017], [0.200411, 0.074147], [-0.267335, -0.034518], [0.211012, 0.164974], [-0.279729, 0.06431]], "theta": [1.125179, 0.01087, 0.122426, 3.137412, 0.138969, -0.972806, 0.042449, 0.076413, -0.048578, -0.413177, 0.008757, -0.021825, 0.269436, -0.028222, -0.021543, -0.007991, -0.043739, -0.047595, 0.766453, -0.043034, 0.017738, -0.120198, 0.005589, 0.008023, -0.286507, 0.25139, 0.012105, -0.050113, -0.043634, 0.117319, -0.002557, 0.010338, -0.046612, -0.001883, 0.001786, 0.001343, 0.001594, 0.003071, -0.006578, -0.139155, -0.082843, 0.019995, 0.017488, -0.036962, -0.532624, 0.003542, 0.350582, 0.436141, -0.037097, -0.148312, 0.080206, 0.025027, -0.267738, -0.771701, 0.276353, 0.04961, 0.996963, 0.031593, -0.281862, 0.028747, 0.030892, 0.296975, -0.10893, 0.150137, -0.119613, 0.415341, -0.208555, 0.1442, 0.033102, 0.109478, 0.043391, -0.411278, 0.110004, -0.038546, 0.416448, 0.690784, -0.707493, -0.000679, -2.287887, 0.356154, 0.079915, 1.271214, -2.039605, 0.097638, 0.87934]}