{"hc3d": [[-0.000896, -0.218551, 0.038349], [0.080898, -0.315282, 0.03458], [-0.080894, -0.314685, 0.037236], [-0.003193, -0.103938, 0.004229], [0.106977, -0.673477, -0.13771], [-0.070958, -0.663926, 0.24523], [0.006061, 0.025201, 0.02399], [0.016313, -1.016836, -0.374965], [-0.083005, -1.0874, 0.30532], [0.004816, 0.072071, 0.062855], [0.113964, -1.053274, -0.28283], [-0.07118, -1.094902, 0.445232], [0.018651, 0.293992, 0.061754], [0.098876, 0.195836, 0.068576], [-0.069924, 0.20616, 0.037872], [0.0172, 0.354236, 0.109823], [0.199599, 0.183726, 0.074569], [-0.176256, 0.203646, 0.039573], [0.253367, -0.074079, 0.143834], [-0.21962, -0.016954, -0.105316], [0.248613, -0.20734, 0.370353], [-0.301973, -0.267441, -0.148226], [0.264484, -0.242494, 0.451139], [-0.324902, -0.348853, -0.17458]], "im2d": [[0.011223, -0.108159], [0.085264, 0.010001], [-0.0661, -0.01277], [0.035693, -0.239985], [0.204501, 0.388817], [-0.204412, 0.402678], [0.037028, -0.379405], [0.257858, 0.72664], [-0.271662, 0.878435], [0.013003, -0.426578], [0.287812, 0.792432], [-0.350434, 0.906352], [0.035786, -0.670954], [0.101548, -0.550072], [-0.034577, -0.588886], [0.006249, -0.731808], [0.190402, -0.521894], [-0.134149, -0.600635], [0.18511, -0.219586], [-0.090916, -0.380558], [0.030402, -0.043363], [-0.150165, -0.119653], [-0.008004, 0.0082], [-0.157945, -0.035915]], "theta": [1.125186, 0.010871, 0.122426, 3.137413, 0.138969, -0.972806, 0.405215, 0.186442, 0.027229, -0.564955, 0.21831, 0.069493, 0.1842, -0.098647, -0.048389, 0.109658, 0.009858, -0.133495, 0.319477, 0.187024, -0.050364, -0.046244, -0.039519, 0.014548, -0.618853, 0.354501, 0.16398, -0.07674, -0.081999, 0.054838, 0.071926, -0.011094, -0.018075, -0.001402, 0.001265, 0.000601, 0.001941, 0.002375, -0.00591, -0.236348, -0.015143, 0.015009, 0.037439, -0.038361, -0.434178, 0.022235, 0.286454, 0.413531, -0.06631, -0.03211, 0.104425, -0.022642, -0.608089, -0.667297, 0.300406, -0.193557, 1.040957, -0.013275, -0.631228, 0.142747, -0.062975, 0.259009, -0.14466, 0.289182, -0.142486, 0.356011, -0.1345, -0.012034, -0.053622, 0.109897, 0.044518, -0.41102, 0.110006, -0.038963, 0.417028, 0.690784, -0.707493, -0.000679, -2.287887, 0.356154, 0.079915, 1.271214, -2.039605, 0.097638, 0.87934]}