{"hc3d": [[-0.000804, -0.219101, 0.039666], [0.081868, -0.316146, 0.03645], [-0.081685, -0.315576, 0.039167], [-0.003075, -0.104103, 0.004631], [0.09008, -0.712855, 0.026016], [-0.117172, -0.585433, 0.339515], [0.003766, 0.021403, 0.039667], [0.063594, -0.915092, -0.348316], [-0.08453, -1.009514, 0.299766], [0.003658, 0.061522, 0.085906], [0.102078, -1.016434, -0.261163], [-0.133459, -1.064058, 0.419837], [0.004334, 0.28274, 0.115958], [0.090826, 0.190625, 0.099866], [-0.081708, 0.192523, 0.089214], [0.001632, 0.327253, 0.178294], [0.191382, 0.174687, 0.106585], [-0.184582, 0.173699, 0.110672], [0.25683, -0.084003, 0.054264], [-0.2477, -0.085422, 0.091631], [0.179152, -0.220113, 0.26507], [-0.273096, -0.295681, 0.254009], [0.206073, -0.258519, 0.341544], [-0.297147, -0.36132, 0.308797]], "im2d": [[-0.013228, -0.063646], [-0.113354, 0.046499], [0.077652, 0.050657], [-0.005015, -0.190741], [-0.137516, 0.506942], [0.098413, 0.313637], [-0.009512, -0.342036], [-0.101049, 0.804537], [0.045706, 0.809874], [-0.009498, -0.3962], [-0.152884, 0.905924], [0.096603, 0.854419], [-0.003016, -0.657191], [-0.106968, -0.550712], [0.095051, -0.545558], [-0.00037, -0.719054], [-0.225284, -0.536642], [0.213778, -0.524062], [-0.30965, -0.230697], [0.278432, -0.219055], [-0.231421, -0.106075], [0.294489, -0.002215], [-0.267003, -0.075336], [0.318194, 0.065312]], "theta": [1.169444, -0.010507, 0.164677, 0.050179, 0.222992, -3.10322, -0.001051, -0.04683, -0.062304, -0.868514, 0.089251, -0.029942, 0.313582, -0.026299, -0.028439, 0.942765, -0.054243, -0.091497, 0.84646, -0.186756, 0.020298, -0.020934, 0.000195, 0.040851, -0.566493, 0.246935, 0.004247, 0.030276, -0.070962, 0.018129, 0.065454, 0.002659, -0.022362, -0.00135, 0.000321, 0.002352, 0.001489, 0.001955, -0.006453, -0.111105, -0.179783, -0.062731, 0.029402, -0.205945, -0.481708, 0.031962, 0.394462, 0.454653, 0.084495, -0.064866, 0.057506, 0.141648, -0.289775, -0.753838, 0.116172, 0.305819, 0.734752, -0.112353, -1.164811, -0.029689, -0.491054, 0.617189, -0.119544, 0.000391, -0.09268, 0.764224, -0.436803, 0.143452, -0.326634, 0.111437, 0.044735, -0.411426, 0.111366, -0.036924, 0.422436, 0.696279, -0.873894, 0.00261, -2.332296, 0.35781, 0.044486, 1.257942, -2.082754, 0.1183, 0.836747]}