{"hc3d": [[-0.000804, -0.219101, 0.039666], [0.081868, -0.316146, 0.03645], [-0.081685, -0.315576, 0.039167], [-0.003075, -0.104103, 0.004631], [0.036853, -0.676432, 0.196832], [-0.136723, -0.695794, 0.168382], [0.006608, 0.023205, 0.031557], [-0.046998, -1.053783, 0.017109], [-0.059797, -0.945619, -0.169494], [0.00926, 0.065144, 0.076073], [0.003168, -1.10439, 0.136562], [-0.12015, -1.051764, -0.09966], [0.017173, 0.287526, 0.094097], [0.100325, 0.192271, 0.078696], [-0.072423, 0.198512, 0.076574], [0.017267, 0.331152, 0.157116], [0.200263, 0.171797, 0.080708], [-0.172877, 0.185951, 0.11047], [0.254227, -0.08694, 0.016798], [-0.243686, -0.068709, 0.150773], [0.231291, -0.281738, 0.191519], [-0.274379, -0.277598, 0.314], [0.256201, -0.339424, 0.255549], [-0.283148, -0.346533, 0.369315]], "im2d": [[-0.011417, -0.063847], [-0.112141, 0.047899], [0.080873, 0.051304], [-0.003561, -0.192421], [-0.077134, 0.443697], [0.128236, 0.475901], [-0.011769, -0.34608], [0.016116, 0.917385], [0.041949, 0.822434], [-0.015197, -0.402644], [-0.049354, 0.955213], [0.107001, 0.936569], [-0.017803, -0.665958], [-0.118569, -0.554281], [0.085675, -0.556445], [-0.018858, -0.727517], [-0.23732, -0.533438], [0.202566, -0.544641], [-0.307236, -0.221647], [0.276128, -0.251588], [-0.293319, -0.022401], [0.299172, -0.033724], [-0.327094, 0.033671], [0.305116, 0.037892]], "theta": [1.181738, -0.008858, 0.165073, 0.053244, 0.220314, -3.107431, -0.448866, -0.211114, -0.158669, -0.372532, -0.06141, -0.033311, 0.253209, 0.049217, -0.04315, 0.735974, 0.230661, -0.072368, 1.200321, -0.130793, 0.03425, -0.001793, -0.014542, 0.048943, -0.427805, 0.250032, 0.067708, -0.288946, -0.09177, 0.001017, 0.052391, -0.015423, -0.0453, -0.001177, 0.001143, -7.6e-05, 0.001244, 0.002269, -0.006003, -0.041453, -0.187354, -0.052295, -0.032169, -0.214016, -0.501971, -0.050995, 0.460477, 0.425988, 0.268657, -0.216068, -0.009539, 0.179364, -0.152112, -0.781214, 0.072039, 0.32743, 0.695145, -0.190927, -0.874973, -0.031002, -0.516073, 0.41209, -0.047734, -0.077982, -0.205912, 0.54289, -0.516523, 0.120125, -0.133585, 0.109639, 0.045217, -0.409308, 0.109826, -0.037545, 0.418084, 0.696279, -0.873894, 0.00261, -2.332296, 0.35781, 0.044486, 1.257942, -2.082754, 0.1183, 0.836747]}