{"hc3d": [[-0.000804, -0.219101, 0.039666], [0.081868, -0.316146, 0.03645], [-0.081685, -0.315576, 0.039167], [-0.003075, -0.104103, 0.004631], [0.049416, -0.693184, 0.156216], [-0.157563, -0.662568, 0.234437], [0.006467, 0.023098, 0.032106], [-0.029708, -1.073501, -0.019352], [-0.066558, -0.921389, -0.093007], [0.009874, 0.065962, 0.07568], [0.01556, -1.123314, 0.10237], [-0.129603, -1.02823, -0.026701], [0.019658, 0.288381, 0.092264], [0.101966, 0.192367, 0.077049], [-0.070735, 0.199983, 0.075748], [0.020836, 0.333885, 0.15393], [0.201948, 0.172129, 0.079237], [-0.171942, 0.187183, 0.10723], [0.255545, -0.087372, 0.018181], [-0.240993, -0.071016, 0.114639], [0.2086, -0.241758, 0.22545], [-0.275693, -0.287086, 0.26738], [0.231808, -0.286706, 0.299538], [-0.285866, -0.359337, 0.318025]], "im2d": [[-0.011417, -0.063847], [-0.112141, 0.047899], [0.080874, 0.051304], [-0.003561, -0.192422], [-0.090978, 0.469733], [0.151435, 0.426578], [-0.011627, -0.346044], [-0.003565, 0.946066], [0.047827, 0.781499], [-0.015879, -0.403554], [-0.063313, 0.982722], [0.116168, 0.897113], [-0.020638, -0.666723], [-0.12044, -0.554165], [0.083764, -0.558076], [-0.022859, -0.730283], [-0.239243, -0.533629], [0.201627, -0.545569], [-0.30886, -0.22141], [0.27425, -0.242924], [-0.266487, -0.074203], [0.302184, -0.014798], [-0.298212, -0.034663], [0.309854, 0.061517]], "theta": [1.181743, -0.008857, 0.165073, 0.053244, 0.220314, -3.107432, -0.33606, -0.168436, -0.142051, -0.556738, -0.063883, -0.082189, 0.257361, 0.046746, -0.042179, 0.617079, 0.149456, -0.07762, 1.365247, -0.184659, 0.044725, -0.027319, -0.009753, 0.034203, -0.424956, 0.238788, 0.041997, -0.252215, -0.057599, -0.007069, 0.067819, -0.015072, -0.041329, -0.000584, 0.000835, -0.000696, 0.001189, 0.001621, -0.004931, -0.065918, -0.179132, -0.049266, -0.009445, -0.213844, -0.490962, -0.033991, 0.432331, 0.44309, 0.230314, -0.19419, -0.00092, 0.20258, -0.190664, -0.780965, 0.1207, 0.264974, 0.764091, -0.165041, -1.078059, 0.001965, -0.480011, 0.470857, -0.09916, -0.059136, -0.17174, 0.610844, -0.520337, 0.103218, -0.134098, 0.110305, 0.045197, -0.410482, 0.110265, -0.038342, 0.418359, 0.696279, -0.873894, 0.00261, -2.332296, 0.35781, 0.044486, 1.257942, -2.082754, 0.1183, 0.836747]}