{"hc3d": [[-0.000804, -0.219101, 0.039666], [0.081868, -0.316146, 0.03645], [-0.081685, -0.315576, 0.039167], [-0.003075, -0.104103, 0.004631], [0.065241, -0.712707, 0.040684], [-0.16359, -0.606822, 0.308906], [0.006355, 0.022243, 0.035837], [-0.013664, -1.089006, -0.143432], [-0.129212, -1.020817, 0.209327], [0.008152, 0.064803, 0.079803], [0.032635, -1.13816, -0.02183], [-0.188281, -1.078636, 0.323142], [0.014069, 0.286716, 0.103477], [0.098303, 0.192279, 0.08895], [-0.074274, 0.197712, 0.080421], [0.015053, 0.33764, 0.160752], [0.199246, 0.179152, 0.095949], [-0.176525, 0.178049, 0.104001], [0.270477, -0.078891, 0.048186], [-0.24346, -0.078682, 0.070852], [0.176645, -0.172812, 0.274844], [-0.271449, -0.295941, 0.223282], [0.192581, -0.194916, 0.360316], [-0.280526, -0.369336, 0.27247]], "im2d": [[-0.011417, -0.063847], [-0.112141, 0.047899], [0.080875, 0.051305], [-0.003561, -0.192422], [-0.10591, 0.511443], [0.157573, 0.349098], [-0.011666, -0.345666], [-0.018297, 0.9845], [0.106959, 0.848976], [-0.014042, -0.40284], [-0.079235, 1.020378], [0.170432, 0.899204], [-0.014522, -0.666497], [-0.116572, -0.555951], [0.087689, -0.556104], [-0.016166, -0.735656], [-0.236456, -0.544563], [0.206857, -0.53422], [-0.32735, -0.236759], [0.278576, -0.226571], [-0.22834, -0.162211], [0.29856, 0.002813], [-0.251151, -0.15109], [0.304952, 0.080679]], "theta": [1.181745, -0.008857, 0.165073, 0.053244, 0.220314, -3.107432, -0.038952, -0.073693, -0.12423, -0.779945, -0.007324, -0.116323, 0.284605, 0.003638, -0.045039, 0.35369, 0.033018, -0.07196, 0.915992, -0.184331, 0.044796, -0.046896, -0.000679, 0.042071, -0.452892, 0.236637, 0.04017, -0.088473, -0.039989, 0.055836, 0.091184, -0.018414, -0.027431, 0.001256, -0.000319, -0.002703, 0.000698, -8.9e-05, -0.001562, -0.191021, -0.134595, -0.049031, -0.006261, -0.205262, -0.432238, 0.018171, 0.4109, 0.488891, 0.167478, -0.152225, -0.003684, 0.243664, -0.286803, -0.772601, 0.192046, 0.230752, 0.758123, -0.132201, -1.337863, 0.032487, -0.476922, 0.617686, -0.146801, 0.008159, -0.15092, 0.715012, -0.527259, 0.084843, -0.147233, 0.112457, 0.045889, -0.414351, 0.111947, -0.040304, 0.419097, 0.696279, -0.873894, 0.00261, -2.332296, 0.35781, 0.044486, 1.257942, -2.082754, 0.1183, 0.836747]}