{"hc3d": [[-0.000868, -0.218204, 0.03853], [0.081034, -0.314897, 0.034823], [-0.080962, -0.314307, 0.037498], [-0.003162, -0.103694, 0.00439], [0.105896, -0.687118, 0.174546], [-0.140732, -0.715708, 0.011936], [-0.000488, 0.023479, 0.034274], [0.071413, -1.112968, 0.172894], [-0.128149, -0.954227, -0.343279], [-0.000856, 0.070029, 0.073444], [0.143599, -1.134865, 0.289784], [-0.155674, -1.073064, -0.273368], [-0.012285, 0.29171, 0.058357], [0.078255, 0.202736, 0.054941], [-0.093348, 0.19394, 0.056163], [-0.007076, 0.351605, 0.106524], [0.176194, 0.197288, 0.028419], [-0.194706, 0.193539, 0.088275], [0.258838, -0.050016, -0.050455], [-0.271734, -0.061004, 0.118088], [0.327895, -0.29912, -0.002353], [-0.296962, -0.283181, 0.264416], [0.383533, -0.367768, 0.012005], [-0.311396, -0.328649, 0.339077]], "im2d": [[0.011338, -0.088514], [0.013693, 0.034686], [-0.001294, 0.00072], [0.058509, -0.212477], [-0.170361, 0.439281], [-0.009939, 0.431053], [0.035774, -0.353594], [-0.205743, 0.900048], [0.3672, 0.719244], [-0.00409, -0.407403], [-0.332336, 0.931082], [0.277619, 0.839476], [0.029902, -0.652209], [0.033205, -0.53574], [0.018356, -0.561266], [-0.01848, -0.720133], [0.069589, -0.507954], [-0.024984, -0.5837], [0.143458, -0.214181], [-0.084635, -0.321878], [0.074754, 0.070335], [-0.267562, -0.092764], [0.057316, 0.156159], [-0.355488, -0.050751]], "theta": [1.119175, 0.010999, 0.139115, 2.351749, 0.282585, -2.185447, -0.386889, -0.008795, -0.019326, 0.016399, -0.079135, -0.055915, 0.269855, 0.00973, 0.008241, 0.268325, 0.009707, -0.032341, 0.838282, 0.217611, 0.083577, -0.127072, -0.006823, 0.033317, -0.163449, 0.335708, 0.149253, -0.217689, -0.116947, 0.037087, 0.00825, 0.048029, -0.006846, 0.001463, -0.001354, -0.000306, 0.000949, -0.000346, -0.002025, -0.172755, -0.029525, -0.064092, 0.014052, 0.093424, -0.496639, -0.020169, 0.379332, 0.28574, -0.098698, 0.012368, 0.081548, 0.099026, -0.09733, -0.733934, 0.305151, 0.314583, 0.832353, 0.135268, -0.350105, -0.103912, 0.037014, 0.337891, -0.145697, 0.39579, -0.0272, 0.495744, 0.397869, 0.226688, -0.524164, 0.113059, 0.046491, -0.413916, 0.114027, -0.041044, 0.422469, 0.689436, -0.720543, -0.018808, -2.316725, 0.337152, 0.064525, 1.232045, -2.037195, 0.100367, 0.884251]}