{"hc3d": [[-0.000868, -0.218204, 0.03853], [0.081034, -0.314897, 0.034823], [-0.080962, -0.314307, 0.037498], [-0.003162, -0.103694, 0.00439], [0.093488, -0.702814, 0.124571], [-0.142912, -0.71619, 0.038445], [-0.000802, 0.02409, 0.031571], [0.062302, -1.128579, 0.141625], [-0.10514, -0.935313, -0.327322], [-0.000706, 0.070972, 0.070345], [0.129763, -1.152968, 0.260821], [-0.145934, -1.062214, -0.282607], [-0.008944, 0.292551, 0.052027], [0.080301, 0.20224, 0.049881], [-0.09141, 0.19594, 0.051286], [-0.003329, 0.352906, 0.09957], [0.17901, 0.193595, 0.027364], [-0.19247, 0.194946, 0.084312], [0.249944, -0.06071, -0.039773], [-0.265902, -0.061531, 0.10532], [0.315081, -0.311365, 0.005667], [-0.319088, -0.299068, 0.215584], [0.360438, -0.387628, 0.017541], [-0.341311, -0.360785, 0.275141]], "im2d": [[0.012138, -0.088692], [0.01472, 0.035097], [-0.000314, 0.000846], [0.059249, -0.213264], [-0.115545, 0.459739], [-0.037901, 0.431268], [0.039163, -0.355473], [-0.170751, 0.921812], [0.356694, 0.704344], [-0.000483, -0.409665], [-0.300994, 0.954943], [0.293554, 0.833009], [0.036984, -0.654579], [0.038874, -0.536413], [0.02399, -0.564988], [-0.01099, -0.723057], [0.070744, -0.505057], [-0.020576, -0.586877], [0.130952, -0.205597], [-0.069917, -0.320497], [0.065081, 0.081378], [-0.216093, -0.076588], [0.049128, 0.174088], [-0.289276, -0.016944]], "theta": [1.123963, 0.011667, 0.139294, 2.353083, 0.281402, -2.187283, -0.256259, 0.008161, -0.05278, -0.053765, -0.113355, -0.059234, 0.248524, 0.005097, 0.010151, 0.094424, -0.01852, 0.007109, 0.9666, 0.126514, 0.066243, -0.114057, -0.000348, 0.023601, -0.117549, 0.318665, 0.095602, -0.120254, -0.14954, 0.101582, 0.002194, 0.04398, -0.01401, 0.00033, -0.000658, 0.000635, 0.002023, 0.001307, -0.005674, -0.168419, -0.02346, -0.051966, 0.015423, 0.051336, -0.503527, -0.051137, 0.396871, 0.311054, -0.029837, 0.003293, 0.05587, 0.09038, -0.106265, -0.764705, 0.283508, 0.22929, 0.872874, 0.130525, -0.290342, -0.068506, 0.089767, 0.186103, -0.11053, 0.360947, -0.049018, 0.371195, 0.348249, 0.210123, -0.412585, 0.11173, 0.046115, -0.411402, 0.1126, -0.040274, 0.421414, 0.689436, -0.720543, -0.018808, -2.316725, 0.337152, 0.064525, 1.232045, -2.037195, 0.100367, 0.884251]}