{"hc3d": [[-0.000868, -0.218204, 0.03853], [0.081034, -0.314897, 0.034823], [-0.080962, -0.314307, 0.037498], [-0.003162, -0.103694, 0.00439], [0.100801, -0.712198, 0.056037], [-0.156419, -0.698828, 0.14612], [-0.000732, 0.023525, 0.034097], [0.056157, -1.136036, 0.025903], [-0.108774, -0.988073, -0.165801], [-0.000214, 0.070103, 0.073232], [0.128126, -1.164567, 0.141488], [-0.152882, -1.105195, -0.101736], [-0.004769, 0.291824, 0.055349], [0.082937, 0.200028, 0.052797], [-0.088851, 0.196616, 0.054648], [0.001737, 0.351605, 0.103499], [0.181615, 0.188759, 0.031332], [-0.189615, 0.186438, 0.08702], [0.257845, -0.069769, -0.008189], [-0.2516, -0.073889, 0.085504], [0.32241, -0.316274, 0.056638], [-0.322968, -0.327308, 0.131287], [0.363592, -0.393708, 0.074594], [-0.345998, -0.411706, 0.145307]], "im2d": [[0.012903, -0.088894], [0.015688, 0.035469], [0.000606, 0.00095], [0.05998, -0.214058], [-0.03752, 0.478288], [-0.156938, 0.404324], [0.036665, -0.356319], [-0.039918, 0.940318], [0.174611, 0.754149], [-0.003647, -0.410253], [-0.166608, 0.979641], [0.090239, 0.870677], [0.03332, -0.655649], [0.035623, -0.535575], [0.020423, -0.567647], [-0.015647, -0.723526], [0.066248, -0.50122], [-0.024278, -0.579365], [0.096278, -0.196548], [-0.047428, -0.303836], [0.009133, 0.085839], [-0.123885, -0.040874], [-0.013972, 0.179042], [-0.147914, 0.046932]], "theta": [1.128673, 0.0123, 0.139444, 2.354262, 0.280373, -2.188903, -0.086308, 0.072047, -0.034096, -0.321272, -0.074767, -0.08308, 0.268173, -0.001979, 0.009002, 0.040258, -0.019669, -0.035529, 1.032551, 0.015621, 0.089178, -0.125731, 0.010606, 0.018312, -0.207808, 0.299845, 0.093703, -0.100838, -0.128265, 0.160919, -0.003456, 0.040384, -0.025518, -0.002729, 0.001892, 0.002717, 0.002589, 0.004054, -0.009963, -0.158419, 0.00468, -0.027631, 0.031024, 0.038157, -0.513071, -0.018282, 0.392683, 0.411777, 0.008731, -0.058162, 0.052368, 0.076008, -0.224377, -0.720439, 0.241331, 0.162297, 0.862763, 0.086406, -0.262722, -0.069278, 0.018029, 0.013207, -0.050006, 0.290252, -0.065274, 0.328612, 0.144773, 0.118541, -0.092281, 0.108654, 0.043515, -0.408692, 0.109487, -0.037337, 0.417287, 0.689436, -0.720543, -0.018808, -2.316725, 0.337152, 0.064525, 1.232045, -2.037195, 0.100367, 0.884251]}