{"hc3d": [[-0.000868, -0.218204, 0.03853], [0.081034, -0.314897, 0.034823], [-0.080962, -0.314307, 0.037498], [-0.003162, -0.103694, 0.00439], [0.094609, -0.695085, -0.083337], [-0.092838, -0.666037, 0.241198], [0.001001, 0.023964, 0.031942], [0.04356, -1.068018, -0.285463], [-0.066207, -1.084326, 0.328099], [-0.000894, 0.069893, 0.071796], [0.120395, -1.133912, -0.190027], [-0.06878, -1.104939, 0.467152], [-0.012801, 0.291999, 0.066516], [0.0783, 0.203582, 0.063572], [-0.09309, 0.194173, 0.055625], [-0.004501, 0.345028, 0.121775], [0.177446, 0.207416, 0.041652], [-0.19714, 0.18055, 0.072742], [0.280624, -0.033374, -0.033077], [-0.262275, -0.073769, 0.020845], [0.309971, -0.246805, 0.11766], [-0.31413, -0.333332, 0.057576], [0.344796, -0.303528, 0.177528], [-0.333802, -0.419598, 0.062163]], "im2d": [[0.01331, -0.08903], [0.016188, 0.035652], [0.001078, 0.000993], [0.060394, -0.214519], [0.121041, 0.467871], [-0.256274, 0.376376], [0.039494, -0.357076], [0.316171, 0.883734], [-0.384318, 0.840925], [-0.002, -0.410927], [0.209381, 0.967028], [-0.542701, 0.854663], [0.020135, -0.659659], [0.02348, -0.542291], [0.018859, -0.567155], [-0.037398, -0.720218], [0.055893, -0.52448], [-0.009265, -0.574826], [0.12927, -0.230987], [0.024741, -0.302885], [-0.054708, 0.002753], [-0.040476, -0.027835], [-0.123884, 0.069292], [-0.05375, 0.06354]], "theta": [1.131331, 0.012633, 0.139509, 2.354796, 0.279921, -2.189635, 0.263438, 0.161604, -0.022593, -0.552275, 0.153221, 0.031091, 0.249369, -0.063762, -0.009727, 0.119454, -0.080559, -0.025352, 0.216946, 0.113861, 0.033593, -0.089985, 0.02076, 0.048416, -0.288137, 0.327747, 0.078406, 0.062355, -0.127063, 0.141884, 0.039017, 0.043381, 0.004489, -0.001893, 0.001655, 0.001519, 0.002034, 0.002493, -0.006759, -0.088087, 0.0591, -0.093092, 0.044106, 0.116375, -0.427188, 0.053834, 0.291707, 0.404067, -0.004749, 0.019068, 0.004531, 0.221014, -0.241328, -0.748931, 0.197282, 0.111571, 0.845217, 0.104441, -0.790531, -0.032573, -0.044742, 0.218535, -0.027513, 0.25734, -0.150702, 0.476775, -0.006352, 0.03064, -0.100826, 0.110211, 0.042799, -0.412963, 0.110223, -0.037364, 0.416863, 0.689436, -0.720543, -0.018808, -2.316725, 0.337152, 0.064525, 1.232045, -2.037195, 0.100367, 0.884251]}