{"hc3d": [[-0.000868, -0.218204, 0.03853], [0.081034, -0.314897, 0.034823], [-0.080962, -0.314307, 0.037498], [-0.003162, -0.103694, 0.00439], [0.160148, -0.702845, 0.078715], [-0.107707, -0.699829, 0.164013], [0.000378, 0.023553, 0.033866], [0.053383, -0.954492, -0.249637], [-0.075764, -1.118276, 0.079701], [-0.000223, 0.069208, 0.074073], [0.146572, -1.040048, -0.191764], [-0.090651, -1.175882, 0.207087], [-0.008805, 0.290709, 0.054996], [0.08077, 0.200701, 0.055052], [-0.090907, 0.193813, 0.052694], [-0.004038, 0.348344, 0.105889], [0.178304, 0.186874, 0.03013], [-0.191454, 0.171385, 0.079006], [0.252133, -0.067627, -0.033023], [-0.245187, -0.090648, 0.0709], [0.318428, -0.310411, 0.043112], [-0.296424, -0.34958, 0.112609], [0.360963, -0.386359, 0.064019], [-0.314686, -0.436014, 0.119363]], "im2d": [[0.013327, -0.089037], [0.016208, 0.035659], [0.001097, 0.000995], [0.060414, -0.214541], [-0.057127, 0.480202], [-0.173051, 0.415614], [0.037263, -0.356905], [0.285359, 0.757614], [-0.107866, 0.892097], [-0.00456, -0.410209], [0.220582, 0.868493], [-0.256892, 0.945062], [0.033315, -0.65675], [0.033046, -0.538104], [0.022303, -0.566179], [-0.019219, -0.722893], [0.067366, -0.500834], [-0.016595, -0.563912], [0.124465, -0.198934], [-0.031641, -0.283707], [0.025012, 0.079762], [-0.102369, -0.009505], [-0.001186, 0.171678], [-0.117991, 0.082227]], "theta": [1.131457, 0.012647, 0.139511, 2.354812, 0.279908, -2.189656, -0.158961, 0.134658, 0.111464, -0.348801, 0.069549, 0.020453, 0.265633, -0.028504, -0.002075, 0.993873, 0.12877, -0.121787, 0.415006, 0.111162, 0.08675, -0.099892, 0.011308, 0.033801, -0.424395, 0.305214, 0.135814, -0.081559, -0.15247, 0.152034, -0.031562, 0.045981, -0.007395, -0.001797, 0.001711, 0.00111, 0.001606, 0.002511, -0.006257, -0.108442, 0.012508, -0.030601, 0.040984, 0.092523, -0.569799, 0.057895, 0.361302, 0.508347, -0.010172, -0.051346, 0.051728, 0.140139, -0.177862, -0.69635, 0.208763, 0.185175, 0.767417, 0.01538, -0.39183, -0.037661, -0.016537, 0.05731, -0.012536, 0.206981, -0.072711, 0.353203, 0.075823, 0.050034, -0.072164, 0.109263, 0.043423, -0.41092, 0.109965, -0.039168, 0.416205, 0.689436, -0.720543, -0.018808, -2.316725, 0.337152, 0.064525, 1.232045, -2.037195, 0.100367, 0.884251]}