{"hc3d": [[-0.000868, -0.218204, 0.03853], [0.081034, -0.314897, 0.034823], [-0.080962, -0.314307, 0.037498], [-0.003162, -0.103694, 0.00439], [0.12231, -0.662947, 0.224155], [-0.148469, -0.69505, -0.088305], [-0.002136, 0.024142, 0.031411], [0.137606, -1.089916, 0.222321], [-0.121133, -1.101866, -0.218612], [-0.002888, 0.070966, 0.070248], [0.185218, -1.102259, 0.352453], [-0.141857, -1.146229, -0.086818], [-0.014172, 0.293115, 0.065471], [0.076457, 0.204376, 0.059388], [-0.095136, 0.195583, 0.057279], [-0.009283, 0.348156, 0.119148], [0.174044, 0.204494, 0.031066], [-0.197296, 0.1949, 0.086738], [0.247028, -0.037851, -0.069691], [-0.301897, -0.050127, 0.111932], [0.3397, -0.283864, -0.074711], [-0.308276, -0.258262, 0.279414], [0.390318, -0.357312, -0.082307], [-0.31459, -0.302273, 0.356049]], "im2d": [[0.01333, -0.089039], [0.016211, 0.03566], [0.001099, 0.000995], [0.060417, -0.214545], [-0.220713, 0.419006], [0.108465, 0.417413], [0.039887, -0.357938], [-0.250329, 0.896377], [0.226009, 0.882875], [-0.000314, -0.412487], [-0.394285, 0.911976], [0.072596, 0.919645], [0.0213, -0.661201], [0.028124, -0.543363], [0.016959, -0.56932], [-0.034561, -0.724612], [0.067349, -0.521353], [-0.023933, -0.591729], [0.167677, -0.230794], [-0.078992, -0.343089], [0.161364, 0.062025], [-0.284119, -0.123695], [0.168067, 0.154619], [-0.374296, -0.08089]], "theta": [1.131476, 0.012649, 0.139512, 2.354814, 0.279907, -2.189659, -0.508491, -0.168593, 0.062103, 0.270061, -0.074015, -0.085797, 0.2471, -0.001721, 0.019843, 0.3868, -0.054435, -0.056278, -0.101062, 0.360617, 0.129356, -0.111366, -0.004194, 0.023953, -0.169722, 0.317021, 0.172633, -0.271295, -0.219036, 0.026281, 0.06221, 0.036949, -0.005749, 0.00075, 3.3e-05, -0.001253, 0.001546, 0.001103, -0.003661, -0.123115, 0.003977, -0.046777, 0.013742, 0.135313, -0.462146, -0.000167, 0.364368, 0.274447, 0.016474, 0.036168, 0.077284, 0.106122, -0.072325, -0.800679, 0.238994, 0.275035, 0.726953, 0.078185, -0.221715, -0.012889, 0.1245, 0.544752, -0.111619, 0.381973, -0.047841, 0.332751, 0.370635, 0.214227, -0.457765, 0.111492, 0.045295, -0.413647, 0.11264, -0.039825, 0.418104, 0.689436, -0.720543, -0.018808, -2.316725, 0.337152, 0.064525, 1.232045, -2.037195, 0.100367, 0.884251]}