{"hc3d": [[-0.000868, -0.218204, 0.03853], [0.081034, -0.314897, 0.034823], [-0.080962, -0.314307, 0.037498], [-0.003162, -0.103694, 0.00439], [0.115581, -0.673857, 0.204068], [-0.133344, -0.682777, -0.126316], [-0.001611, 0.02408, 0.031675], [0.101256, -1.100767, 0.213139], [-0.127256, -1.043238, -0.357092], [-0.004317, 0.069217, 0.072378], [0.166936, -1.107697, 0.335579], [-0.123401, -1.11379, -0.23554], [-0.0204, 0.291063, 0.06726], [0.072381, 0.204395, 0.064883], [-0.098737, 0.191745, 0.055673], [-0.016761, 0.349086, 0.117803], [0.17094, 0.208573, 0.040511], [-0.200258, 0.189115, 0.087159], [0.239936, -0.030124, -0.071173], [-0.297231, -0.056071, 0.132927], [0.346054, -0.268957, -0.100045], [-0.274064, -0.240741, 0.324685], [0.392899, -0.342751, -0.11939], [-0.269701, -0.264404, 0.409954]], "im2d": [[0.01333, -0.089039], [0.016211, 0.03566], [0.001099, 0.000995], [0.060417, -0.214545], [-0.19943, 0.430957], [0.153357, 0.409299], [0.039624, -0.357777], [-0.243546, 0.901399], [0.386038, 0.825072], [-0.002955, -0.410976], [-0.377068, 0.915239], [0.24399, 0.896688], [0.018661, -0.660335], [0.021631, -0.544577], [0.018204, -0.565712], [-0.033535, -0.727125], [0.056792, -0.527115], [-0.025075, -0.58595], [0.169409, -0.240764], [-0.102747, -0.336814], [0.191522, 0.048369], [-0.331199, -0.138802], [0.21115, 0.141287], [-0.428737, -0.116894]], "theta": [1.131477, 0.012649, 0.139512, 2.354814, 0.279907, -2.189659, -0.461855, -0.076744, 0.020171, 0.374429, -0.04956, -0.046112, 0.248768, -0.021859, 0.01407, 0.3127, -0.044375, -0.053241, 0.059233, 0.459682, 0.076347, -0.071437, -0.022427, 0.043352, -0.199385, 0.371175, 0.215744, -0.315853, -0.159399, 0.021116, 0.021347, 0.039991, 0.008977, 0.001577, -0.000655, -0.001845, 0.001199, 0.000263, -0.002153, -0.183154, -0.010147, -0.093274, 0.006112, 0.139211, -0.443266, -0.010264, 0.428244, 0.262316, 0.024623, 0.026966, 0.055219, 0.096536, 0.002494, -0.858762, 0.243703, 0.322394, 0.698203, -0.014217, -0.176558, 0.036591, 0.149122, 0.624947, -0.145809, 0.269262, -0.052633, 0.255966, 0.362565, 0.257711, -0.57345, 0.112438, 0.045906, -0.415515, 0.113411, -0.040062, 0.418874, 0.689436, -0.720543, -0.018808, -2.316725, 0.337152, 0.064525, 1.232045, -2.037195, 0.100367, 0.884251]}