{"hc3d": [[-0.000699, -0.219208, 0.04074], [0.082867, -0.316418, 0.037915], [-0.082466, -0.315892, 0.040719], [-0.002938, -0.104181, 0.005164], [0.113112, -0.699787, -0.048742], [-0.055427, -0.651977, 0.260851], [0.007974, 0.023342, 0.026872], [-0.01693, -0.894228, -0.401859], [-0.057804, -1.073182, 0.207722], [0.012405, 0.071226, 0.065138], [0.061542, -0.970362, -0.316901], [-0.060013, -1.099867, 0.345199], [0.02421, 0.293091, 0.04007], [0.106061, 0.195532, 0.046309], [-0.066856, 0.203699, 0.037686], [0.027947, 0.346645, 0.093766], [0.204129, 0.169491, 0.035048], [-0.17226, 0.190129, 0.047319], [0.238809, -0.095613, -0.004482], [-0.238719, -0.050448, -0.044572], [0.251539, -0.272499, 0.187091], [-0.227208, -0.277914, 0.09121], [0.285847, -0.328457, 0.247783], [-0.221557, -0.352338, 0.138812]], "im2d": [[0.013345, -0.07907], [0.110388, 0.038441], [-0.076989, 0.031766], [0.022601, -0.2209], [0.185371, 0.477249], [-0.126325, 0.46667], [0.024068, -0.367242], [0.180373, 0.64165], [-0.100496, 0.954513], [0.013231, -0.417074], [0.236999, 0.748977], [-0.156194, 1.009215], [0.032238, -0.682616], [0.123815, -0.563224], [-0.067784, -0.581151], [0.014488, -0.736548], [0.239181, -0.530536], [-0.19005, -0.567671], [0.298575, -0.223095], [-0.224602, -0.302039], [0.241343, 0.018578], [-0.260485, -0.010198], [0.257318, 0.096243], [-0.271342, 0.085902]], "theta": [1.192584, 0.011889, 0.152906, 3.241793, 0.01482, -0.547911, 0.172891, 0.211939, 0.023935, -0.614569, 0.223711, 0.106938, 0.214449, -0.030704, -0.06028, 0.787354, -0.056037, -0.17136, 0.622779, 0.022001, -0.037842, -0.119303, -0.000782, -0.010887, -0.764349, 0.286055, 0.139945, -0.178459, -0.021917, -0.030129, 0.021014, 0.011696, 0.01481, -0.003007, 0.001915, 0.003592, 0.002771, 0.003174, -0.008886, -0.039066, -0.010138, 0.010245, 0.039146, -0.016284, -0.582203, 0.066214, 0.23758, 0.52583, -0.042394, -0.054724, 0.052843, 0.168946, -0.212981, -0.759585, 0.323038, -0.029616, 0.885268, -0.101812, -0.815833, 0.097007, 0.04505, 0.819309, -0.105391, -0.050423, -0.099551, 0.496752, -0.383828, 0.149194, -0.136151, 0.109321, 0.042499, -0.411113, 0.109769, -0.035039, 0.418522, 0.635248, -1.028245, 0.072327, -2.360757, 0.389805, 0.055685, 1.279262, -2.142375, 0.117348, 0.856506]}