{"hc3d": [[-0.000699, -0.219208, 0.04074], [0.082867, -0.316418, 0.037915], [-0.082466, -0.315892, 0.040719], [-0.002938, -0.104181, 0.005164], [0.143346, -0.705791, 0.02662], [-0.05984, -0.676603, 0.218252], [0.007427, 0.021823, 0.034629], [-0.018592, -0.865517, -0.330694], [-0.064132, -1.088152, 0.114083], [0.009523, 0.067646, 0.075527], [0.067518, -0.949447, -0.262043], [-0.063112, -1.12534, 0.249112], [0.020873, 0.289804, 0.052968], [0.103018, 0.192573, 0.060364], [-0.069657, 0.200013, 0.047338], [0.017837, 0.344651, 0.105387], [0.200716, 0.163536, 0.054518], [-0.174856, 0.18732, 0.059944], [0.231655, -0.100821, 0.00757], [-0.240599, -0.058213, -0.018345], [0.248307, -0.312747, 0.159097], [-0.236326, -0.287765, 0.114312], [0.281352, -0.381826, 0.205229], [-0.232351, -0.362406, 0.161743]], "im2d": [[0.013632, -0.079132], [0.110844, 0.038534], [-0.076793, 0.03187], [0.022873, -0.221181], [0.190812, 0.499029], [-0.11399, 0.489174], [0.020666, -0.364623], [0.15099, 0.620486], [-0.070325, 0.957495], [0.006159, -0.411713], [0.222841, 0.734739], [-0.121335, 1.024474], [0.023623, -0.677581], [0.115231, -0.558206], [-0.074623, -0.576025], [-0.001352, -0.733572], [0.228288, -0.521042], [-0.198006, -0.563031], [0.286538, -0.215489], [-0.236918, -0.288869], [0.249987, 0.061365], [-0.279717, 0.005106], [0.270506, 0.152142], [-0.292398, 0.10153]], "theta": [1.194342, 0.012113, 0.152952, 3.242169, 0.014499, -0.548426, -0.027987, 0.210666, 0.080266, -0.492563, 0.191032, 0.113722, 0.274882, -0.042578, -0.058252, 1.091347, 0.080173, -0.200604, 0.623141, 0.066314, -0.029339, -0.123459, -0.012119, 0.015225, -0.758568, 0.248954, 0.123583, -0.234999, -0.030701, 0.006602, -0.02386, 0.010309, -0.003896, -0.003147, 0.002264, 0.003357, 0.00257, 0.003311, -0.008557, -0.068369, -0.102159, 0.02575, 0.019258, -0.053868, -0.610884, 0.061252, 0.291306, 0.503989, -0.04702, -0.144162, 0.102229, 0.124199, -0.131896, -0.758872, 0.294627, 0.008106, 0.890357, -0.07257, -0.642065, 0.05805, 0.005933, 0.74257, -0.099929, -0.115944, -0.085904, 0.469281, -0.427177, 0.161202, -0.133427, 0.108843, 0.042462, -0.410762, 0.109403, -0.034968, 0.417225, 0.635248, -1.028245, 0.072327, -2.360757, 0.389805, 0.055685, 1.279262, -2.142375, 0.117348, 0.856506]}