{"hc3d": [[-0.000699, -0.219208, 0.04074], [0.082867, -0.316418, 0.037915], [-0.082466, -0.315892, 0.040719], [-0.002938, -0.104181, 0.005164], [0.10273, -0.672296, 0.206298], [-0.08769, -0.717301, 0.009328], [0.005833, 0.018833, 0.0457], [-0.035074, -1.066309, 0.134373], [-0.14329, -0.980909, -0.318791], [0.00781, 0.064561, 0.086711], [0.057224, -1.069638, 0.237534], [-0.138549, -1.062444, -0.20501], [0.007291, 0.287431, 0.068803], [0.094309, 0.19425, 0.070079], [-0.078949, 0.193408, 0.065346], [0.006445, 0.344898, 0.118422], [0.190458, 0.171302, 0.044564], [-0.182754, 0.180661, 0.086534], [0.21631, -0.047854, -0.111473], [-0.264831, -0.072316, 0.08856], [0.321723, -0.215618, 0.05851], [-0.268786, -0.240304, 0.293681], [0.389623, -0.255536, 0.100796], [-0.276704, -0.286998, 0.368472]], "im2d": [[0.013793, -0.079175], [0.111101, 0.038585], [-0.076692, 0.031924], [0.023029, -0.221354], [0.07428, 0.488936], [-0.062679, 0.501012], [0.014713, -0.359546], [-0.045662, 0.93713], [0.008141, 0.754498], [5e-06, -0.406538], [0.018185, 0.962321], [-0.029556, 0.870528], [0.002213, -0.673152], [0.101735, -0.559321], [-0.092028, -0.565963], [-0.01928, -0.732665], [0.220736, -0.532752], [-0.217302, -0.551364], [0.315239, -0.299232], [-0.305977, -0.255117], [0.370821, -0.067675], [-0.387654, -0.021606], [0.431673, -0.010575], [-0.425023, 0.046068]], "theta": [1.195385, 0.012238, 0.152974, 3.242345, 0.014354, -0.548666, -0.48047, 0.101037, -0.051428, 0.039767, 0.032295, 0.082466, 0.368653, 0.062684, -0.033754, 0.56682, 0.164281, -0.164969, 0.749613, 0.218326, -0.107221, -0.213226, -0.033441, 0.047752, -0.609779, 0.287564, 0.207577, -0.54046, 0.002502, 0.021945, -0.007138, -0.016056, -0.018346, 0.00103, -0.000156, -0.001663, 0.000575, -0.000734, -0.000829, -0.144858, -0.156199, -0.049469, -0.01069, 0.089879, -0.624287, -0.02991, 0.331868, 0.451506, -0.010623, -0.263715, 0.026871, 0.273225, 0.22437, -0.767463, 0.254305, 0.177087, 0.7517, -0.265163, -1.211172, 0.256967, -0.230718, 0.778952, -0.156319, -0.083596, -0.170248, 0.610372, -0.298725, 0.207833, -0.254692, 0.110518, 0.046049, -0.411526, 0.111821, -0.040779, 0.41797, 0.635248, -1.028245, 0.072327, -2.360757, 0.389805, 0.055685, 1.279262, -2.142375, 0.117348, 0.856506]}