{"hc3d": [[-0.000699, -0.219208, 0.04074], [0.082867, -0.316418, 0.037915], [-0.082466, -0.315892, 0.040719], [-0.002938, -0.104181, 0.005164], [0.075368, -0.710382, 0.026391], [-0.123605, -0.684103, 0.198423], [0.002711, 0.020755, 0.039974], [0.000975, -1.125599, -0.01195], [-0.11009, -0.911143, -0.160063], [0.00298, 0.065642, 0.081948], [0.075121, -1.146834, 0.103044], [-0.141904, -1.033269, -0.099318], [0.009305, 0.288356, 0.063225], [0.093531, 0.192694, 0.066572], [-0.079551, 0.196862, 0.058392], [0.012504, 0.343508, 0.115312], [0.192551, 0.170506, 0.055395], [-0.182679, 0.185168, 0.083185], [0.249593, -0.089985, 0.011391], [-0.263283, -0.066448, 0.052681], [0.281108, -0.333621, 0.099703], [-0.292418, -0.300976, 0.172922], [0.31391, -0.410422, 0.131605], [-0.291176, -0.378149, 0.216276]], "im2d": [[0.013793, -0.079175], [0.111102, 0.038585], [-0.076692, 0.031924], [0.023029, -0.221354], [0.114619, 0.502173], [-0.177976, 0.492631], [0.013395, -0.36292], [0.053517, 0.983675], [-0.017906, 0.700418], [-0.003603, -0.40882], [0.092569, 1.031345], [-0.075322, 0.853946], [0.006656, -0.67512], [0.102261, -0.558111], [-0.090047, -0.571261], [-0.011192, -0.731316], [0.21887, -0.529879], [-0.21599, -0.557264], [0.305464, -0.227121], [-0.290278, -0.268121], [0.311054, 0.077294], [-0.365858, 0.028585], [0.337044, 0.174849], [-0.379984, 0.127292]], "theta": [1.195388, 0.012238, 0.152974, 3.242345, 0.014354, -0.548667, -0.006906, 0.140495, -0.094551, -0.445266, -0.005488, -0.00817, 0.31804, -0.03948, -0.022201, -0.010817, -0.02171, -0.040929, 1.330522, -0.01293, -0.020933, -0.141525, 0.01642, 0.032713, -0.325818, 0.260488, 0.077452, -0.187719, -0.006376, 0.131915, -0.031235, 0.010345, -0.043714, -0.002279, 0.002085, 0.001677, 0.001871, 0.003305, -0.00753, -0.099659, -0.08147, -0.053888, -0.006486, -0.027372, -0.564623, -0.02223, 0.387921, 0.464441, -0.004798, -0.177013, 0.042856, 0.097332, -0.13541, -0.716021, 0.235687, 0.034995, 0.821662, 0.058954, -0.377898, -0.06872, -0.045176, 0.489607, -0.069436, -0.019505, -0.142252, 0.413355, -0.308479, 0.205286, -0.044583, 0.108552, 0.042749, -0.410044, 0.109243, -0.036976, 0.415789, 0.635248, -1.028245, 0.072327, -2.360757, 0.389805, 0.055685, 1.279262, -2.142375, 0.117348, 0.856506]}