{"hc3d": [[-0.001023, -0.218326, 0.03708], [0.079756, -0.314913, 0.032839], [-0.080009, -0.314271, 0.035394], [-0.003359, -0.103699, 0.003618], [0.067219, -0.711215, 0.101588], [-0.106622, -0.723112, 0.062736], [0.000723, 0.026142, 0.02599], [0.015677, -1.139211, 0.09163], [-0.13921, -0.887392, -0.335383], [0.005339, 0.074993, 0.061591], [0.072483, -1.165731, 0.216777], [-0.16976, -1.023251, -0.310682], [0.010853, 0.295618, 0.036298], [0.093708, 0.199483, 0.033885], [-0.077427, 0.20453, 0.040932], [0.015726, 0.355632, 0.085866], [0.190033, 0.178366, 0.009655], [-0.17848, 0.203131, 0.074182], [0.205111, -0.089619, -0.047943], [-0.223278, -0.060656, 0.043434], [0.268135, -0.336009, 0.026381], [-0.249587, -0.316423, 0.123659], [0.303213, -0.415331, 0.049892], [-0.257475, -0.395466, 0.163528]], "im2d": [[0.011589, -0.128301], [0.0644, -0.011859], [-0.047346, -0.039366], [0.045201, -0.252907], [-0.026824, 0.412779], [-0.114515, 0.393904], [0.037645, -0.389466], [-0.081234, 0.860144], [0.1845, 0.540885], [0.014256, -0.438769], [-0.148262, 0.90519], [0.134264, 0.682092], [0.053216, -0.674674], [0.105956, -0.558258], [-0.017057, -0.592127], [0.019073, -0.735044], [0.190919, -0.520856], [-0.114223, -0.60579], [0.232167, -0.235692], [-0.136185, -0.333674], [0.197732, 0.042078], [-0.237454, -0.060642], [0.197143, 0.133975], [-0.281151, 0.024641]], "theta": [1.081698, 0.011737, 0.099716, 2.942641, 0.194398, -1.380648, -0.197296, 0.002762, -0.116989, -0.102014, -0.000899, 0.032486, 0.204153, 0.068476, 0.003346, 0.09952, -0.065696, 0.015939, 1.165521, 0.074102, -0.107395, -0.112667, -0.016086, -0.028033, -0.200384, 0.310903, 0.039267, -0.05727, -0.025826, 0.105711, 0.006952, 0.01819, -0.024426, -0.002004, 0.001339, 0.002611, 0.002188, 0.002559, -0.007404, -0.10288, -0.123497, -0.018106, 0.070345, 0.044281, -0.559706, -0.073488, 0.370659, 0.395259, 0.062399, -0.137417, 0.069551, 0.086108, -0.154801, -0.844898, 0.32482, 0.080763, 1.072934, -0.061438, -0.360794, 0.106009, 0.072094, 0.256061, -0.139001, 0.080033, -0.160324, 0.304365, -0.054732, 0.23489, -0.229518, 0.109634, 0.043316, -0.410991, 0.110442, -0.037778, 0.417899, 0.776681, -0.499479, -0.048628, -2.288689, 0.287745, 0.081047, 1.243927, -1.974146, 0.074903, 0.915657]}