{"hc3d": [[-0.001023, -0.218326, 0.03708], [0.079756, -0.314913, 0.032839], [-0.080009, -0.314271, 0.035394], [-0.003359, -0.103699, 0.003618], [0.074736, -0.715988, 0.065272], [-0.120333, -0.714426, 0.118198], [-0.000371, 0.025831, 0.027884], [0.026012, -1.143852, 0.043005], [-0.152279, -0.934834, -0.251868], [0.003606, 0.074291, 0.064091], [0.082019, -1.170366, 0.168513], [-0.180857, -1.065298, -0.205354], [0.01142, 0.295221, 0.042305], [0.093541, 0.19845, 0.040201], [-0.077661, 0.204807, 0.043646], [0.014494, 0.35417, 0.093276], [0.190662, 0.17562, 0.02129], [-0.178727, 0.200851, 0.076649], [0.212951, -0.095475, -0.015744], [-0.225243, -0.061088, 0.034698], [0.261561, -0.341269, 0.070432], [-0.261149, -0.322734, 0.08759], [0.291178, -0.421643, 0.097601], [-0.266071, -0.409244, 0.107373]], "im2d": [[0.011753, -0.128398], [0.064641, -0.011841], [-0.047206, -0.039378], [0.045367, -0.253141], [0.008607, 0.417516], [-0.169469, 0.385935], [0.03541, -0.389569], [-0.033505, 0.864939], [0.103393, 0.594573], [0.011009, -0.438562], [-0.101457, 0.909961], [0.036643, 0.731758], [0.048615, -0.674443], [0.100629, -0.557339], [-0.019453, -0.592862], [0.011941, -0.733939], [0.181678, -0.517635], [-0.116677, -0.603812], [0.210648, -0.226486], [-0.130289, -0.334352], [0.156487, 0.0492], [-0.215743, -0.057941], [0.149045, 0.141609], [-0.241137, 0.034758]], "theta": [1.082789, 0.011877, 0.099745, 2.942881, 0.194192, -1.380978, -0.106365, 0.005837, -0.097845, -0.237047, 0.021522, -0.002878, 0.217741, 0.039584, 0.009963, 0.036941, -0.077103, 0.004353, 1.153695, 0.058155, -0.07368, -0.115551, -0.007271, -0.034145, -0.21987, 0.303086, 0.050896, -0.072123, 0.00564, 0.099895, 0.011892, 0.015801, -0.030696, -0.002742, 0.002033, 0.002782, 0.002226, 0.003298, -0.008293, -0.096138, -0.143542, -0.014263, 0.064965, 0.006102, -0.565189, -0.052384, 0.389044, 0.419899, 0.071633, -0.154863, 0.075137, 0.074264, -0.227919, -0.809465, 0.316383, 0.058113, 1.056329, -0.030609, -0.320734, 0.064943, 0.085526, 0.194481, -0.111748, 0.171936, -0.135304, 0.281314, -0.067268, 0.188429, -0.0819, 0.108591, 0.043331, -0.409178, 0.109543, -0.037809, 0.416768, 0.776681, -0.499479, -0.048628, -2.288689, 0.287745, 0.081047, 1.243927, -1.974146, 0.074903, 0.915657]}