{"hc3d": [[-0.001023, -0.218326, 0.03708], [0.079756, -0.314913, 0.032839], [-0.080009, -0.314271, 0.035394], [-0.003359, -0.103699, 0.003618], [0.069296, -0.717052, 0.043472], [-0.112872, -0.697336, 0.179574], [0.000834, 0.02525, 0.030643], [0.017277, -1.141866, -0.009106], [-0.125278, -0.969903, -0.155242], [0.004475, 0.073571, 0.067071], [0.074617, -1.181515, 0.11227], [-0.150964, -1.096615, -0.097924], [0.012619, 0.294613, 0.046578], [0.094657, 0.197774, 0.044368], [-0.076555, 0.204281, 0.046927], [0.016988, 0.351263, 0.100002], [0.19304, 0.179925, 0.02666], [-0.178023, 0.200322, 0.078676], [0.218608, -0.092427, 0.003615], [-0.221457, -0.057441, 0.013809], [0.259798, -0.32844, 0.116777], [-0.257621, -0.321524, 0.052502], [0.294278, -0.402803, 0.153608], [-0.258884, -0.410088, 0.059875]], "im2d": [[0.011851, -0.128459], [0.064785, -0.011831], [-0.047124, -0.039387], [0.045468, -0.253285], [0.023182, 0.416744], [-0.214438, 0.372755], [0.033969, -0.388806], [0.004362, 0.858859], [0.039332, 0.642522], [0.009119, -0.437715], [-0.060103, 0.917959], [-0.034235, 0.776905], [0.045864, -0.673732], [0.09795, -0.556504], [-0.021457, -0.592263], [0.007849, -0.730434], [0.179229, -0.521819], [-0.117966, -0.603352], [0.198756, -0.227793], [-0.110017, -0.33901], [0.117582, 0.037935], [-0.183954, -0.060682], [0.105803, 0.125365], [-0.196602, 0.034172]], "theta": [1.083456, 0.011961, 0.099762, 2.943017, 0.194077, -1.381164, -0.052304, 0.015939, -0.11114, -0.390317, 0.055236, 0.008479, 0.238925, 0.026968, 8.9e-05, 0.055174, -0.043712, 0.015427, 1.162533, -0.024302, -0.047505, -0.13291, 0.001872, -0.020833, -0.196433, 0.285693, 0.031291, -0.013977, 0.040729, 0.091541, 0.013573, 0.014385, -0.035111, -0.000438, 0.000619, 8.2e-05, 0.001469, 0.001125, -0.00413, -0.059943, -0.124905, -0.027047, 0.059889, 0.004605, -0.513401, -0.024768, 0.378019, 0.417642, 0.015552, -0.155784, 0.08348, 0.084685, -0.298032, -0.843995, 0.313625, 0.011611, 1.095895, -0.056636, -0.378081, 0.056716, 0.079433, 0.220967, -0.130635, 0.218372, -0.125831, 0.364607, -0.112202, 0.1462, 0.00956, 0.110936, 0.044424, -0.41292, 0.111532, -0.038843, 0.417668, 0.776681, -0.499479, -0.048628, -2.288689, 0.287745, 0.081047, 1.243927, -1.974146, 0.074903, 0.915657]}