{"hc3d": [[-0.001023, -0.218326, 0.03708], [0.079756, -0.314913, 0.032839], [-0.080009, -0.314271, 0.035394], [-0.003359, -0.103699, 0.003618], [0.077903, -0.717256, 0.025425], [-0.121552, -0.691358, 0.192513], [0.001515, 0.025332, 0.030132], [0.024077, -1.139715, -0.042164], [-0.098989, -1.047091, -0.051399], [0.00482, 0.073354, 0.066986], [0.084056, -1.184404, 0.076147], [-0.132201, -1.157187, 0.030924], [0.013112, 0.294537, 0.048148], [0.095176, 0.197721, 0.045936], [-0.076052, 0.204201, 0.047098], [0.017697, 0.350356, 0.102423], [0.194172, 0.18234, 0.029366], [-0.178427, 0.197719, 0.075323], [0.230298, -0.089738, 0.024], [-0.219429, -0.059118, 0.005398], [0.27185, -0.316732, 0.154198], [-0.265349, -0.323224, 0.031555], [0.310066, -0.385162, 0.198155], [-0.267261, -0.412045, 0.028949]], "im2d": [[0.01191, -0.128498], [0.064871, -0.011826], [-0.047076, -0.039394], [0.045529, -0.253373], [0.044274, 0.417534], [-0.230819, 0.365811], [0.034912, -0.388942], [0.036938, 0.856109], [-0.034091, 0.735738], [0.009442, -0.437578], [-0.023497, 0.920902], [-0.132686, 0.852593], [0.044907, -0.673714], [0.097043, -0.556463], [-0.021252, -0.592291], [0.006257, -0.729455], [0.177979, -0.524234], [-0.115635, -0.601043], [0.190047, -0.227582], [-0.101698, -0.337483], [0.095449, 0.029668], [-0.171875, -0.061403], [0.080663, 0.111838], [-0.176645, 0.033072]], "theta": [1.083863, 0.012011, 0.099771, 2.943094, 0.194013, -1.381269, -0.008096, 0.028648, -0.089119, -0.427099, 0.02706, -0.00905, 0.234899, 0.021941, -0.005594, 0.047883, -0.015011, -0.004406, 0.914109, -0.081604, -0.000212, -0.120733, -0.000795, -0.013141, -0.20087, 0.275977, 0.007866, 0.028151, -0.007795, 0.104569, 0.012545, 0.014212, -0.035669, -3.5e-05, 0.000381, -0.000409, 0.001312, 0.000898, -0.003561, -0.052256, -0.097397, -0.016846, 0.059818, 0.003793, -0.489411, -0.013319, 0.35264, 0.441031, -0.014922, -0.144425, 0.078995, 0.075879, -0.372838, -0.819169, 0.304346, 0.00984, 1.075181, -0.048883, -0.384348, 0.050794, 0.045486, 0.183097, -0.133959, 0.288906, -0.119057, 0.406208, -0.111133, 0.10152, 0.074194, 0.111443, 0.044543, -0.413824, 0.111852, -0.03901, 0.417775, 0.776681, -0.499479, -0.048628, -2.288689, 0.287745, 0.081047, 1.243927, -1.974146, 0.074903, 0.915657]}