{"hc3d": [[-0.001023, -0.218326, 0.03708], [0.079756, -0.314913, 0.032839], [-0.080009, -0.314271, 0.035394], [-0.003359, -0.103699, 0.003618], [0.08496, -0.700818, -0.081131], [-0.088168, -0.68048, 0.220949], [0.0031, 0.025552, 0.028684], [0.01804, -1.098635, -0.233445], [-0.091198, -1.106257, 0.293428], [0.003224, 0.072849, 0.066607], [0.097014, -1.133738, -0.123342], [-0.086526, -1.118351, 0.434258], [0.010302, 0.294875, 0.067058], [0.093523, 0.199026, 0.066786], [-0.076706, 0.204453, 0.047939], [0.011083, 0.351756, 0.12041], [0.194687, 0.191529, 0.062203], [-0.182026, 0.195601, 0.060129], [0.255088, -0.075811, 0.077759], [-0.225208, -0.047811, -0.046744], [0.263462, -0.236659, 0.288144], [-0.27888, -0.31147, -0.034579], [0.289874, -0.275641, 0.364682], [-0.288333, -0.399486, -0.042545]], "im2d": [[0.011987, -0.128551], [0.064983, -0.011821], [-0.047017, -0.039404], [0.045611, -0.253493], [0.139386, 0.395157], [-0.23093, 0.361699], [0.037288, -0.389178], [0.195472, 0.800432], [-0.320568, 0.820792], [0.00867, -0.437533], [0.15554, 0.85776], [-0.435839, 0.842723], [0.027225, -0.673773], [0.078629, -0.557187], [-0.022374, -0.592906], [-0.013231, -0.731368], [0.151578, -0.532311], [-0.105575, -0.600557], [0.163192, -0.235251], [-0.061363, -0.353757], [-0.017096, -0.049543], [-0.125154, -0.080142], [-0.065373, 0.001081], [-0.130573, 0.011929]], "theta": [1.084413, 0.012076, 0.099782, 2.943183, 0.19394, -1.381391, 0.257881, 0.084046, -0.06001, -0.492711, 0.183939, 0.039378, 0.220977, -0.050608, -0.02362, -0.005138, -0.014694, -0.049415, 0.212096, 0.107963, -0.04412, -0.086591, -0.01711, 0.011283, -0.436924, 0.320258, 0.137044, -0.017005, -0.029772, 0.069403, 0.077239, -0.010713, -0.018161, -0.00201, 0.001683, 0.001474, 0.00192, 0.002693, -0.006742, -0.157604, -0.047397, -0.021184, 0.046363, 0.004724, -0.427911, 0.018408, 0.319513, 0.439825, 0.00841, -0.095021, 0.054093, 0.085764, -0.506967, -0.761666, 0.2991, -0.027875, 1.021122, -0.079474, -0.713931, 0.125654, -0.050005, 0.29859, -0.136302, 0.334809, -0.167222, 0.44475, -0.120633, 0.024598, 0.014937, 0.109873, 0.04339, -0.411542, 0.110005, -0.037788, 0.416636, 0.776681, -0.499479, -0.048628, -2.288689, 0.287745, 0.081047, 1.243927, -1.974146, 0.074903, 0.915657]}