{"hc3d": [[-0.001023, -0.218326, 0.03708], [0.079756, -0.314913, 0.032839], [-0.080009, -0.314271, 0.035394], [-0.003359, -0.103699, 0.003618], [0.088689, -0.695174, -0.098541], [-0.082442, -0.681549, 0.21899], [0.002903, 0.025819, 0.027318], [0.02598, -1.084552, -0.272866], [-0.080187, -1.09882, 0.330474], [0.002307, 0.072954, 0.065437], [0.106678, -1.12193, -0.164779], [-0.068127, -1.099607, 0.471382], [0.008475, 0.294997, 0.067631], [0.092075, 0.19948, 0.068155], [-0.077808, 0.204377, 0.046296], [0.008596, 0.351869, 0.120997], [0.193335, 0.192265, 0.065751], [-0.183263, 0.194683, 0.056532], [0.258935, -0.073711, 0.083477], [-0.229221, -0.047821, -0.051245], [0.260784, -0.230459, 0.297091], [-0.281576, -0.31149, -0.034437], [0.282398, -0.268393, 0.375634], [-0.292713, -0.399481, -0.04019]], "im2d": [[0.011991, -0.128554], [0.06499, -0.011821], [-0.047013, -0.039405], [0.045616, -0.253501], [0.156874, 0.388749], [-0.225421, 0.363711], [0.038316, -0.389588], [0.234794, 0.78444], [-0.343491, 0.816888], [0.009027, -0.437882], [0.197589, 0.844378], [-0.453032, 0.827984], [0.025499, -0.674199], [0.076523, -0.557855], [-0.021763, -0.593125], [-0.015425, -0.731898], [0.147735, -0.533135], [-0.103478, -0.600012], [0.1612, -0.236518], [-0.060361, -0.3547], [-0.026021, -0.056104], [-0.127128, -0.080571], [-0.079211, -0.007295], [-0.135553, 0.01132]], "theta": [1.084448, 0.01208, 0.099783, 2.943187, 0.193936, -1.381397, 0.302423, 0.094075, -0.047128, -0.487033, 0.2067, 0.049208, 0.20987, -0.064973, -0.022912, 0.005816, -0.024027, -0.048324, 0.115975, 0.14919, -0.057027, -0.070914, -0.021435, 0.012153, -0.459448, 0.333042, 0.140032, -0.005107, -0.03982, 0.071025, 0.080566, -0.008923, -0.014651, -0.002202, 0.001806, 0.001633, 0.002038, 0.002949, -0.007219, -0.165366, -0.04168, -0.024342, 0.048099, 0.000548, -0.42843, 0.018333, 0.320235, 0.442974, 0.018264, -0.082251, 0.050164, 0.084662, -0.510954, -0.740144, 0.298976, -0.030671, 0.99571, -0.068055, -0.735978, 0.123837, -0.039523, 0.326748, -0.127027, 0.335294, -0.176662, 0.421364, -0.116775, 0.022518, -0.009973, 0.109661, 0.043312, -0.41124, 0.109777, -0.037847, 0.416553, 0.776681, -0.499479, -0.048628, -2.288689, 0.287745, 0.081047, 1.243927, -1.974146, 0.074903, 0.915657]}