{"hc3d": [[-0.001023, -0.218326, 0.03708], [0.079756, -0.314913, 0.032839], [-0.080009, -0.314271, 0.035394], [-0.003359, -0.103699, 0.003618], [0.091562, -0.690911, -0.110076], [-0.076468, -0.680075, 0.221891], [0.00303, 0.026132, 0.025503], [0.028282, -1.062835, -0.318894], [-0.076358, -1.101516, 0.316425], [0.001818, 0.073076, 0.063843], [0.112069, -1.107269, -0.21595], [-0.063893, -1.108373, 0.457133], [0.00737, 0.295139, 0.065553], [0.091217, 0.19985, 0.067132], [-0.078456, 0.204235, 0.043594], [0.007233, 0.352197, 0.118722], [0.192522, 0.193008, 0.065727], [-0.184107, 0.195382, 0.052474], [0.260308, -0.07234, 0.084604], [-0.232494, -0.045939, -0.056882], [0.259631, -0.224284, 0.301668], [-0.285864, -0.309356, -0.039329], [0.277774, -0.263294, 0.380563], [-0.300594, -0.396921, -0.043181]], "im2d": [[0.011994, -0.128556], [0.064994, -0.011821], [-0.047011, -0.039405], [0.045619, -0.253506], [0.16877, 0.384011], [-0.223644, 0.363323], [0.039943, -0.390014], [0.276239, 0.758934], [-0.329285, 0.819618], [0.010033, -0.438196], [0.245012, 0.826644], [-0.438767, 0.837264], [0.026487, -0.674672], [0.076813, -0.558466], [-0.019958, -0.593252], [-0.014439, -0.732625], [0.147246, -0.534079], [-0.100624, -0.601151], [0.161294, -0.237691], [-0.05778, -0.357602], [-0.030248, -0.062637], [-0.125852, -0.083867], [-0.086188, -0.013244], [-0.138312, 0.007074]], "theta": [1.084469, 0.012083, 0.099783, 2.943189, 0.193934, -1.3814, 0.331404, 0.113691, -0.034687, -0.495912, 0.214651, 0.061699, 0.195298, -0.078511, -0.024323, 0.06909, -0.026737, -0.050277, 0.167545, 0.163483, -0.058472, -0.051015, -0.023319, 0.014387, -0.479626, 0.348209, 0.134617, -0.001148, -0.05423, 0.062296, 0.073247, -0.002634, -0.012555, -0.002029, 0.001655, 0.001449, 0.002037, 0.002871, -0.006974, -0.166892, -0.035813, -0.026581, 0.048527, 0.00101, -0.427502, 0.016741, 0.315054, 0.433505, 0.01057, -0.059511, 0.055923, 0.077562, -0.505568, -0.736353, 0.302842, -0.040115, 0.9901, -0.044848, -0.755972, 0.131163, -0.01106, 0.338106, -0.123819, 0.307682, -0.16785, 0.380399, -0.103821, 0.027651, -0.048643, 0.109779, 0.043612, -0.411278, 0.109845, -0.037962, 0.41673, 0.776681, -0.499479, -0.048628, -2.288689, 0.287745, 0.081047, 1.243927, -1.974146, 0.074903, 0.915657]}