{"hc3d": [[-0.001023, -0.218326, 0.03708], [0.079756, -0.314913, 0.032839], [-0.080009, -0.314271, 0.035394], [-0.003359, -0.103699, 0.003618], [0.093704, -0.686928, -0.119964], [-0.062051, -0.679268, 0.22264], [0.00371, 0.026597, 0.022293], [0.021046, -1.022136, -0.381294], [-0.065633, -1.107704, 0.277213], [0.002447, 0.073539, 0.060634], [0.10955, -1.078051, -0.288383], [-0.050798, -1.125333, 0.416749], [0.007465, 0.295618, 0.059362], [0.091541, 0.20056, 0.062212], [-0.078144, 0.204221, 0.038634], [0.007588, 0.352944, 0.112241], [0.192889, 0.194749, 0.05973], [-0.183955, 0.197317, 0.047336], [0.253354, -0.07272, 0.072563], [-0.231904, -0.043629, -0.063034], [0.263589, -0.226766, 0.287898], [-0.286873, -0.306375, -0.040935], [0.282768, -0.2713, 0.363556], [-0.30686, -0.392977, -0.040671]], "im2d": [[0.011995, -0.128558], [0.064996, -0.011821], [-0.04701, -0.039405], [0.045621, -0.253509], [0.178766, 0.379542], [-0.2143, 0.364949], [0.043125, -0.390588], [0.326009, 0.710548], [-0.28952, 0.825778], [0.013178, -0.438776], [0.305685, 0.790753], [-0.397076, 0.855278], [0.031759, -0.675537], [0.081196, -0.559463], [-0.015597, -0.59348], [-0.00873, -0.73375], [0.152626, -0.536235], [-0.096102, -0.603501], [0.166555, -0.239166], [-0.052084, -0.360335], [-0.016171, -0.060115], [-0.125015, -0.087321], [-0.069043, -0.004825], [-0.14447, 0.001941]], "theta": [1.084482, 0.012084, 0.099783, 2.943191, 0.193933, -1.381402, 0.354929, 0.152226, -0.019685, -0.50085, 0.236258, 0.092839, 0.169925, -0.090636, -0.029173, 0.200578, -0.025443, -0.057063, 0.271616, 0.174824, -0.063509, -0.025593, -0.020172, 0.01253, -0.513667, 0.360734, 0.130093, -0.012169, -0.058696, 0.031512, 0.060253, 0.007213, -0.004468, -0.001943, 0.001537, 0.001424, 0.002003, 0.002751, -0.006538, -0.158658, -0.022396, -0.024406, 0.048625, 0.014229, -0.422626, 0.016695, 0.308289, 0.414722, -0.003035, -0.020899, 0.058568, 0.082746, -0.490785, -0.784468, 0.301614, -0.053639, 1.008724, -0.053769, -0.741166, 0.169493, 0.03313, 0.352456, -0.140534, 0.260607, -0.147849, 0.323501, -0.070791, 0.034737, -0.104159, 0.109873, 0.043852, -0.411408, 0.109931, -0.037873, 0.416972, 0.776681, -0.499479, -0.048628, -2.288689, 0.287745, 0.081047, 1.243927, -1.974146, 0.074903, 0.915657]}