{"hc3d": [[-0.001023, -0.218326, 0.03708], [0.079756, -0.314913, 0.032839], [-0.080009, -0.314271, 0.035394], [-0.003359, -0.103699, 0.003618], [0.115605, -0.701421, -0.073299], [-0.068128, -0.687299, 0.206612], [0.002166, 0.026616, 0.022674], [0.042875, -0.959176, -0.411248], [-0.069017, -1.119018, 0.193716], [0.000306, 0.073171, 0.061461], [0.130435, -1.043007, -0.341265], [-0.063759, -1.163216, 0.327955], [0.004619, 0.295172, 0.054941], [0.088993, 0.200479, 0.06014], [-0.080672, 0.203036, 0.036278], [0.003569, 0.352976, 0.107287], [0.190189, 0.192712, 0.05689], [-0.18631, 0.195094, 0.046121], [0.239552, -0.077284, 0.061994], [-0.229256, -0.053212, -0.048937], [0.269301, -0.262001, 0.249608], [-0.2841, -0.316253, -0.030332], [0.290568, -0.32332, 0.311761], [-0.307062, -0.402064, -0.027372]], "im2d": [[0.011997, -0.128559], [0.064998, -0.011821], [-0.047009, -0.039406], [0.045623, -0.253511], [0.153909, 0.401475], [-0.205592, 0.37158], [0.041747, -0.390853], [0.370061, 0.645163], [-0.222765, 0.83245], [0.010992, -0.438701], [0.366487, 0.753732], [-0.334166, 0.88844], [0.03347, -0.675807], [0.081172, -0.559935], [-0.015441, -0.592784], [-0.007351, -0.734761], [0.153015, -0.534684], [-0.096847, -0.6016], [0.165608, -0.237239], [-0.062654, -0.34882], [0.017538, -0.023692], [-0.132596, -0.075668], [-0.023672, 0.049119], [-0.156303, 0.012402]], "theta": [1.084494, 0.012085, 0.099783, 2.943192, 0.193932, -1.381404, 0.229194, 0.145931, 0.025687, -0.458102, 0.188394, 0.091881, 0.172979, -0.099981, -0.018087, 0.584797, 0.017194, -0.048943, 0.377189, 0.158566, -0.03138, -0.018646, -0.013586, 0.010173, -0.464201, 0.339556, 0.084915, 0.022514, -0.081768, 0.046862, 0.026367, 0.008184, -0.007684, -0.003221, 0.002403, 0.002703, 0.002154, 0.00397, -0.008432, -0.143756, -0.045681, -0.028662, 0.04884, 0.019638, -0.446521, 0.016122, 0.320354, 0.421437, 0.017152, -0.013617, 0.062691, 0.075175, -0.445245, -0.824898, 0.294792, -0.012838, 1.013166, -0.050507, -0.591947, 0.165054, 0.078958, 0.266743, -0.139559, 0.198705, -0.114128, 0.240888, -0.056027, 0.05656, -0.149951, 0.108689, 0.043167, -0.40982, 0.108808, -0.037694, 0.416044, 0.776681, -0.499479, -0.048628, -2.288689, 0.287745, 0.081047, 1.243927, -1.974146, 0.074903, 0.915657]}