{"hc3d": [[-0.001023, -0.218326, 0.03708], [0.079756, -0.314913, 0.032839], [-0.080009, -0.314271, 0.035394], [-0.003359, -0.103699, 0.003618], [0.142581, -0.705319, 0.107503], [-0.083311, -0.720646, 0.094172], [0.001339, 0.026293, 0.024966], [0.097639, -0.923204, -0.26188], [-0.061303, -1.146598, 0.026131], [0.002104, 0.073174, 0.063395], [0.179876, -1.024544, -0.211292], [-0.074517, -1.212121, 0.150763], [0.007544, 0.294292, 0.042827], [0.091348, 0.199047, 0.047078], [-0.079669, 0.202261, 0.036814], [0.004794, 0.353054, 0.094031], [0.189925, 0.18007, 0.031788], [-0.182811, 0.187359, 0.058238], [0.22139, -0.092189, 0.016113], [-0.221173, -0.074644, 0.009054], [0.27242, -0.333378, 0.113213], [-0.267606, -0.338132, 0.040084], [0.296774, -0.415282, 0.141031], [-0.281327, -0.425678, 0.04694]], "im2d": [[0.011998, -0.12856], [0.064999, -0.011821], [-0.047009, -0.039406], [0.045624, -0.253513], [0.021078, 0.420752], [-0.124154, 0.398127], [0.039242, -0.390515], [0.285151, 0.624667], [-0.07911, 0.853492], [0.010613, -0.43829], [0.293019, 0.749934], [-0.196539, 0.928605], [0.045553, -0.67508], [0.093621, -0.558768], [-0.015248, -0.591757], [0.004578, -0.735414], [0.173019, -0.522673], [-0.105059, -0.59203], [0.190526, -0.227047], [-0.106928, -0.321149], [0.129185, 0.045232], [-0.1815, -0.045369], [0.117497, 0.138582], [-0.202216, 0.046348]], "theta": [1.0845, 0.012086, 0.099784, 2.943192, 0.193932, -1.381404, -0.214507, 0.007374, 0.071408, -0.174883, 0.074982, 0.085406, 0.19319, -0.033245, -0.008296, 1.145775, 0.131838, -0.023411, 0.213414, 0.137149, -0.019134, -0.048132, -0.003748, 0.001382, -0.329641, 0.280175, 0.042994, 0.037382, -0.137173, 0.101481, -0.027776, 0.008846, -0.021655, -0.002605, 0.002239, 0.001792, 0.001707, 0.003454, -0.007473, -0.094973, -0.113854, 0.018533, 0.057852, 0.050017, -0.552151, 0.015191, 0.356106, 0.502858, 0.041651, -0.094853, 0.077553, 0.079608, -0.328248, -0.806994, 0.304387, 0.092982, 0.959488, -0.041635, -0.276597, 0.07365, 0.087787, 0.12551, -0.107119, 0.235067, -0.104725, 0.188003, -0.008219, 0.099553, -0.076467, 0.108528, 0.043582, -0.40923, 0.109559, -0.039565, 0.415764, 0.776681, -0.499479, -0.048628, -2.288689, 0.287745, 0.081047, 1.243927, -1.974146, 0.074903, 0.915657]}