{"hc3d": [[-0.001023, -0.218326, 0.03708], [0.079756, -0.314913, 0.032839], [-0.080009, -0.314271, 0.035394], [-0.003359, -0.103699, 0.003618], [0.103117, -0.686864, 0.184644], [-0.099204, -0.710114, -0.072061], [0.000409, 0.023634, 0.037499], [0.052149, -1.113453, 0.221544], [-0.108617, -1.094507, -0.268789], [0.001083, 0.071409, 0.074812], [0.132365, -1.115712, 0.336227], [-0.113524, -1.15082, -0.139152], [-0.002473, 0.293414, 0.067969], [0.085065, 0.201529, 0.065305], [-0.086075, 0.198502, 0.057272], [-0.000732, 0.348744, 0.122905], [0.182025, 0.198766, 0.035262], [-0.189858, 0.198826, 0.080683], [0.197584, -0.050992, -0.077607], [-0.261399, -0.060679, 0.072021], [0.344017, -0.264016, -0.019448], [-0.228807, -0.267093, 0.24195], [0.412529, -0.322137, -0.017621], [-0.223773, -0.317495, 0.314984]], "im2d": [[0.011998, -0.12856], [0.065, -0.011821], [-0.047008, -0.039406], [0.045624, -0.253513], [-0.06939, 0.398829], [0.004545, 0.374482], [0.027957, -0.387098], [-0.162319, 0.848639], [0.138182, 0.772576], [0.000254, -0.43591], [-0.203147, 0.87132], [0.022868, 0.839535], [0.017589, -0.674372], [0.074219, -0.561426], [-0.036994, -0.587629], [-0.023634, -0.730057], [0.165864, -0.543806], [-0.127945, -0.604182], [0.255105, -0.280605], [-0.186356, -0.339227], [0.293735, -0.02457], [-0.319062, -0.103019], [0.33566, 0.049303], [-0.379845, -0.044]], "theta": [1.084502, 0.012086, 0.099784, 2.943193, 0.193932, -1.381404, -0.415864, 0.036593, -0.034384, 0.231838, 0.019342, 0.054159, 0.291728, 0.004734, 0.00152, 0.21657, 0.069519, -0.035168, 0.12887, 0.232196, -0.060271, -0.169675, -0.015322, 0.011618, -0.291971, 0.314567, 0.084532, -0.330555, -0.071548, 0.01155, 0.057845, 0.001652, -0.003016, -0.001183, 0.001108, 0.001234, 0.001162, 0.001684, -0.00438, -0.096876, -0.066403, -0.043289, -0.013006, 0.189602, -0.459218, -0.049828, 0.351553, 0.310326, 0.019618, -0.159386, 0.077513, 0.122696, 0.022285, -0.974693, 0.339026, 0.248851, 0.922484, -0.341376, -0.615095, 0.300343, 0.044529, 0.685335, -0.146321, 0.025722, -0.100974, 0.471848, -0.014375, 0.262873, -0.360113, 0.110039, 0.044273, -0.411596, 0.11125, -0.040239, 0.417101, 0.776681, -0.499479, -0.048628, -2.288689, 0.287745, 0.081047, 1.243927, -1.974146, 0.074903, 0.915657]}