{"hc3d": [[-0.000887, -0.218943, 0.038811], [0.081107, -0.315796, 0.035204], [-0.081088, -0.315202, 0.037903], [-0.003179, -0.104153, 0.004393], [0.07535, -0.694634, 0.15626], [-0.175478, -0.69896, 0.13154], [-0.003198, 0.026491, 0.013957], [0.048209, -1.099342, 0.023336], [-0.110323, -0.969059, -0.193578], [0.002176, 0.072874, 0.053239], [0.080942, -1.142029, 0.151634], [-0.18603, -1.078432, -0.147944], [0.005466, 0.295574, 0.053447], [0.088727, 0.201246, 0.035416], [-0.082459, 0.203704, 0.053291], [0.005843, 0.346612, 0.110992], [0.185961, 0.180151, 0.014183], [-0.181947, 0.200566, 0.091097], [0.25776, -0.074322, -0.050434], [-0.25525, -0.036664, 0.190449], [0.234181, -0.329034, 0.010031], [-0.251628, -0.174176, 0.419378], [0.255397, -0.407116, 0.048485], [-0.269404, -0.1981, 0.502887]], "im2d": [[-0.000219, -0.085862], [-0.085189, 0.027408], [0.074818, 0.01595], [0.026886, -0.205301], [-0.165405, 0.419046], [0.097313, 0.413745], [0.028912, -0.352223], [-0.088985, 0.896097], [0.192745, 0.79143], [0.004951, -0.412255], [-0.192991, 0.916094], [0.237528, 0.897406], [0.013766, -0.65881], [-0.06456, -0.544959], [0.096326, -0.562518], [-0.014802, -0.728492], [-0.151056, -0.510628], [0.174814, -0.573936], [-0.201662, -0.209425], [0.181271, -0.338453], [-0.22471, 0.057442], [0.046852, -0.238251], [-0.270811, 0.13648], [0.018264, -0.231965]], "theta": [1.132945, 0.000693, 0.143156, 0.775253, 0.331051, -3.030184, -0.329787, -0.206156, -0.06901, -0.291551, -0.106819, -0.12952, 0.113429, 0.079926, 0.029394, 0.503613, -0.052799, -0.092776, 1.073957, -0.066354, 0.070832, 0.036584, -0.005216, -0.0453, -0.312346, 0.320714, 0.107711, -0.103847, -0.222736, 0.028284, 0.073407, 0.059281, -0.021577, -0.00438, 0.003821, 0.002865, -0.001183, 0.003451, -0.004129, -0.074525, -0.237917, 0.007238, 0.041783, -0.082907, -0.564397, -0.087806, 0.361095, 0.362359, 0.072096, -0.016395, 0.052286, 0.243403, -0.230356, -0.639592, 0.114889, 0.457088, 0.640122, 0.215715, -0.452535, -0.247606, -0.348169, 0.558296, -0.147192, 0.310672, -0.148066, 0.524643, -0.005157, 0.213277, -0.442425, 0.106363, 0.042934, -0.408931, 0.107938, -0.042182, 0.414876, 0.693965, -0.759016, 0.007539, -2.289223, 0.328479, 0.100172, 1.238543, -2.061991, 0.120862, 0.858884]}