{"hc3d": [[-0.000887, -0.218943, 0.038811], [0.081107, -0.315796, 0.035204], [-0.081088, -0.315202, 0.037903], [-0.003179, -0.104153, 0.004393], [0.064282, -0.71121, -0.004432], [-0.147985, -0.641587, 0.270163], [0.003684, 0.024834, 0.026177], [0.0317, -1.100176, -0.177168], [-0.118168, -1.064913, 0.217183], [0.003615, 0.069738, 0.067493], [0.046684, -1.165304, -0.055151], [-0.193385, -1.127598, 0.318125], [0.004716, 0.291791, 0.084731], [0.090736, 0.198755, 0.074723], [-0.08094, 0.200516, 0.062308], [0.004556, 0.343361, 0.141802], [0.191938, 0.188733, 0.077563], [-0.186041, 0.192579, 0.077411], [0.277661, -0.063832, 0.023256], [-0.259488, -0.062216, 0.042671], [0.202892, -0.1997, 0.235481], [-0.354931, -0.285612, 0.153651], [0.21228, -0.223835, 0.321243], [-0.399011, -0.353365, 0.1901]], "im2d": [[0.002571, -0.086417], [-0.082752, 0.029235], [0.079501, 0.01643], [0.029194, -0.207978], [-0.062544, 0.48206], [0.004022, 0.326399], [0.016347, -0.357602], [0.047037, 0.956667], [-0.016823, 0.816976], [-0.004187, -0.417507], [-0.038219, 1.003386], [0.000663, 0.859313], [-0.00435, -0.671256], [-0.09004, -0.558165], [0.090147, -0.569532], [-0.03314, -0.742241], [-0.194217, -0.540337], [0.187553, -0.571489], [-0.262744, -0.237678], [0.268821, -0.282063], [-0.31032, -0.138157], [0.29366, -0.062558], [-0.368073, -0.129758], [0.314933, 0.002308]], "theta": [1.150281, 0.003122, 0.143816, 0.780129, 0.326717, -3.036895, 0.073946, -0.123379, -0.132921, -0.657533, -0.034792, -0.064152, 0.205958, -0.01426, -0.025533, 0.213173, -0.154759, -0.003377, 0.676997, -0.157054, 0.009687, -0.019327, -0.010672, 0.041782, -0.275799, 0.251179, -0.031886, 0.043102, -0.229057, 0.085421, 0.111148, -0.01094, -0.025403, -0.002463, 0.001556, 0.002496, 0.00257, 0.003769, -0.009727, -0.165633, -0.091254, -0.036345, 0.017001, -0.132411, -0.444746, -0.019559, 0.315478, 0.391053, 0.125472, -0.004596, 0.003429, 0.221093, -0.256021, -0.742832, 0.117132, 0.183581, 0.830415, 0.069004, -1.196307, 0.073175, -0.529295, 0.426968, -0.177887, 0.166064, -0.183524, 0.630868, -0.451887, 0.156509, -0.297051, 0.10985, 0.043176, -0.410457, 0.109955, -0.036101, 0.418777, 0.693965, -0.759016, 0.007539, -2.289223, 0.328479, 0.100172, 1.238543, -2.061991, 0.120862, 0.858884]}