{"hc3d": [[-0.000887, -0.218943, 0.038811], [0.081107, -0.315796, 0.035204], [-0.081088, -0.315202, 0.037903], [-0.003179, -0.104153, 0.004393], [0.074739, -0.707684, -0.032541], [-0.136732, -0.600637, 0.321414], [0.005623, 0.023826, 0.030915], [0.053057, -1.015572, -0.327377], [-0.116263, -1.025192, 0.368684], [0.003668, 0.06704, 0.073949], [0.079994, -1.108836, -0.227726], [-0.181853, -1.07065, 0.484477], [0.002077, 0.288267, 0.099679], [0.089261, 0.196296, 0.089914], [-0.08172, 0.197322, 0.070051], [-0.000647, 0.341221, 0.155403], [0.190712, 0.195923, 0.09752], [-0.187701, 0.191557, 0.078528], [0.309494, -0.047137, 0.067526], [-0.262561, -0.050979, -0.005699], [0.171907, -0.077848, 0.289375], [-0.384238, -0.257058, 0.112866], [0.155708, -0.063825, 0.376361], [-0.435672, -0.320538, 0.147318]], "im2d": [[0.002892, -0.086516], [-0.082503, 0.029413], [0.080035, 0.016475], [0.029482, -0.208332], [-0.056853, 0.486224], [-0.03312, 0.270142], [0.011884, -0.358025], [0.113299, 0.898645], [-0.099492, 0.73967], [-0.007854, -0.416645], [0.026841, 0.983182], [-0.099079, 0.759992], [-0.010196, -0.672061], [-0.097221, -0.559868], [0.086654, -0.568815], [-0.035699, -0.744592], [-0.204008, -0.55388], [0.188876, -0.571852], [-0.318821, -0.264455], [0.299768, -0.284651], [-0.303368, -0.289958], [0.347938, -0.08786], [-0.334272, -0.326638], [0.378025, -0.027774]], "theta": [1.152446, 0.003396, 0.143871, 0.780582, 0.326332, -3.037515, 0.145059, -0.06434, -0.105562, -0.817399, -0.000287, -0.04639, 0.242091, -0.028267, -0.041918, 0.489311, -0.140866, -0.032872, 0.594846, -0.128548, 0.005333, -0.014492, -0.029241, 0.070995, -0.350225, 0.261643, 0.018237, 0.127136, -0.213652, 0.088415, 0.109676, -0.017181, -0.022977, -0.001202, 0.001055, 0.000328, 0.001758, 0.002136, -0.006153, -0.229616, -0.125623, -0.057016, 0.030861, -0.106099, -0.359576, 0.014756, 0.283839, 0.36358, 0.086728, -0.019124, 0.041619, 0.162835, -0.337496, -0.674739, 0.161412, 0.098548, 0.872174, 0.132017, -1.643959, 0.134198, -0.581559, 0.647977, -0.292279, 0.216164, -0.179125, 0.597222, -0.490302, 0.112634, -0.29687, 0.111007, 0.044132, -0.412538, 0.11094, -0.037022, 0.418363, 0.693965, -0.759016, 0.007539, -2.289223, 0.328479, 0.100172, 1.238543, -2.061991, 0.120862, 0.858884]}