{"hc3d": [[-0.000887, -0.218943, 0.038811], [0.081107, -0.315796, 0.035204], [-0.081088, -0.315202, 0.037903], [-0.003179, -0.104153, 0.004393], [0.110714, -0.708108, 0.093691], [-0.143758, -0.696687, 0.162359], [0.001115, 0.025788, 0.020403], [0.064142, -1.003895, -0.210505], [-0.092203, -1.115161, 0.090787], [0.00048, 0.069937, 0.062519], [0.114272, -1.089723, -0.113167], [-0.164778, -1.167344, 0.199351], [-0.002133, 0.292572, 0.068249], [0.08545, 0.200578, 0.063604], [-0.086141, 0.198859, 0.050047], [-0.0048, 0.341654, 0.127413], [0.186187, 0.188408, 0.070971], [-0.189207, 0.1844, 0.072527], [0.248676, -0.06999, 0.012554], [-0.254644, -0.07393, 0.095009], [0.208247, -0.282493, 0.161879], [-0.310559, -0.310239, 0.206199], [0.215702, -0.347488, 0.223081], [-0.334104, -0.386074, 0.245655]], "im2d": [[0.002973, -0.086547], [-0.082448, 0.029454], [0.08017, 0.016487], [0.029559, -0.208429], [-0.162727, 0.460972], [0.057364, 0.414198], [0.022377, -0.358354], [0.038476, 0.860245], [0.025387, 0.906274], [0.001833, -0.417752], [-0.06986, 0.938646], [0.036541, 0.935331], [0.011577, -0.670429], [-0.078701, -0.559273], [0.102278, -0.566626], [-0.016084, -0.7394], [-0.18523, -0.539953], [0.193479, -0.56283], [-0.228145, -0.230677], [0.235374, -0.281171], [-0.279373, -0.027652], [0.219741, -0.043766], [-0.323654, 0.032354], [0.21831, 0.031162]], "theta": [1.153031, 0.003465, 0.143883, 0.780675, 0.326255, -3.037643, -0.168211, -0.102594, -0.001947, -0.359332, -0.061773, -0.051858, 0.161497, -0.012763, -0.005439, 0.833167, 0.075331, -0.143103, 0.424212, -0.086171, 0.09059, 0.042805, -0.03274, 0.020151, -0.448967, 0.247727, 0.00106, -0.105647, -0.24678, 0.058266, 0.042185, 0.00537, -0.005624, -0.001967, 0.001512, 0.001075, 0.001902, 0.003076, -0.007696, -0.071181, -0.118912, -0.045933, 0.005048, -0.176831, -0.473891, -0.008515, 0.398539, 0.426891, 0.142634, -0.02691, 0.003253, 0.247398, -0.20214, -0.842317, 0.041403, 0.279397, 0.732276, 0.064901, -0.771914, 0.033418, -0.292159, 0.229451, -0.034568, 0.045207, -0.156271, 0.426031, -0.401202, 0.14056, -0.205275, 0.109407, 0.044493, -0.40978, 0.109475, -0.037417, 0.417501, 0.693965, -0.759016, 0.007539, -2.289223, 0.328479, 0.100172, 1.238543, -2.061991, 0.120862, 0.858884]}