{"hc3d": [[-0.000887, -0.218943, 0.038811], [0.081107, -0.315796, 0.035204], [-0.081088, -0.315202, 0.037903], [-0.003179, -0.104153, 0.004393], [0.095932, -0.673569, 0.208365], [-0.152566, -0.714874, 0.047957], [-0.003367, 0.025765, 0.021145], [0.086932, -1.045136, -0.00152], [-0.11008, -1.134704, -0.021599], [-0.00186, 0.071504, 0.061506], [0.13207, -1.107161, 0.114539], [-0.18322, -1.182427, 0.088625], [-0.002929, 0.294079, 0.069581], [0.083371, 0.20184, 0.055461], [-0.088727, 0.200835, 0.058849], [-0.0044, 0.345191, 0.127044], [0.184368, 0.191882, 0.048345], [-0.187261, 0.195734, 0.098877], [0.246903, -0.059285, -0.035868], [-0.268238, -0.034142, 0.208976], [0.25326, -0.311351, 0.038376], [-0.255379, -0.136863, 0.455176], [0.273045, -0.390948, 0.074412], [-0.261571, -0.158603, 0.540915]], "im2d": [[0.002978, -0.086549], [-0.082444, 0.029457], [0.080178, 0.016488], [0.029565, -0.208436], [-0.209408, 0.394981], [0.128527, 0.460012], [0.026505, -0.358832], [-0.101698, 0.861114], [0.104552, 0.952527], [0.004834, -0.419473], [-0.214213, 0.908063], [0.115568, 0.976136], [0.01172, -0.672512], [-0.07205, -0.559021], [0.100137, -0.571056], [-0.016121, -0.743304], [-0.170759, -0.538896], [0.177512, -0.581468], [-0.199162, -0.231922], [0.188132, -0.35287], [-0.258146, 0.036129], [0.034638, -0.291809], [-0.301699, 0.119201], [-0.007374, -0.287145]], "theta": [1.153072, 0.00347, 0.143884, 0.78068, 0.326251, -3.037649, -0.462008, -0.250882, 0.007276, -0.076703, -0.103419, -0.082177, 0.167813, 0.020787, 0.030315, 0.840764, 0.130877, -0.118177, 0.135279, -0.005191, 0.124489, -0.001713, -0.00849, -0.01523, -0.322499, 0.239631, 0.122195, -0.123078, -0.26752, 0.049175, 0.09052, 0.040292, -0.025141, 0.00028, 0.000204, -0.001457, 0.000982, 0.001124, -0.003553, -0.113529, -0.153178, 0.008707, -0.003536, -0.128726, -0.459628, -0.06144, 0.463234, 0.33069, 0.111498, -0.002404, 0.008262, 0.249152, -0.137225, -0.838529, -0.013355, 0.435094, 0.56706, 0.144578, -0.503386, -0.036473, -0.220645, 0.667882, -0.160356, 0.298942, -0.162046, 0.369061, -0.009544, 0.162729, -0.301271, 0.111176, 0.045525, -0.412943, 0.111523, -0.039314, 0.418263, 0.693965, -0.759016, 0.007539, -2.289223, 0.328479, 0.100172, 1.238543, -2.061991, 0.120862, 0.858884]}