{"hc3d": [[-0.000887, -0.218943, 0.038811], [0.081107, -0.315796, 0.035204], [-0.081088, -0.315202, 0.037903], [-0.003179, -0.104153, 0.004393], [0.045231, -0.587186, 0.323764], [-0.179233, -0.708756, 0.058647], [-0.004226, 0.021033, 0.04295], [0.153891, -0.942048, 0.112907], [-0.136527, -1.096007, -0.117744], [-0.000246, 0.063967, 0.086127], [0.169187, -0.992339, 0.241713], [-0.211233, -1.153753, -0.013529], [0.007551, 0.283838, 0.120792], [0.089147, 0.191585, 0.089381], [-0.082204, 0.195081, 0.105401], [-0.000889, 0.33433, 0.178202], [0.18945, 0.176249, 0.082018], [-0.171892, 0.199918, 0.162583], [0.251837, -0.053024, -0.050757], [-0.287842, 0.026893, 0.330333], [0.250579, -0.308948, 0.009172], [-0.165234, 0.159899, 0.526822], [0.270259, -0.390152, 0.041485], [-0.142565, 0.219327, 0.5886]], "im2d": [[0.002979, -0.086549], [-0.082444, 0.029457], [0.08018, 0.016488], [0.029566, -0.208438], [-0.217765, 0.267725], [0.149895, 0.44877], [0.015134, -0.358497], [-0.227779, 0.723712], [0.186107, 0.928743], [-0.010721, -0.416433], [-0.316593, 0.752383], [0.201559, 0.96491], [-0.027591, -0.671807], [-0.09707, -0.554721], [0.067606, -0.574642], [-0.048381, -0.74239], [-0.195189, -0.528522], [0.127033, -0.599515], [-0.195656, -0.23526], [0.143865, -0.450641], [-0.239221, 0.039839], [-0.082385, -0.636385], [-0.28069, 0.125562], [-0.136644, -0.715798]], "theta": [1.153082, 0.003471, 0.143884, 0.780681, 0.326251, -3.03765, -0.828886, -0.504065, 0.020013, -0.110197, -0.120224, -0.147731, 0.338538, 0.054458, 0.043458, 1.271742, 0.093316, -0.101021, 0.433964, 0.027666, 0.15724, -0.102993, 0.024344, -0.033099, -0.38478, 0.16451, 0.248841, -0.246493, -0.240623, -0.023255, 0.146675, 0.034971, -0.062516, 0.002034, -0.000828, -0.003851, 0.00058, -0.000352, -0.001528, -0.214259, -0.367301, 0.068191, -0.018004, -0.221355, -0.460691, -0.07643, 0.543794, 0.187927, 0.107123, -0.004944, 0.089191, 0.171464, 0.048016, -0.786954, -0.175378, 0.443197, 0.288949, 0.125991, -0.653925, -0.1106, -0.401018, 1.484575, -0.380998, 0.321247, -0.190484, 0.397106, 0.134373, 0.156995, -0.376416, 0.112563, 0.047969, -0.413443, 0.113807, -0.041151, 0.420613, 0.693965, -0.759016, 0.007539, -2.289223, 0.328479, 0.100172, 1.238543, -2.061991, 0.120862, 0.858884]}