{"hc3d": [[-0.000887, -0.218943, 0.038811], [0.081107, -0.315796, 0.035204], [-0.081088, -0.315202, 0.037903], [-0.003179, -0.104153, 0.004393], [0.046947, -0.592502, 0.318882], [-0.183678, -0.707876, 0.053065], [-0.004736, 0.021807, 0.040324], [0.137757, -0.94417, 0.094656], [-0.142298, -1.076941, -0.15902], [-0.000802, 0.064475, 0.083766], [0.157658, -0.991264, 0.22404], [-0.216494, -1.141747, -0.058663], [0.006827, 0.284389, 0.118202], [0.088664, 0.192021, 0.087767], [-0.082841, 0.195686, 0.102007], [-0.002515, 0.334927, 0.175431], [0.188876, 0.175798, 0.081091], [-0.174296, 0.200231, 0.156344], [0.250686, -0.055202, -0.04893], [-0.291332, 0.023655, 0.319579], [0.247493, -0.311877, 0.007619], [-0.181634, 0.140615, 0.533163], [0.265473, -0.394192, 0.038061], [-0.164366, 0.195614, 0.600535]], "im2d": [[0.00298, -0.08655], [-0.082444, 0.029457], [0.08018, 0.016488], [0.029566, -0.208438], [-0.217055, 0.274952], [0.157511, 0.448722], [0.017134, -0.358812], [-0.201491, 0.729079], [0.215584, 0.916165], [-0.008834, -0.416512], [-0.295136, 0.754344], [0.232322, 0.961208], [-0.025406, -0.671894], [-0.095671, -0.554883], [0.07015, -0.574603], [-0.045182, -0.742554], [-0.194117, -0.527845], [0.132919, -0.59863], [-0.195601, -0.233298], [0.153176, -0.444803], [-0.235379, 0.043274], [-0.070179, -0.617245], [-0.274147, 0.130551], [-0.122262, -0.693317]], "theta": [1.153083, 0.003471, 0.143884, 0.780681, 0.326251, -3.03765, -0.811231, -0.485737, 0.012662, -0.098146, -0.126595, -0.159813, 0.317523, 0.055547, 0.046878, 1.273078, 0.113791, -0.124285, 0.515136, 0.046406, 0.155378, -0.076214, 0.014559, -0.038807, -0.432161, 0.196561, 0.265837, -0.268408, -0.238587, -0.022329, 0.139222, 0.03284, -0.057432, 0.001998, -0.000866, -0.003675, 0.000624, -0.000358, -0.001657, -0.210996, -0.390352, 0.058198, -0.01471, -0.220133, -0.469434, -0.086732, 0.527148, 0.199758, 0.127864, -0.021362, 0.090271, 0.175339, 0.033474, -0.785224, -0.156721, 0.450728, 0.305404, 0.12069, -0.631756, -0.110763, -0.411277, 1.408554, -0.35761, 0.273841, -0.190323, 0.384776, 0.10317, 0.159295, -0.394595, 0.112681, 0.047808, -0.413932, 0.113624, -0.04107, 0.420589, 0.693965, -0.759016, 0.007539, -2.289223, 0.328479, 0.100172, 1.238543, -2.061991, 0.120862, 0.858884]}