{"hc3d": [[-0.000785, -0.219257, 0.039837], [0.08216, -0.316386, 0.036661], [-0.081936, -0.315827, 0.039386], [-0.003049, -0.104207, 0.004711], [0.056705, -0.711991, 0.044505], [-0.113814, -0.682228, 0.208749], [0.00323, 0.022235, 0.03618], [-0.020606, -1.12271, -0.036768], [-0.085762, -0.862816, -0.176809], [0.006847, 0.068632, 0.076117], [0.039884, -1.16497, 0.080974], [-0.114218, -0.998141, -0.151713], [0.006393, 0.290292, 0.048448], [0.092697, 0.196466, 0.048138], [-0.080256, 0.196813, 0.054294], [0.011854, 0.344987, 0.10172], [0.190625, 0.177641, 0.02629], [-0.182183, 0.18121, 0.082022], [0.242217, -0.086569, -0.009443], [-0.23552, -0.080134, 0.069282], [0.263066, -0.326106, 0.095316], [-0.271279, -0.318767, 0.182246], [0.307921, -0.394229, 0.13245], [-0.281369, -0.393482, 0.228995]], "im2d": [[0.008342, -0.108595], [0.097314, 0.005501], [-0.079944, -0.004606], [0.020557, -0.243124], [0.06175, 0.451178], [-0.18228, 0.429081], [0.017252, -0.381195], [0.003537, 0.899023], [-0.010715, 0.583512], [0.006858, -0.42803], [0.02401, 0.965861], [-0.052453, 0.73774], [0.019662, -0.681702], [0.111217, -0.570752], [-0.076837, -0.580697], [0.006384, -0.736025], [0.224297, -0.546537], [-0.196867, -0.565548], [0.289505, -0.250185], [-0.252901, -0.27568], [0.269603, 0.035053], [-0.336651, 0.006227], [0.303013, 0.119475], [-0.365931, 0.096061]], "theta": [1.137097, 0.008121, 0.123754, 3.219462, 0.053595, -0.542023, -0.050926, 0.101083, -0.144869, -0.47149, 0.009064, 0.014208, 0.288944, 0.046672, -0.016651, 0.128461, -0.055488, 0.000764, 1.486251, -0.099336, -0.053658, -0.143416, 0.00995, 0.014587, -0.2772, 0.271269, 0.001891, -0.035143, 0.062599, 0.103965, -0.045891, 0.014177, -0.022418, -0.005949, 0.005091, 0.004385, -0.000592, 0.004707, -0.006512, -0.033786, -0.144801, -0.089773, 0.029063, 0.013196, -0.554414, -0.031581, 0.328756, 0.49816, -0.106115, -0.12242, 0.035004, 0.139398, -0.218595, -0.752523, 0.24576, 0.101663, 0.866295, -0.034748, -0.417387, -0.120099, -0.181616, 0.343218, -0.120801, 0.036976, -0.170635, 0.604288, -0.296859, 0.229981, -0.159512, 0.104214, 0.041625, -0.405829, 0.106548, -0.039904, 0.41338, 0.686146, -0.89963, 0.040518, -2.3393, 0.394788, 0.043331, 1.282751, -2.105067, 0.115044, 0.872188]}