{"hc3d": [[-0.000785, -0.219257, 0.039837], [0.08216, -0.316386, 0.036661], [-0.081936, -0.315827, 0.039386], [-0.003049, -0.104207, 0.004711], [0.062577, -0.712296, 0.027481], [-0.122464, -0.680663, 0.210271], [0.003715, 0.022615, 0.034508], [-0.013232, -1.124743, -0.046095], [-0.096938, -0.951313, -0.118593], [0.008045, 0.069765, 0.07348], [0.046492, -1.160104, 0.074283], [-0.129774, -1.073039, -0.056491], [0.012293, 0.291503, 0.046776], [0.096705, 0.195971, 0.046905], [-0.076259, 0.199754, 0.051361], [0.016314, 0.346162, 0.100212], [0.19466, 0.174166, 0.028167], [-0.178709, 0.183461, 0.076661], [0.239273, -0.091623, -0.005169], [-0.230426, -0.078176, 0.063265], [0.258636, -0.332928, 0.095747], [-0.274236, -0.324439, 0.155026], [0.29955, -0.40239, 0.134897], [-0.280724, -0.406079, 0.18912]], "im2d": [[0.00969, -0.108965], [0.099443, 0.005802], [-0.078947, -0.004227], [0.021804, -0.244497], [0.077258, 0.452833], [-0.191382, 0.430836], [0.019304, -0.384004], [0.018418, 0.906509], [-0.042731, 0.69476], [0.009809, -0.431958], [0.037138, 0.966622], [-0.10304, 0.839461], [0.02699, -0.68707], [0.117098, -0.573578], [-0.071493, -0.587558], [0.011786, -0.741594], [0.2298, -0.545551], [-0.191962, -0.571708], [0.287595, -0.24571], [-0.245768, -0.279595], [0.267703, 0.043139], [-0.330544, 0.009875], [0.296362, 0.129768], [-0.351349, 0.106819]], "theta": [1.144936, 0.009248, 0.124085, 3.221825, 0.051474, -0.545278, -0.008476, 0.084801, -0.128378, -0.475868, 0.011079, -0.008305, 0.275843, 0.046326, -0.020724, 0.065949, -0.064916, -0.017671, 1.240957, -0.088198, -0.024934, -0.150227, 0.007962, 0.0035, -0.307137, 0.272802, 0.015441, -0.074735, 0.034724, 0.09764, -0.02064, 0.003497, -0.025001, -0.002156, 0.001182, 0.003194, 0.001647, 0.00284, -0.007539, -0.035607, -0.120765, -0.035743, 0.024205, -0.010809, -0.561535, -0.019849, 0.316859, 0.523438, -0.03968, -0.134088, 0.017422, 0.149521, -0.21849, -0.754575, 0.217217, 0.114592, 0.857584, -0.006839, -0.389526, -0.080705, -0.164077, 0.259689, -0.094723, 0.072159, -0.177692, 0.56474, -0.302345, 0.180822, -0.06287, 0.109988, 0.043196, -0.410575, 0.110629, -0.03797, 0.420317, 0.686146, -0.89963, 0.040518, -2.3393, 0.394788, 0.043331, 1.282751, -2.105067, 0.115044, 0.872188]}