{"hc3d": [[-0.000785, -0.219257, 0.039837], [0.08216, -0.316386, 0.036661], [-0.081936, -0.315827, 0.039386], [-0.003049, -0.104207, 0.004711], [0.06427, -0.697865, -0.069955], [-0.089001, -0.656816, 0.25762], [0.004377, 0.023795, 0.028749], [-0.041303, -1.049164, -0.286092], [-0.08953, -1.082047, 0.292734], [0.008207, 0.072545, 0.065754], [0.033904, -1.080589, -0.173555], [-0.096019, -1.08377, 0.433116], [0.020809, 0.295061, 0.050694], [0.1023, 0.197098, 0.054454], [-0.070077, 0.205942, 0.041869], [0.020115, 0.346492, 0.107383], [0.202225, 0.179862, 0.042637], [-0.175203, 0.190391, 0.05228], [0.234835, -0.087207, 0.005809], [-0.22265, -0.065545, -0.00733], [0.245953, -0.292603, 0.168524], [-0.244572, -0.306706, 0.103781], [0.282392, -0.349778, 0.227131], [-0.23608, -0.388623, 0.136752]], "im2d": [[0.011549, -0.109603], [0.102386, 0.006152], [-0.077645, -0.0038], [0.023557, -0.246559], [0.120379, 0.427117], [-0.172002, 0.417494], [0.02357, -0.389391], [0.084974, 0.792778], [-0.189782, 0.909729], [0.013993, -0.439779], [0.123596, 0.849199], [-0.250682, 0.931237], [0.03547, -0.696159], [0.122055, -0.57855], [-0.061068, -0.600658], [0.013437, -0.747094], [0.235428, -0.55457], [-0.179863, -0.587575], [0.282763, -0.251824], [-0.211023, -0.305551], [0.230713, 0.007287], [-0.279646, -0.014729], [0.247493, 0.083274], [-0.283743, 0.084322]], "theta": [1.156191, 0.010774, 0.12446, 3.224715, 0.048941, -0.54925, 0.240188, 0.101318, -0.112634, -0.597801, 0.176987, 0.032682, 0.22751, -0.033035, -0.032467, 0.189099, -0.073091, -0.094478, 0.396477, -0.014468, -0.036546, -0.147481, 0.011977, -0.019979, -0.66339, 0.334207, 0.194259, -0.160369, 0.034113, 0.010928, 0.075582, -0.022492, -0.004588, -0.000572, 0.000755, 4.5e-05, 0.001433, 0.001262, -0.004387, -0.025244, -0.076704, 0.011266, 0.013009, 0.017743, -0.498174, 0.048506, 0.277164, 0.537924, 0.057576, -0.133527, 0.002851, 0.221546, -0.295629, -0.845298, 0.248093, 0.112323, 0.896012, -0.116817, -0.649972, 0.094773, -0.105972, 0.526564, -0.12407, 0.113958, -0.166542, 0.541662, -0.330504, 0.116667, 0.04687, 0.110616, 0.044074, -0.413022, 0.111223, -0.03876, 0.417808, 0.686146, -0.89963, 0.040518, -2.3393, 0.394788, 0.043331, 1.282751, -2.105067, 0.115044, 0.872188]}