{"hc3d": [[-0.000785, -0.219257, 0.039837], [0.08216, -0.316386, 0.036661], [-0.081936, -0.315827, 0.039386], [-0.003049, -0.104207, 0.004711], [0.140583, -0.698972, 0.122842], [-0.093668, -0.713946, 0.112281], [0.004787, 0.023488, 0.030207], [0.022456, -0.916283, -0.223704], [-0.069399, -1.125882, 0.003775], [0.008014, 0.071109, 0.068711], [0.10021, -1.004605, -0.149801], [-0.091643, -1.176648, 0.132926], [0.015659, 0.291739, 0.034607], [0.099089, 0.195679, 0.04259], [-0.073824, 0.200831, 0.037594], [0.012308, 0.345547, 0.088944], [0.197054, 0.172584, 0.025527], [-0.176858, 0.181153, 0.057555], [0.216452, -0.094961, -0.016769], [-0.221021, -0.080875, 0.031123], [0.251887, -0.33882, 0.073031], [-0.260754, -0.329377, 0.118606], [0.282363, -0.417437, 0.103398], [-0.26693, -0.413525, 0.146001]], "im2d": [[0.011697, -0.109673], [0.102623, 0.006174], [-0.077556, -0.003778], [0.023702, -0.246752], [0.130016, 0.460668], [-0.121785, 0.462494], [0.023578, -0.389114], [0.132164, 0.653624], [-0.057221, 0.920939], [0.012738, -0.438062], [0.187921, 0.770027], [-0.131506, 0.996218], [0.036082, -0.695499], [0.123264, -0.579262], [-0.063538, -0.596101], [0.012037, -0.74968], [0.236557, -0.549412], [-0.183846, -0.576783], [0.271647, -0.247438], [-0.224185, -0.282637], [0.273756, 0.047108], [-0.303284, 0.012462], [0.294692, 0.143394], [-0.321268, 0.112502]], "theta": [1.157184, 0.010893, 0.124481, 3.224885, 0.0488, -0.549482, -0.259672, 0.07512, 0.059887, -0.217627, 0.04354, 0.062583, 0.241158, 0.018921, -0.031843, 1.167536, 0.155424, -0.155626, 0.350737, 0.066564, -0.001491, -0.128164, -0.01271, 0.007218, -0.589768, 0.237815, 0.072108, -0.164503, -0.079596, 0.06222, -0.041941, -0.003473, -0.018042, -0.000475, 0.000868, -0.000348, 0.00148, 0.001245, -0.004024, 0.018262, -0.132145, 0.035101, 0.030791, 0.033738, -0.567406, 0.027089, 0.313443, 0.569315, 0.048724, -0.167537, 0.024749, 0.174187, -0.183568, -0.844498, 0.219366, 0.090586, 0.862901, -0.090829, -0.352217, 0.054979, -0.058494, 0.282972, -0.11298, -0.005972, -0.160948, 0.366035, -0.30841, 0.120665, -0.054214, 0.110409, 0.043962, -0.412905, 0.111114, -0.038594, 0.417312, 0.686146, -0.89963, 0.040518, -2.3393, 0.394788, 0.043331, 1.282751, -2.105067, 0.115044, 0.872188]}