{"hc3d": [[-0.000785, -0.219257, 0.039837], [0.08216, -0.316386, 0.036661], [-0.081936, -0.315827, 0.039386], [-0.003049, -0.104207, 0.004711], [0.099613, -0.698626, 0.140588], [-0.095369, -0.720397, 0.029769], [0.00344, 0.022694, 0.034231], [0.031416, -1.105674, 0.036023], [-0.074176, -1.113209, -0.135469], [0.005299, 0.070522, 0.072567], [0.099169, -1.13452, 0.153861], [-0.101902, -1.159489, -0.005693], [0.004318, 0.29254, 0.047945], [0.09132, 0.199396, 0.050511], [-0.081725, 0.198323, 0.048327], [0.004594, 0.344228, 0.104403], [0.190038, 0.185954, 0.028242], [-0.184893, 0.184051, 0.071867], [0.209565, -0.064266, -0.07546], [-0.238695, -0.077499, 0.074094], [0.258213, -0.282431, 0.061742], [-0.275206, -0.309322, 0.200228], [0.301305, -0.346125, 0.107761], [-0.284787, -0.382358, 0.249659]], "im2d": [[0.011703, -0.109677], [0.102633, 0.006175], [-0.077553, -0.003777], [0.023709, -0.246761], [0.078493, 0.460393], [-0.09203, 0.458075], [0.020562, -0.387725], [0.040646, 0.908344], [-0.008882, 0.886351], [0.008293, -0.437018], [0.06914, 0.962196], [-0.089355, 0.956253], [0.018594, -0.695217], [0.111784, -0.582881], [-0.076302, -0.592188], [-0.002325, -0.746452], [0.227984, -0.564797], [-0.19809, -0.578568], [0.286934, -0.29141], [-0.259944, -0.281451], [0.2855, -0.018797], [-0.350217, 0.000219], [0.314332, 0.063349], [-0.38028, 0.090452]], "theta": [1.15723, 0.010898, 0.124482, 3.22489, 0.048796, -0.549489, -0.297813, 0.027753, -0.040905, -0.015695, -0.008522, 0.060954, 0.273074, 0.032075, -0.019969, 0.431943, 0.094742, -0.05497, 0.291821, 0.081873, -0.023932, -0.163687, -0.000376, 0.035257, -0.410521, 0.224041, 0.037801, -0.331702, -0.064753, 0.029529, 0.003773, -0.006245, -0.023737, -0.001096, 0.001381, 0.00033, 0.001257, 0.001941, -0.004826, 0.010824, -0.095933, -0.014427, -0.011515, 0.063563, -0.513798, -0.029656, 0.335669, 0.473649, 0.050254, -0.167849, -0.015704, 0.298244, -0.000489, -0.93583, 0.161928, 0.141042, 0.841096, -0.082009, -0.780778, 0.162351, -0.147199, 0.353691, -0.09046, -0.007717, -0.181404, 0.475923, -0.317935, 0.213964, -0.139847, 0.109435, 0.044043, -0.411069, 0.110157, -0.039772, 0.41676, 0.686146, -0.89963, 0.040518, -2.3393, 0.394788, 0.043331, 1.282751, -2.105067, 0.115044, 0.872188]}