{"hc3d": [[-0.000785, -0.219257, 0.039837], [0.08216, -0.316386, 0.036661], [-0.081936, -0.315827, 0.039386], [-0.003049, -0.104207, 0.004711], [0.090938, -0.681725, 0.190489], [-0.082912, -0.717439, -0.012158], [0.002409, 0.022714, 0.034354], [0.008892, -1.094662, 0.127052], [-0.103371, -1.051769, -0.276466], [0.004534, 0.071238, 0.071792], [0.082698, -1.102401, 0.24453], [-0.112249, -1.116099, -0.151827], [0.006892, 0.293653, 0.051178], [0.092525, 0.199224, 0.05251], [-0.080503, 0.200705, 0.049416], [0.007182, 0.344227, 0.108636], [0.191, 0.185232, 0.029519], [-0.184648, 0.192734, 0.071592], [0.204405, -0.057554, -0.091398], [-0.251822, -0.065477, 0.06053], [0.250042, -0.250388, 0.080413], [-0.268083, -0.259265, 0.242648], [0.292459, -0.307131, 0.135301], [-0.276745, -0.313581, 0.31225]], "im2d": [[0.011704, -0.109677], [0.102634, 0.006175], [-0.077552, -0.003777], [0.023709, -0.246762], [0.050019, 0.447597], [-0.062315, 0.449456], [0.019389, -0.387793], [-0.018781, 0.907336], [0.01389, 0.794103], [0.007763, -0.437996], [0.016642, 0.937286], [-0.044192, 0.885091], [0.020173, -0.695885], [0.112331, -0.58233], [-0.075365, -0.594694], [-0.001124, -0.745699], [0.22854, -0.563732], [-0.197642, -0.588554], [0.287476, -0.301681], [-0.268967, -0.297945], [0.269693, -0.053374], [-0.358288, -0.050737], [0.294445, 0.022021], [-0.394926, 0.020949]], "theta": [1.157235, 0.010899, 0.124482, 3.22489, 0.048795, -0.54949, -0.429124, -0.004235, -0.059815, 0.090031, 0.02322, 0.094246, 0.274353, 0.046727, -0.010617, 0.462667, 0.143355, -0.065659, 0.466913, 0.152784, -0.100137, -0.183355, -0.013733, 0.022013, -0.48005, 0.240409, 0.111679, -0.448387, -0.026796, -0.010023, 0.040595, -0.015158, -0.032776, -0.001377, 0.001483, 0.000881, 0.001105, 0.001789, -0.00464, 0.012167, -0.141927, -0.046851, -0.003327, 0.075077, -0.512016, -0.072332, 0.330528, 0.426689, 0.096592, -0.192739, -0.000618, 0.315438, 0.037837, -0.945328, 0.219075, 0.092385, 0.876667, -0.09321, -1.013251, 0.20555, -0.15715, 0.675946, -0.144026, -0.080777, -0.170923, 0.481592, -0.326254, 0.246544, -0.223919, 0.109331, 0.043635, -0.411158, 0.109759, -0.039502, 0.416455, 0.686146, -0.89963, 0.040518, -2.3393, 0.394788, 0.043331, 1.282751, -2.105067, 0.115044, 0.872188]}