{"hc3d": [[-0.000785, -0.219257, 0.039837], [0.08216, -0.316386, 0.036661], [-0.081936, -0.315827, 0.039386], [-0.003049, -0.104207, 0.004711], [0.092013, -0.674116, 0.20738], [-0.087439, -0.718284, -0.004742], [0.003009, 0.022618, 0.034645], [-0.019638, -1.072585, 0.107236], [-0.125377, -0.957033, -0.35633], [0.006384, 0.070803, 0.072428], [0.060775, -1.084264, 0.219956], [-0.135444, -1.054355, -0.255438], [0.00784, 0.292879, 0.048363], [0.093642, 0.198594, 0.048979], [-0.079412, 0.199798, 0.050227], [0.010308, 0.346348, 0.103082], [0.19107, 0.180137, 0.024714], [-0.182832, 0.190247, 0.075017], [0.206832, -0.060342, -0.100456], [-0.254095, -0.066896, 0.064664], [0.262166, -0.244092, 0.07832], [-0.261651, -0.246996, 0.260857], [0.306488, -0.298045, 0.134501], [-0.270903, -0.295211, 0.334744]], "im2d": [[0.011704, -0.109677], [0.102635, 0.006175], [-0.077552, -0.003777], [0.023709, -0.246762], [0.044777, 0.441337], [-0.070109, 0.451214], [0.019933, -0.387607], [-0.042131, 0.877512], [0.021335, 0.672786], [0.009534, -0.437297], [0.002296, 0.911694], [-0.029217, 0.798166], [0.022282, -0.695342], [0.1149, -0.582045], [-0.074493, -0.593476], [0.00444, -0.748738], [0.230417, -0.558569], [-0.196995, -0.585107], [0.293579, -0.299629], [-0.273047, -0.295865], [0.283788, -0.060176], [-0.358149, -0.061838], [0.310147, 0.012316], [-0.397023, 0.003425]], "theta": [1.157237, 0.010899, 0.124482, 3.22489, 0.048795, -0.54949, -0.477311, 0.022544, -0.062937, 0.070866, 0.007651, 0.081588, 0.277991, 0.082521, -0.011817, 0.60718, 0.157972, -0.117924, 0.792005, 0.15404, -0.108084, -0.178226, -0.027285, 0.013671, -0.55841, 0.267207, 0.172623, -0.462485, -0.014717, 0.007669, 0.016466, -0.01292, -0.024983, -0.001841, 0.001721, 0.001513, 0.001329, 0.00195, -0.005343, -0.025062, -0.147361, -0.062747, 0.015739, 0.062091, -0.555518, -0.075911, 0.331047, 0.443696, 0.079607, -0.192866, 0.002056, 0.294528, 0.07454, -0.882253, 0.245917, 0.069885, 0.854859, -0.10717, -1.074596, 0.207346, -0.148125, 0.751066, -0.173484, -0.125172, -0.175366, 0.471002, -0.301433, 0.237576, -0.270261, 0.108773, 0.043116, -0.410373, 0.109385, -0.038091, 0.416237, 0.686146, -0.89963, 0.040518, -2.3393, 0.394788, 0.043331, 1.282751, -2.105067, 0.115044, 0.872188]}