{"hc3d": [[-0.000785, -0.219257, 0.039837], [0.08216, -0.316386, 0.036661], [-0.081936, -0.315827, 0.039386], [-0.003049, -0.104207, 0.004711], [0.080202, -0.686953, 0.17769], [-0.091162, -0.72023, 0.021414], [0.002821, 0.023186, 0.032169], [-0.019007, -1.088649, 0.07734], [-0.122363, -0.916119, -0.356354], [0.006132, 0.071368, 0.06996], [0.055002, -1.106966, 0.19351], [-0.141564, -1.031218, -0.278023], [0.006343, 0.293152, 0.043298], [0.092596, 0.199285, 0.044347], [-0.080447, 0.199692, 0.046923], [0.010744, 0.347061, 0.097461], [0.190226, 0.182776, 0.019498], [-0.183717, 0.190239, 0.072367], [0.207004, -0.061504, -0.09794], [-0.250856, -0.068164, 0.067032], [0.264213, -0.255603, 0.068911], [-0.261954, -0.254888, 0.256757], [0.306141, -0.313786, 0.122655], [-0.272347, -0.303636, 0.330141]], "im2d": [[0.011704, -0.109677], [0.102635, 0.006175], [-0.077552, -0.003777], [0.02371, -0.246762], [0.043165, 0.451138], [-0.084228, 0.456946], [0.020683, -0.388622], [-0.030109, 0.891721], [0.024989, 0.626036], [0.010211, -0.438312], [0.005947, 0.933629], [-0.027031, 0.768055], [0.022594, -0.696465], [0.115542, -0.583558], [-0.074356, -0.593886], [0.007079, -0.75033], [0.23152, -0.562388], [-0.196945, -0.585528], [0.292792, -0.297929], [-0.27043, -0.293883], [0.289534, -0.048192], [-0.356974, -0.053388], [0.314179, 0.028664], [-0.396905, 0.012349]], "theta": [1.157237, 0.010899, 0.124482, 3.22489, 0.048795, -0.54949, -0.395252, 0.025106, -0.092197, 0.005105, -0.007433, 0.071338, 0.258293, 0.077377, -0.011591, 0.517791, 0.091789, -0.084966, 0.971632, 0.115894, -0.106373, -0.158428, -0.021445, 0.015315, -0.495147, 0.278443, 0.145518, -0.374155, -0.018683, 0.030907, 0.004426, -0.005462, -0.023313, -0.001691, 0.001597, 0.001377, 0.00136, 0.001912, -0.005245, -0.023208, -0.123771, -0.073348, 0.023444, 0.065175, -0.538977, -0.075999, 0.328373, 0.441062, 0.082108, -0.151141, -0.011853, 0.280782, 0.046619, -0.895603, 0.241688, 0.081331, 0.865329, -0.09341, -0.983179, 0.192369, -0.126352, 0.687415, -0.178006, -0.132259, -0.181765, 0.433875, -0.309949, 0.259156, -0.283323, 0.109041, 0.043134, -0.410915, 0.109608, -0.037747, 0.416367, 0.686146, -0.89963, 0.040518, -2.3393, 0.394788, 0.043331, 1.282751, -2.105067, 0.115044, 0.872188]}