{"hc3d": [[-0.000785, -0.219257, 0.039837], [0.08216, -0.316386, 0.036661], [-0.081936, -0.315827, 0.039386], [-0.003049, -0.104207, 0.004711], [0.057619, -0.709938, 0.078221], [-0.107731, -0.70828, 0.135641], [0.001655, 0.023179, 0.032424], [-0.027193, -1.122365, 0.015105], [-0.105677, -0.847974, -0.267516], [0.003519, 0.070819, 0.070994], [0.041952, -1.154606, 0.131242], [-0.133682, -0.982861, -0.239705], [0.003894, 0.292155, 0.04084], [0.090303, 0.198542, 0.0455], [-0.082751, 0.198537, 0.043802], [0.010485, 0.346125, 0.09472], [0.189445, 0.184335, 0.02573], [-0.185316, 0.187101, 0.071208], [0.220462, -0.074375, -0.050771], [-0.249966, -0.071862, 0.063032], [0.266723, -0.30702, 0.061137], [-0.283663, -0.290759, 0.211131], [0.302509, -0.379385, 0.10005], [-0.289819, -0.3567, 0.270152]], "im2d": [[0.011704, -0.109677], [0.102635, 0.006175], [-0.077552, -0.003777], [0.02371, -0.246762], [0.056485, 0.462017], [-0.146052, 0.45851], [0.019312, -0.388647], [-0.015453, 0.921054], [0.009702, 0.561502], [0.006957, -0.43769], [0.015184, 0.97864], [-0.032712, 0.718509], [0.020855, -0.695817], [0.112591, -0.582678], [-0.075683, -0.593141], [0.00784, -0.749662], [0.228289, -0.563336], [-0.198273, -0.582188], [0.28927, -0.27566], [-0.267956, -0.290158], [0.294813, 0.009822], [-0.363475, -0.02002], [0.31832, 0.100472], [-0.393418, 0.063643]], "theta": [1.157238, 0.010899, 0.124482, 3.22489, 0.048795, -0.54949, -0.13604, 0.072014, -0.146034, -0.280707, -0.011685, 0.03206, 0.258318, 0.023584, -0.007126, 0.169665, 0.006202, -0.01134, 1.397399, -0.001315, -0.077172, -0.143958, -0.000579, 0.018033, -0.310404, 0.286951, 0.066726, -0.148809, 0.022906, 0.110886, -0.025738, 0.003296, -0.026273, -0.000201, 0.000643, -0.000573, 0.001176, 0.000984, -0.003482, -0.013578, -0.080671, -0.100373, 0.017802, 0.04267, -0.51054, -0.052888, 0.369288, 0.458554, 0.044939, -0.107154, -0.026577, 0.219458, -0.075131, -0.888672, 0.225771, 0.053576, 0.861004, -0.082326, -0.574904, 0.072691, -0.069666, 0.476379, -0.154334, -0.067343, -0.188505, 0.396584, -0.321425, 0.259956, -0.144985, 0.110448, 0.043977, -0.413023, 0.110952, -0.038276, 0.417002, 0.686146, -0.89963, 0.040518, -2.3393, 0.394788, 0.043331, 1.282751, -2.105067, 0.115044, 0.872188]}