{"hc3d": [[-0.00073, -0.219317, 0.040232], [0.082463, -0.316573, 0.037238], [-0.082117, -0.316027, 0.039981], [-0.002988, -0.104124, 0.00485], [0.060392, -0.712677, 0.042488], [-0.119749, -0.680986, 0.211898], [0.004116, 0.02334, 0.030784], [-0.010539, -1.129039, -0.015183], [-0.109255, -0.887286, -0.162086], [0.009447, 0.070671, 0.069503], [0.046485, -1.161956, 0.107335], [-0.14094, -1.019113, -0.124527], [0.012553, 0.29279, 0.041851], [0.097071, 0.197153, 0.039163], [-0.075842, 0.200865, 0.050135], [0.019829, 0.344946, 0.09726], [0.193712, 0.173312, 0.016228], [-0.177912, 0.187299, 0.078681], [0.253026, -0.086272, -0.03797], [-0.248117, -0.067779, 0.040454], [0.269869, -0.301493, 0.111284], [-0.251603, -0.318622, 0.130822], [0.295093, -0.368218, 0.16567], [-0.235437, -0.400889, 0.160158]], "im2d": [[0.013894, -0.102187], [0.099806, 0.019218], [-0.073606, -0.000499], [0.033337, -0.241408], [0.063362, 0.473838], [-0.213647, 0.445824], [0.030453, -0.382824], [0.008606, 0.934874], [-0.010358, 0.618688], [0.016807, -0.429879], [0.002498, 1.001212], [-0.066866, 0.773419], [0.040627, -0.690276], [0.127805, -0.570525], [-0.058583, -0.593426], [0.020313, -0.739711], [0.240283, -0.535617], [-0.180704, -0.584895], [0.323984, -0.23909], [-0.24067, -0.306141], [0.256864, 0.037207], [-0.298833, -0.001622], [0.252664, 0.12668], [-0.299663, 0.100253]], "theta": [1.171522, 0.01259, 0.132091, 3.221231, 0.106691, -0.76541, -0.044639, 0.052234, -0.136238, -0.477521, 0.022182, -0.003213, 0.248033, 0.069488, -0.022549, 0.059242, -0.090621, -0.008427, 1.425434, -0.056778, -0.043297, -0.128196, 0.006379, 0.000199, -0.27176, 0.297834, 0.051423, -0.061806, 0.022097, 0.126273, -0.017596, 0.019355, -0.022967, -0.005744, 0.003852, 0.006399, 0.003477, 0.006006, -0.014003, 0.009222, -0.090494, -0.033606, 0.041017, -0.006048, -0.584893, -0.018701, 0.307689, 0.498038, 0.031181, -0.174393, 0.037918, 0.159501, -0.152096, -0.67203, 0.310531, 0.030262, 0.87232, 0.031688, -0.682725, -0.091828, -0.015724, 0.439444, -0.012955, -0.034471, -0.194709, 0.389956, -0.413325, 0.199742, 0.032471, 0.106735, 0.040531, -0.407125, 0.107467, -0.032011, 0.416011, 0.700908, -0.931576, 0.053084, -2.379954, 0.367013, 0.053811, 1.257243, -2.099099, 0.08747, 0.852685]}