{"hc3d": [[-0.00073, -0.219317, 0.040232], [0.082463, -0.316573, 0.037238], [-0.082117, -0.316027, 0.039981], [-0.002988, -0.104124, 0.00485], [0.09746, -0.673887, -0.134561], [-0.069736, -0.644983, 0.276205], [0.005989, 0.024588, 0.022816], [-0.003617, -0.99752, -0.39294], [-0.078981, -1.071582, 0.297682], [0.006927, 0.072685, 0.060943], [0.082115, -1.040391, -0.292154], [-0.084472, -1.083842, 0.437727], [0.013442, 0.29586, 0.044777], [0.097723, 0.200234, 0.051804], [-0.074592, 0.203881, 0.033709], [0.018656, 0.343824, 0.10407], [0.197768, 0.182784, 0.04084], [-0.180561, 0.191153, 0.038779], [0.27367, -0.074429, -0.002977], [-0.257585, -0.042342, -0.066115], [0.297165, -0.215431, 0.217129], [-0.235842, -0.279425, 0.053967], [0.323749, -0.259961, 0.290318], [-0.217363, -0.359072, 0.088674]], "im2d": [[0.014325, -0.102346], [0.100477, 0.019317], [-0.073311, -0.000424], [0.033762, -0.241906], [0.197947, 0.403095], [-0.194329, 0.422861], [0.037012, -0.386249], [0.220689, 0.718767], [-0.226616, 0.918117], [0.019028, -0.434887], [0.255864, 0.796396], [-0.306996, 0.956523], [0.040292, -0.694658], [0.122309, -0.572965], [-0.04844, -0.600913], [0.015553, -0.738871], [0.232436, -0.542855], [-0.162435, -0.597934], [0.32841, -0.244639], [-0.193575, -0.356174], [0.232521, -0.039903], [-0.240749, -0.058501], [0.220355, 0.027692], [-0.241907, 0.041829]], "theta": [1.174237, 0.01293, 0.132157, 3.221773, 0.106232, -0.766152, 0.401534, 0.238133, 0.013535, -0.653555, 0.215617, 0.067582, 0.17908, -0.084649, -0.046299, 0.172189, -0.153023, -0.145324, 0.490227, 0.057475, -0.044613, -0.079659, -0.011742, -0.000942, -0.690044, 0.359828, 0.112547, -0.115586, -0.062251, 0.005241, 0.053344, 0.026676, 0.022057, -0.003868, 0.002945, 0.003658, 0.002375, 0.004351, -0.009298, 0.02931, 0.064648, -0.033429, 0.045561, 0.038995, -0.538171, 0.068914, 0.245949, 0.485508, -0.006166, -0.035527, 0.027307, 0.159319, -0.229939, -0.68081, 0.373337, -0.034355, 0.848096, -0.122431, -1.004631, 0.127851, 0.129085, 0.844529, -0.063992, 0.000901, -0.120105, 0.358924, -0.345303, 0.123545, 0.00036, 0.107685, 0.042692, -0.408231, 0.108275, -0.037048, 0.416101, 0.700908, -0.931576, 0.053084, -2.379954, 0.367013, 0.053811, 1.257243, -2.099099, 0.08747, 0.852685]}