{"hc3d": [[-0.00073, -0.219317, 0.040232], [0.082463, -0.316573, 0.037238], [-0.082117, -0.316027, 0.039981], [-0.002988, -0.104124, 0.00485], [0.170556, -0.696263, 0.11132], [-0.095538, -0.698069, 0.174261], [0.003688, 0.024149, 0.026568], [0.048082, -0.809654, -0.280926], [-0.077201, -1.116744, 0.091145], [0.007696, 0.071554, 0.065356], [0.131231, -0.911346, -0.2352], [-0.096425, -1.174633, 0.217922], [0.01487, 0.293085, 0.033998], [0.09828, 0.196505, 0.037466], [-0.074915, 0.202289, 0.039217], [0.013377, 0.344416, 0.090622], [0.193723, 0.168517, 0.014203], [-0.178423, 0.184513, 0.058896], [0.248203, -0.094167, -0.029019], [-0.248047, -0.067615, 0.003765], [0.28189, -0.300567, 0.129551], [-0.260486, -0.324089, 0.075646], [0.304919, -0.369644, 0.181938], [-0.254004, -0.410524, 0.095057]], "im2d": [[0.014335, -0.102351], [0.100492, 0.019319], [-0.073305, -0.000423], [0.033772, -0.241919], [0.143463, 0.481389], [-0.168651, 0.46298], [0.032609, -0.385369], [0.22036, 0.527966], [-0.116343, 0.933798], [0.017469, -0.432729], [0.280502, 0.663417], [-0.205268, 1.020898], [0.047442, -0.693239], [0.130416, -0.571175], [-0.051741, -0.598167], [0.017181, -0.742614], [0.241977, -0.531631], [-0.171049, -0.586468], [0.315066, -0.229526], [-0.221332, -0.313449], [0.260779, 0.041004], [-0.279239, -0.006011], [0.255283, 0.132822], [-0.285022, 0.098013]], "theta": [1.174306, 0.012937, 0.132158, 3.221781, 0.106226, -0.766163, -0.235402, 0.092157, 0.136094, -0.372903, 0.075072, 0.05087, 0.21321, 0.022577, -0.023248, 1.429931, 0.121955, -0.174491, 0.443015, 0.074075, 0.01464, -0.096154, -0.00766, -0.010796, -0.608623, 0.276387, 0.081679, -0.057053, -0.114065, 0.109455, -0.031882, 0.025563, -0.015714, -0.003312, 0.002734, 0.002754, 0.002066, 0.003563, -0.008262, 0.045624, -0.127034, 0.044878, 0.058267, 0.05168, -0.62373, 0.061737, 0.270519, 0.553748, 0.017724, -0.147507, 0.094975, 0.12631, -0.197604, -0.642002, 0.32153, 0.048185, 0.831196, -0.019356, -0.670418, -0.023459, 0.030868, 0.415659, -0.020224, 0.002783, -0.141104, 0.279649, -0.327728, 0.128265, -0.008657, 0.108181, 0.042794, -0.409238, 0.109055, -0.037077, 0.415838, 0.700908, -0.931576, 0.053084, -2.379954, 0.367013, 0.053811, 1.257243, -2.099099, 0.08747, 0.852685]}