{"hc3d": [[-0.00073, -0.219317, 0.040232], [0.082463, -0.316573, 0.037238], [-0.082117, -0.316027, 0.039981], [-0.002988, -0.104124, 0.00485], [0.098008, -0.675331, 0.205953], [-0.094047, -0.712432, -0.043013], [0.002443, 0.022584, 0.034612], [0.021106, -1.09451, 0.215399], [-0.131645, -1.059647, -0.289106], [0.005028, 0.070103, 0.073381], [0.09513, -1.081032, 0.33238], [-0.135182, -1.120327, -0.162226], [0.007842, 0.293306, 0.056537], [0.093212, 0.198412, 0.054495], [-0.080075, 0.200564, 0.055025], [0.011726, 0.346456, 0.11134], [0.19087, 0.180339, 0.030617], [-0.1839, 0.195143, 0.079685], [0.234005, -0.057396, -0.093723], [-0.288474, -0.047835, 0.041196], [0.290079, -0.25102, 0.074342], [-0.214702, -0.206894, 0.24209], [0.33413, -0.307673, 0.128158], [-0.187356, -0.247595, 0.316153]], "im2d": [[0.014337, -0.102352], [0.100496, 0.019319], [-0.073304, -0.000423], [0.033775, -0.241922], [0.017825, 0.465419], [-0.052172, 0.441105], [0.026997, -0.382286], [-0.078737, 0.941947], [0.029917, 0.793771], [0.010381, -0.429951], [-0.062934, 0.956007], [-0.042709, 0.885981], [0.028129, -0.690333], [0.116125, -0.57096], [-0.065576, -0.593987], [0.004513, -0.741493], [0.230595, -0.54271], [-0.187537, -0.595705], [0.335504, -0.285186], [-0.283014, -0.334449], [0.299959, -0.025049], [-0.316536, -0.106275], [0.316048, 0.055184], [-0.328267, -0.042849]], "theta": [1.174325, 0.012939, 0.132159, 3.221783, 0.106225, -0.766165, -0.470098, -0.012425, -0.040572, 0.168876, 0.023478, 0.068285, 0.277295, 0.059613, -0.009522, 0.325859, 0.092945, -0.092903, 0.340065, 0.216012, -0.113482, -0.160921, -0.02951, 0.01252, -0.471812, 0.281655, 0.138291, -0.437379, -0.047627, 0.029616, 0.033859, 0.007199, -0.028829, -0.002031, 0.001691, 0.002228, 0.001626, 0.002559, -0.006397, -0.056532, -0.108341, -0.052735, 0.011677, 0.055844, -0.552742, -0.052141, 0.329463, 0.401139, 0.011434, -0.226405, 0.071128, 0.235562, 0.070139, -0.772418, 0.358153, 0.019738, 0.816607, -0.074584, -1.021046, 0.105861, 0.008016, 1.127834, -0.076979, -0.138363, -0.173349, 0.466761, -0.388654, 0.269546, -0.187457, 0.109543, 0.04247, -0.412148, 0.109896, -0.037118, 0.416472, 0.700908, -0.931576, 0.053084, -2.379954, 0.367013, 0.053811, 1.257243, -2.099099, 0.08747, 0.852685]}