{"hc3d": [[-0.00073, -0.219317, 0.040232], [0.082463, -0.316573, 0.037238], [-0.082117, -0.316027, 0.039981], [-0.002988, -0.104124, 0.00485], [0.095969, -0.662924, 0.230298], [-0.084671, -0.716187, -0.023517], [0.004833, 0.022332, 0.035147], [-0.051818, -1.056324, 0.158819], [-0.153803, -0.897442, -0.404176], [0.008244, 0.069074, 0.074788], [0.043865, -1.062246, 0.259594], [-0.148339, -1.007325, -0.31649], [0.013074, 0.291732, 0.052179], [0.097678, 0.196142, 0.053544], [-0.075581, 0.199683, 0.052111], [0.013567, 0.347289, 0.104681], [0.194547, 0.169825, 0.034634], [-0.178366, 0.19322, 0.08058], [0.235216, -0.076483, -0.072688], [-0.265513, -0.058551, 0.058842], [0.282119, -0.289337, 0.073508], [-0.223153, -0.246807, 0.24287], [0.322985, -0.352776, 0.122004], [-0.208876, -0.300451, 0.312211]], "im2d": [[0.014338, -0.102352], [0.100497, 0.019319], [-0.073304, -0.000422], [0.033775, -0.241923], [0.003097, 0.455181], [-0.052797, 0.450027], [0.029211, -0.381615], [-0.124081, 0.87911], [0.072034, 0.583376], [0.012976, -0.428129], [-0.077506, 0.915265], [0.028341, 0.7265], [0.035881, -0.688668], [0.121248, -0.567978], [-0.059347, -0.592954], [0.009997, -0.743421], [0.232039, -0.529418], [-0.182268, -0.592667], [0.325109, -0.259263], [-0.268613, -0.316204], [0.29106, 0.018098], [-0.326848, -0.061057], [0.306457, 0.10484], [-0.350101, 0.014916]], "theta": [1.174326, 0.01294, 0.132159, 3.221783, 0.106224, -0.766166, -0.543021, 0.057176, -0.062881, 0.119786, 0.029011, 0.091297, 0.283431, 0.090518, -0.024946, 0.623756, 0.226418, -0.168491, 0.906135, 0.22563, -0.119524, -0.147784, -0.051493, 0.019505, -0.599856, 0.307768, 0.239215, -0.500823, 0.009372, 0.031937, -0.011037, -0.013774, -0.026182, -0.001034, 0.000956, 0.001207, 0.00148, 0.001314, -0.004605, -0.072012, -0.167173, -0.044009, -0.001856, 0.012242, -0.613967, -0.046858, 0.37807, 0.420634, 0.046316, -0.28933, 0.072349, 0.199334, 0.078693, -0.72556, 0.32638, 0.063928, 0.854897, -0.07021, -0.851264, 0.052772, -0.02936, 0.861376, -0.097715, -0.183035, -0.196189, 0.465477, -0.34833, 0.232876, -0.206703, 0.110117, 0.042987, -0.412981, 0.110679, -0.036399, 0.416868, 0.700908, -0.931576, 0.053084, -2.379954, 0.367013, 0.053811, 1.257243, -2.099099, 0.08747, 0.852685]}