{"hc3d": [[-0.000854, -0.218389, 0.038795], [0.081195, -0.315124, 0.035233], [-0.081102, -0.314552, 0.037922], [-0.003138, -0.103823, 0.004453], [0.10027, -0.694851, 0.151363], [-0.145025, -0.715274, 0.043624], [0.000433, 0.023234, 0.03413], [0.05519, -1.11776, 0.182229], [-0.102838, -0.971021, -0.296036], [0.001323, 0.071654, 0.071087], [0.127299, -1.134166, 0.299862], [-0.147875, -1.091692, -0.240053], [-0.006892, 0.293035, 0.049564], [0.082333, 0.202618, 0.047739], [-0.089606, 0.19656, 0.051359], [1.5e-05, 0.351273, 0.099276], [0.176683, 0.192663, 0.011219], [-0.191728, 0.191026, 0.08058], [0.230476, -0.055933, -0.084877], [-0.269816, -0.061838, 0.116885], [0.314261, -0.303733, -0.105565], [-0.279442, -0.264665, 0.289766], [0.367811, -0.373642, -0.121177], [-0.286787, -0.311423, 0.36457]], "im2d": [[0.011513, -0.087258], [0.014357, 0.042366], [-0.004854, -0.00232], [0.061367, -0.212393], [-0.152347, 0.460065], [-0.056629, 0.424063], [0.040401, -0.354336], [-0.232938, 0.914339], [0.308032, 0.743015], [0.003271, -0.41038], [-0.360759, 0.943646], [0.228309, 0.860587], [0.048366, -0.656395], [0.050569, -0.531955], [0.028695, -0.571967], [-0.001678, -0.722599], [0.100456, -0.49283], [-0.015193, -0.595511], [0.19069, -0.195977], [-0.088736, -0.338981], [0.198461, 0.102738], [-0.3055, -0.129106], [0.214731, 0.19579], [-0.395627, -0.084592]], "theta": [1.142851, 0.010928, 0.142038, 2.397086, 0.356421, -2.173438, -0.327118, 0.020061, -0.037622, -0.064438, -0.098296, -0.063968, 0.269448, 0.017156, 0.001921, 0.132498, -0.018884, -0.041077, 0.873399, 0.083442, 0.076255, -0.175964, 0.000441, 0.023121, -0.16104, 0.350026, 0.123989, -0.124367, -0.160223, 0.118724, 0.029499, 0.043586, -0.007754, -0.003714, 0.002493, 0.004398, 0.002553, 0.004239, -0.010295, -0.110723, 0.050095, -0.005783, 0.005321, 0.181827, -0.532092, -0.015069, 0.344061, 0.359919, 0.011377, -0.00637, 0.029043, 0.101621, -0.029005, -0.759942, 0.304256, 0.311467, 0.771508, -0.068005, -0.159929, -0.021607, 0.022583, 0.453827, -0.171258, 0.270468, -0.084899, 0.456492, 0.295718, 0.227458, -0.390277, 0.107714, 0.042361, -0.407905, 0.109451, -0.036549, 0.41699, 0.673581, -0.766273, 0.004736, -2.30566, 0.339375, 0.069727, 1.255204, -2.017819, 0.087303, 0.891135]}