{"hc3d": [[-0.000854, -0.218389, 0.038795], [0.081195, -0.315124, 0.035233], [-0.081102, -0.314552, 0.037922], [-0.003138, -0.103823, 0.004453], [0.147219, -0.668511, 0.204941], [-0.156162, -0.707387, -0.03095], [-0.002489, 0.022745, 0.036344], [0.115234, -1.092288, 0.169899], [-0.136745, -1.117101, -0.150586], [-0.004033, 0.070568, 0.07405], [0.193817, -1.104539, 0.283833], [-0.158338, -1.163073, -0.01965], [-0.017988, 0.292327, 0.061061], [0.073895, 0.204611, 0.059261], [-0.097796, 0.193566, 0.055638], [-0.011187, 0.348257, 0.11337], [0.167419, 0.205143, 0.019414], [-0.200111, 0.182086, 0.082341], [0.23411, -0.038243, -0.081796], [-0.290365, -0.061979, 0.142697], [0.349001, -0.271437, -0.117481], [-0.230952, -0.212841, 0.354427], [0.410232, -0.331116, -0.143705], [-0.21375, -0.238118, 0.4375]], "im2d": [[0.011942, -0.087395], [0.014883, 0.042571], [-0.00437, -0.00228], [0.06181, -0.212868], [-0.205562, 0.441117], [0.028566, 0.41858], [0.03781, -0.355531], [-0.209765, 0.905656], [0.127066, 0.887387], [-0.000614, -0.411724], [-0.332642, 0.932575], [-0.028428, 0.923395], [0.034137, -0.660938], [0.036928, -0.538447], [0.022792, -0.572498], [-0.019276, -0.724899], [0.091657, -0.510867], [-0.018926, -0.589378], [0.189969, -0.215297], [-0.120126, -0.346983], [0.219575, 0.077422], [-0.369498, -0.178159], [0.249775, 0.162171], [-0.464682, -0.151253]], "theta": [1.145654, 0.011277, 0.142106, 2.397638, 0.355955, -2.174193, -0.47145, -0.019105, 0.091143, 0.128142, -0.044102, -0.095932, 0.286175, -0.012409, 0.02158, 0.432504, 0.04179, -0.1314, 0.01992, 0.252707, 0.130278, -0.177238, -0.005604, 0.029438, -0.287208, 0.355382, 0.202604, -0.242549, -0.163591, 0.089631, 0.054007, 0.042574, 0.001454, -0.004629, 0.00351, 0.004675, 0.002392, 0.00517, -0.010716, -0.102007, 0.092389, -0.032204, -0.011652, 0.262716, -0.480028, 0.044242, 0.355238, 0.371613, 0.037705, 0.026234, 0.022114, 0.104651, -0.065696, -0.794491, 0.292742, 0.422725, 0.587082, -0.194975, -0.140275, 0.046677, 0.055744, 0.763343, -0.172335, 0.294239, -0.051939, 0.475247, 0.272203, 0.244134, -0.394548, 0.106994, 0.041493, -0.407723, 0.108874, -0.036023, 0.415325, 0.673581, -0.766273, 0.004736, -2.30566, 0.339375, 0.069727, 1.255204, -2.017819, 0.087303, 0.891135]}