{"hc3d": [[-0.00069, -0.219474, 0.040795], [0.082865, -0.316647, 0.03796], [-0.082438, -0.31611, 0.040784], [-0.002929, -0.104508, 0.005251], [0.105054, -0.699641, 0.123432], [-0.142092, -0.701688, 0.135728], [-0.000239, 0.023503, 0.027254], [0.042677, -1.02806, -0.134683], [-0.082447, -1.099267, 0.003166], [-0.000879, 0.065695, 0.071962], [0.098198, -1.101313, -0.031422], [-0.147871, -1.165536, 0.107472], [-0.007587, 0.289151, 0.074337], [0.081847, 0.198691, 0.067066], [-0.091143, 0.193476, 0.06265], [-0.007121, 0.343271, 0.127371], [0.182062, 0.179723, 0.067985], [-0.190483, 0.172003, 0.094902], [0.258337, -0.07125, 0.005366], [-0.246376, -0.073835, 0.178031], [0.245726, -0.324347, 0.065924], [-0.283837, -0.289312, 0.327033], [0.267538, -0.403603, 0.100802], [-0.308245, -0.355277, 0.380662]], "im2d": [[0.01495, -0.056811], [-0.065788, 0.062798], [0.089292, 0.046022], [0.044875, -0.181745], [-0.157328, 0.486697], [0.06901, 0.46333], [0.031888, -0.332154], [0.064198, 0.905939], [0.087941, 0.94919], [0.003884, -0.389042], [-0.06041, 0.975224], [0.077708, 0.998856], [0.01626, -0.645775], [-0.066851, -0.532441], [0.100197, -0.541977], [-0.017984, -0.717799], [-0.16327, -0.501447], [0.172117, -0.532973], [-0.202148, -0.195126], [0.160958, -0.272917], [-0.239483, 0.081644], [0.089059, -0.058464], [-0.286331, 0.167702], [0.073949, 0.004431]], "theta": [1.163795, 0.013536, 0.170659, 0.960612, 0.288674, -3.006058, -0.245842, -0.083897, -0.01546, -0.28789, -0.058137, -0.050565, 0.218384, -0.003374, 0.004908, 0.776104, 0.106415, -0.136084, 0.497927, -0.042054, 0.119453, 0.019773, -0.008908, 0.034158, -0.40828, 0.240644, 0.094704, -0.148979, -0.261277, 0.110369, 0.003404, 0.028938, -0.019184, -0.001976, 0.000704, 0.003032, 0.002426, 0.003194, -0.008977, -0.174872, -0.074175, -0.031925, 0.005611, -0.190815, -0.561381, -0.009712, 0.455638, 0.464362, 0.072347, -0.014676, -0.003697, 0.23848, -0.141849, -0.717434, 0.009068, 0.422973, 0.574878, 0.1399, -0.442855, -0.155287, -0.293505, 0.16529, -0.017056, 0.143836, -0.129941, 0.485524, -0.098811, 0.135117, -0.282614, 0.110329, 0.043702, -0.410515, 0.110161, -0.035883, 0.42034, 0.609133, -1.048633, 0.082398, -2.32067, 0.395293, 0.088579, 1.237746, -2.167356, 0.119544, 0.81577]}