{"hc3d": [[-0.00069, -0.219474, 0.040795], [0.082865, -0.316647, 0.03796], [-0.082438, -0.31611, 0.040784], [-0.002929, -0.104508, 0.005251], [0.058663, -0.594444, 0.314954], [-0.206438, -0.698029, 0.043211], [-0.00236, 0.02199, 0.034853], [0.119549, -1.012308, 0.307463], [-0.143127, -1.001886, -0.244645], [0.003973, 0.066672, 0.076599], [0.107097, -1.024583, 0.444597], [-0.227841, -1.080753, -0.16619], [0.012789, 0.289297, 0.095138], [0.093845, 0.194763, 0.068164], [-0.077841, 0.199684, 0.089884], [0.011972, 0.341355, 0.150193], [0.192701, 0.174989, 0.052668], [-0.17287, 0.199239, 0.138248], [0.281199, -0.060626, -0.044185], [-0.280418, -0.018679, 0.245093], [0.252145, -0.314671, 0.005825], [-0.258709, -0.107101, 0.49358], [0.263893, -0.394949, 0.043125], [-0.271981, -0.117924, 0.580355]], "im2d": [[0.016139, -0.056912], [-0.064744, 0.063647], [0.091202, 0.046358], [0.045912, -0.182707], [-0.237792, 0.328319], [0.196094, 0.473455], [0.02926, -0.333914], [-0.303841, 0.81673], [0.321081, 0.884264], [-0.003662, -0.392686], [-0.385173, 0.803523], [0.346406, 0.951843], [-0.017714, -0.651641], [-0.079787, -0.529765], [0.069597, -0.556324], [-0.052589, -0.722136], [-0.164303, -0.494401], [0.127579, -0.574299], [-0.190556, -0.196077], [0.151167, -0.354282], [-0.204564, 0.084016], [-0.040537, -0.297706], [-0.243528, 0.170472], [-0.086948, -0.303072]], "theta": [1.170919, 0.014474, 0.17087, 0.962287, 0.287224, -3.008357, -0.795861, -0.489867, 0.040007, -0.085276, -0.185519, -0.223329, 0.279687, 0.13015, 0.033409, 0.709488, -0.054416, -0.100869, 0.750604, 0.07137, 0.192617, -0.09597, -0.005939, -0.034111, -0.213831, 0.168847, 0.162775, -0.341303, -0.287136, -6.9e-05, 0.137808, 0.025191, -0.056035, -0.000363, 0.000816, -0.000239, 0.001965, 0.002046, -0.006057, -0.207485, -0.233913, 0.062366, 0.049312, -0.17439, -0.515336, -0.047163, 0.438231, 0.297863, 0.125607, -0.069494, 0.142881, 0.186619, -0.113374, -0.603808, -0.056214, 0.38148, 0.501152, 0.351305, -0.586146, -0.25946, -0.304502, 0.775502, -0.150383, 0.371084, -0.165202, 0.467877, 0.138575, 0.121654, -0.429216, 0.111056, 0.044611, -0.412715, 0.111137, -0.036773, 0.418444, 0.609133, -1.048633, 0.082398, -2.32067, 0.395293, 0.088579, 1.237746, -2.167356, 0.119544, 0.81577]}