{"hc3d": [[-0.00069, -0.219474, 0.040795], [0.082865, -0.316647, 0.03796], [-0.082438, -0.31611, 0.040784], [-0.002929, -0.104508, 0.005251], [0.085175, -0.699989, -0.04879], [-0.137216, -0.596686, 0.322776], [0.000595, 0.02204, 0.034432], [0.028788, -0.908091, -0.411953], [-0.079649, -1.014436, 0.285765], [-0.001296, 0.063408, 0.079869], [0.069975, -1.012014, -0.330621], [-0.14461, -1.074537, 0.394022], [-0.001738, 0.286406, 0.095838], [0.085353, 0.193643, 0.089153], [-0.086952, 0.194437, 0.072337], [-0.005454, 0.336297, 0.152749], [0.186271, 0.181029, 0.0969], [-0.191273, 0.181953, 0.090531], [0.268781, -0.066803, 0.029833], [-0.271466, -0.071043, 0.084817], [0.218115, -0.251944, 0.206016], [-0.354956, -0.279309, 0.225139], [0.229771, -0.30548, 0.276527], [-0.393215, -0.345313, 0.269892]], "im2d": [[0.016197, -0.056922], [-0.064701, 0.063684], [0.091294, 0.046376], [0.045969, -0.182763], [-0.020029, 0.521883], [-0.056058, 0.310414], [0.02676, -0.333707], [0.273339, 0.825194], [-0.098918, 0.804161], [-0.000924, -0.390185], [0.175698, 0.933403], [-0.112049, 0.846403], [-0.00441, -0.65007], [-0.085941, -0.533463], [0.09005, -0.548011], [-0.037859, -0.718728], [-0.187972, -0.510552], [0.176984, -0.547295], [-0.229037, -0.204316], [0.249614, -0.262697], [-0.305699, -0.029622], [0.227874, -0.05775], [-0.366245, 0.019737], [0.232064, 0.005996]], "theta": [1.171309, 0.014519, 0.170877, 0.962343, 0.287179, -3.008434, 0.188911, 0.044747, -0.06879, -0.824861, 0.008994, -0.051827, 0.272747, -0.075073, -0.008045, 0.726084, -0.116491, -0.094685, 0.805181, -0.188703, 0.069567, -0.015954, 0.007231, 0.025724, -0.501791, 0.260851, 0.047172, 0.024469, -0.209526, 0.083147, 0.045899, 0.00849, -0.020148, 0.000103, 4.8e-05, -0.000947, 0.001253, 0.000641, -0.003456, -0.158999, -0.153075, -0.059529, 0.037929, -0.166534, -0.46775, -0.007651, 0.381739, 0.407948, 0.078941, 0.003212, 0.035091, 0.190742, -0.1926, -0.759068, -0.003775, 0.206493, 0.729225, 0.022508, -0.987817, 0.019697, -0.353757, 0.445319, -0.138657, 0.043074, -0.136079, 0.513907, -0.374027, 0.107657, -0.270302, 0.111296, 0.045746, -0.412525, 0.111182, -0.038745, 0.418681, 0.609133, -1.048633, 0.082398, -2.32067, 0.395293, 0.088579, 1.237746, -2.167356, 0.119544, 0.81577]}