{"hc3d": [[-0.000821, -0.219033, 0.039179], [0.081591, -0.316089, 0.035746], [-0.081427, -0.315515, 0.038431], [-0.003105, -0.104019, 0.004466], [0.092665, -0.710559, 0.093404], [-0.104296, -0.719952, 0.079571], [0.004454, 0.024076, 0.02961], [0.046968, -1.110832, -0.051616], [-0.082132, -1.125667, -0.05826], [0.007029, 0.07155, 0.068064], [0.106379, -1.162946, 0.063273], [-0.119196, -1.202426, 0.05406], [0.00896, 0.293585, 0.042701], [0.094418, 0.198919, 0.043602], [-0.078334, 0.200517, 0.044929], [0.012036, 0.344394, 0.100521], [0.191631, 0.181124, 0.018332], [-0.182206, 0.190643, 0.067484], [0.242338, -0.078105, -0.050303], [-0.251505, -0.065558, 0.028771], [0.31471, -0.307472, 0.057184], [-0.27572, -0.316006, 0.120211], [0.359289, -0.376104, 0.094143], [-0.276223, -0.397396, 0.155943]], "im2d": [[0.009371, -0.110938], [0.091537, 0.010357], [-0.075319, -0.011136], [0.03081, -0.248537], [0.056231, 0.472724], [-0.136002, 0.455526], [0.028629, -0.390092], [0.078468, 0.901374], [-0.049214, 0.90043], [0.011012, -0.437847], [0.07154, 0.987461], [-0.153391, 1.00172], [0.035131, -0.695881], [0.118002, -0.57622], [-0.057918, -0.600375], [0.007119, -0.74424], [0.230365, -0.547273], [-0.176453, -0.59896], [0.311829, -0.255077], [-0.233632, -0.321024], [0.31609, 0.034398], [-0.318941, -0.022631], [0.337885, 0.124787], [-0.342616, 0.076279]], "theta": [1.163525, 0.008876, 0.123686, 3.197393, 0.122221, -0.831069, -0.175134, 0.013774, -0.055577, -0.141756, -0.030131, 0.040117, 0.235089, 0.029283, -0.028102, 0.399194, -0.007804, -0.024593, 0.349471, 0.04713, -0.019305, -0.113485, -0.002505, 0.02714, -0.303661, 0.280364, 0.018137, -0.039677, -0.125464, 0.128146, -0.014869, 0.015799, -0.024891, -0.002502, 0.002074, 0.002171, 0.002098, 0.003355, -0.007948, 0.040667, -0.061498, 0.002733, 0.018558, 0.077234, -0.547278, 0.008823, 0.295667, 0.451503, 0.029652, -0.145876, 0.039677, 0.133484, -0.102002, -0.752689, 0.304249, 0.083572, 0.888702, -0.089941, -0.536991, 0.035887, -0.033524, 0.399726, -0.059756, 0.055875, -0.197944, 0.394761, -0.308919, 0.209073, -0.092607, 0.10856, 0.04316, -0.40964, 0.109889, -0.036943, 0.416464, 0.735351, -0.78734, 0.010502, -2.352528, 0.362267, 0.060738, 1.236419, -2.032732, 0.09326, 0.879694]}