{"hc3d": [[-0.000821, -0.219033, 0.039179], [0.081591, -0.316089, 0.035746], [-0.081427, -0.315515, 0.038431], [-0.003105, -0.104019, 0.004466], [0.092087, -0.692076, 0.168326], [-0.090112, -0.720339, -0.004304], [0.003013, 0.023933, 0.030706], [0.036404, -1.109863, 0.092891], [-0.091241, -1.11659, -0.168858], [0.005904, 0.072623, 0.067584], [0.101987, -1.130479, 0.214213], [-0.116961, -1.176021, -0.043607], [0.004131, 0.294974, 0.04515], [0.090891, 0.201529, 0.042713], [-0.081782, 0.200654, 0.048253], [0.012132, 0.346877, 0.101508], [0.186604, 0.189494, 0.009548], [-0.185904, 0.194219, 0.070897], [0.209774, -0.047482, -0.12382], [-0.272761, -0.058365, 0.04645], [0.324267, -0.226273, 0.032147], [-0.231897, -0.228608, 0.248982], [0.386554, -0.274395, 0.07537], [-0.218485, -0.271867, 0.325468]], "im2d": [[0.009407, -0.110956], [0.091593, 0.010363], [-0.075296, -0.011133], [0.030847, -0.248585], [0.013706, 0.463778], [-0.073861, 0.444277], [0.026569, -0.390014], [-0.014378, 0.922577], [0.004873, 0.871039], [0.010205, -0.439383], [-0.017613, 0.974477], [-0.094576, 0.956102], [0.028907, -0.697841], [0.115062, -0.579926], [-0.063298, -0.600559], [0.006751, -0.747054], [0.23062, -0.55905], [-0.182041, -0.603096], [0.321794, -0.306401], [-0.265026, -0.329218], [0.342958, -0.061384], [-0.344764, -0.096022], [0.379873, 0.008873], [-0.376195, -0.032301]], "theta": [1.16377, 0.008904, 0.123691, 3.197431, 0.122189, -0.831121, -0.367666, -0.015124, -0.054705, 0.067592, 0.002918, 0.074392, 0.244355, 0.055622, -0.014755, 0.421239, 0.028495, -0.048516, 0.209031, 0.111465, -0.083784, -0.154705, -0.012439, 0.017341, -0.389704, 0.304045, 0.068014, -0.226434, -0.092783, 0.062622, 0.029712, 0.024816, -0.016176, -0.001966, 0.001717, 0.00187, 0.001429, 0.002199, -0.005774, 0.006101, -0.031075, -0.044342, 0.01853, 0.136936, -0.516708, -0.026192, 0.272702, 0.40577, -0.02131, -0.118043, 0.030744, 0.255545, 0.087064, -0.854458, 0.336269, 0.109461, 0.842078, -0.226617, -1.052619, 0.237591, -0.051975, 0.943941, -0.151688, -0.069018, -0.182553, 0.476531, -0.312622, 0.272058, -0.226312, 0.109228, 0.04274, -0.411344, 0.110046, -0.038, 0.416598, 0.735351, -0.78734, 0.010502, -2.352528, 0.362267, 0.060738, 1.236419, -2.032732, 0.09326, 0.879694]}