{"hc3d": [[-0.000821, -0.219033, 0.039179], [0.081591, -0.316089, 0.035746], [-0.081427, -0.315515, 0.038431], [-0.003105, -0.104019, 0.004466], [0.093811, -0.68934, 0.175702], [-0.083498, -0.708632, -0.067583], [0.004734, 0.023418, 0.03268], [0.025862, -1.109064, 0.226222], [-0.115803, -1.075872, -0.287094], [0.009121, 0.071072, 0.070744], [0.099823, -1.090394, 0.342953], [-0.132187, -1.137986, -0.161576], [0.005602, 0.29383, 0.053042], [0.092584, 0.200874, 0.045372], [-0.07975, 0.199053, 0.057424], [0.014795, 0.34893, 0.106086], [0.185891, 0.187375, 0.006421], [-0.183587, 0.194653, 0.0818], [0.2001, -0.016325, -0.174647], [-0.295185, -0.048276, 0.060078], [0.338634, -0.149563, 0.00551], [-0.227909, -0.163152, 0.292348], [0.404598, -0.181946, 0.057121], [-0.211001, -0.186899, 0.376321]], "im2d": [[0.00942, -0.110963], [0.091613, 0.010365], [-0.075289, -0.011132], [0.03086, -0.248603], [0.01137, 0.462111], [-0.030711, 0.421475], [0.027184, -0.388906], [-0.100918, 0.942053], [0.048696, 0.802038], [0.011625, -0.436705], [-0.091677, 0.949322], [-0.041534, 0.891444], [0.025875, -0.695106], [0.115258, -0.578565], [-0.06651, -0.597012], [0.006924, -0.748366], [0.231628, -0.557268], [-0.185888, -0.60156], [0.342029, -0.351634], [-0.295193, -0.341503], [0.3754, -0.15168], [-0.363143, -0.163395], [0.411822, -0.097594], [-0.394613, -0.120335]], "theta": [1.163861, 0.008915, 0.123693, 3.197443, 0.12218, -0.831138, -0.390197, 0.035294, -0.058647, 0.2255, -0.008143, 0.090215, 0.262001, 0.098632, -0.023755, 0.150102, -0.020758, -0.074081, 0.206947, 0.209062, -0.154009, -0.145469, -0.030529, 0.014638, -0.426905, 0.340669, 0.111219, -0.349855, -0.111878, 0.057772, 0.022866, 0.038111, -0.003011, -0.004226, 0.003151, 0.004496, 0.001925, 0.004252, -0.009092, -0.072158, -0.050947, -0.052455, 0.04321, 0.156125, -0.551492, -0.055164, 0.253917, 0.380124, -0.031971, -0.147407, 0.042733, 0.312463, 0.243016, -0.789354, 0.337853, 0.062586, 0.770316, -0.272937, -1.438119, 0.335409, -0.091654, 1.235546, -0.155676, -0.122484, -0.201734, 0.439604, -0.283443, 0.244311, -0.273717, 0.107065, 0.041594, -0.407593, 0.108182, -0.036419, 0.415572, 0.735351, -0.78734, 0.010502, -2.352528, 0.362267, 0.060738, 1.236419, -2.032732, 0.09326, 0.879694]}