{"hc3d": [[-0.000821, -0.219033, 0.039179], [0.081591, -0.316089, 0.035746], [-0.081427, -0.315515, 0.038431], [-0.003105, -0.104019, 0.004466], [0.083223, -0.704341, 0.126911], [-0.099156, -0.719062, -0.012752], [0.004144, 0.023684, 0.031616], [0.009416, -1.126078, 0.132162], [-0.140989, -0.951946, -0.370675], [0.008001, 0.070175, 0.071147], [0.082431, -1.125697, 0.250963], [-0.171693, -1.070542, -0.300865], [0.004116, 0.29279, 0.051799], [0.091417, 0.200012, 0.045797], [-0.081039, 0.197822, 0.055887], [0.011663, 0.348219, 0.10476], [0.186035, 0.183886, 0.011256], [-0.18468, 0.192498, 0.080901], [0.205007, -0.027629, -0.160159], [-0.294672, -0.051713, 0.066649], [0.34402, -0.174291, 0.008856], [-0.237073, -0.172686, 0.298423], [0.403067, -0.215181, 0.062755], [-0.22589, -0.191709, 0.38453]], "im2d": [[0.009425, -0.110966], [0.091622, 0.010366], [-0.075285, -0.011132], [0.030866, -0.248611], [0.027887, 0.469985], [-0.078166, 0.440311], [0.027205, -0.389474], [-0.064648, 0.944119], [0.07504, 0.643274], [0.010232, -0.435773], [-0.058179, 0.972543], [2.6e-05, 0.786426], [0.025042, -0.694335], [0.11381, -0.57768], [-0.066984, -0.59604], [0.004478, -0.748202], [0.228912, -0.552486], [-0.186564, -0.599401], [0.338385, -0.335706], [-0.298538, -0.336442], [0.37812, -0.122122], [-0.376238, -0.152689], [0.405926, -0.058824], [-0.414569, -0.115436]], "theta": [1.163903, 0.008919, 0.123693, 3.197448, 0.122176, -0.831144, -0.263683, 0.091034, -0.088062, 0.084947, -0.049338, 0.047877, 0.253261, 0.094389, -0.019967, 0.134007, -0.089432, -0.062913, 0.792295, 0.159469, -0.146393, -0.106647, -0.036832, 0.017159, -0.393404, 0.354813, 0.104828, -0.220736, -0.092179, 0.104636, -0.014427, 0.03785, -0.005197, -0.006009, 0.004247, 0.006297, 0.002434, 0.005808, -0.011918, -0.071773, -0.102428, -0.078107, 0.047214, 0.118817, -0.570947, -0.067912, 0.274316, 0.386357, 0.017773, -0.126371, 0.031536, 0.243534, 0.245702, -0.773084, 0.328344, 0.060823, 0.760307, -0.23361, -1.320589, 0.319814, -0.032116, 1.16061, -0.192174, -0.18242, -0.211832, 0.332799, -0.281237, 0.287684, -0.349506, 0.105252, 0.041084, -0.404656, 0.106524, -0.035088, 0.414858, 0.735351, -0.78734, 0.010502, -2.352528, 0.362267, 0.060738, 1.236419, -2.032732, 0.09326, 0.879694]}