{"hc3d": [[-0.000821, -0.219033, 0.039179], [0.081591, -0.316089, 0.035746], [-0.081427, -0.315515, 0.038431], [-0.003105, -0.104019, 0.004466], [0.072391, -0.710121, 0.096638], [-0.115329, -0.721086, 0.050562], [0.002835, 0.024168, 0.029577], [0.00144, -1.132356, 0.0921], [-0.142104, -0.889757, -0.343046], [0.006437, 0.071188, 0.068502], [0.070444, -1.143863, 0.212727], [-0.178487, -1.022612, -0.312924], [0.003025, 0.293507, 0.045935], [0.090224, 0.200528, 0.041869], [-0.082301, 0.19873, 0.050796], [0.011049, 0.347703, 0.100089], [0.185476, 0.185788, 0.008471], [-0.185983, 0.1937, 0.075699], [0.214878, -0.041507, -0.139698], [-0.285565, -0.054894, 0.060712], [0.344722, -0.218685, 0.005727], [-0.24343, -0.209052, 0.275495], [0.401137, -0.270697, 0.052372], [-0.234341, -0.239721, 0.35843]], "im2d": [[0.009426, -0.110967], [0.091623, 0.010366], [-0.075285, -0.011132], [0.030866, -0.248612], [0.033929, 0.470265], [-0.130687, 0.450821], [0.027056, -0.390532], [-0.050153, 0.943751], [0.060344, 0.576417], [0.010186, -0.437569], [-0.049207, 0.985562], [0.001664, 0.728697], [0.027299, -0.696256], [0.114854, -0.579068], [-0.065335, -0.598076], [0.006497, -0.748454], [0.229997, -0.555192], [-0.184883, -0.601797], [0.336272, -0.315199], [-0.28603, -0.332578], [0.379072, -0.071707], [-0.370902, -0.115609], [0.407951, 0.002804], [-0.409957, -0.065809]], "theta": [1.163907, 0.00892, 0.123693, 3.197448, 0.122176, -0.831145, -0.184964, 0.089178, -0.111276, -0.072699, -0.053464, 0.011731, 0.236398, 0.081957, -0.011595, 0.077156, -0.12302, -0.036767, 1.116427, 0.101616, -0.123294, -0.103009, -0.032072, 0.008478, -0.323332, 0.368024, 0.08491, -0.095491, -0.059261, 0.139891, -0.015181, 0.037714, -0.0064, -0.004676, 0.00342, 0.004752, 0.002276, 0.004634, -0.010181, -0.035871, -0.098393, -0.087681, 0.059401, 0.119949, -0.552318, -0.056761, 0.277899, 0.387832, 0.03026, -0.10717, 0.030803, 0.210182, 0.142748, -0.778868, 0.342187, 0.084553, 0.804602, -0.224284, -1.07639, 0.244325, -0.017933, 0.993552, -0.184308, -0.155541, -0.208588, 0.329356, -0.304378, 0.306932, -0.328506, 0.106618, 0.04158, -0.407036, 0.107779, -0.035242, 0.415372, 0.735351, -0.78734, 0.010502, -2.352528, 0.362267, 0.060738, 1.236419, -2.032732, 0.09326, 0.879694]}