{"hc3d": [[-0.000821, -0.219033, 0.039179], [0.081591, -0.316089, 0.035746], [-0.081427, -0.315515, 0.038431], [-0.003105, -0.104019, 0.004466], [0.062568, -0.714445, 0.037722], [-0.124042, -0.686818, 0.199993], [0.003461, 0.023645, 0.031971], [0.002822, -1.13648, -0.002951], [-0.112509, -0.896556, -0.174134], [0.006975, 0.071152, 0.070308], [0.057989, -1.173504, 0.119649], [-0.145594, -1.031292, -0.148972], [0.009433, 0.293406, 0.046986], [0.094348, 0.19828, 0.044566], [-0.078284, 0.200789, 0.050825], [0.015937, 0.344456, 0.104307], [0.19089, 0.181114, 0.016446], [-0.182041, 0.194325, 0.075079], [0.247293, -0.073844, -0.062904], [-0.257832, -0.060564, 0.040038], [0.328564, -0.296329, 0.052406], [-0.274341, -0.297696, 0.163194], [0.375506, -0.362511, 0.090876], [-0.270265, -0.3726, 0.210881]], "im2d": [[0.009426, -0.110967], [0.091624, 0.010366], [-0.075285, -0.011131], [0.030867, -0.248613], [0.05735, 0.464349], [-0.223399, 0.434762], [0.02631, -0.389464], [0.005214, 0.93319], [-0.006017, 0.615553], [0.009704, -0.437165], [-0.009889, 1.002735], [-0.058592, 0.76961], [0.033199, -0.695134], [0.117426, -0.575519], [-0.061205, -0.599907], [0.008942, -0.743414], [0.230789, -0.547838], [-0.180509, -0.602101], [0.324324, -0.261444], [-0.246321, -0.325831], [0.333409, 0.022686], [-0.341421, -0.036414], [0.356838, 0.110856], [-0.367034, 0.057648]], "theta": [1.163912, 0.00892, 0.123693, 3.197449, 0.122175, -0.831145, -0.03511, 0.064971, -0.129293, -0.448182, 0.000752, -0.009937, 0.253917, 0.043595, -0.018975, 0.010345, -0.141938, 0.007854, 1.390462, -0.039585, -0.049263, -0.133472, -0.002948, 0.008883, -0.203371, 0.332107, 0.015879, 0.027618, -0.002402, 0.150183, -0.004217, 0.028555, -0.024485, -0.002924, 0.002467, 0.002483, 0.002001, 0.003288, -0.007869, 0.02457, -0.075735, -0.035634, 0.048488, 0.080446, -0.542518, -0.009921, 0.283616, 0.424457, 0.01235, -0.133766, 0.061218, 0.112056, -0.094774, -0.719103, 0.309118, 0.088554, 0.896197, -0.125541, -0.616539, 0.024377, -0.04696, 0.517956, -0.100199, -0.026828, -0.208029, 0.393992, -0.355083, 0.240317, -0.086959, 0.108586, 0.042354, -0.41014, 0.109439, -0.035844, 0.415939, 0.735351, -0.78734, 0.010502, -2.352528, 0.362267, 0.060738, 1.236419, -2.032732, 0.09326, 0.879694]}