{"hc3d": [[-0.000782, -0.218552, 0.03961], [0.081836, -0.315462, 0.036373], [-0.081596, -0.31491, 0.03911], [-0.003049, -0.103813, 0.004763], [0.164009, -0.691823, 0.13043], [-0.134025, -0.703117, 0.141506], [0.000211, 0.025274, 0.021053], [0.043846, -1.021445, -0.110721], [-0.077921, -1.096987, -0.012536], [0.005899, 0.072526, 0.059335], [0.138032, -1.089089, -0.034358], [-0.117875, -1.171257, 0.099677], [-0.007195, 0.293886, 0.035454], [0.081599, 0.203837, 0.021661], [-0.088147, 0.197004, 0.051785], [0.004737, 0.340976, 0.094543], [0.169844, 0.189973, -0.027186], [-0.183631, 0.174344, 0.093131], [0.263427, -0.059465, -0.079317], [-0.232997, -0.082488, 0.146382], [0.297516, -0.307553, -0.001958], [-0.260348, -0.332495, 0.234022], [0.343571, -0.37883, 0.02638], [-0.274944, -0.41498, 0.262836]], "im2d": [[0.014863, -0.08939], [-0.021022, 0.035825], [0.039432, 0.000392], [0.061599, -0.211541], [-0.181681, 0.455363], [-0.078859, 0.403428], [0.052706, -0.356336], [0.097328, 0.832457], [0.034027, 0.875286], [0.013218, -0.413398], [-0.025775, 0.91537], [-0.075853, 0.931754], [0.060505, -0.657604], [0.03401, -0.537054], [0.067126, -0.569878], [-0.00362, -0.716392], [0.050894, -0.495563], [0.058293, -0.571281], [0.051413, -0.19155], [0.001188, -0.305484], [-0.0631, 0.078395], [-0.100631, -0.047936], [-0.116575, 0.162637], [-0.131958, 0.03588]], "theta": [1.137874, 0.013844, 0.139993, 1.843385, 0.352778, -2.609906, -0.292552, 0.139762, 0.113106, -0.295299, 0.006186, -0.036218, 0.171082, 0.105249, 0.006268, 0.852118, 0.147784, -0.192616, 0.543026, 0.004138, 0.145793, -0.04914, 0.013481, -0.004498, -0.410762, 0.305381, 0.170909, -0.125655, -0.172377, 0.110562, -0.012454, 0.094692, 0.004633, -0.009751, 0.007416, 0.008879, 0.00025, 0.008171, -0.012094, 0.096131, -0.046956, -0.006707, 0.052002, 0.162462, -0.576397, 0.030961, 0.326301, 0.521154, 0.006657, -0.051473, 0.052251, 0.180385, -0.331173, -0.574905, 0.226428, 0.335462, 0.660031, 0.161936, -0.382222, -0.277725, -0.106903, 0.049447, 0.043401, 0.359422, -0.079109, 0.529306, 0.151039, 0.074416, -0.146805, 0.102119, 0.03885, -0.403713, 0.104191, -0.037194, 0.411675, 0.665926, -0.86619, 0.017378, -2.34478, 0.331955, 0.068747, 1.245557, -2.059638, 0.090739, 0.864437]}