{"hc3d": [[-0.000782, -0.218552, 0.03961], [0.081836, -0.315462, 0.036373], [-0.081596, -0.31491, 0.03911], [-0.003049, -0.103813, 0.004763], [0.151678, -0.684582, 0.163335], [-0.151337, -0.709806, 0.095073], [-0.002265, 0.025264, 0.021429], [0.091679, -1.050261, -0.046242], [-0.101639, -1.11288, -0.035583], [0.001716, 0.073677, 0.058457], [0.172484, -1.11393, 0.047005], [-0.147265, -1.183704, 0.076695], [-0.010152, 0.295278, 0.036231], [0.079183, 0.205308, 0.025829], [-0.091822, 0.198295, 0.04764], [0.001007, 0.342268, 0.09555], [0.170888, 0.195666, -0.01733], [-0.191018, 0.182542, 0.083028], [0.258083, -0.052387, -0.084867], [-0.259272, -0.071016, 0.13083], [0.297531, -0.300722, -0.010924], [-0.303911, -0.315361, 0.226934], [0.341109, -0.372793, 0.019266], [-0.325037, -0.392396, 0.265224]], "im2d": [[0.016257, -0.089627], [-0.019402, 0.036649], [0.041402, 0.00058], [0.06281, -0.212771], [-0.20952, 0.443959], [-0.019826, 0.417501], [0.053823, -0.359079], [0.012996, 0.870738], [0.072415, 0.897506], [0.01593, -0.41784], [-0.123297, 0.944893], [-0.035564, 0.949643], [0.060305, -0.664129], [0.030226, -0.543065], [0.072938, -0.57522], [-0.00445, -0.723154], [0.040183, -0.506094], [0.072436, -0.584295], [0.061047, -0.200517], [0.029514, -0.323431], [-0.051586, 0.073639], [-0.073877, -0.07512], [-0.106183, 0.158764], [-0.112315, 0.000441]], "theta": [1.145712, 0.014971, 0.140324, 1.845748, 0.350656, -2.613161, -0.360445, 0.010712, 0.095474, -0.185275, -0.048884, -0.076153, 0.172632, 0.08138, 0.02446, 0.770926, 0.106121, -0.14837, 0.37706, 0.067334, 0.161511, -0.080314, 0.012237, -0.008682, -0.308537, 0.312119, 0.136716, -0.097358, -0.213586, 0.116032, 0.027934, 0.071075, -0.002197, -0.003491, 0.001917, 0.004849, 0.002001, 0.004149, -0.009712, 0.087948, -0.021983, -0.022477, 0.043956, 0.149994, -0.533888, 0.016902, 0.306106, 0.453945, 0.049668, 0.007143, 0.028762, 0.200011, -0.255181, -0.644665, 0.232224, 0.31734, 0.679017, 0.1846, -0.427402, -0.206121, -0.076294, 0.092173, 0.016502, 0.389352, -0.100686, 0.485507, 0.171423, 0.120775, -0.21825, 0.1095, 0.042361, -0.410186, 0.109868, -0.036821, 0.419595, 0.665926, -0.86619, 0.017378, -2.34478, 0.331955, 0.068747, 1.245557, -2.059638, 0.090739, 0.864437]}