{"hc3d": [[-0.000782, -0.218552, 0.03961], [0.081836, -0.315462, 0.036373], [-0.081596, -0.31491, 0.03911], [-0.003049, -0.103813, 0.004763], [0.103957, -0.649884, 0.248315], [-0.158672, -0.712038, 0.022165], [-0.002529, 0.024192, 0.028293], [0.181771, -1.058384, 0.157122], [-0.12399, -1.114361, -0.115467], [0.000976, 0.072715, 0.065225], [0.20243, -1.107147, 0.285471], [-0.168064, -1.174251, 0.003591], [-0.007272, 0.295332, 0.054489], [0.080678, 0.204599, 0.039796], [-0.090523, 0.199214, 0.060509], [0.005321, 0.343044, 0.112939], [0.173955, 0.1943, 0.000317], [-0.190267, 0.193798, 0.097415], [0.245229, -0.047987, -0.099241], [-0.278582, -0.054094, 0.141974], [0.288194, -0.305764, -0.079271], [-0.343055, -0.291602, 0.243787], [0.329639, -0.383909, -0.065845], [-0.373839, -0.358644, 0.292825]], "im2d": [[0.017595, -0.089912], [-0.017885, 0.037388], [0.043269, 0.000726], [0.064012, -0.214017], [-0.278751, 0.38599], [0.064826, 0.432319], [0.04704, -0.361136], [-0.238315, 0.87522], [0.172868, 0.912152], [0.008983, -0.42037], [-0.388683, 0.915284], [0.057184, 0.951985], [0.038978, -0.6705], [0.01423, -0.54726], [0.058566, -0.581637], [-0.025993, -0.73006], [0.019698, -0.509459], [0.057351, -0.60282], [0.083057, -0.207016], [0.026881, -0.350423], [0.027061, 0.088779], [-0.074216, -0.113044], [-0.009038, 0.183543], [-0.119794, -0.051817]], "theta": [1.153424, 0.016036, 0.1406, 1.847836, 0.348812, -2.616033, -0.569601, -0.300213, 0.055403, -0.008061, -0.080135, -0.10015, 0.225909, 0.081905, 0.028762, 0.687323, -0.126604, -0.042289, 0.207702, 0.197977, 0.164639, -0.135402, 0.0318, 0.003995, -0.115967, 0.246834, 0.115185, -0.182486, -0.251273, 0.068429, 0.084449, 0.044796, -0.0306, -0.001415, 0.001004, 0.002081, 0.002727, 0.003272, -0.008987, 0.023487, 0.025077, -0.007508, 0.042047, 0.107243, -0.538195, 0.022314, 0.314452, 0.351012, 0.091566, 0.079356, 0.061585, 0.170941, -0.129526, -0.678132, 0.121878, 0.293887, 0.702496, 0.21323, -0.332436, -0.173188, -0.083173, 0.122, 0.006121, 0.44945, -0.119083, 0.440306, 0.250322, 0.172801, -0.340085, 0.11056, 0.04364, -0.411503, 0.111087, -0.036928, 0.419264, 0.665926, -0.86619, 0.017378, -2.34478, 0.331955, 0.068747, 1.245557, -2.059638, 0.090739, 0.864437]}