{"hc3d": [[-0.000782, -0.218552, 0.03961], [0.081836, -0.315462, 0.036373], [-0.081596, -0.31491, 0.03911], [-0.003049, -0.103813, 0.004763], [0.075355, -0.645962, 0.255405], [-0.174363, -0.702852, -0.030413], [-0.003244, 0.024256, 0.027952], [0.134982, -1.064956, 0.301572], [-0.151399, -1.079098, -0.230216], [-0.00043, 0.072295, 0.065568], [0.111917, -1.075026, 0.438117], [-0.204386, -1.14034, -0.115561], [-0.005429, 0.295267, 0.065895], [0.081708, 0.204111, 0.049125], [-0.090079, 0.200195, 0.064673], [0.004244, 0.341454, 0.1261], [0.178534, 0.196831, 0.018514], [-0.189299, 0.20608, 0.102899], [0.253236, -0.032102, -0.106802], [-0.321286, -0.021837, 0.146126], [0.277178, -0.293072, -0.102861], [-0.297884, -0.192315, 0.349404], [0.310325, -0.375331, -0.091058], [-0.296536, -0.212622, 0.435618]], "im2d": [[0.018074, -0.090041], [-0.01736, 0.037633], [0.043926, 0.000767], [0.064464, -0.214496], [-0.274666, 0.375618], [0.129889, 0.427408], [0.047938, -0.362134], [-0.376236, 0.853417], [0.312567, 0.885642], [0.009216, -0.421182], [-0.516057, 0.839381], [0.204841, 0.925897], [0.025742, -0.673289], [0.003606, -0.549088], [0.053971, -0.584663], [-0.040317, -0.732108], [-0.001704, -0.515108], [0.051863, -0.618729], [0.089649, -0.222416], [0.041561, -0.397575], [0.058505, 0.075978], [-0.199683, -0.230802], [0.027167, 0.174076], [-0.29515, -0.220476]], "theta": [1.156301, 0.016413, 0.140683, 1.848502, 0.348238, -2.616946, -0.59324, -0.418587, 0.017356, 0.113632, -0.134454, -0.151687, 0.222801, 0.060166, 0.032683, 0.403451, -0.29476, -0.029131, 0.244435, 0.261813, 0.170492, -0.120156, 0.019615, -0.004954, -0.105621, 0.236742, 0.17471, -0.288559, -0.276325, -0.005179, 0.123094, 0.047054, -0.029892, -0.000978, 0.000849, 0.001317, 0.002741, 0.002772, -0.00763, -0.005696, -0.040887, -0.034663, 0.042862, 0.044591, -0.495884, 0.001102, 0.340729, 0.234673, 0.103516, 0.098017, 0.083745, 0.215605, -0.045063, -0.709601, 0.135003, 0.237278, 0.653789, 0.345391, -0.408651, -0.185651, 0.099639, 0.774336, -0.098189, 0.466529, -0.098301, 0.417455, 0.359037, 0.221936, -0.558052, 0.110703, 0.043536, -0.412662, 0.111567, -0.034932, 0.418806, 0.665926, -0.86619, 0.017378, -2.34478, 0.331955, 0.068747, 1.245557, -2.059638, 0.090739, 0.864437]}