{"hc3d": [[-0.000782, -0.218552, 0.03961], [0.081836, -0.315462, 0.036373], [-0.081596, -0.31491, 0.03911], [-0.003049, -0.103813, 0.004763], [0.061899, -0.642464, 0.259799], [-0.173308, -0.697399, -0.056959], [-0.003989, 0.025398, 0.020347], [0.142665, -1.060284, 0.247715], [-0.169422, -1.027998, -0.326586], [-0.000754, 0.073328, 0.05807], [0.120804, -1.072964, 0.384241], [-0.206112, -1.103693, -0.21421], [-0.007581, 0.296247, 0.056618], [0.08022, 0.205672, 0.040163], [-0.091453, 0.200481, 0.056576], [0.001986, 0.342772, 0.116579], [0.176813, 0.19977, 0.008535], [-0.189939, 0.206972, 0.096559], [0.25378, -0.025673, -0.121642], [-0.321438, -0.018937, 0.150489], [0.28116, -0.285825, -0.105354], [-0.305228, -0.195573, 0.349158], [0.305453, -0.371091, -0.093349], [-0.305152, -0.21368, 0.435871]], "im2d": [[0.018246, -0.090094], [-0.017179, 0.037716], [0.044158, 0.000779], [0.064634, -0.214679], [-0.273847, 0.36854], [0.159147, 0.425803], [0.05667, -0.362767], [-0.320289, 0.858788], [0.428558, 0.839153], [0.017604, -0.421656], [-0.460867, 0.84799], [0.315858, 0.899676], [0.036702, -0.674076], [0.014021, -0.550301], [0.063359, -0.584609], [-0.029111, -0.733294], [0.010003, -0.517731], [0.059083, -0.619499], [0.106164, -0.227505], [0.037171, -0.401898], [0.060386, 0.069173], [-0.196808, -0.228852], [0.032114, 0.168786], [-0.292255, -0.221318]], "theta": [1.157375, 0.016547, 0.140708, 1.848714, 0.348059, -2.617237, -0.612885, -0.439702, -0.008933, 0.182962, -0.126118, -0.153212, 0.163636, 0.07212, 0.037018, 0.574425, -0.319675, -0.059823, 0.361821, 0.379864, 0.154946, -0.058049, 0.010279, -0.011905, -0.199838, 0.286635, 0.266976, -0.358767, -0.257002, -0.021084, 0.11117, 0.049675, -0.01787, 0.000967, -0.000352, -0.001076, 0.001886, 0.001189, -0.004001, -0.00303, -0.065437, -0.054883, 0.05112, 0.053703, -0.490594, -0.002989, 0.353431, 0.222015, 0.149912, 0.101952, 0.062407, 0.232056, -0.035865, -0.70705, 0.135572, 0.249781, 0.640648, 0.34999, -0.474041, -0.162355, 0.105297, 0.704383, -0.075394, 0.446524, -0.1365, 0.296384, 0.327884, 0.243602, -0.609229, 0.112313, 0.045156, -0.415239, 0.112925, -0.03736, 0.41928, 0.665926, -0.86619, 0.017378, -2.34478, 0.331955, 0.068747, 1.245557, -2.059638, 0.090739, 0.864437]}