{"hc3d": [[-0.000782, -0.218552, 0.03961], [0.081836, -0.315462, 0.036373], [-0.081596, -0.31491, 0.03911], [-0.003049, -0.103813, 0.004763], [0.154838, -0.703305, 0.07504], [-0.144889, -0.662082, 0.237615], [-0.000638, 0.025111, 0.022433], [0.05227, -0.897124, -0.289867], [-0.067595, -1.057798, 0.098173], [-0.002626, 0.069974, 0.063833], [0.129984, -0.998071, -0.234654], [-0.127549, -1.138992, 0.195728], [-0.003684, 0.292756, 0.053383], [0.083435, 0.200118, 0.056872], [-0.088351, 0.198513, 0.040911], [-0.004169, 0.341129, 0.112638], [0.182844, 0.179083, 0.050487], [-0.191896, 0.176342, 0.05219], [0.279133, -0.074189, 0.033856], [-0.2624, -0.080466, 0.034462], [0.276833, -0.317955, 0.130121], [-0.330575, -0.33144, 0.091878], [0.293982, -0.395282, 0.171727], [-0.350798, -0.416908, 0.103427]], "im2d": [[0.018342, -0.09013], [-0.017082, 0.037759], [0.044286, 0.000785], [0.064735, -0.214789], [-0.113594, 0.485252], [-0.169654, 0.348727], [0.053138, -0.362205], [0.310581, 0.73534], [-0.074757, 0.83248], [0.011893, -0.419359], [0.213278, 0.858023], [-0.162609, 0.896332], [0.038463, -0.669159], [-0.005761, -0.546095], [0.079078, -0.579698], [-0.022551, -0.732589], [-0.039332, -0.499572], [0.106086, -0.579156], [-0.075958, -0.190437], [0.136048, -0.302557], [-0.195887, 0.069539], [0.083794, -0.043177], [-0.252999, 0.154297], [0.073521, 0.047]], "theta": [1.158014, 0.016622, 0.140721, 1.848813, 0.347978, -2.617373, -0.133978, 0.039501, 0.102338, -0.560604, -0.037012, -0.055923, 0.178209, -0.041799, 0.006515, 1.112873, 0.122852, -0.195779, 0.787435, -0.069671, 0.161887, 0.002286, -0.024815, 0.020142, -0.45651, 0.281753, 0.098238, -0.069294, -0.288634, 0.134518, -0.003245, 0.01095, -0.020081, -0.00466, 0.003311, 0.004325, 0.002498, 0.004842, -0.010755, 0.001879, -0.048835, -0.044913, 0.042969, -0.034543, -0.594897, 0.029572, 0.310384, 0.533253, 0.141289, -0.045634, 0.026793, 0.163489, -0.295637, -0.55191, 0.175867, 0.172768, 0.698992, 0.260787, -0.435809, -0.18756, -0.15476, 0.161273, -0.026526, 0.183674, -0.110465, 0.361256, -0.140621, 0.042524, -0.073303, 0.107211, 0.041301, -0.407902, 0.107666, -0.034848, 0.415014, 0.665926, -0.86619, 0.017378, -2.34478, 0.331955, 0.068747, 1.245557, -2.059638, 0.090739, 0.864437]}