{"hc3d": [[-0.000782, -0.218552, 0.03961], [0.081836, -0.315462, 0.036373], [-0.081596, -0.31491, 0.03911], [-0.003049, -0.103813, 0.004763], [0.149105, -0.699463, 0.108937], [-0.136346, -0.690272, 0.180688], [-0.000606, 0.025173, 0.021969], [0.068354, -0.931026, -0.239059], [-0.064553, -1.087433, 0.042417], [-0.002261, 0.06989, 0.063541], [0.144492, -1.026002, -0.172271], [-0.125222, -1.161814, 0.144842], [-0.006604, 0.292501, 0.050611], [0.081823, 0.201075, 0.052921], [-0.090275, 0.197005, 0.041366], [-0.005016, 0.33827, 0.111883], [0.181198, 0.180772, 0.0441], [-0.191953, 0.170881, 0.059233], [0.273825, -0.072813, 0.015645], [-0.256539, -0.088076, 0.06152], [0.276381, -0.319752, 0.103446], [-0.312636, -0.342407, 0.117209], [0.292606, -0.400267, 0.138921], [-0.327762, -0.42895, 0.128551]], "im2d": [[0.018342, -0.09013], [-0.017082, 0.03776], [0.044286, 0.000785], [0.064735, -0.214789], [-0.147932, 0.474627], [-0.113002, 0.390833], [0.053634, -0.362199], [0.246768, 0.769548], [-0.01731, 0.874831], [0.012061, -0.41914], [0.137898, 0.883436], [-0.109722, 0.930124], [0.042607, -0.669103], [-0.000769, -0.546941], [0.079239, -0.57849], [-0.021586, -0.72944], [-0.03163, -0.500889], [0.09809, -0.574059], [-0.053982, -0.190452], [0.103823, -0.296707], [-0.16683, 0.075425], [0.04847, -0.03063], [-0.217126, 0.164484], [0.036345, 0.06191]], "theta": [1.158014, 0.016622, 0.140721, 1.848813, 0.347978, -2.617373, -0.215058, -0.004727, 0.089708, -0.403401, -0.043117, -0.034789, 0.175116, -0.020213, 0.007305, 1.089567, 0.138556, -0.166276, 0.623213, -0.029063, 0.145314, 0.008895, -0.024103, 0.028912, -0.433405, 0.272348, 0.102178, -0.118985, -0.295525, 0.124862, -0.017515, 0.016345, -0.01854, -0.004538, 0.003256, 0.004223, 0.002554, 0.004977, -0.010948, 0.055775, -0.035719, -0.057648, 0.039539, -0.034404, -0.599962, 0.027448, 0.350592, 0.554027, 0.176759, -0.068745, 0.007312, 0.180815, -0.258309, -0.583998, 0.163838, 0.19963, 0.667858, 0.252357, -0.424715, -0.179558, -0.109081, 0.091766, 0.017069, 0.182202, -0.111369, 0.31286, -0.108445, 0.05841, -0.054085, 0.107145, 0.041294, -0.407782, 0.107714, -0.034899, 0.415057, 0.665926, -0.86619, 0.017378, -2.34478, 0.331955, 0.068747, 1.245557, -2.059638, 0.090739, 0.864437]}