{"hc3d": [[-0.000836, -0.218816, 0.039004], [0.08136, -0.31568, 0.035538], [-0.08123, -0.315096, 0.038213], [-0.003121, -0.104022, 0.00443], [0.072197, -0.686652, 0.178911], [-0.168219, -0.711644, 0.026755], [-0.003776, 0.026508, 0.011329], [0.064526, -1.109059, 0.11773], [-0.161877, -0.948178, -0.329576], [0.002221, 0.075945, 0.046587], [0.07973, -1.115581, 0.255892], [-0.220178, -1.04972, -0.2516], [0.00172, 0.298381, 0.031914], [0.086149, 0.20428, 0.017834], [-0.084733, 0.205325, 0.040405], [0.01115, 0.348611, 0.089307], [0.180782, 0.187183, -0.015642], [-0.183789, 0.20298, 0.079678], [0.243797, -0.061852, -0.105543], [-0.258572, -0.047071, 0.138269], [0.253484, -0.323261, -0.080266], [-0.313903, -0.275937, 0.264317], [0.271343, -0.409944, -0.06619], [-0.346589, -0.33492, 0.321965]], "im2d": [[0.016825, -0.092519], [-0.03703, 0.028729], [0.063373, 0.000615], [0.056642, -0.213667], [-0.184834, 0.411969], [0.108295, 0.42618], [0.057461, -0.359158], [-0.144945, 0.887942], [0.425166, 0.750639], [0.023284, -0.418918], [-0.284144, 0.873577], [0.383779, 0.839519], [0.049013, -0.662137], [0.003819, -0.54172], [0.090881, -0.575189], [-0.008001, -0.726062], [-0.025642, -0.50128], [0.116696, -0.595899], [0.005496, -0.200062], [0.09607, -0.342337], [-0.038012, 0.085882], [0.001149, -0.120708], [-0.067032, 0.182141], [-0.035192, -0.071039]], "theta": [1.130513, 0.015718, 0.136978, 1.498772, 0.330338, -2.806642, -0.388346, -0.25185, -0.063996, -0.024891, -0.098307, -0.123815, 0.093745, 0.11321, 0.033453, 0.395238, -0.20887, -0.081155, 0.884832, 0.196188, 0.080798, -0.024552, 0.002288, -0.041633, -0.352844, 0.3435, 0.241533, -0.34639, -0.254651, 0.008506, 0.087792, 0.048852, -0.019032, 0.000153, -0.000636, 0.001352, 0.002022, 0.001582, -0.006036, 0.001005, -0.076281, 0.001889, 0.073542, 0.036432, -0.552599, -0.060808, 0.341267, 0.364793, 0.206503, 0.020052, 0.01737, 0.229805, -0.16144, -0.675411, 0.138593, 0.289015, 0.766331, 0.304158, -0.347642, -0.191796, -0.11615, 0.145405, -0.040584, 0.308171, -0.144589, 0.298644, 0.163656, 0.169409, -0.412069, 0.112869, 0.043969, -0.415861, 0.112147, -0.038278, 0.421331, 0.696748, -0.784651, 0.002413, -2.313352, 0.3414, 0.082376, 1.235356, -2.053547, 0.068548, 0.859287]}