{"hc3d": [[-0.000836, -0.218816, 0.039004], [0.08136, -0.31568, 0.035538], [-0.08123, -0.315096, 0.038213], [-0.003121, -0.104022, 0.00443], [0.079745, -0.711921, 0.000177], [-0.163383, -0.66353, 0.230028], [0.000176, 0.025603, 0.020938], [0.011242, -1.115209, -0.121873], [-0.121107, -1.072888, 0.113411], [0.001318, 0.072938, 0.059426], [0.055708, -1.156686, 0.003287], [-0.198011, -1.135296, 0.213317], [0.005486, 0.295817, 0.060099], [0.090157, 0.201076, 0.05408], [-0.082056, 0.204258, 0.047504], [0.007341, 0.340112, 0.122873], [0.190672, 0.189382, 0.042741], [-0.186965, 0.196846, 0.064803], [0.291733, -0.062053, 0.017472], [-0.270736, -0.055705, 0.037389], [0.28406, -0.297593, 0.133788], [-0.363692, -0.302168, 0.081485], [0.300187, -0.363083, 0.192797], [-0.390621, -0.386128, 0.091287]], "im2d": [[0.017959, -0.092848], [-0.035886, 0.029304], [0.065057, 0.000694], [0.057675, -0.21483], [-0.021278, 0.475514], [-0.080617, 0.340853], [0.046484, -0.361189], [0.117152, 0.933241], [-0.018077, 0.823121], [0.011875, -0.42026], [-0.031042, 0.965206], [-0.066325, 0.86219], [0.019678, -0.667371], [-0.033232, -0.546718], [0.082672, -0.578242], [-0.038403, -0.727144], [-0.087081, -0.514761], [0.132752, -0.59074], [-0.140087, -0.213862], [0.199291, -0.319491], [-0.25644, 0.026487], [0.204646, -0.06893], [-0.325516, 0.09179], [0.208371, 0.01813]], "theta": [1.137388, 0.016626, 0.137184, 1.500403, 0.328925, -2.808882, 0.062029, -0.042221, -0.089169, -0.545957, -0.061838, -0.098135, 0.166414, -0.000738, 0.002471, 0.09508, -0.102927, -0.074464, 0.718968, -0.074734, 0.09241, -0.042375, -0.006491, 0.00399, -0.334579, 0.293515, 0.089164, -0.118382, -0.296047, 0.098513, 0.099505, 0.001272, -0.032197, -0.001412, 0.001101, 0.000929, 0.001804, 0.002712, -0.006667, 0.028782, -0.078109, -0.033041, 0.036051, -0.020597, -0.479585, -0.035258, 0.302905, 0.414184, 0.183204, -0.085224, 0.004961, 0.181883, -0.343847, -0.61096, 0.124656, 0.105839, 0.80673, 0.222188, -0.552083, -0.164355, -0.301985, 0.145197, -0.04345, 0.233567, -0.211586, 0.47842, -0.324508, 0.05591, -0.088352, 0.110746, 0.043105, -0.413753, 0.110125, -0.037691, 0.416978, 0.696748, -0.784651, 0.002413, -2.313352, 0.3414, 0.082376, 1.235356, -2.053547, 0.068548, 0.859287]}