{"hc3d": [[-0.001014, -0.218058, 0.037114], [0.079743, -0.314537, 0.032884], [-0.079976, -0.313897, 0.03545], [-0.003349, -0.103598, 0.003712], [0.109541, -0.698801, -0.080952], [-0.082712, -0.681424, 0.217308], [0.001153, 0.026957, 0.019691], [0.102273, -0.986824, -0.40099], [-0.066528, -1.111319, 0.248415], [-0.002119, 0.072008, 0.060004], [0.171491, -1.087535, -0.333046], [-0.085649, -1.160189, 0.37956], [-0.005342, 0.293988, 0.059987], [0.082153, 0.202155, 0.060187], [-0.087931, 0.199656, 0.04086], [-0.005979, 0.34918, 0.114946], [0.183094, 0.193404, 0.054451], [-0.191993, 0.181717, 0.053103], [0.275097, -0.06457, 0.0685], [-0.243087, -0.079713, 0.015062], [0.288985, -0.263889, 0.242116], [-0.305754, -0.337236, 0.061456], [0.30349, -0.323484, 0.307677], [-0.338789, -0.417583, 0.079871]], "im2d": [[0.023173, -0.106195], [0.033561, 0.015416], [0.002385, -0.018211], [0.069324, -0.229155], [0.128568, 0.445228], [-0.228855, 0.370381], [0.064362, -0.370926], [0.450059, 0.774298], [-0.298149, 0.838943], [0.023901, -0.422764], [0.379434, 0.894144], [-0.448696, 0.880846], [0.043126, -0.664544], [0.050305, -0.546841], [0.04084, -0.577976], [-0.011907, -0.727666], [0.073744, -0.516295], [0.007383, -0.580532], [0.051842, -0.217967], [0.016408, -0.304947], [-0.152477, -0.008216], [-0.06821, -0.040652], [-0.226586, 0.055868], [-0.101302, 0.038821]], "theta": [1.106836, 0.021951, 0.122113, 2.454301, 0.281993, -2.070552, 0.255832, 0.082905, 0.00214, -0.48777, 0.131895, 0.065057, 0.151014, -0.087354, -0.00877, 0.461754, -0.082453, 0.040424, 0.295552, 0.108199, -0.01137, 0.039573, -0.011825, 0.034273, -0.222208, 0.334476, 0.003606, 0.143199, -0.192932, 0.090757, 0.022677, 0.024437, -0.015842, -0.002569, 0.001837, 0.002284, 0.002338, 0.003167, -0.008054, -0.127516, -0.023867, -0.02895, 0.054956, 0.005951, -0.489975, 0.005522, 0.332883, 0.479648, 0.067193, 0.013827, 0.054282, 0.094607, -0.473087, -0.632341, 0.223156, 0.162524, 0.832081, 0.15043, -0.568548, 0.023877, -0.021183, 0.158668, -0.100579, 0.375758, -0.167088, 0.27796, 0.002469, 0.079095, -0.263814, 0.109187, 0.043491, -0.410214, 0.109719, -0.037194, 0.416963, 0.757866, -0.510266, -0.065992, -2.283729, 0.279491, 0.080087, 1.217835, -1.974114, 0.074662, 0.914343]}