{"hc3d": [[-0.001014, -0.218058, 0.037114], [0.079743, -0.314537, 0.032884], [-0.079976, -0.313897, 0.03545], [-0.003349, -0.103598, 0.003712], [0.144138, -0.709507, 0.069733], [-0.103989, -0.712787, 0.127463], [-1.2e-05, 0.026606, 0.022577], [0.117864, -0.947256, -0.288345], [-0.074599, -1.140928, 0.084219], [-0.0005, 0.07201, 0.062623], [0.198926, -1.046048, -0.231606], [-0.099225, -1.198886, 0.210659], [-0.002415, 0.293763, 0.052262], [0.084397, 0.201286, 0.051663], [-0.086545, 0.199356, 0.042534], [-0.005484, 0.34918, 0.106912], [0.183135, 0.184264, 0.035547], [-0.1891, 0.178796, 0.061517], [0.247317, -0.0803, 0.002396], [-0.227983, -0.086975, 0.04548], [0.29201, -0.31872, 0.10833], [-0.278753, -0.348601, 0.082524], [0.316093, -0.398986, 0.140542], [-0.298814, -0.434475, 0.092966]], "im2d": [[0.023299, -0.106253], [0.033716, 0.015452], [0.00252, -0.018213], [0.069457, -0.229311], [-0.030088, 0.455993], [-0.137491, 0.405377], [0.061077, -0.371198], [0.334246, 0.728764], [-0.123213, 0.879195], [0.021393, -0.42286], [0.27808, 0.849686], [-0.270524, 0.930166], [0.052063, -0.663731], [0.059959, -0.545331], [0.039278, -0.577864], [-0.003102, -0.727612], [0.093597, -0.505645], [-0.001507, -0.577641], [0.117623, -0.203043], [-0.014597, -0.295854], [-0.011043, 0.05947], [-0.087274, -0.023941], [-0.048989, 0.149895], [-0.109862, 0.064707]], "theta": [1.107644, 0.022049, 0.12213, 2.454445, 0.281873, -2.070749, -0.119965, 0.014818, 0.075495, -0.257776, 0.054042, 0.033734, 0.175038, -0.034592, 0.002082, 0.991884, 0.057984, -0.030037, 0.232573, 0.126439, 0.042893, 0.006092, -0.002861, 0.013948, -0.301926, 0.315258, 0.06093, 0.025781, -0.202113, 0.100713, -0.016171, 0.020187, -0.015188, -0.004787, 0.003507, 0.004402, 0.00251, 0.005245, -0.011261, -0.082325, -0.093247, 0.013485, 0.06139, 0.04063, -0.571572, 0.011241, 0.336772, 0.518643, 0.108021, -0.067282, 0.060271, 0.119771, -0.307944, -0.700817, 0.249609, 0.222863, 0.83815, 0.078175, -0.39457, 0.008811, 0.006504, 0.040226, -0.057423, 0.279324, -0.09888, 0.193914, 0.053314, 0.079014, -0.129405, 0.106888, 0.041934, -0.407131, 0.107778, -0.0368, 0.414963, 0.757866, -0.510266, -0.065992, -2.283729, 0.279491, 0.080087, 1.217835, -1.974114, 0.074662, 0.914343]}