{"hc3d": [[-0.001014, -0.218058, 0.037114], [0.079743, -0.314537, 0.032884], [-0.079976, -0.313897, 0.03545], [-0.003349, -0.103598, 0.003712], [0.128278, -0.678425, 0.196393], [-0.1414, -0.697082, -0.097035], [-0.001938, 0.023845, 0.03652], [0.099966, -1.084487, 0.336915], [-0.130389, -1.067703, -0.317393], [-0.001792, 0.071119, 0.074345], [0.180365, -1.069278, 0.450295], [-0.157224, -1.135606, -0.196471], [-0.010892, 0.292931, 0.072925], [0.078716, 0.203392, 0.066465], [-0.092262, 0.196318, 0.061517], [-0.009333, 0.345174, 0.130677], [0.174157, 0.207618, 0.032231], [-0.194945, 0.193981, 0.088927], [0.224137, -0.040452, -0.073483], [-0.27555, -0.059921, 0.126878], [0.348352, -0.273056, -0.096507], [-0.248088, -0.257342, 0.307623], [0.407721, -0.336857, -0.118071], [-0.244821, -0.29974, 0.385582]], "im2d": [[0.023333, -0.106271], [0.033757, 0.015461], [0.002555, -0.018214], [0.069495, -0.229357], [-0.168143, 0.412069], [0.101929, 0.393067], [0.045322, -0.369434], [-0.362433, 0.839995], [0.311095, 0.810421], [0.008328, -0.422885], [-0.470319, 0.833745], [0.168492, 0.87207], [0.027973, -0.665841], [0.043022, -0.549711], [0.017317, -0.576901], [-0.030044, -0.725502], [0.097715, -0.532798], [-0.031062, -0.596981], [0.199777, -0.246988], [-0.109358, -0.339592], [0.226325, 0.032714], [-0.318997, -0.129257], [0.254734, 0.115474], [-0.407147, -0.086781]], "theta": [1.107877, 0.022075, 0.122135, 2.454477, 0.281848, -2.070792, -0.45007, 0.029638, 0.03112, 0.286229, -0.079707, -0.069006, 0.284361, 0.012977, 0.020253, 0.002556, 0.05313, -0.063418, 0.124052, 0.260066, 0.072048, -0.151421, -0.02332, 0.004287, -0.173536, 0.336662, 0.096584, -0.303781, -0.146088, 0.024504, 0.071894, 0.022764, 0.007406, -0.002448, 0.001989, 0.002471, 0.00177, 0.003195, -0.007204, -0.066976, -0.054706, -0.036807, -0.006634, 0.223766, -0.429, -0.042298, 0.370236, 0.302306, 0.096467, -0.130422, 0.079717, 0.062088, -0.044985, -0.896213, 0.285512, 0.369131, 0.768053, -0.200143, -0.22403, 0.131292, 0.097188, 0.584245, -0.127135, 0.188715, -0.065968, 0.412181, 0.242367, 0.216307, -0.423013, 0.109034, 0.043626, -0.410287, 0.110362, -0.039139, 0.416491, 0.757866, -0.510266, -0.065992, -2.283729, 0.279491, 0.080087, 1.217835, -1.974114, 0.074662, 0.914343]}