{"hc3d": [[-0.001014, -0.218058, 0.037114], [0.079743, -0.314537, 0.032884], [-0.079976, -0.313897, 0.03545], [-0.003349, -0.103598, 0.003712], [0.113456, -0.684809, 0.185423], [-0.125516, -0.695036, -0.108825], [-0.000871, 0.025453, 0.029396], [0.07275, -1.109549, 0.243498], [-0.128018, -0.986091, -0.427132], [-0.001395, 0.071908, 0.068218], [0.158829, -1.117941, 0.353362], [-0.146679, -1.091029, -0.334436], [-0.011071, 0.293618, 0.062153], [0.078893, 0.204248, 0.059279], [-0.091933, 0.196541, 0.051076], [-0.012219, 0.348992, 0.11692], [0.176518, 0.203694, 0.031573], [-0.194165, 0.192144, 0.079883], [0.226173, -0.050233, -0.059355], [-0.250555, -0.068907, 0.112679], [0.333672, -0.29166, -0.074221], [-0.258176, -0.30009, 0.250136], [0.380964, -0.366625, -0.0885], [-0.266976, -0.350583, 0.322655]], "im2d": [[0.023333, -0.106271], [0.033757, 0.015461], [0.002556, -0.018214], [0.069496, -0.229357], [-0.159395, 0.416567], [0.117791, 0.394759], [0.053419, -0.370573], [-0.267703, 0.866795], [0.438373, 0.728221], [0.015146, -0.423326], [-0.372843, 0.887567], [0.324694, 0.833373], [0.039742, -0.666033], [0.05096, -0.550212], [0.028774, -0.576502], [-0.015227, -0.729491], [0.098504, -0.528012], [-0.021229, -0.594328], [0.183873, -0.236715], [-0.090229, -0.323902], [0.197767, 0.048695], [-0.261945, -0.081687], [0.215092, 0.14071], [-0.347035, -0.032592]], "theta": [1.107881, 0.022076, 0.122135, 2.454477, 0.281848, -2.070792, -0.4188, 0.02988, -0.006576, 0.318307, -0.075211, -0.029504, 0.228888, 0.012806, 0.011651, 0.169439, 0.069597, -0.042549, 0.389348, 0.318607, 0.035334, -0.07479, -0.037648, 0.017469, -0.184244, 0.369259, 0.118916, -0.258329, -0.156503, 0.034459, 0.030323, 0.018962, 0.00923, -0.003069, 0.002311, 0.003298, 0.002114, 0.003916, -0.008614, -0.10316, -0.090888, -0.040656, 0.013211, 0.169316, -0.465513, -0.054438, 0.409337, 0.32065, 0.146756, -0.142327, 0.064956, 0.053953, -0.077464, -0.886549, 0.306467, 0.36728, 0.852947, -0.090515, -0.164178, 0.105613, 0.113135, 0.30065, -0.11332, 0.164467, -0.078031, 0.281189, 0.273156, 0.237234, -0.513509, 0.108629, 0.043148, -0.41005, 0.109729, -0.038495, 0.416266, 0.757866, -0.510266, -0.065992, -2.283729, 0.279491, 0.080087, 1.217835, -1.974114, 0.074662, 0.914343]}