{"hc3d": [[-0.001014, -0.218058, 0.037114], [0.079743, -0.314537, 0.032884], [-0.079976, -0.313897, 0.03545], [-0.003349, -0.103598, 0.003712], [0.084629, -0.710613, -0.034981], [-0.13472, -0.6793, 0.213326], [0.001035, 0.025595, 0.028412], [0.045895, -1.1248, -0.146259], [-0.104906, -1.086622, 0.074622], [0.000315, 0.071244, 0.068176], [0.109074, -1.170609, -0.030241], [-0.158605, -1.16254, 0.18095], [-1.9e-05, 0.293243, 0.069432], [0.086145, 0.200307, 0.064199], [-0.084781, 0.200077, 0.054575], [0.001366, 0.340986, 0.130961], [0.18677, 0.194707, 0.052286], [-0.188158, 0.186763, 0.075464], [0.276209, -0.064548, 0.052404], [-0.243962, -0.073723, 0.037566], [0.308138, -0.287065, 0.192155], [-0.310631, -0.332189, 0.07146], [0.335208, -0.354423, 0.244979], [-0.331896, -0.418345, 0.074756]], "im2d": [[0.023334, -0.106272], [0.033757, 0.015462], [0.002556, -0.018214], [0.069496, -0.229358], [0.073378, 0.450835], [-0.23354, 0.358016], [0.054845, -0.370281], [0.150928, 0.899322], [-0.113275, 0.814643], [0.015438, -0.42225], [0.031673, 0.955728], [-0.245474, 0.880288], [0.033746, -0.663756], [0.046541, -0.544708], [0.026551, -0.57907], [-0.028819, -0.718767], [0.076957, -0.517274], [-0.015821, -0.586999], [0.069719, -0.217019], [-0.00762, -0.313174], [-0.09668, 0.023779], [-0.079418, -0.047733], [-0.155413, 0.099671], [-0.094459, 0.041386]], "theta": [1.107882, 0.022076, 0.122135, 2.454477, 0.281847, -2.070792, 0.141344, 0.063763, -0.06701, -0.486598, 0.00475, -0.038851, 0.220018, -0.030935, -0.0064, 0.002449, -0.077105, 0.008901, 0.699731, -0.03517, 0.060724, -0.044865, -0.010314, 0.025279, -0.255258, 0.297109, 0.05998, -0.043547, -0.20327, 0.089907, 0.042088, 0.020838, -0.024821, 0.000164, 0.000243, -0.001075, 0.001497, 0.001281, -0.004258, -0.005135, -0.064198, -0.038005, 0.06202, 0.021702, -0.449567, -0.018667, 0.356411, 0.444512, 0.114718, -0.127444, 0.057336, 0.071861, -0.458156, -0.680839, 0.210287, 0.126738, 0.87775, 0.105934, -0.453165, -0.044563, -0.040284, 0.113196, -0.081869, 0.324936, -0.131347, 0.329084, -0.01314, 0.044404, -0.062734, 0.111607, 0.045105, -0.413488, 0.111645, -0.039629, 0.417687, 0.757866, -0.510266, -0.065992, -2.283729, 0.279491, 0.080087, 1.217835, -1.974114, 0.074662, 0.914343]}