{"hc3d": [[-0.000894, -0.218287, 0.038202], [0.080825, -0.315035, 0.034391], [-0.08081, -0.314439, 0.037028], [-0.003197, -0.103653, 0.004155], [0.119325, -0.704513, 0.115726], [-0.094499, -0.718968, 0.088108], [0.003721, 0.024655, 0.029326], [0.057625, -1.003158, -0.185471], [-0.07179, -1.135352, -0.014381], [0.007575, 0.073128, 0.065893], [0.124117, -1.084756, -0.094043], [-0.097207, -1.195045, 0.11071], [0.010606, 0.293433, 0.034826], [0.095215, 0.198739, 0.038455], [-0.076637, 0.201109, 0.038801], [0.010313, 0.349845, 0.087741], [0.193058, 0.179919, 0.018379], [-0.180131, 0.187054, 0.059092], [0.217183, -0.086169, -0.038294], [-0.226933, -0.074473, 0.022308], [0.248483, -0.328325, 0.060982], [-0.260195, -0.327011, 0.105389], [0.279819, -0.406098, 0.092754], [-0.265365, -0.410869, 0.13392]], "im2d": [[0.006839, -0.130651], [0.093855, -0.023353], [-0.075309, -0.028075], [0.015307, -0.259225], [0.10875, 0.410765], [-0.104309, 0.417931], [0.013056, -0.396349], [0.149391, 0.703673], [-0.042884, 0.861995], [0.004253, -0.445328], [0.187925, 0.803869], [-0.111673, 0.93931], [0.016551, -0.688675], [0.10402, -0.582771], [-0.075009, -0.589938], [-0.002204, -0.744734], [0.212856, -0.561692], [-0.189582, -0.5753], [0.259103, -0.276747], [-0.223994, -0.295181], [0.259391, -0.001613], [-0.285313, -0.012133], [0.281678, 0.087312], [-0.299881, 0.082112]], "theta": [1.095611, 0.007137, 0.099038, 3.197903, 0.015155, -0.511723, -0.236016, 0.028221, 0.010649, -0.160932, 0.025903, 0.061462, 0.231801, 0.032849, -0.022195, 0.908245, 0.065411, -0.079332, 0.281528, 0.068149, -0.015431, -0.138154, -0.003109, -0.001527, -0.454051, 0.251656, 0.030186, -0.077835, -0.084636, 0.051632, -0.016717, 0.004468, -0.007119, -0.002625, 0.001376, 0.003743, 0.002537, 0.003252, -0.009386, -0.022863, -0.118049, 0.015125, 0.046827, 0.040647, -0.545366, 0.009558, 0.279621, 0.504546, -0.020152, -0.099603, 0.033769, 0.195219, -0.163586, -0.859492, 0.270877, 0.080475, 0.920775, -0.074534, -0.450859, 0.02904, -0.05596, 0.314477, -0.104213, 0.055941, -0.134993, 0.382689, -0.260888, 0.149412, -0.077634, 0.109668, 0.043119, -0.410316, 0.110222, -0.036911, 0.419813, 0.723061, -0.667479, -0.017144, -2.324975, 0.340345, 0.046745, 1.267645, -2.00879, 0.09517, 0.888783]}