{"hc3d": [[-0.000894, -0.218287, 0.038202], [0.080825, -0.315035, 0.034391], [-0.08081, -0.314439, 0.037028], [-0.003197, -0.103653, 0.004155], [0.046538, -0.705655, 0.112054], [-0.076821, -0.722323, 0.04442], [0.004012, 0.024453, 0.030254], [-0.011443, -1.124472, 0.041729], [-0.109158, -0.913523, -0.338715], [0.007246, 0.071794, 0.068333], [0.038134, -1.162909, 0.166241], [-0.128918, -1.042066, -0.28446], [0.008155, 0.293014, 0.04447], [0.09358, 0.198985, 0.044236], [-0.078275, 0.19986, 0.046204], [0.010234, 0.350525, 0.096148], [0.192008, 0.182339, 0.025119], [-0.181115, 0.194033, 0.072855], [0.195786, -0.068123, -0.083743], [-0.218551, -0.071491, 0.066873], [0.2547, -0.291898, 0.042466], [-0.219419, -0.297685, 0.210468], [0.286551, -0.364163, 0.084932], [-0.219764, -0.362442, 0.271125]], "im2d": [[0.007963, -0.131301], [0.09568, -0.02335], [-0.074571, -0.028004], [0.016368, -0.260805], [0.036137, 0.412749], [-0.069619, 0.42059], [0.013868, -0.398453], [0.003081, 0.863442], [0.030301, 0.588879], [0.003727, -0.446281], [0.012358, 0.920177], [-0.008079, 0.735213], [0.011113, -0.691609], [0.101456, -0.586164], [-0.079275, -0.591466], [-0.005014, -0.749187], [0.211307, -0.56732], [-0.196166, -0.58496], [0.25488, -0.303877], [-0.231157, -0.295143], [0.274865, -0.043284], [-0.279785, -0.031629], [0.294166, 0.041392], [-0.300555, 0.045887]], "theta": [1.103071, 0.008113, 0.099255, 3.199628, 0.013664, -0.514091, -0.223422, -5.8e-05, -0.170205, -0.053911, 0.023222, 0.106053, 0.239971, 0.0551, -0.022488, 0.266515, -0.061174, 0.04396, 1.050121, 0.057863, -0.1318, -0.114876, -0.008535, 0.021244, -0.2587, 0.286408, -0.000999, -0.190552, 0.010843, 0.031628, -0.015876, -0.000253, -0.020828, -0.002559, 0.00215, 0.002258, 0.001685, 0.002712, -0.006866, -0.078201, -0.152463, -0.048964, 0.028145, 0.014946, -0.532388, -0.082266, 0.340648, 0.411121, 0.059362, -0.164997, 0.025889, 0.234459, 0.037183, -0.957918, 0.242654, 0.143741, 1.001211, -0.109603, -0.757062, 0.206529, -0.007661, 0.455459, -0.147001, -0.154735, -0.184607, 0.303306, -0.384676, 0.278062, -0.224682, 0.108473, 0.043286, -0.409618, 0.10909, -0.037357, 0.416165, 0.723061, -0.667479, -0.017144, -2.324975, 0.340345, 0.046745, 1.267645, -2.00879, 0.09517, 0.888783]}