{"hc3d": [[-0.000894, -0.218287, 0.038202], [0.080825, -0.315035, 0.034391], [-0.08081, -0.314439, 0.037028], [-0.003197, -0.103653, 0.004155], [0.061233, -0.713757, 0.013694], [-0.111812, -0.702025, 0.160544], [0.003897, 0.023797, 0.033318], [-0.001095, -1.133937, -0.043572], [-0.108557, -1.093792, -0.01525], [0.007113, 0.070816, 0.071795], [0.049959, -1.164226, 0.082581], [-0.131221, -1.166386, 0.103383], [0.013643, 0.292527, 0.054177], [0.097027, 0.196687, 0.054945], [-0.074698, 0.20128, 0.049639], [0.013698, 0.346365, 0.109709], [0.197095, 0.181428, 0.045771], [-0.177906, 0.189538, 0.072673], [0.220486, -0.084122, -0.013662], [-0.220556, -0.071567, 0.028571], [0.241904, -0.324553, 0.09221], [-0.227235, -0.32572, 0.113104], [0.269541, -0.401115, 0.12982], [-0.206715, -0.408898, 0.136196]], "im2d": [[0.007969, -0.131305], [0.09569, -0.023351], [-0.074568, -0.028004], [0.016374, -0.260816], [0.08556, 0.411594], [-0.146522, 0.409744], [0.0127, -0.397426], [0.043452, 0.865074], [-0.079239, 0.821174], [0.002405, -0.444862], [0.053644, 0.913083], [-0.14334, 0.912868], [0.013519, -0.689926], [0.101397, -0.582436], [-0.076724, -0.592588], [-0.00603, -0.743118], [0.209528, -0.564013], [-0.192709, -0.579984], [0.256715, -0.278226], [-0.220042, -0.299194], [0.244571, -0.002492], [-0.254144, -0.011411], [0.26117, 0.086277], [-0.239938, 0.082889]], "theta": [1.103118, 0.008118, 0.099256, 3.199633, 0.01366, -0.514098, 0.023489, 0.041206, -0.130859, -0.341259, 0.04955, 0.01349, 0.261913, 0.005453, -0.025667, -0.009133, -0.094088, 0.008138, 0.644854, -0.021407, -0.022651, -0.129564, 0.006727, 0.003035, -0.293043, 0.26384, 0.005026, -0.139128, 0.039063, 0.03923, 0.005376, -0.011785, -0.015896, -0.002707, 0.0023, 0.002215, 0.001813, 0.003159, -0.007558, -0.03651, -0.128709, -0.018281, 0.009378, -0.044401, -0.489536, 0.006554, 0.34593, 0.475971, 0.027253, -0.194757, 0.028739, 0.198234, -0.152075, -0.922485, 0.240499, 0.095664, 0.96295, -0.033652, -0.477095, 0.071395, 0.030256, 0.380215, -0.070955, 0.042846, -0.146821, 0.383212, -0.425876, 0.171704, 0.113915, 0.108732, 0.043058, -0.410155, 0.10964, -0.037529, 0.41611, 0.723061, -0.667479, -0.017144, -2.324975, 0.340345, 0.046745, 1.267645, -2.00879, 0.09517, 0.888783]}