{"hc3d": [[-0.000894, -0.218287, 0.038202], [0.080825, -0.315035, 0.034391], [-0.08081, -0.314439, 0.037028], [-0.003197, -0.103653, 0.004155], [0.089122, -0.689738, -0.104606], [-0.068151, -0.658409, 0.256036], [0.005272, 0.025451, 0.024274], [-0.007727, -0.987196, -0.397615], [-0.060511, -1.08772, 0.261435], [0.007197, 0.073379, 0.061701], [0.067165, -1.049489, -0.297868], [-0.067715, -1.11032, 0.40034], [0.019658, 0.295051, 0.047039], [0.100715, 0.197573, 0.055204], [-0.069492, 0.205614, 0.03276], [0.020861, 0.350423, 0.101029], [0.201244, 0.182683, 0.053554], [-0.175505, 0.197281, 0.036248], [0.214939, -0.088105, 0.020643], [-0.199384, -0.044087, -0.078257], [0.238406, -0.277486, 0.202464], [-0.197662, -0.287747, 0.033148], [0.267244, -0.341448, 0.258297], [-0.186086, -0.369115, 0.066587]], "im2d": [[0.00797, -0.131306], [0.095691, -0.023351], [-0.074568, -0.028004], [0.016375, -0.260817], [0.155418, 0.373396], [-0.134095, 0.373177], [0.01725, -0.400168], [0.157514, 0.666199], [-0.124454, 0.845197], [0.005957, -0.448749], [0.202057, 0.747161], [-0.179763, 0.884578], [0.022265, -0.6933], [0.105166, -0.583287], [-0.065479, -0.599005], [0.004438, -0.74831], [0.211181, -0.564457], [-0.177684, -0.592295], [0.239097, -0.270356], [-0.16121, -0.340154], [0.202469, -0.042529], [-0.195873, -0.060808], [0.213932, 0.034378], [-0.194622, 0.032368]], "theta": [1.103125, 0.008119, 0.099256, 3.199633, 0.01366, -0.514098, 0.318614, 0.165454, -0.031853, -0.595861, 0.203749, 0.078016, 0.187217, -0.085737, -0.041658, 0.347526, -0.098903, -0.109585, 0.465709, -0.010609, -0.041082, -0.081661, -0.004511, -0.019539, -0.640967, 0.321139, 0.07955, -0.0721, 0.004396, -0.036869, 0.043014, -0.010248, 0.01322, -0.004802, 0.003533, 0.004741, 0.002281, 0.004874, -0.009889, -0.079544, -0.018543, -0.01775, 0.047511, -0.01195, -0.475245, 0.059456, 0.252209, 0.472107, -0.008542, -0.064409, 0.037787, 0.160537, -0.314759, -0.939053, 0.340847, -0.018637, 1.077765, -0.160972, -0.685049, 0.24757, 0.100056, 0.722628, -0.215801, 0.061205, -0.061497, 0.361049, -0.302789, 0.122915, -0.005915, 0.107336, 0.04138, -0.408841, 0.107804, -0.036063, 0.415569, 0.723061, -0.667479, -0.017144, -2.324975, 0.340345, 0.046745, 1.267645, -2.00879, 0.09517, 0.888783]}