{"hc3d": [[-0.000848, -0.218541, 0.03884], [0.081302, -0.315403, 0.035202], [-0.081186, -0.314821, 0.03791], [-0.003136, -0.103839, 0.004518], [0.068987, -0.702688, -0.056535], [-0.144317, -0.626767, 0.290855], [0.004693, 0.024953, 0.025656], [0.057383, -0.986342, -0.375866], [-0.096583, -1.036142, 0.406657], [0.002059, 0.067881, 0.068875], [0.086171, -1.090361, -0.288064], [-0.186619, -1.086542, 0.502213], [-0.003705, 0.289819, 0.087933], [0.085186, 0.199277, 0.07978], [-0.085985, 0.196298, 0.062283], [-0.006992, 0.335646, 0.149539], [0.186888, 0.199204, 0.079662], [-0.191432, 0.186112, 0.072228], [0.349552, -0.011898, 0.023336], [-0.285732, -0.059507, 0.023123], [0.202259, -0.077193, 0.231118], [-0.31751, -0.234049, 0.222915], [0.163993, -0.084236, 0.31177], [-0.336308, -0.287394, 0.291153]], "im2d": [[0.00999, -0.107444], [-0.054577, 0.005286], [0.069907, -0.010043], [0.042234, -0.227219], [0.012159, 0.436651], [-0.086761, 0.287514], [0.024354, -0.369045], [0.257354, 0.787235], [-0.2275, 0.719411], [-0.005399, -0.421783], [0.163632, 0.890372], [-0.232777, 0.752885], [-0.00783, -0.665477], [-0.073947, -0.558378], [0.072746, -0.567819], [-0.051142, -0.723957], [-0.153067, -0.549317], [0.146851, -0.56745], [-0.243735, -0.298382], [0.249543, -0.302755], [-0.291424, -0.269332], [0.114222, -0.144009], [-0.324019, -0.276228], [0.074411, -0.097285]], "theta": [1.0962, 0.009961, 0.120526, 1.204678, 0.233995, -2.920547, 0.204927, -0.032999, -0.118892, -0.726174, -0.079351, -0.038754, 0.200597, -0.04188, -0.035159, 0.517047, -0.193999, -0.003668, 0.360179, -0.245155, 0.038845, 0.031052, -0.030605, 0.066026, -0.322654, 0.312937, -0.011312, 0.20582, -0.359919, 0.072404, 0.077972, 0.015632, -0.010502, 0.001567, -0.000871, -0.002699, 0.000817, -0.000562, -0.00141, -0.081579, -0.133939, -0.079507, 0.00952, -0.055369, -0.397907, 0.003195, 0.291556, 0.388888, 0.100663, -0.070619, 0.070678, 0.161688, -0.153667, -0.518057, 0.20889, 0.170825, 0.735928, 0.329187, -1.763561, 0.002534, -0.252412, 0.908853, -0.199327, 0.210393, -0.176597, 0.379534, -0.321625, 0.134047, -0.245486, 0.112645, 0.046766, -0.414286, 0.112884, -0.040479, 0.419549, 0.696548, -0.750835, 0.007915, -2.336391, 0.342768, 0.111474, 1.22659, -2.066263, 0.108255, 0.885233]}