{"hc3d": [[-0.000848, -0.218541, 0.03884], [0.081302, -0.315403, 0.035202], [-0.081186, -0.314821, 0.03791], [-0.003136, -0.103839, 0.004518], [0.077017, -0.701135, -0.063538], [-0.143048, -0.635163, 0.280461], [0.004023, 0.025473, 0.022478], [0.054229, -0.967799, -0.396611], [-0.097462, -1.05157, 0.368796], [0.001556, 0.06882, 0.065287], [0.090249, -1.070731, -0.310208], [-0.185486, -1.099183, 0.467602], [-0.00457, 0.291058, 0.08032], [0.084467, 0.200546, 0.07354], [-0.086751, 0.196934, 0.056633], [-0.007021, 0.339323, 0.140076], [0.186167, 0.201227, 0.073352], [-0.192086, 0.186035, 0.067], [0.34144, -0.016727, 0.022533], [-0.280101, -0.062334, 0.020113], [0.205113, -0.087923, 0.235788], [-0.320733, -0.253817, 0.201978], [0.17061, -0.100205, 0.317504], [-0.34461, -0.312469, 0.263989]], "im2d": [[0.010011, -0.107455], [-0.05456, 0.005293], [0.069941, -0.010043], [0.042255, -0.227249], [0.0114, 0.436708], [-0.080009, 0.298212], [0.027355, -0.369277], [0.276541, 0.769827], [-0.198154, 0.741407], [-0.002203, -0.422404], [0.178293, 0.872635], [-0.207405, 0.771591], [-0.001251, -0.665931], [-0.068542, -0.559024], [0.07773, -0.567873], [-0.043711, -0.726731], [-0.147591, -0.550766], [0.151408, -0.566783], [-0.236988, -0.293779], [0.247423, -0.298826], [-0.297649, -0.258118], [0.132211, -0.11999], [-0.334183, -0.259147], [0.100967, -0.067093]], "theta": [1.096352, 0.009979, 0.120529, 1.204702, 0.233975, -2.92058, 0.222246, 0.000558, -0.094264, -0.691646, -0.067578, -0.040065, 0.176183, -0.039449, -0.029344, 0.546825, -0.18949, -0.031575, 0.386453, -0.201193, 0.043051, 0.045468, -0.035217, 0.056151, -0.377792, 0.326568, 0.004329, 0.15331, -0.351562, 0.060975, 0.069782, 0.020789, -0.004976, 0.002046, -0.001194, -0.003174, 0.000735, -0.000935, -0.00061, -0.103857, -0.118314, -0.076741, 0.026799, -0.053122, -0.393305, -0.000944, 0.293229, 0.395636, 0.080224, -0.046386, 0.067338, 0.174619, -0.195124, -0.552426, 0.206338, 0.163873, 0.755499, 0.292126, -1.678712, 0.026716, -0.239391, 0.797408, -0.186427, 0.178627, -0.16171, 0.353013, -0.334059, 0.126925, -0.270164, 0.11333, 0.046981, -0.415615, 0.113115, -0.040538, 0.4198, 0.696548, -0.750835, 0.007915, -2.336391, 0.342768, 0.111474, 1.22659, -2.066263, 0.108255, 0.885233]}