{"hc3d": [[-0.000848, -0.218541, 0.03884], [0.081302, -0.315403, 0.035202], [-0.081186, -0.314821, 0.03791], [-0.003136, -0.103839, 0.004518], [0.119192, -0.680597, 0.189327], [-0.150969, -0.714596, 0.013685], [-0.003849, 0.025525, 0.023491], [0.113087, -1.066979, 0.007012], [-0.099516, -1.132568, -0.063313], [-0.004134, 0.069092, 0.066147], [0.160871, -1.137486, 0.117028], [-0.162686, -1.184019, 0.051317], [-0.014229, 0.291686, 0.067958], [0.075987, 0.202577, 0.058639], [-0.095921, 0.194752, 0.057742], [-0.012987, 0.336765, 0.130187], [0.176937, 0.193523, 0.050249], [-0.194945, 0.175195, 0.09141], [0.247143, -0.051038, -0.047], [-0.2578, -0.071581, 0.173774], [0.253738, -0.31199, -0.015498], [-0.306434, -0.307146, 0.290115], [0.269092, -0.398848, -5e-05], [-0.326297, -0.383745, 0.330035]], "im2d": [[0.010042, -0.107473], [-0.054536, 0.005302], [0.069989, -0.010044], [0.042286, -0.227294], [-0.215617, 0.383292], [0.12908, 0.420599], [0.03273, -0.370242], [-0.083797, 0.826896], [0.133765, 0.88897], [0.001589, -0.423403], [-0.208298, 0.892348], [0.092816, 0.923329], [0.015825, -0.66589], [-0.050386, -0.560023], [0.083964, -0.566588], [-0.031542, -0.723263], [-0.122883, -0.540136], [0.134475, -0.558779], [-0.111146, -0.255329], [0.111338, -0.308152], [-0.149676, 0.023832], [0.051319, -0.073122], [-0.176578, 0.117227], [0.033347, 0.002655]], "theta": [1.096582, 0.010005, 0.120533, 1.204733, 0.23395, -2.920623, -0.410424, -0.179315, 0.046729, 0.006659, -0.117116, -0.082863, 0.18582, 0.028466, 0.034488, 0.723004, 0.09471, -0.09827, 0.065181, 0.075995, 0.15868, 0.0295, -0.018058, 0.017159, -0.199599, 0.231475, 0.031372, -0.135157, -0.272521, 0.089402, 0.013194, 0.024616, -0.017904, 0.001104, -0.000245, -0.002278, 0.001164, 0.000775, -0.003195, 0.010771, -0.137796, -0.087136, 0.030321, -0.091309, -0.50154, -0.024048, 0.439451, 0.443388, 0.174061, -0.047128, -0.012084, 0.274924, -0.104247, -0.818473, -0.031085, 0.365905, 0.581286, 0.253753, -0.416828, -0.097248, -0.114506, 0.042848, 0.056875, 0.218301, -0.123673, 0.281493, -0.025883, 0.114823, -0.167249, 0.11165, 0.04576, -0.413758, 0.11154, -0.040079, 0.418206, 0.696548, -0.750835, 0.007915, -2.336391, 0.342768, 0.111474, 1.22659, -2.066263, 0.108255, 0.885233]}