{"hc3d": [[-0.000848, -0.218541, 0.03884], [0.081302, -0.315403, 0.035202], [-0.081186, -0.314821, 0.03791], [-0.003136, -0.103839, 0.004518], [0.031439, -0.611395, 0.29685], [-0.180604, -0.703063, -0.030363], [-0.004742, 0.024418, 0.029874], [0.178046, -0.972949, 0.122634], [-0.157741, -1.056041, -0.271527], [-0.000239, 0.068696, 0.071549], [0.156958, -1.013724, 0.253977], [-0.2114, -1.105756, -0.151415], [-0.003023, 0.290711, 0.09039], [0.082989, 0.200355, 0.065818], [-0.088364, 0.196856, 0.08132], [-0.003361, 0.342007, 0.147616], [0.18384, 0.191098, 0.056502], [-0.181917, 0.188063, 0.131243], [0.251743, -0.042274, -0.066472], [-0.255336, -0.044019, 0.24251], [0.224844, -0.294715, 0.001954], [-0.298664, -0.247597, 0.410051], [0.222636, -0.379927, 0.029388], [-0.332597, -0.298769, 0.473969]], "im2d": [[0.010042, -0.107474], [-0.054536, 0.005302], [0.06999, -0.010044], [0.042287, -0.227295], [-0.227724, 0.285648], [0.186529, 0.411572], [0.028467, -0.370006], [-0.220258, 0.714695], [0.342314, 0.829655], [-0.005624, -0.42338], [-0.306504, 0.738881], [0.28979, 0.862212], [-0.010231, -0.66695], [-0.061454, -0.557992], [0.059973, -0.571466], [-0.052294, -0.730511], [-0.133167, -0.537766], [0.094068, -0.577093], [-0.099412, -0.261734], [0.057392, -0.347326], [-0.140015, 0.000139], [-0.045115, -0.153589], [-0.162419, 0.088542], [-0.069739, -0.109939]], "theta": [1.096589, 0.010006, 0.120533, 1.204734, 0.23395, -2.920623, -0.745117, -0.539988, -0.026472, 0.108176, -0.144118, -0.167554, 0.235659, 0.114925, 0.048829, 1.140098, -0.138598, -0.125321, 0.364719, 0.248628, 0.170245, -0.03324, 0.003187, -0.016789, -0.438305, 0.200615, 0.279154, -0.483085, -0.235696, -0.032003, 0.104828, 0.004914, -0.032536, 0.00046, 0.000208, -0.001802, 0.001426, 0.001942, -0.005028, -0.163679, -0.254663, -0.02753, 0.036572, -0.178098, -0.455698, -0.032221, 0.494199, 0.324741, 0.216591, -0.046161, 0.056809, 0.245633, -0.039381, -0.819011, -0.175735, 0.390306, 0.539035, 0.314152, -0.698221, -0.103222, -0.211154, 0.157214, 0.023263, 0.311422, -0.162853, 0.21518, 0.172348, 0.125867, -0.410682, 0.110543, 0.046931, -0.410461, 0.110829, -0.040611, 0.418419, 0.696548, -0.750835, 0.007915, -2.336391, 0.342768, 0.111474, 1.22659, -2.066263, 0.108255, 0.885233]}