{"hc3d": [[-0.000848, -0.218541, 0.03884], [0.081302, -0.315403, 0.035202], [-0.081186, -0.314821, 0.03791], [-0.003136, -0.103839, 0.004518], [0.035809, -0.647213, 0.250584], [-0.164163, -0.706346, -0.033501], [-0.004709, 0.025166, 0.025748], [0.128156, -1.01646, 0.05643], [-0.147443, -0.994527, -0.349648], [-0.001418, 0.068408, 0.068607], [0.120831, -1.05628, 0.189542], [-0.186172, -1.070181, -0.237602], [-0.013972, 0.290536, 0.081048], [0.076065, 0.203352, 0.059639], [-0.09509, 0.192833, 0.074123], [-0.010321, 0.342019, 0.13799], [0.177458, 0.200424, 0.052277], [-0.184975, 0.176906, 0.128794], [0.249221, -0.031137, -0.071922], [-0.22278, -0.058228, 0.250921], [0.226032, -0.285134, -0.008046], [-0.248066, -0.28433, 0.391029], [0.219381, -0.372302, 0.011351], [-0.274276, -0.342297, 0.452741]], "im2d": [[0.010043, -0.107474], [-0.054536, 0.005302], [0.06999, -0.010044], [0.042288, -0.227295], [-0.196711, 0.331269], [0.176025, 0.417017], [0.031649, -0.370243], [-0.13187, 0.766623], [0.396663, 0.77467], [-0.002447, -0.422765], [-0.23017, 0.790744], [0.337819, 0.837786], [0.005494, -0.666436], [-0.051191, -0.560999], [0.070622, -0.566703], [-0.03945, -0.729807], [-0.124612, -0.547857], [0.097949, -0.564928], [-0.092857, -0.273278], [0.025048, -0.330209], [-0.132898, -0.008762], [-0.071153, -0.106665], [-0.145711, 0.08248], [-0.10033, -0.054661]], "theta": [1.09659, 0.010006, 0.120533, 1.204734, 0.23395, -2.920623, -0.601214, -0.422203, -0.08682, 0.123782, -0.111271, -0.12292, 0.203575, 0.099041, 0.045691, 1.000073, -0.139648, -0.095145, 0.578429, 0.273994, 0.137087, 0.022196, 0.002378, 0.002973, -0.441265, 0.251863, 0.297136, -0.508689, -0.183299, -0.02779, 0.047902, 0.024735, -0.009741, 0.001042, -0.000375, -0.002128, 0.001307, 0.001313, -0.003883, -0.139017, -0.20203, -0.096316, 0.041898, -0.181268, -0.432219, -0.031672, 0.560947, 0.357133, 0.234292, -0.041982, 0.007275, 0.279489, -0.033667, -0.876622, -0.156415, 0.424879, 0.553878, 0.307782, -0.68728, -0.096995, -0.092295, -0.010558, 0.073034, 0.26611, -0.155262, 0.120866, 0.207678, 0.14714, -0.432154, 0.111521, 0.047028, -0.412688, 0.111497, -0.040498, 0.41871, 0.696548, -0.750835, 0.007915, -2.336391, 0.342768, 0.111474, 1.22659, -2.066263, 0.108255, 0.885233]}