{"hc3d": [[-0.000852, -0.219022, 0.038908], [0.081307, -0.315972, 0.035396], [-0.081212, -0.315386, 0.038059], [-0.003142, -0.104091, 0.004334], [0.088809, -0.710374, -0.022624], [-0.118897, -0.669183, 0.23578], [0.002411, 0.024684, 0.027199], [0.015753, -1.114571, -0.142602], [-0.117251, -1.090922, 0.158471], [0.006838, 0.073284, 0.06392], [0.091007, -1.145745, -0.029483], [-0.147601, -1.156125, 0.279676], [0.016475, 0.295791, 0.049679], [0.09849, 0.198411, 0.045765], [-0.073878, 0.205912, 0.047276], [0.019596, 0.344765, 0.109137], [0.195525, 0.181973, 0.019261], [-0.179067, 0.200797, 0.06437], [0.281718, -0.075814, 0.041978], [-0.24103, -0.044313, -0.024625], [0.320255, -0.278968, 0.205043], [-0.291551, -0.306648, -0.008877], [0.36802, -0.327526, 0.263493], [-0.301214, -0.394904, -0.012063]], "im2d": [[0.007446, -0.118288], [0.070871, 0.004899], [-0.062357, -0.025956], [0.039912, -0.25066], [0.100148, 0.440021], [-0.271243, 0.38299], [0.033682, -0.390807], [0.113291, 0.864273], [-0.232899, 0.845427], [0.010794, -0.44023], [0.081923, 0.925374], [-0.357923, 0.925551], [0.042953, -0.688177], [0.106558, -0.56458], [-0.033294, -0.605122], [0.00089, -0.735809], [0.205043, -0.530898], [-0.132113, -0.617305], [0.241383, -0.224702], [-0.125435, -0.3651], [0.13047, 0.026753], [-0.194116, -0.080231], [0.119528, 0.096191], [-0.204534, 0.016068]], "theta": [1.136354, 0.007405, 0.114928, 3.043266, 0.194007, -1.242186, 0.11311, 0.088317, -0.056387, -0.539993, 0.073946, -0.01491, 0.215277, 0.018331, -0.013271, 0.05934, -0.050963, -0.074561, 0.602078, -0.03254, 0.000841, -0.124993, 0.004097, -0.025177, -0.416623, 0.336084, 0.113799, 0.033169, -0.046185, 0.085516, 0.066165, 0.01527, -0.020244, -0.005889, 0.005011, 0.004237, -0.000757, 0.004854, -0.0064, 0.02381, -0.112979, -0.011542, 0.050607, 0.09037, -0.51813, 0.016265, 0.242756, 0.437699, -0.076944, -0.128902, 0.104328, 0.01857, -0.508979, -0.589095, 0.388429, 0.038176, 1.008148, -0.02501, -0.464727, -0.118909, -0.125853, 0.265232, -0.083774, 0.373584, -0.142143, 0.576675, -0.088107, 0.069853, -0.007222, 0.104336, 0.042124, -0.40519, 0.106687, -0.04253, 0.41312, 0.726266, -0.761768, 0.00389, -2.320281, 0.351558, 0.064727, 1.241084, -2.029953, 0.082896, 0.87086]}