{"hc3d": [[-0.000852, -0.219022, 0.038908], [0.081307, -0.315972, 0.035396], [-0.081212, -0.315386, 0.038059], [-0.003142, -0.104091, 0.004334], [0.112346, -0.708919, -0.024641], [-0.085915, -0.688987, 0.199573], [0.002741, 0.025159, 0.024244], [0.037864, -1.02225, -0.306393], [-0.080469, -1.11692, 0.173382], [0.003581, 0.073409, 0.061678], [0.121894, -1.085947, -0.21522], [-0.091575, -1.161803, 0.306519], [0.011648, 0.295885, 0.046045], [0.09488, 0.19953, 0.049657], [-0.077135, 0.20484, 0.037329], [0.01402, 0.34787, 0.102925], [0.194637, 0.184625, 0.035007], [-0.182843, 0.198358, 0.05025], [0.263101, -0.079396, 0.037202], [-0.244655, -0.045199, -0.043014], [0.299403, -0.259209, 0.226136], [-0.292898, -0.307774, -0.024397], [0.328698, -0.314069, 0.29085], [-0.303414, -0.39599, -0.024512]], "im2d": [[0.010361, -0.119331], [0.07524, 0.005626], [-0.059766, -0.025676], [0.042673, -0.253912], [0.12852, 0.449188], [-0.214633, 0.415268], [0.038173, -0.396727], [0.279836, 0.756444], [-0.211626, 0.897537], [0.011017, -0.446767], [0.271104, 0.855272], [-0.331227, 0.961893], [0.042121, -0.698859], [0.102122, -0.573532], [-0.028222, -0.613754], [0.000621, -0.750545], [0.194791, -0.539389], [-0.125488, -0.625029], [0.234967, -0.227284], [-0.113203, -0.372135], [0.101643, 0.005377], [-0.181708, -0.081961], [0.070119, 0.080664], [-0.194895, 0.015862]], "theta": [1.15369, 0.009833, 0.115588, 3.048142, 0.189673, -1.248897, 0.114989, 0.098234, 0.004088, -0.439271, 0.121895, 0.06315, 0.189851, -0.050923, -0.019937, 0.507213, 0.038106, -0.078612, 0.380862, 0.098613, -0.020223, -0.08809, -0.002001, 0.002947, -0.511232, 0.324537, 0.128458, -0.014156, -0.100583, 0.093048, 0.046377, 0.013361, -0.021092, -0.004304, 0.002776, 0.004641, 0.002908, 0.004912, -0.011382, -0.02196, -0.02267, -0.008503, 0.029131, 0.050625, -0.501607, 0.027504, 0.28158, 0.433147, 0.029653, -0.060102, 0.061025, 0.070534, -0.383202, -0.700715, 0.340563, -0.018298, 0.978398, -0.04204, -0.647087, 0.047568, 0.025646, 0.299377, -0.071725, 0.192544, -0.142872, 0.335271, -0.135729, 0.083949, -0.036502, 0.107888, 0.042424, -0.408155, 0.108251, -0.036263, 0.416797, 0.726266, -0.761768, 0.00389, -2.320281, 0.351558, 0.064727, 1.241084, -2.029953, 0.082896, 0.87086]}