{"hc3d": [[-0.000852, -0.219022, 0.038908], [0.081307, -0.315972, 0.035396], [-0.081212, -0.315386, 0.038059], [-0.003142, -0.104091, 0.004334], [0.140391, -0.710238, 0.04159], [-0.093658, -0.697046, 0.179009], [0.002032, 0.02489, 0.026102], [0.055147, -0.966142, -0.290606], [-0.081391, -1.120076, 0.110177], [0.003574, 0.072958, 0.063747], [0.14266, -1.046152, -0.217322], [-0.09781, -1.179274, 0.23702], [0.011771, 0.294989, 0.042774], [0.094834, 0.19849, 0.046435], [-0.077432, 0.204038, 0.038485], [0.012601, 0.346833, 0.099825], [0.193362, 0.179685, 0.028355], [-0.182518, 0.195636, 0.0549], [0.255152, -0.085784, 0.017989], [-0.244837, -0.050651, -0.030525], [0.301241, -0.285723, 0.183054], [-0.288548, -0.313366, -0.004254], [0.332561, -0.350301, 0.236948], [-0.29815, -0.401643, -0.001484]], "im2d": [[0.010533, -0.11941], [0.075497, 0.00566], [-0.059624, -0.025671], [0.042844, -0.254127], [0.097978, 0.464274], [-0.20458, 0.420961], [0.036193, -0.396674], [0.284812, 0.698624], [-0.160925, 0.89436], [0.009385, -0.446379], [0.292608, 0.814607], [-0.280625, 0.973288], [0.044877, -0.698809], [0.104771, -0.573229], [-0.029435, -0.613294], [0.001906, -0.750633], [0.199103, -0.535283], [-0.129217, -0.621869], [0.244068, -0.22401], [-0.123765, -0.364861], [0.137004, 0.030783], [-0.194774, -0.07249], [0.1154, 0.116279], [-0.209548, 0.026006]], "theta": [1.154781, 0.009974, 0.115617, 3.048383, 0.189467, -1.249226, -0.054749, 0.089572, 0.06658, -0.386436, 0.083938, 0.052714, 0.205076, -0.030369, -0.013562, 0.868752, 0.101659, -0.102213, 0.425076, 0.089643, 0.002464, -0.098792, -0.004311, -0.004947, -0.504141, 0.305557, 0.110342, -0.012194, -0.113513, 0.113329, 0.01816, 0.019566, -0.023781, -0.004373, 0.003064, 0.00427, 0.002602, 0.004822, -0.010805, 0.006329, -0.065996, 0.006651, 0.044627, 0.059205, -0.538332, 0.035808, 0.289333, 0.455896, 0.035372, -0.095161, 0.086173, 0.070794, -0.333587, -0.695192, 0.348765, -0.007252, 0.967839, -0.053732, -0.571608, 0.026791, 0.042387, 0.297834, -0.076042, 0.171774, -0.120788, 0.308695, -0.123109, 0.089932, -0.041363, 0.107422, 0.042342, -0.407819, 0.10804, -0.036878, 0.415912, 0.726266, -0.761768, 0.00389, -2.320281, 0.351558, 0.064727, 1.241084, -2.029953, 0.082896, 0.87086]}