{"hc3d": [[-0.000852, -0.219022, 0.038908], [0.081307, -0.315972, 0.035396], [-0.081212, -0.315386, 0.038059], [-0.003142, -0.104091, 0.004334], [0.155802, -0.697875, 0.122437], [-0.098972, -0.711692, 0.12923], [0.002443, 0.024943, 0.025681], [0.072905, -0.926698, -0.229523], [-0.080657, -1.130528, 0.039319], [0.005627, 0.072974, 0.06327], [0.159954, -1.016762, -0.168352], [-0.103576, -1.200285, 0.159619], [0.014456, 0.294368, 0.036593], [0.096956, 0.197356, 0.039304], [-0.075449, 0.20402, 0.038059], [0.013655, 0.346138, 0.093712], [0.192717, 0.171927, 0.015397], [-0.179694, 0.193587, 0.058237], [0.251166, -0.09378, -0.004161], [-0.242773, -0.054755, -0.020415], [0.305712, -0.30996, 0.135974], [-0.286748, -0.318102, -0.002132], [0.335623, -0.381443, 0.181265], [-0.295295, -0.406531, -0.002136]], "im2d": [[0.010636, -0.11946], [0.075651, 0.00568], [-0.059542, -0.02567], [0.042948, -0.25426], [0.045699, 0.46306], [-0.169144, 0.430928], [0.036951, -0.396913], [0.252136, 0.664876], [-0.103065, 0.898476], [0.011505, -0.446288], [0.268888, 0.790811], [-0.223383, 0.987429], [0.052104, -0.698697], [0.112331, -0.572684], [-0.027455, -0.613271], [0.007703, -0.750755], [0.208843, -0.52843], [-0.12977, -0.618939], [0.258609, -0.218444], [-0.130506, -0.358821], [0.177859, 0.053593], [-0.195261, -0.066563], [0.161731, 0.145688], [-0.206915, 0.032033]], "theta": [1.155448, 0.010058, 0.115634, 3.048518, 0.189352, -1.249412, -0.256509, 0.039978, 0.102113, -0.26141, 0.037645, 0.048645, 0.203326, 0.013078, -0.013946, 1.153971, 0.158246, -0.104496, 0.350025, 0.102375, 0.00435, -0.09651, -0.008192, -0.011126, -0.448525, 0.288105, 0.099304, 0.008957, -0.153406, 0.149354, -0.006834, 0.017685, -0.028034, -0.004709, 0.003516, 0.00431, 0.002475, 0.005068, -0.010965, 0.034891, -0.114917, 0.035577, 0.058541, 0.077915, -0.599723, 0.035581, 0.287215, 0.486759, 0.056564, -0.146439, 0.105376, 0.055564, -0.29175, -0.641181, 0.378287, 0.001504, 0.959591, -0.039381, -0.49438, -0.009039, 0.021735, 0.243756, -0.062185, 0.173319, -0.135604, 0.261306, -0.132827, 0.098775, -0.029871, 0.106697, 0.042031, -0.406689, 0.107841, -0.037037, 0.415033, 0.726266, -0.761768, 0.00389, -2.320281, 0.351558, 0.064727, 1.241084, -2.029953, 0.082896, 0.87086]}