{"hc3d": [[-0.000852, -0.219022, 0.038908], [0.081307, -0.315972, 0.035396], [-0.081212, -0.315386, 0.038059], [-0.003142, -0.104091, 0.004334], [0.091949, -0.700546, 0.14011], [-0.091974, -0.722266, 0.042436], [0.001929, 0.023018, 0.035225], [0.05884, -1.105096, 0.004645], [-0.07131, -1.129662, -0.089641], [0.003116, 0.070831, 0.073207], [0.12048, -1.157654, 0.118087], [-0.094346, -1.201383, 0.029475], [-0.001628, 0.292731, 0.049911], [0.086483, 0.200747, 0.049583], [-0.086007, 0.197205, 0.051559], [0.005913, 0.345164, 0.105923], [0.183503, 0.192526, 0.01945], [-0.188472, 0.190264, 0.08047], [0.221697, -0.06416, -0.064532], [-0.261387, -0.065266, 0.045446], [0.323791, -0.293047, 0.016302], [-0.253636, -0.30862, 0.156524], [0.380503, -0.35996, 0.035332], [-0.245091, -0.384225, 0.20239]], "im2d": [[0.010757, -0.119523], [0.075831, 0.005701], [-0.059448, -0.02567], [0.043072, -0.254423], [-0.020923, 0.456354], [-0.09321, 0.43427], [0.028753, -0.393947], [0.040997, 0.892763], [0.009856, 0.884573], [0.001311, -0.443434], [-0.003637, 0.977624], [-0.109776, 0.975679], [0.028053, -0.698783], [0.095672, -0.577676], [-0.047435, -0.606351], [-0.008622, -0.750154], [0.199258, -0.553414], [-0.155284, -0.614601], [0.285443, -0.264978], [-0.199928, -0.342867], [0.291236, 0.023718], [-0.296811, -0.052177], [0.318685, 0.112697], [-0.33113, 0.040655]], "theta": [1.156256, 0.010156, 0.115651, 3.048662, 0.189232, -1.24961, -0.294192, -0.010232, -0.055384, -0.04748, 0.014125, 0.069233, 0.277717, 0.011937, -0.009673, 0.494628, 0.030626, 0.008901, 0.240331, 0.081471, -0.029158, -0.162894, 0.013518, 0.032407, -0.26102, 0.27561, 0.018257, -0.068478, -0.095552, 0.124219, -0.000414, 0.025109, -0.020642, -0.000661, 0.000854, 0.000373, 0.001463, 0.001546, -0.004687, 0.004575, -0.00462, -0.04669, 0.003131, 0.128576, -0.487248, 0.009646, 0.347837, 0.387494, -0.053647, -0.119361, 0.058165, 0.118457, -0.044763, -0.870238, 0.330508, 0.092023, 0.915585, -0.194083, -0.519759, 0.101459, 0.064183, 0.517167, -0.068736, 0.072034, -0.151576, 0.436899, -0.198364, 0.247429, -0.155435, 0.110461, 0.044236, -0.412603, 0.111613, -0.039111, 0.417458, 0.726266, -0.761768, 0.00389, -2.320281, 0.351558, 0.064727, 1.241084, -2.029953, 0.082896, 0.87086]}