{"hc3d": [[-0.000852, -0.219022, 0.038908], [0.081307, -0.315972, 0.035396], [-0.081212, -0.315386, 0.038059], [-0.003142, -0.104091, 0.004334], [0.095993, -0.693569, 0.162597], [-0.085172, -0.703729, -0.083846], [0.004745, 0.02272, 0.035851], [0.009748, -1.107953, 0.225491], [-0.127002, -0.993527, -0.397071], [0.007554, 0.069089, 0.0755], [0.103986, -1.091969, 0.326953], [-0.142114, -1.089454, -0.294929], [-0.000473, 0.2915, 0.058952], [0.088703, 0.200704, 0.053617], [-0.083621, 0.194893, 0.059926], [0.008548, 0.345796, 0.112933], [0.181758, 0.191875, 0.012984], [-0.186658, 0.191368, 0.087389], [0.189684, -0.016088, -0.163334], [-0.307301, -0.047936, 0.091568], [0.38819, -0.172428, -0.089174], [-0.225635, -0.140908, 0.328857], [0.465764, -0.214412, -0.072577], [-0.204306, -0.152843, 0.414271]], "im2d": [[0.010788, -0.119541], [0.075877, 0.005706], [-0.059427, -0.025671], [0.043105, -0.254467], [-0.035517, 0.451979], [0.016214, 0.399603], [0.03056, -0.393066], [-0.17917, 0.913064], [0.221816, 0.683106], [0.003006, -0.440414], [-0.183746, 0.924993], [0.121209, 0.801187], [0.021587, -0.696215], [0.094233, -0.576825], [-0.05241, -0.602384], [-0.012133, -0.749665], [0.20311, -0.553876], [-0.159389, -0.614792], [0.342278, -0.337423], [-0.274214, -0.365866], [0.436323, -0.113352], [-0.405434, -0.216585], [0.484165, -0.048941], [-0.458147, -0.188815]], "theta": [1.156474, 0.01018, 0.115655, 3.048692, 0.189208, -1.24965, -0.362146, 0.149076, -0.068771, 0.265538, -0.029697, 0.08214, 0.285941, 0.083998, -0.023952, 0.112355, -0.011751, -0.10173, 0.452724, 0.227829, -0.148495, -0.134984, -0.046075, 0.028352, -0.44134, 0.393231, 0.15082, -0.344717, -0.102613, 0.083821, -0.008191, 0.039747, 0.011367, -0.004079, 0.00281, 0.004663, 0.001845, 0.004112, -0.008697, -0.060331, -0.036491, -0.08702, 0.010058, 0.207374, -0.531688, -0.044763, 0.312524, 0.341762, -0.033683, -0.145892, 0.055855, 0.194202, 0.297829, -0.808778, 0.307245, 0.112661, 0.706315, -0.421411, -1.071718, 0.374881, -0.0288, 1.25664, -0.191828, -0.143952, -0.195363, 0.356759, -0.189352, 0.259169, -0.31631, 0.106949, 0.042383, -0.40694, 0.108771, -0.036993, 0.416126, 0.726266, -0.761768, 0.00389, -2.320281, 0.351558, 0.064727, 1.241084, -2.029953, 0.082896, 0.87086]}