{"hc3d": [[-0.000852, -0.219022, 0.038908], [0.081307, -0.315972, 0.035396], [-0.081212, -0.315386, 0.038059], [-0.003142, -0.104091, 0.004334], [0.096221, -0.710968, -0.016865], [-0.121942, -0.681653, 0.210904], [0.002967, 0.024087, 0.030212], [0.044931, -1.121974, -0.124339], [-0.107479, -1.089707, 0.080041], [0.004442, 0.070886, 0.069426], [0.115499, -1.161235, -0.010719], [-0.145173, -1.167977, 0.19102], [0.01668, 0.293494, 0.059368], [0.098017, 0.195469, 0.058974], [-0.07405, 0.204459, 0.049948], [0.016509, 0.342359, 0.118997], [0.1971, 0.176272, 0.044749], [-0.17898, 0.198629, 0.068356], [0.26239, -0.088298, 0.056566], [-0.238604, -0.046942, -0.020966], [0.306471, -0.303491, 0.201807], [-0.294328, -0.308665, -0.017061], [0.340903, -0.368139, 0.253681], [-0.300533, -0.396756, -0.026769]], "im2d": [[0.01079, -0.119543], [0.07588, 0.005706], [-0.059425, -0.025672], [0.043108, -0.254471], [0.109919, 0.450423], [-0.252808, 0.402606], [0.03377, -0.395633], [0.133838, 0.894094], [-0.155807, 0.852701], [0.005499, -0.443777], [0.097063, 0.96562], [-0.281189, 0.947494], [0.035409, -0.695163], [0.09723, -0.56848], [-0.035938, -0.612606], [-0.010728, -0.743536], [0.188996, -0.529477], [-0.137216, -0.623837], [0.218975, -0.215477], [-0.126222, -0.367268], [0.125504, 0.054332], [-0.188808, -0.080543], [0.108074, 0.140413], [-0.190612, 0.017049]], "theta": [1.156494, 0.010182, 0.115656, 3.048694, 0.189207, -1.249653, 0.098385, 0.077711, -0.03919, -0.47562, 0.028545, -0.010738, 0.237038, -0.02805, -0.021068, 0.040844, -0.014812, -0.038001, 0.666687, -0.022686, 0.014388, -0.097453, -0.00378, 0.004576, -0.311554, 0.284962, 0.057402, -0.001045, -0.104101, 0.12488, 0.033645, 0.007423, -0.043004, -0.002451, 0.002083, 0.001824, 0.001903, 0.003498, -0.0077, 0.009854, -0.091515, 0.008477, 0.035962, 0.020094, -0.523244, 0.007655, 0.321516, 0.437866, 0.056301, -0.180342, 0.097162, 0.003893, -0.409951, -0.658399, 0.314859, -0.013311, 1.004949, 0.009212, -0.402193, -0.012746, 0.01341, 0.215152, -0.074998, 0.270752, -0.145623, 0.366725, -0.124458, 0.078223, 0.057802, 0.108712, 0.043361, -0.409296, 0.109384, -0.038782, 0.415866, 0.726266, -0.761768, 0.00389, -2.320281, 0.351558, 0.064727, 1.241084, -2.029953, 0.082896, 0.87086]}