{"hc3d": [[-0.000997, -0.218362, 0.037272], [0.07997, -0.314992, 0.03312], [-0.080169, -0.314354, 0.035674], [-0.003328, -0.103696, 0.003671], [0.062783, -0.712403, 0.092569], [-0.104935, -0.723995, 0.033792], [0.001875, 0.026256, 0.02442], [0.012124, -1.140395, 0.088018], [-0.141362, -0.920062, -0.349116], [0.007798, 0.074864, 0.060237], [0.059028, -1.161007, 0.218257], [-0.173853, -1.052382, -0.311222], [0.010766, 0.295595, 0.034446], [0.094285, 0.200068, 0.029374], [-0.076689, 0.203825, 0.042245], [0.015288, 0.354973, 0.084708], [0.189921, 0.180867, 0.00094], [-0.178618, 0.201194, 0.072824], [0.198837, -0.081519, -0.078877], [-0.223161, -0.063332, 0.049383], [0.267327, -0.318751, 0.016998], [-0.231806, -0.310252, 0.156404], [0.304164, -0.394608, 0.048104], [-0.237432, -0.382563, 0.207821]], "im2d": [[0.008339, -0.134595], [0.079964, -0.024234], [-0.063941, -0.04104], [0.029634, -0.259832], [0.017607, 0.401503], [-0.096909, 0.390736], [0.025744, -0.395054], [-0.03734, 0.849826], [0.092734, 0.55652], [0.011133, -0.442408], [-0.073723, 0.889567], [0.0374, 0.69735], [0.035618, -0.678819], [0.110092, -0.56946], [-0.049494, -0.589646], [0.011484, -0.736291], [0.211486, -0.542164], [-0.158406, -0.594213], [0.259175, -0.270959], [-0.19186, -0.320548], [0.256052, -0.002697], [-0.270491, -0.048781], [0.268069, 0.084657], [-0.308215, 0.032505]], "theta": [1.070326, 0.008788, 0.09261, 3.118021, 0.105232, -0.943774, -0.174385, 0.008896, -0.128603, -0.031701, -0.011955, 0.03654, 0.193959, 0.101632, -0.003756, 0.06388, -0.142904, 0.019667, 1.012753, 0.079182, -0.131749, -0.096633, -0.017509, -0.026577, -0.239438, 0.313372, -0.004017, -0.065703, -0.025804, 0.078537, -0.000622, 0.021187, -0.01421, -0.002304, 0.001025, 0.004072, 0.002446, 0.00283, -0.008677, -0.088263, -0.170937, -0.02939, 0.078437, 0.055586, -0.550315, -0.085712, 0.31145, 0.402998, 0.049347, -0.138508, 0.066645, 0.144799, -0.102715, -0.873555, 0.321278, 0.102051, 1.046149, -0.106172, -0.538178, 0.138803, 0.01724, 0.365929, -0.130962, -0.03941, -0.181788, 0.315287, -0.225495, 0.261385, -0.280069, 0.11015, 0.043327, -0.410974, 0.110325, -0.037039, 0.420223, 0.775382, -0.525591, -0.045631, -2.29909, 0.300084, 0.062819, 1.248731, -1.988138, 0.068143, 0.908954]}