{"hc3d": [[-0.000997, -0.218362, 0.037272], [0.07997, -0.314992, 0.03312], [-0.080169, -0.314354, 0.035674], [-0.003328, -0.103696, 0.003671], [0.056275, -0.714993, 0.067792], [-0.108666, -0.718314, 0.102209], [0.001565, 0.025914, 0.026532], [0.011378, -1.143079, 0.04563], [-0.128479, -0.910889, -0.28368], [0.0068, 0.07447, 0.062525], [0.053351, -1.17898, 0.174223], [-0.159756, -1.046432, -0.25819], [0.011949, 0.295068, 0.035947], [0.094834, 0.198904, 0.032942], [-0.076333, 0.203983, 0.042322], [0.015942, 0.354151, 0.086601], [0.191623, 0.177948, 0.010226], [-0.177993, 0.199596, 0.073592], [0.201322, -0.089895, -0.048617], [-0.215329, -0.065194, 0.041979], [0.247483, -0.334275, 0.042536], [-0.241691, -0.323052, 0.114867], [0.277269, -0.41347, 0.072869], [-0.245291, -0.405167, 0.148753]], "im2d": [[0.008788, -0.134859], [0.080666, -0.024219], [-0.063595, -0.041051], [0.030066, -0.260465], [0.027344, 0.402277], [-0.140332, 0.392408], [0.024506, -0.395472], [-0.011757, 0.85068], [0.066835, 0.555884], [0.009082, -0.44291], [-0.052141, 0.906256], [0.019839, 0.699422], [0.035881, -0.67969], [0.108797, -0.569232], [-0.049241, -0.591222], [0.0109, -0.736957], [0.208037, -0.539339], [-0.158658, -0.593791], [0.24411, -0.259491], [-0.180682, -0.319238], [0.223818, 0.014416], [-0.255108, -0.040291], [0.229984, 0.104779], [-0.280907, 0.050119]], "theta": [1.07325, 0.009185, 0.092707, 3.118774, 0.104571, -0.94481, -0.112018, -0.007015, -0.143788, -0.198193, 0.00714, 0.027305, 0.209243, 0.073783, -0.002556, 0.043843, -0.128188, 0.050443, 1.189146, 0.013081, -0.106936, -0.110401, -0.003561, -0.023865, -0.160191, 0.289839, -0.026815, 0.00514, 0.01566, 0.099536, -0.005325, 0.013923, -0.025144, -0.002191, 0.001296, 0.003074, 0.002411, 0.002792, -0.008368, -0.07919, -0.161253, -0.023054, 0.068802, 0.015944, -0.552017, -0.068759, 0.337594, 0.426062, 0.056532, -0.131273, 0.058534, 0.130308, -0.155345, -0.874884, 0.301029, 0.078765, 1.065423, -0.07324, -0.426415, 0.087108, 0.034378, 0.231523, -0.125224, 0.040485, -0.170857, 0.310688, -0.217444, 0.239402, -0.152148, 0.109817, 0.043463, -0.410805, 0.11019, -0.037055, 0.418863, 0.775382, -0.525591, -0.045631, -2.29909, 0.300084, 0.062819, 1.248731, -1.988138, 0.068143, 0.908954]}