{"hc3d": [[-0.000997, -0.218362, 0.037272], [0.07997, -0.314992, 0.03312], [-0.080169, -0.314354, 0.035674], [-0.003328, -0.103696, 0.003671], [0.083198, -0.715337, -0.005328], [-0.128518, -0.687798, 0.198844], [0.002361, 0.025362, 0.029299], [0.024736, -1.134666, -0.086009], [-0.114686, -1.099749, 0.070419], [0.005494, 0.072769, 0.067027], [0.08091, -1.175303, 0.035565], [-0.145824, -1.176592, 0.184986], [0.016919, 0.294313, 0.053467], [0.097977, 0.196571, 0.051906], [-0.07325, 0.205077, 0.047359], [0.018275, 0.350487, 0.10746], [0.19808, 0.181334, 0.043502], [-0.177064, 0.197168, 0.069536], [0.226311, -0.091593, 0.046738], [-0.211176, -0.057417, -0.011272], [0.24557, -0.302459, 0.20588], [-0.255298, -0.322322, 0.008137], [0.276851, -0.36465, 0.262738], [-0.249834, -0.410883, 0.002548]], "im2d": [[0.00937, -0.135238], [0.081578, -0.024217], [-0.06317, -0.041089], [0.030639, -0.261337], [0.096329, 0.399415], [-0.214697, 0.369404], [0.023968, -0.395841], [0.080696, 0.832598], [-0.136832, 0.797197], [0.005472, -0.44221], [0.056903, 0.894326], [-0.23553, 0.887871], [0.030015, -0.678889], [0.10072, -0.566403], [-0.049467, -0.593547], [0.000421, -0.733113], [0.194869, -0.540724], [-0.155841, -0.593478], [0.21055, -0.246199], [-0.145013, -0.333634], [0.126453, -0.002692], [-0.203521, -0.053431], [0.118599, 0.072783], [-0.197758, 0.041072]], "theta": [1.077201, 0.009695, 0.092816, 3.119652, 0.103818, -0.946015, 0.068933, 0.025904, -0.075465, -0.44294, 0.035763, -0.028294, 0.228669, 0.010464, -0.013055, 0.001151, -0.032427, -0.031334, 0.63039, -0.069768, 0.011216, -0.099202, -0.00342, -0.010769, -0.267171, 0.259555, 0.000948, 0.003044, 0.015296, 0.078291, 0.021168, -0.006311, -0.037177, -0.001366, 0.001292, 0.001024, 0.001546, 0.002063, -0.005593, -0.081031, -0.126614, -0.00488, 0.043786, -0.047899, -0.468281, 0.004308, 0.330158, 0.461808, -0.001195, -0.151952, 0.073129, 0.090415, -0.403924, -0.845696, 0.280251, 0.013447, 1.075063, -0.018399, -0.473755, 0.089069, 0.00991, 0.205463, -0.135777, 0.279343, -0.125926, 0.420409, -0.232304, 0.0942, 0.133607, 0.110332, 0.044011, -0.412277, 0.110691, -0.038458, 0.417283, 0.775382, -0.525591, -0.045631, -2.29909, 0.300084, 0.062819, 1.248731, -1.988138, 0.068143, 0.908954]}