{"hc3d": [[-0.000997, -0.218362, 0.037272], [0.07997, -0.314992, 0.03312], [-0.080169, -0.314354, 0.035674], [-0.003328, -0.103696, 0.003671], [0.079856, -0.711635, -0.033504], [-0.110844, -0.681143, 0.217188], [0.002112, 0.02548, 0.028754], [0.003403, -1.118295, -0.154116], [-0.115809, -1.109013, 0.159821], [0.004387, 0.073482, 0.065785], [0.072185, -1.151381, -0.036807], [-0.129497, -1.15598, 0.292512], [0.016219, 0.295238, 0.05681], [0.09734, 0.197535, 0.05687], [-0.073549, 0.206137, 0.045255], [0.018163, 0.351079, 0.111129], [0.198296, 0.187425, 0.051493], [-0.178309, 0.200617, 0.063329], [0.223755, -0.085642, 0.060594], [-0.212104, -0.046606, -0.037891], [0.235809, -0.271066, 0.249364], [-0.251493, -0.311668, -0.011642], [0.267515, -0.322807, 0.315671], [-0.247515, -0.400418, -0.015083]], "im2d": [[0.009404, -0.135264], [0.081633, -0.024218], [-0.063146, -0.041093], [0.030674, -0.261393], [0.110418, 0.392293], [-0.209701, 0.366115], [0.024102, -0.396133], [0.103012, 0.806057], [-0.19168, 0.816421], [0.005266, -0.443306], [0.09326, 0.8606], [-0.284825, 0.8789], [0.027426, -0.679749], [0.097235, -0.567105], [-0.04844, -0.595055], [-0.001856, -0.733533], [0.190496, -0.546494], [-0.153156, -0.598057], [0.200191, -0.25143], [-0.129579, -0.3481], [0.092573, -0.03269], [-0.187962, -0.066471], [0.079723, 0.032673], [-0.184817, 0.028324]], "theta": [1.07745, 0.009726, 0.092821, 3.119695, 0.103782, -0.946074, 0.139037, 0.043367, -0.08147, -0.485226, 0.110445, -0.000725, 0.223293, -0.021562, -0.013727, 0.031677, -0.009837, -0.061006, 0.50169, -0.011194, -0.010887, -0.110013, -0.003372, -0.012806, -0.411473, 0.285646, 0.095608, -0.058236, 0.039205, 0.047521, 0.056515, -0.015019, -0.029537, -0.001703, 0.001468, 0.001396, 0.001615, 0.002243, -0.0058, -0.09765, -0.094426, -0.025172, 0.035285, -0.030426, -0.420915, 0.01519, 0.328634, 0.434505, -0.001242, -0.127615, 0.058747, 0.102896, -0.463855, -0.891472, 0.303669, -0.022594, 1.106938, -0.075577, -0.58898, 0.150146, 0.014961, 0.314433, -0.162914, 0.290035, -0.12374, 0.456816, -0.204886, 0.073916, 0.104384, 0.110088, 0.04375, -0.41194, 0.110401, -0.037858, 0.416967, 0.775382, -0.525591, -0.045631, -2.29909, 0.300084, 0.062819, 1.248731, -1.988138, 0.068143, 0.908954]}