{"hc3d": [[-0.000997, -0.218362, 0.037272], [0.07997, -0.314992, 0.03312], [-0.080169, -0.314354, 0.035674], [-0.003328, -0.103696, 0.003671], [0.080509, -0.709647, 0.110658], [-0.080613, -0.724746, 0.034567], [0.003018, 0.024319, 0.033955], [0.056187, -1.107048, -0.054403], [-0.050599, -1.142729, -0.069244], [0.003714, 0.071124, 0.072549], [0.1123, -1.173247, 0.055396], [-0.079101, -1.207508, 0.053195], [0.004927, 0.292616, 0.054219], [0.09042, 0.198718, 0.054928], [-0.081004, 0.199193, 0.049871], [0.003795, 0.350397, 0.106493], [0.18956, 0.18497, 0.037447], [-0.183505, 0.189739, 0.076997], [0.207901, -0.081669, -0.024712], [-0.227789, -0.075505, 0.063156], [0.262876, -0.331838, 0.042775], [-0.267733, -0.330887, 0.138538], [0.298306, -0.411456, 0.064792], [-0.274474, -0.414305, 0.168541]], "im2d": [[0.009456, -0.135305], [0.081714, -0.02422], [-0.063114, -0.041101], [0.030728, -0.261482], [0.02467, 0.405329], [-0.074286, 0.396996], [0.021803, -0.394395], [0.090872, 0.810091], [0.003217, 0.835677], [0.000572, -0.440303], [0.07336, 0.897943], [-0.097566, 0.914625], [0.018831, -0.678611], [0.092298, -0.569475], [-0.058066, -0.58813], [-0.011939, -0.73501], [0.191128, -0.546414], [-0.166338, -0.585759], [0.237409, -0.266232], [-0.205057, -0.308493], [0.23914, 0.013575], [-0.293156, -0.032058], [0.255416, 0.104525], [-0.319516, 0.059443]], "theta": [1.077839, 0.00977, 0.092828, 3.119751, 0.103737, -0.94615, -0.218709, -0.028731, -0.081611, -0.031976, 0.012737, 0.096334, 0.263988, -0.013756, -0.020355, 0.491739, 0.049554, 0.052956, 0.157171, 0.065798, -0.043774, -0.1167, 0.01612, 0.037535, -0.216708, 0.231289, -0.005106, -0.060459, -0.12033, 0.100525, -0.01849, 0.004355, -0.033556, -0.001337, 0.001369, 0.000657, 0.001538, 0.002524, -0.005908, -0.089707, -0.099613, 0.012069, 6.7e-05, 0.038414, -0.508983, -0.023832, 0.379569, 0.432716, -0.005325, -0.127905, 0.040208, 0.15057, -0.128216, -0.931862, 0.21619, 0.145919, 0.942585, -0.052369, -0.334038, 0.105818, 0.000527, 0.186494, -0.089022, 0.119875, -0.14685, 0.33497, -0.155517, 0.20209, -0.096332, 0.10965, 0.044269, -0.411006, 0.11062, -0.039166, 0.416638, 0.775382, -0.525591, -0.045631, -2.29909, 0.300084, 0.062819, 1.248731, -1.988138, 0.068143, 0.908954]}