{"hc3d": [[-0.000815, -0.218911, 0.039601], [0.081787, -0.315853, 0.036337], [-0.081624, -0.315296, 0.039075], [-0.003082, -0.10409, 0.004724], [0.108269, -0.687057, -0.0997], [-0.07719, -0.656284, 0.256874], [0.001292, 0.024898, 0.023304], [0.058799, -0.994518, -0.389492], [-0.085669, -1.082368, 0.267145], [6.8e-05, 0.071769, 0.062561], [0.139312, -1.070761, -0.306021], [-0.092512, -1.127121, 0.399969], [-0.000216, 0.294408, 0.049205], [0.086629, 0.201405, 0.052304], [-0.085584, 0.200391, 0.039679], [0.005066, 0.347719, 0.103774], [0.18573, 0.187405, 0.033156], [-0.188839, 0.177137, 0.052147], [0.279623, -0.067107, 0.036715], [-0.251906, -0.079055, 0.013193], [0.326181, -0.263408, 0.203816], [-0.293544, -0.336607, 0.06571], [0.360455, -0.318981, 0.264951], [-0.311013, -0.422081, 0.080813]], "im2d": [[0.01554, -0.070937], [0.046842, 0.059156], [-0.029269, 0.015764], [0.06216, -0.200415], [0.166971, 0.480052], [-0.289158, 0.40092], [0.056749, -0.343426], [0.421156, 0.808041], [-0.344131, 0.875673], [0.019256, -0.395777], [0.362051, 0.915366], [-0.491453, 0.925412], [0.054289, -0.645167], [0.08116, -0.518302], [0.017146, -0.562409], [0.004182, -0.702853], [0.144458, -0.476886], [-0.0445, -0.563292], [0.158712, -0.167413], [-0.055976, -0.293511], [-0.015145, 0.066295], [-0.154395, -0.015599], [-0.069482, 0.138133], [-0.186242, 0.075649]], "theta": [1.14946, 0.014334, 0.157198, 2.727972, 0.306367, -1.786663, 0.308956, 0.158742, 0.015687, -0.597888, 0.19319, 0.058322, 0.183233, -0.079659, -0.010469, 0.330904, -0.081535, -0.033936, 0.458984, 0.097885, -0.026366, -0.050498, 0.004167, 0.016184, -0.404909, 0.362993, 0.067022, 0.074137, -0.119911, 0.104414, 0.032029, 0.039431, -0.008523, -0.002132, 0.001381, 0.002352, 0.002575, 0.00271, -0.007961, -0.071129, 0.061517, -0.025228, 0.048944, 0.089816, -0.54487, 0.032846, 0.302593, 0.55033, 0.052716, 0.005802, 0.015104, 0.107219, -0.44273, -0.58886, 0.288227, 0.138539, 0.755036, -0.043384, -0.546995, -0.008645, 0.005977, 0.232895, -0.031664, 0.281183, -0.165195, 0.377493, -0.003387, 0.07527, -0.136861, 0.109571, 0.043572, -0.41043, 0.110096, -0.037462, 0.418077, 0.664007, -0.871565, 0.031751, -2.318973, 0.345957, 0.091734, 1.252077, -2.076468, 0.099449, 0.891384]}