{"hc3d": [[-0.000815, -0.218911, 0.039601], [0.081787, -0.315853, 0.036337], [-0.081624, -0.315296, 0.039075], [-0.003082, -0.10409, 0.004724], [0.123263, -0.697575, 0.134152], [-0.119087, -0.715419, 0.086263], [0.004088, 0.0239, 0.028585], [0.041816, -1.078228, -0.037397], [-0.068238, -1.095155, -0.100661], [0.00598, 0.070648, 0.067962], [0.127105, -1.128666, 0.059787], [-0.115516, -1.177438, 0.002714], [0.00888, 0.292175, 0.042197], [0.094015, 0.197586, 0.044727], [-0.078648, 0.199685, 0.043648], [0.010547, 0.346096, 0.096395], [0.189052, 0.171526, 0.018798], [-0.180366, 0.180309, 0.068859], [0.253415, -0.09073, -0.007361], [-0.234739, -0.080488, 0.056304], [0.317312, -0.330101, 0.077747], [-0.289413, -0.336763, 0.10277], [0.357582, -0.405673, 0.103585], [-0.301472, -0.424261, 0.108917]], "im2d": [[0.015946, -0.071022], [0.047388, 0.059368], [-0.028875, 0.015852], [0.062581, -0.200815], [-0.073242, 0.499566], [-0.13321, 0.455355], [0.052632, -0.342206], [0.035612, 0.903089], [0.051417, 0.892418], [0.016274, -0.393676], [-0.033497, 0.983215], [-0.086795, 0.973511], [0.065643, -0.641687], [0.092322, -0.513202], [0.01608, -0.560924], [0.014198, -0.701087], [0.159969, -0.459315], [-0.058084, -0.565612], [0.191855, -0.148567], [-0.093785, -0.287529], [0.108118, 0.137706], [-0.191557, -0.013898], [0.091801, 0.233354], [-0.211703, 0.081146]], "theta": [1.152026, 0.014656, 0.157261, 2.728492, 0.305926, -1.787376, -0.283943, 0.037311, 0.019425, -0.160574, -0.049579, 0.003815, 0.227827, 0.022438, -0.026455, 0.603603, 0.175579, -0.098215, 0.499142, 0.020881, 0.06873, -0.092437, -0.009264, 0.031422, -0.365018, 0.276787, 0.141903, -0.141317, -0.195659, 0.146644, -0.026967, 0.015743, -0.031402, -0.002427, 0.002078, 0.001694, 0.001763, 0.003433, -0.007531, -0.023912, -0.015482, 0.053235, 0.015537, 0.087522, -0.631158, 0.015356, 0.347991, 0.538474, 0.08302, -0.16791, 0.034103, 0.078118, -0.249074, -0.618841, 0.315057, 0.179175, 0.819123, -0.025872, -0.29006, -0.046727, -0.010517, 0.06749, -0.054838, 0.254654, -0.114078, 0.34291, 0.059967, 0.092235, 0.011548, 0.108405, 0.04304, -0.40908, 0.109582, -0.03836, 0.415684, 0.664007, -0.871565, 0.031751, -2.318973, 0.345957, 0.091734, 1.252077, -2.076468, 0.099449, 0.891384]}