{"hc3d": [[-0.000815, -0.218911, 0.039601], [0.081787, -0.315853, 0.036337], [-0.081624, -0.315296, 0.039075], [-0.003082, -0.10409, 0.004724], [0.188377, -0.640422, 0.237069], [-0.143685, -0.712184, -0.009473], [0.000111, 0.023026, 0.033597], [0.021771, -1.007544, 0.101337], [-0.209852, -1.059521, -0.2476], [0.000256, 0.070154, 0.072564], [0.138293, -1.01128, 0.176648], [-0.171154, -1.106972, -0.121334], [0.005534, 0.292701, 0.058736], [0.090036, 0.197581, 0.062305], [-0.082109, 0.200809, 0.049141], [-0.001482, 0.348913, 0.110105], [0.184488, 0.170927, 0.034882], [-0.186236, 0.187684, 0.067658], [0.243542, -0.083125, -0.039786], [-0.272027, -0.064688, 0.076469], [0.319505, -0.325703, 0.023538], [-0.250597, -0.261545, 0.25427], [0.371265, -0.397805, 0.034619], [-0.248058, -0.31998, 0.320738]], "im2d": [[0.015978, -0.071031], [0.047431, 0.059385], [-0.028846, 0.015858], [0.062618, -0.200852], [-0.147333, 0.45389], [-0.042757, 0.444218], [0.045495, -0.342272], [-0.113288, 0.820352], [0.146499, 0.813656], [0.008811, -0.394641], [-0.140866, 0.856053], [0.025986, 0.878556], [0.046727, -0.64308], [0.071984, -0.514126], [0.008838, -0.563133], [-0.005427, -0.707373], [0.140905, -0.459735], [-0.05876, -0.575548], [0.22246, -0.160102], [-0.130361, -0.314865], [0.16686, 0.132742], [-0.32715, -0.086279], [0.17163, 0.227359], [-0.401751, -0.019268]], "theta": [1.152252, 0.014682, 0.157265, 2.728523, 0.305902, -1.787417, -0.58938, 0.091261, 0.175978, 0.093861, 0.09075, -0.052298, 0.266203, 0.00603, 0.003172, 0.91865, 0.34582, -0.329617, 0.392038, 0.440679, 0.041587, -0.140813, -0.058142, -0.001175, -0.704433, 0.366612, 0.443562, -0.547427, -0.007725, 0.045997, 0.035763, 0.008667, -0.021279, -0.003313, 0.002711, 0.00297, 0.001785, 0.003695, -0.00822, -0.118461, -0.136215, 0.048785, 0.007588, 0.154234, -0.660799, 0.031005, 0.350847, 0.470185, 0.153413, -0.208402, 0.06977, 0.084747, -0.122447, -0.611915, 0.388827, 0.325411, 0.698292, -0.104208, -0.386281, -0.008364, -0.038509, 0.660568, -0.162607, 0.148367, -0.061119, 0.456298, 0.159417, 0.151446, -0.230319, 0.108171, 0.041763, -0.410298, 0.109133, -0.036723, 0.415136, 0.664007, -0.871565, 0.031751, -2.318973, 0.345957, 0.091734, 1.252077, -2.076468, 0.099449, 0.891384]}