{"hc3d": [[-0.000815, -0.218911, 0.039601], [0.081787, -0.315853, 0.036337], [-0.081624, -0.315296, 0.039075], [-0.003082, -0.10409, 0.004724], [0.115828, -0.665196, 0.220186], [-0.137724, -0.709179, -0.034665], [0.001099, 0.024821, 0.023875], [0.028001, -1.076243, 0.154717], [-0.173691, -0.876468, -0.425108], [0.003035, 0.072327, 0.062332], [0.117697, -1.091791, 0.259483], [-0.184978, -0.998784, -0.357259], [0.003357, 0.294406, 0.041663], [0.089758, 0.200971, 0.044084], [-0.082843, 0.200705, 0.038931], [0.002307, 0.351698, 0.092302], [0.186822, 0.182837, 0.018916], [-0.184753, 0.188289, 0.067526], [0.257356, -0.075303, -0.02574], [-0.240143, -0.072533, 0.061801], [0.328806, -0.316113, 0.048624], [-0.296179, -0.32619, 0.119622], [0.364202, -0.395407, 0.070073], [-0.319949, -0.405598, 0.150742]], "im2d": [[0.01598, -0.071032], [0.047433, 0.059386], [-0.028845, 0.015859], [0.06262, -0.200853], [-0.164423, 0.462424], [-0.01317, 0.442117], [0.056383, -0.344145], [-0.173363, 0.8997], [0.367567, 0.615696], [0.021079, -0.396474], [-0.245236, 0.941955], [0.279285, 0.750756], [0.063954, -0.645773], [0.091436, -0.518223], [0.019291, -0.563336], [0.015353, -0.709719], [0.15995, -0.472675], [-0.057896, -0.575843], [0.214563, -0.165082], [-0.101268, -0.297863], [0.145434, 0.124727], [-0.211415, -0.027335], [0.131215, 0.223238], [-0.262455, 0.055873]], "theta": [1.152262, 0.014683, 0.157265, 2.728523, 0.305901, -1.787419, -0.512023, -0.02555, 0.010572, 0.138974, -0.058321, -0.051366, 0.192046, 0.065881, -0.001528, 0.552602, 0.162737, -0.148983, 0.902747, 0.330419, 0.031581, -0.076129, -0.053625, 0.008567, -0.388139, 0.371211, 0.27015, -0.366736, -0.085176, 0.038868, 0.015254, -0.006485, -0.013517, -0.00419, 0.003172, 0.004128, 0.002168, 0.005032, -0.0102, -0.111397, -0.09682, 0.001574, 0.034964, 0.106827, -0.575637, -0.019065, 0.401881, 0.449886, 0.188872, -0.193027, 0.05792, 0.066312, -0.218753, -0.666424, 0.361343, 0.219132, 0.877896, -0.001797, -0.314584, -0.036497, 0.011802, 0.064046, -0.0829, 0.211717, -0.115589, 0.252978, 0.146483, 0.162121, -0.260284, 0.10749, 0.041585, -0.408921, 0.108284, -0.037021, 0.414827, 0.664007, -0.871565, 0.031751, -2.318973, 0.345957, 0.091734, 1.252077, -2.076468, 0.099449, 0.891384]}