{"hc3d": [[-0.000815, -0.218911, 0.039601], [0.081787, -0.315853, 0.036337], [-0.081624, -0.315296, 0.039075], [-0.003082, -0.10409, 0.004724], [0.092804, -0.710978, 0.063804], [-0.145742, -0.698926, 0.150636], [0.002437, 0.023261, 0.032176], [0.015224, -1.125985, 0.011744], [-0.103285, -0.923137, -0.209437], [0.002787, 0.069361, 0.072353], [0.099292, -1.147393, 0.120082], [-0.150184, -1.044464, -0.156785], [0.00736, 0.29161, 0.054164], [0.092049, 0.196629, 0.056916], [-0.080425, 0.199495, 0.049022], [0.008525, 0.348057, 0.10574], [0.190054, 0.174341, 0.040127], [-0.182911, 0.18652, 0.075209], [0.263973, -0.085921, 0.020008], [-0.244433, -0.071898, 0.051454], [0.317056, -0.320859, 0.123016], [-0.304394, -0.3268, 0.098939], [0.35251, -0.395917, 0.156331], [-0.323313, -0.411868, 0.11458]], "im2d": [[0.01598, -0.071032], [0.047433, 0.059386], [-0.028845, 0.015859], [0.06262, -0.200853], [-0.013806, 0.505876], [-0.211642, 0.430712], [0.048065, -0.341945], [-0.032683, 0.950447], [0.166889, 0.689116], [0.010098, -0.393092], [-0.111412, 0.997841], [0.078757, 0.813529], [0.052278, -0.641436], [0.078496, -0.512599], [0.009599, -0.561224], [0.003603, -0.703841], [0.138186, -0.462044], [-0.065354, -0.573284], [0.16819, -0.150888], [-0.092202, -0.299826], [0.061086, 0.127849], [-0.193306, -0.029055], [0.034752, 0.221764], [-0.226338, 0.061593]], "theta": [1.152264, 0.014683, 0.157265, 2.728523, 0.305901, -1.787419, -0.104353, 0.093419, -0.055558, -0.328997, -0.06774, -0.056997, 0.254679, -0.008056, -0.016021, 0.120747, 0.047267, -0.074473, 1.226704, 0.018435, 0.051037, -0.10262, -0.01552, 0.027458, -0.336737, 0.308876, 0.164707, -0.186092, -0.132239, 0.123285, -0.009791, 0.01232, -0.036012, -0.002179, 0.001894, 0.001197, 0.001739, 0.003407, -0.00734, -0.106622, -0.050189, 0.003512, 0.016649, 0.030819, -0.585359, -0.016372, 0.397714, 0.469881, 0.115909, -0.17706, 0.047864, 0.048149, -0.253748, -0.625123, 0.320194, 0.136514, 0.876542, 0.032757, -0.345867, -0.066754, 0.043308, 0.104756, -0.079672, 0.205158, -0.107881, 0.326603, 0.084571, 0.129617, -0.102324, 0.108483, 0.043622, -0.40887, 0.109276, -0.039185, 0.415655, 0.664007, -0.871565, 0.031751, -2.318973, 0.345957, 0.091734, 1.252077, -2.076468, 0.099449, 0.891384]}