{"hc3d": [[-0.000815, -0.218911, 0.039601], [0.081787, -0.315853, 0.036337], [-0.081624, -0.315296, 0.039075], [-0.003082, -0.10409, 0.004724], [0.093776, -0.711783, 0.046091], [-0.13653, -0.695298, 0.166796], [0.002472, 0.023565, 0.030716], [0.024946, -1.120795, -0.048414], [-0.095363, -1.011701, -0.115905], [0.002199, 0.069926, 0.070593], [0.104604, -1.155797, 0.059717], [-0.141824, -1.118248, -0.037285], [0.004428, 0.292228, 0.052611], [0.090141, 0.198183, 0.055776], [-0.082305, 0.199157, 0.046887], [0.007715, 0.347108, 0.105762], [0.189059, 0.180721, 0.038626], [-0.184997, 0.183984, 0.071005], [0.267987, -0.078605, 0.027422], [-0.246903, -0.074236, 0.046122], [0.321403, -0.301636, 0.154025], [-0.303193, -0.329697, 0.095073], [0.358165, -0.370792, 0.197228], [-0.31818, -0.416094, 0.107321]], "im2d": [[0.01598, -0.071032], [0.047433, 0.059386], [-0.028845, 0.015859], [0.06262, -0.200853], [0.005275, 0.506824], [-0.22424, 0.429254], [0.049652, -0.342295], [0.035752, 0.946464], [0.063272, 0.791664], [0.011747, -0.393902], [-0.04602, 1.007947], [-0.050717, 0.899921], [0.05266, -0.642918], [0.07899, -0.514856], [0.010979, -0.561363], [0.003127, -0.70299], [0.139925, -0.469481], [-0.062087, -0.571037], [0.162847, -0.157952], [-0.087896, -0.297915], [0.032077, 0.107795], [-0.188953, -0.025536], [-0.003565, 0.19555], [-0.216758, 0.067596]], "theta": [1.152264, 0.014683, 0.157265, 2.728523, 0.305901, -1.787419, -0.058995, 0.081069, -0.051029, -0.367076, -0.043516, -0.035941, 0.242726, -0.02232, -0.017366, 0.173577, 0.046647, -0.053885, 0.979265, -0.006295, 0.058198, -0.096874, -0.007327, 0.036035, -0.314193, 0.295149, 0.132281, -0.130735, -0.145426, 0.12967, -0.002371, 0.014659, -0.032427, -0.00204, 0.00179, 0.001091, 0.001737, 0.003323, -0.007205, -0.078993, -0.003548, -0.011921, 0.012829, 0.045325, -0.549451, 0.00106, 0.382718, 0.480025, 0.082299, -0.13265, 0.026041, 0.070923, -0.30498, -0.649692, 0.305534, 0.139638, 0.848774, 0.017505, -0.411225, -0.042033, 0.042733, 0.126432, -0.0693, 0.24517, -0.119977, 0.34661, 0.044986, 0.118019, -0.050579, 0.10884, 0.043728, -0.40931, 0.109628, -0.039126, 0.415883, 0.664007, -0.871565, 0.031751, -2.318973, 0.345957, 0.091734, 1.252077, -2.076468, 0.099449, 0.891384]}