{"hc3d": [[-0.000815, -0.218911, 0.039601], [0.081787, -0.315853, 0.036337], [-0.081624, -0.315296, 0.039075], [-0.003082, -0.10409, 0.004724], [0.097415, -0.711063, 0.012581], [-0.133859, -0.684795, 0.195508], [0.001774, 0.023271, 0.032251], [0.018588, -1.118336, -0.081624], [-0.117514, -1.050565, -0.022828], [0.00045, 0.069734, 0.071987], [0.103076, -1.14132, 0.026063], [-0.155475, -1.128779, 0.087324], [0.001735, 0.292384, 0.058874], [0.08794, 0.19881, 0.062587], [-0.084166, 0.198939, 0.048541], [0.005412, 0.34634, 0.112937], [0.187639, 0.183874, 0.047734], [-0.187535, 0.182852, 0.068876], [0.269472, -0.074417, 0.033782], [-0.249189, -0.074594, 0.03648], [0.31832, -0.294052, 0.167942], [-0.300328, -0.331032, 0.085975], [0.35725, -0.359231, 0.215235], [-0.311971, -0.41847, 0.093597]], "im2d": [[0.01598, -0.071032], [0.047434, 0.059386], [-0.028845, 0.015859], [0.06262, -0.200854], [0.042393, 0.506574], [-0.252395, 0.418514], [0.04769, -0.34213], [0.068223, 0.94164], [-0.048705, 0.83055], [0.00947, -0.39413], [-0.009777, 0.990904], [-0.189534, 0.909631], [0.044846, -0.643727], [0.070862, -0.516057], [0.008374, -0.561589], [-0.005563, -0.702649], [0.129959, -0.473282], [-0.061084, -0.57046], [0.157186, -0.162185], [-0.078767, -0.298229], [0.016696, 0.098641], [-0.178175, -0.023394], [-0.021919, 0.182554], [-0.199687, 0.071729]], "theta": [1.152264, 0.014683, 0.157265, 2.728523, 0.305901, -1.787419, 0.023413, 0.112596, -0.037006, -0.436664, 0.014072, -0.038316, 0.253871, -0.049518, -0.014442, 0.097777, 0.028031, -0.091893, 0.852342, 0.024759, 0.064177, -0.110304, -0.00395, 0.037938, -0.410318, 0.303178, 0.171459, -0.220065, -0.11743, 0.103779, 0.022026, 0.00966, -0.027923, -0.003127, 0.002486, 0.002413, 0.002066, 0.004239, -0.00901, -0.084475, 0.030028, -0.024419, -0.001587, 0.049796, -0.532798, 0.028137, 0.375844, 0.476431, 0.074458, -0.122605, 0.015125, 0.089658, -0.305122, -0.664473, 0.27824, 0.151645, 0.835105, 0.033237, -0.456115, -0.027653, 0.026498, 0.169578, -0.062906, 0.242204, -0.113103, 0.398747, 0.04055, 0.085025, -0.00122, 0.108045, 0.042711, -0.408475, 0.10887, -0.037905, 0.415379, 0.664007, -0.871565, 0.031751, -2.318973, 0.345957, 0.091734, 1.252077, -2.076468, 0.099449, 0.891384]}