{"hc3d": [[-0.000875, -0.218358, 0.038537], [0.081005, -0.315053, 0.034832], [-0.080949, -0.314459, 0.037507], [-0.00317, -0.103827, 0.00438], [0.093364, -0.712735, 0.051241], [-0.137554, -0.697432, 0.161488], [0.001587, 0.023156, 0.035186], [0.030815, -1.129696, -0.017], [-0.099298, -1.007107, -0.131345], [0.002875, 0.069762, 0.074299], [0.108488, -1.166834, 0.092271], [-0.13839, -1.124543, -0.064661], [0.004945, 0.291262, 0.052964], [0.09003, 0.196967, 0.053321], [-0.081797, 0.198437, 0.052268], [0.009365, 0.351923, 0.100278], [0.186956, 0.175301, 0.03178], [-0.183223, 0.187679, 0.082369], [0.250417, -0.08685, -0.006047], [-0.243134, -0.072399, 0.063399], [0.316673, -0.337693, 0.0365], [-0.313015, -0.328332, 0.095105], [0.358604, -0.416194, 0.046242], [-0.330871, -0.415035, 0.098939]], "im2d": [[0.015219, -0.081398], [0.035173, 0.045112], [-0.014941, 0.008454], [0.061616, -0.209262], [-0.012174, 0.492655], [-0.199574, 0.421504], [0.039599, -0.351149], [0.010212, 0.947313], [0.108265, 0.784109], [0.000781, -0.404033], [-0.090479, 1.003348], [0.013762, 0.905219], [0.043186, -0.651009], [0.059801, -0.526578], [0.010983, -0.566313], [-0.002583, -0.719141], [0.109977, -0.480276], [-0.052607, -0.57753], [0.148431, -0.171753], [-0.070705, -0.299173], [0.100175, 0.122692], [-0.147143, -0.028954], [0.095186, 0.219631], [-0.163739, 0.064056]], "theta": [1.141579, 0.014207, 0.147055, 2.566983, 0.273839, -1.961939, -0.074422, 0.089254, -0.052365, -0.353916, -0.038029, -0.03946, 0.276419, -0.009354, -0.009614, 0.124353, 0.01971, -0.044729, 0.995676, -0.008535, 0.054291, -0.134497, 0.009085, 0.01643, -0.24611, 0.305616, 0.099241, -0.045794, -0.124777, 0.195724, -0.018427, 0.028572, -0.031127, -0.000834, 0.00094, 5.5e-05, 0.001578, 0.002031, -0.005633, -0.161187, -0.010271, 0.009637, 0.023973, 0.047461, -0.588091, 0.001437, 0.387215, 0.447913, -0.009032, -0.119858, 0.061841, 0.051404, -0.193684, -0.668085, 0.284193, 0.13988, 0.894602, -0.056977, -0.16759, -0.060421, 0.007062, 0.021664, -0.058976, 0.23639, -0.100351, 0.355709, 0.06232, 0.108046, -0.014908, 0.109715, 0.044599, -0.410659, 0.11073, -0.040098, 0.416802, 0.688909, -0.722852, -0.015536, -2.303003, 0.335777, 0.065346, 1.221117, -2.040118, 0.102214, 0.87992]}