{"hc3d": [[-0.000875, -0.218358, 0.038537], [0.081005, -0.315053, 0.034832], [-0.080949, -0.314459, 0.037507], [-0.00317, -0.103827, 0.00438], [0.094893, -0.686231, -0.108717], [-0.08551, -0.669963, 0.234585], [0.000745, 0.024239, 0.030459], [0.051978, -1.058202, -0.314197], [-0.075658, -1.087186, 0.329145], [-0.002524, 0.069725, 0.070758], [0.131094, -1.119739, -0.217729], [-0.071211, -1.109299, 0.467916], [-0.005884, 0.292199, 0.066807], [0.081903, 0.200438, 0.068917], [-0.088847, 0.197486, 0.049839], [-0.001334, 0.349687, 0.117918], [0.182613, 0.193284, 0.057332], [-0.192533, 0.178254, 0.063559], [0.278529, -0.061303, 0.044397], [-0.252111, -0.07901, 0.020483], [0.338626, -0.279338, 0.178455], [-0.301868, -0.338443, 0.060591], [0.377209, -0.341213, 0.230401], [-0.317124, -0.425516, 0.066645]], "im2d": [[0.015363, -0.081443], [0.035358, 0.045178], [-0.014793, 0.008476], [0.061769, -0.209423], [0.166916, 0.467755], [-0.262548, 0.400847], [0.04475, -0.352701], [0.350057, 0.880158], [-0.398259, 0.868144], [0.003156, -0.405403], [0.261797, 0.964259], [-0.551652, 0.890427], [0.024883, -0.655324], [0.040602, -0.533065], [0.011554, -0.567201], [-0.025349, -0.720009], [0.082158, -0.502391], [-0.035399, -0.569026], [0.103387, -0.19551], [-0.026556, -0.292923], [-0.044739, 0.058774], [-0.106658, -0.014295], [-0.095809, 0.135368], [-0.124962, 0.079726]], "theta": [1.142536, 0.014322, 0.147075, 2.567148, 0.273701, -1.962166, 0.33178, 0.150735, -0.01873, -0.532565, 0.187292, 0.042847, 0.236281, -0.10782, -0.01094, 0.057313, -0.073838, -0.013755, 0.189464, 0.141894, -0.016561, -0.064921, 0.008123, 0.038711, -0.320419, 0.343038, 0.076432, 0.092102, -0.114699, 0.156436, 0.032821, 0.029137, -0.01295, -0.00115, 0.001269, 0.00036, 0.001723, 0.002236, -0.005904, -0.178884, 0.062913, -0.05118, 0.034753, 0.060001, -0.487535, 0.040404, 0.345203, 0.485456, 0.011545, -0.012833, 0.015689, 0.088951, -0.371662, -0.665586, 0.238017, 0.148797, 0.79995, -0.015964, -0.447536, 0.002233, -0.010654, 0.188557, -0.039327, 0.263396, -0.172176, 0.387531, -0.028314, 0.056314, -0.063114, 0.110082, 0.043948, -0.411942, 0.110508, -0.039708, 0.416612, 0.688909, -0.722852, -0.015536, -2.303003, 0.335777, 0.065346, 1.221117, -2.040118, 0.102214, 0.87992]}