{"hc3d": [[-0.000875, -0.218358, 0.038537], [0.081005, -0.315053, 0.034832], [-0.080949, -0.314459, 0.037507], [-0.00317, -0.103827, 0.00438], [0.13723, -0.666381, 0.213661], [-0.144018, -0.693983, -0.093748], [-0.001627, 0.023179, 0.035417], [0.094098, -1.085374, 0.284446], [-0.137265, -1.06993, -0.29803], [-0.002378, 0.070365, 0.073844], [0.179786, -1.079688, 0.393888], [-0.153224, -1.132424, -0.173107], [-0.011992, 0.292452, 0.063505], [0.078187, 0.203021, 0.062477], [-0.093308, 0.195211, 0.054943], [-0.008796, 0.348743, 0.116031], [0.173756, 0.201114, 0.02797], [-0.196257, 0.187018, 0.080309], [0.228455, -0.045023, -0.075017], [-0.272737, -0.066091, 0.121249], [0.349211, -0.278158, -0.088739], [-0.249282, -0.263616, 0.299641], [0.41064, -0.340455, -0.107739], [-0.246275, -0.306484, 0.377129]], "im2d": [[0.015376, -0.081448], [0.035373, 0.045184], [-0.014782, 0.008478], [0.061783, -0.209439], [-0.174211, 0.446868], [0.080105, 0.423035], [0.038518, -0.35219], [-0.299341, 0.905014], [0.276112, 0.850923], [-0.000141, -0.406195], [-0.394436, 0.914931], [0.128677, 0.914273], [0.026764, -0.65693], [0.046832, -0.536662], [0.004447, -0.565814], [-0.025526, -0.720614], [0.112576, -0.512432], [-0.054213, -0.580137], [0.221688, -0.221892], [-0.142511, -0.31453], [0.252809, 0.066513], [-0.348487, -0.092457], [0.286527, 0.150441], [-0.436511, -0.045697]], "theta": [1.142625, 0.014332, 0.147077, 2.567158, 0.273693, -1.962179, -0.498715, 0.012113, 0.058199, 0.285215, -0.069804, -0.07445, 0.278578, 0.006397, 0.016757, 0.218379, 0.098189, -0.108334, 0.081052, 0.305651, 0.077727, -0.1518, -0.025361, 0.02016, -0.253997, 0.354737, 0.152438, -0.313151, -0.126477, 0.049117, 0.046352, 0.018044, 0.001219, -0.000817, 0.001035, 0.000623, 0.001344, 0.001812, -0.004803, -0.123449, -0.003609, -0.047145, -0.015347, 0.226947, -0.484036, -0.007593, 0.371186, 0.358449, 0.063581, -0.093133, 0.051249, 0.089475, -0.029767, -0.828614, 0.320921, 0.389307, 0.720928, -0.213297, -0.239405, 0.103929, 0.052939, 0.546477, -0.131948, 0.212019, -0.063936, 0.454227, 0.241567, 0.236317, -0.417001, 0.110147, 0.044251, -0.412047, 0.111523, -0.040372, 0.417145, 0.688909, -0.722852, -0.015536, -2.303003, 0.335777, 0.065346, 1.221117, -2.040118, 0.102214, 0.87992]}