{"hc3d": [[-0.000726, -0.219034, 0.040097], [0.082454, -0.316165, 0.037047], [-0.0821, -0.315619, 0.039782], [-0.00298, -0.104045, 0.004853], [0.077519, -0.707291, -0.024309], [-0.120938, -0.66111, 0.246157], [0.001588, 0.024018, 0.027255], [-0.017725, -1.099035, -0.159345], [-0.118379, -1.074599, 0.143258], [0.00644, 0.072508, 0.06448], [0.05532, -1.125084, -0.044205], [-0.145997, -1.133055, 0.267905], [0.013353, 0.294904, 0.04408], [0.096762, 0.198541, 0.042675], [-0.076247, 0.204061, 0.045015], [0.017298, 0.344235, 0.102196], [0.194361, 0.182121, 0.017747], [-0.180602, 0.190881, 0.063236], [0.256191, -0.08175, 0.007534], [-0.230785, -0.066437, 0.013741], [0.274631, -0.295577, 0.157667], [-0.249562, -0.319378, 0.094285], [0.320795, -0.349542, 0.212238], [-0.244346, -0.405277, 0.115711]], "im2d": [[0.008492, -0.100841], [0.087816, 0.017909], [-0.074476, -0.002104], [0.031162, -0.23485], [0.103815, 0.449011], [-0.245588, 0.407933], [0.027463, -0.375353], [0.07444, 0.860533], [-0.198956, 0.859747], [0.012393, -0.424496], [0.077821, 0.91332], [-0.300656, 0.938089], [0.039466, -0.676211], [0.118086, -0.558087], [-0.052046, -0.584754], [0.01139, -0.723733], [0.227289, -0.531113], [-0.165071, -0.580134], [0.283588, -0.228458], [-0.195079, -0.303317], [0.206141, 0.033284], [-0.269885, -0.010997], [0.217436, 0.10646], [-0.280519, 0.088907]], "theta": [1.137437, 0.008192, 0.130377, 3.160074, 0.118707, -0.865389, 0.121406, 0.098274, -0.084556, -0.569122, 0.086308, -0.024171, 0.218518, 0.023281, -0.007096, 0.091485, -0.084512, -0.103937, 0.693089, -0.074422, 0.002225, -0.132641, 0.009621, -0.032291, -0.519536, 0.338568, 0.12703, -0.06855, 0.029736, 0.036626, 0.049176, 0.011067, -0.008614, -0.005356, 0.004654, 0.003866, -0.000988, 0.004284, -0.005384, 0.025751, -0.11351, -0.036482, 0.043544, 0.067515, -0.519394, 0.027957, 0.258198, 0.502756, -0.05766, -0.124996, 0.042269, 0.136744, -0.39691, -0.705813, 0.321926, 0.149077, 0.925627, -0.028237, -0.526282, -0.082734, -0.128355, 0.374559, -0.091593, 0.240081, -0.143242, 0.635607, -0.191088, 0.11738, 0.013826, 0.105158, 0.042071, -0.407314, 0.107269, -0.042097, 0.413827, 0.670405, -0.938594, 0.039226, -2.361361, 0.40425, 0.040416, 1.280893, -2.109492, 0.090452, 0.849452]}