{"hc3d": [[-0.000726, -0.219034, 0.040097], [0.082454, -0.316165, 0.037047], [-0.0821, -0.315619, 0.039782], [-0.00298, -0.104045, 0.004853], [0.125766, -0.676948, 0.194299], [-0.091372, -0.716127, -0.014723], [0.003537, 0.021446, 0.038505], [-0.02923, -1.071838, 0.165886], [-0.161031, -0.984376, -0.338386], [0.006076, 0.068325, 0.077956], [0.077283, -1.063455, 0.254521], [-0.139442, -1.058222, -0.220925], [0.008986, 0.290681, 0.056212], [0.094516, 0.196253, 0.05977], [-0.07847, 0.197813, 0.05332], [0.010104, 0.348403, 0.106147], [0.191698, 0.172758, 0.03927], [-0.181921, 0.18585, 0.076783], [0.200603, -0.066188, -0.088719], [-0.25437, -0.070204, 0.057587], [0.270853, -0.241947, 0.092321], [-0.231201, -0.237242, 0.263453], [0.326843, -0.29217, 0.140944], [-0.228254, -0.282602, 0.339602]], "im2d": [[0.011857, -0.101784], [0.093023, 0.018866], [-0.071867, -0.0013], [0.03437, -0.238362], [0.030565, 0.458254], [-0.061756, 0.447718], [0.024921, -0.376314], [-0.119267, 0.886833], [0.052988, 0.700904], [0.005494, -0.424103], [-0.066064, 0.902454], [0.002069, 0.80422], [0.028617, -0.680883], [0.108269, -0.56212], [-0.059487, -0.585741], [0.001894, -0.73978], [0.216131, -0.52635], [-0.176495, -0.581335], [0.293317, -0.269972], [-0.245354, -0.300149], [0.249496, -0.035469], [-0.350383, -0.077864], [0.274462, 0.035457], [-0.394274, -0.015096]], "theta": [1.157572, 0.010969, 0.131104, 3.165501, 0.113907, -0.872856, -0.455796, 0.158178, -0.000979, 0.099965, 0.066401, 0.077276, 0.308684, 0.057963, -0.017459, 0.483439, 0.256693, -0.218839, 0.681526, 0.237874, -0.111137, -0.17846, -0.042311, 0.013619, -0.66246, 0.256349, 0.240623, -0.597081, 0.071856, 0.003034, -0.001943, -0.01803, -0.013221, -0.001576, 0.001553, 0.001254, 0.001023, 0.001746, -0.004412, -0.122872, -0.152738, -0.073483, -0.005161, 0.057264, -0.605013, -0.041858, 0.362549, 0.461757, 0.05381, -0.258898, 0.004891, 0.302583, 0.100487, -0.879805, 0.297599, 0.094777, 0.839103, -0.225459, -1.107116, 0.281398, -0.106434, 0.882796, -0.184831, -0.154612, -0.143245, 0.57182, -0.294268, 0.223111, -0.247326, 0.109233, 0.043006, -0.411521, 0.109677, -0.038435, 0.416503, 0.670405, -0.938594, 0.039226, -2.361361, 0.40425, 0.040416, 1.280893, -2.109492, 0.090452, 0.849452]}