{"hc3d": [[-0.000726, -0.219034, 0.040097], [0.082454, -0.316165, 0.037047], [-0.0821, -0.315619, 0.039782], [-0.00298, -0.104045, 0.004853], [0.076527, -0.711837, 0.023767], [-0.134897, -0.679289, 0.208362], [0.002625, 0.022087, 0.036194], [0.009795, -1.128139, -0.031095], [-0.092495, -1.005078, -0.062991], [0.004845, 0.06827, 0.076476], [0.074147, -1.165214, 0.08619], [-0.130215, -1.117586, 0.01208], [0.012564, 0.290541, 0.055035], [0.095875, 0.194095, 0.056488], [-0.077127, 0.199789, 0.053987], [0.014009, 0.344225, 0.10928], [0.194255, 0.17132, 0.041679], [-0.179439, 0.184839, 0.080526], [0.242747, -0.094154, 0.014704], [-0.229108, -0.076146, 0.056017], [0.279312, -0.337844, 0.103472], [-0.270227, -0.332734, 0.113385], [0.314831, -0.41303, 0.136744], [-0.265111, -0.420478, 0.125199]], "im2d": [[0.011858, -0.101785], [0.093024, 0.018866], [-0.071866, -0.0013], [0.034371, -0.238362], [0.082074, 0.468489], [-0.236528, 0.431328], [0.025413, -0.377479], [0.034863, 0.928551], [-0.043614, 0.771102], [0.005152, -0.424396], [0.027688, 0.994998], [-0.129418, 0.905536], [0.032863, -0.680456], [0.111502, -0.559947], [-0.058485, -0.587746], [0.003768, -0.7341], [0.217189, -0.524065], [-0.176294, -0.579362], [0.272657, -0.21855], [-0.219547, -0.290519], [0.248109, 0.076698], [-0.302911, 0.005704], [0.261082, 0.171542], [-0.307744, 0.10824]], "theta": [1.157577, 0.01097, 0.131104, 3.165501, 0.113907, -0.872856, -1.7e-05, 0.082545, -0.09319, -0.474741, -0.018281, -0.034267, 0.288205, 0.002062, -0.016472, 0.014082, -0.012755, -0.026163, 1.056203, -0.103214, 0.014652, -0.140479, 0.00896, 0.012743, -0.24465, 0.260268, 0.010506, -0.033311, -0.009762, 0.145089, -0.017789, 0.005895, -0.043141, -0.001824, 0.00184, 0.001057, 0.001511, 0.002827, -0.006299, -0.044702, -0.102169, -0.004767, 0.013711, -0.016969, -0.563006, -0.00157, 0.371487, 0.509581, 0.027193, -0.202975, 0.038606, 0.08939, -0.220731, -0.728404, 0.233286, 0.120022, 0.892692, 0.00398, -0.307323, -0.045702, -0.043437, 0.169859, -0.061089, 0.130096, -0.158671, 0.418902, -0.247065, 0.141818, 0.094617, 0.109041, 0.043547, -0.410218, 0.109998, -0.038842, 0.416046, 0.670405, -0.938594, 0.039226, -2.361361, 0.40425, 0.040416, 1.280893, -2.109492, 0.090452, 0.849452]}