{"hc3d": [[-0.000726, -0.219034, 0.040097], [0.082454, -0.316165, 0.037047], [-0.0821, -0.315619, 0.039782], [-0.00298, -0.104045, 0.004853], [0.085836, -0.710716, 0.004089], [-0.141039, -0.676605, 0.212057], [0.001759, 0.022752, 0.033543], [0.014031, -1.12435, -0.063146], [-0.119301, -1.054877, 0.017106], [0.004149, 0.069572, 0.073073], [0.0816, -1.154875, 0.054217], [-0.157725, -1.144404, 0.118225], [0.013736, 0.291959, 0.053679], [0.096331, 0.194903, 0.055389], [-0.076577, 0.201871, 0.050652], [0.014283, 0.345548, 0.108035], [0.194582, 0.172275, 0.039534], [-0.179675, 0.186779, 0.073863], [0.245394, -0.093295, 0.018406], [-0.22878, -0.073116, 0.038876], [0.286256, -0.334257, 0.112582], [-0.268495, -0.331475, 0.088804], [0.324652, -0.406855, 0.148313], [-0.263083, -0.419671, 0.09636]], "im2d": [[0.011858, -0.101785], [0.093024, 0.018866], [-0.071866, -0.0013], [0.034371, -0.238362], [0.103061, 0.465602], [-0.244733, 0.428029], [0.026153, -0.378712], [0.05827, 0.920284], [-0.119523, 0.83589], [0.006531, -0.426441], [0.054454, 0.979645], [-0.220777, 0.947592], [0.03488, -0.682122], [0.112635, -0.560968], [-0.055887, -0.590521], [0.004824, -0.735751], [0.218821, -0.525415], [-0.172499, -0.582533], [0.273109, -0.218697], [-0.20892, -0.296321], [0.249694, 0.074704], [-0.286519, 0.001062], [0.264143, 0.16728], [-0.288539, 0.103558]], "theta": [1.157577, 0.01097, 0.131104, 3.165501, 0.113907, -0.872856, 0.048726, 0.084852, -0.067574, -0.483321, 0.000126, -0.053815, 0.266945, -0.006193, -0.010494, -0.00422, -0.036696, -0.065921, 0.843398, -0.072125, 0.024512, -0.135703, 0.006559, -0.002451, -0.31921, 0.285546, 0.052161, -0.054537, -0.018316, 0.128618, 0.007583, 0.001965, -0.038857, -0.001656, 0.001713, 0.000905, 0.00142, 0.002605, -0.005988, -0.051206, -0.100692, 0.006499, 0.018949, 0.005848, -0.560277, 0.019161, 0.352464, 0.51662, 0.04643, -0.201819, 0.041701, 0.090312, -0.267569, -0.712457, 0.25661, 0.134156, 0.900258, -0.006147, -0.304692, -0.029354, -0.048751, 0.181392, -0.064107, 0.180804, -0.156505, 0.436882, -0.226994, 0.125105, 0.103184, 0.109157, 0.043564, -0.41055, 0.110074, -0.039496, 0.41609, 0.670405, -0.938594, 0.039226, -2.361361, 0.40425, 0.040416, 1.280893, -2.109492, 0.090452, 0.849452]}