{"hc3d": [[-0.000738, -0.218732, 0.039939], [0.082245, -0.315736, 0.036779], [-0.081909, -0.315193, 0.039533], [-0.002995, -0.103931, 0.004937], [0.111861, -0.708071, -0.00619], [-0.153883, -0.644392, 0.262693], [-0.003191, 0.024067, 0.02777], [0.073557, -0.974964, -0.334727], [-0.07694, -1.063283, 0.257318], [-0.004299, 0.068663, 0.069661], [0.123781, -1.074226, -0.251866], [-0.140847, -1.119421, 0.368855], [-0.020124, 0.291326, 0.064256], [0.072868, 0.204388, 0.060127], [-0.099495, 0.19198, 0.055507], [-0.014609, 0.339511, 0.123036], [0.174249, 0.199781, 0.050182], [-0.200761, 0.167934, 0.078676], [0.27288, -0.021428, -0.071795], [-0.24921, -0.093306, 0.102081], [0.180233, -0.252367, 0.009625], [-0.267712, -0.346733, 0.180789], [0.169122, -0.33062, 0.051513], [-0.279714, -0.430881, 0.205707]], "im2d": [[0.015578, -0.119408], [-0.031709, -0.004389], [0.049985, -0.022393], [0.060086, -0.240016], [-0.036241, 0.433428], [-0.157293, 0.297682], [0.048091, -0.383138], [0.283095, 0.768214], [-0.224985, 0.76401], [0.011294, -0.437987], [0.168428, 0.869942], [-0.305586, 0.802681], [0.042464, -0.682079], [-0.008215, -0.576879], [0.083867, -0.580528], [-0.013948, -0.74259], [-0.050956, -0.559909], [0.111345, -0.568087], [-0.000117, -0.290516], [0.092538, -0.291104], [-0.050474, -0.059551], [0.004943, -0.027499], [-0.091926, 0.018758], [-0.019944, 0.059597]], "theta": [1.106639, 0.014815, 0.11083, 1.632405, 0.252555, -2.687169, 0.076014, 0.031348, -0.003917, -0.636868, -0.040875, -0.077998, 0.22032, -0.042546, 0.025261, 0.683124, -0.105315, -0.092383, 0.548373, -0.130022, 0.171768, -0.034485, 0.025183, 0.016721, -0.366397, 0.285967, 0.048947, 0.012125, -0.26871, 0.127161, 0.017534, 0.037757, 0.015112, -0.00325, 0.002354, 0.002926, 0.002414, 0.003552, -0.008902, -0.023685, -0.024176, -0.11287, 0.06133, -0.046076, -0.493528, 0.051886, 0.351523, 0.474582, 0.119318, 0.02087, -0.026174, 0.43211, -0.05572, -0.770539, 0.05697, 0.305406, 0.696038, 0.44033, -0.982889, -0.190157, 0.000404, 0.137857, 0.069988, 0.142731, -0.084629, 0.40591, 0.022912, 0.072761, -0.163791, 0.108515, 0.04263, -0.409898, 0.1087, -0.036012, 0.416267, 0.657745, -0.918723, 0.018752, -2.358682, 0.389267, 0.104019, 1.234124, -2.099147, 0.086115, 0.8707]}