{"hc3d": [[-0.000738, -0.218732, 0.039939], [0.082245, -0.315736, 0.036779], [-0.081909, -0.315193, 0.039533], [-0.002995, -0.103931, 0.004937], [0.117167, -0.694795, 0.145153], [-0.135411, -0.715566, 0.053397], [-0.001366, 0.025287, 0.019251], [0.076708, -1.06243, -0.064234], [-0.069815, -1.12763, -0.032153], [-0.004237, 0.069355, 0.061615], [0.135908, -1.14216, 0.032615], [-0.135453, -1.188267, 0.075972], [-0.015379, 0.292226, 0.053683], [0.075975, 0.203484, 0.055099], [-0.096122, 0.194352, 0.041547], [-0.013296, 0.337263, 0.11512], [0.177743, 0.197163, 0.053886], [-0.197912, 0.173263, 0.065296], [0.261864, -0.054202, -0.00338], [-0.257546, -0.082383, 0.112522], [0.270067, -0.310283, 0.05048], [-0.316852, -0.334882, 0.171594], [0.282526, -0.395949, 0.073009], [-0.33081, -0.420707, 0.188477]], "im2d": [[0.015628, -0.119439], [-0.031663, -0.004377], [0.050056, -0.022397], [0.06014, -0.24009], [-0.185721, 0.397881], [0.032102, 0.407554], [0.055613, -0.383176], [0.010394, 0.825488], [0.049153, 0.876921], [0.019201, -0.437713], [-0.121028, 0.904838], [-0.027604, 0.920836], [0.050439, -0.681265], [-0.004969, -0.575021], [0.095996, -0.58095], [-0.007081, -0.73909], [-0.056591, -0.55738], [0.123423, -0.571879], [-0.063894, -0.265754], [0.087551, -0.305503], [-0.141148, 0.007183], [0.040184, -0.044232], [-0.176393, 0.098848], [0.024021, 0.045677]], "theta": [1.106996, 0.014856, 0.110837, 1.632458, 0.252512, -2.687241, -0.298874, -0.115185, 0.021781, -0.085824, -0.106668, -0.038722, 0.154307, -0.018654, 0.013327, 0.691009, 0.157016, -0.095951, 0.182418, 0.025043, 0.138861, 0.042566, -0.027997, 0.045546, -0.209416, 0.248443, 0.009915, -0.104473, -0.289898, 0.108995, -0.004553, 0.012109, -0.009688, -0.002797, 0.00221, 0.001935, 0.002144, 0.004192, -0.009177, 0.035714, -0.042869, -0.109569, 0.000176, -0.08582, -0.478212, -0.004743, 0.412074, 0.462463, 0.189678, -0.033418, -0.046053, 0.25696, -0.175169, -0.801264, 0.058593, 0.304426, 0.66163, 0.271365, -0.378931, -0.120044, -0.136737, -0.060139, 0.06465, 0.195721, -0.134204, 0.247266, -0.13274, 0.1106, -0.052402, 0.108347, 0.043241, -0.408895, 0.108725, -0.037174, 0.415903, 0.657745, -0.918723, 0.018752, -2.358682, 0.389267, 0.104019, 1.234124, -2.099147, 0.086115, 0.8707]}