{"hc3d": [[-0.000738, -0.218732, 0.039939], [0.082245, -0.315736, 0.036779], [-0.081909, -0.315193, 0.039533], [-0.002995, -0.103931, 0.004937], [0.102985, -0.676053, 0.199234], [-0.166226, -0.708952, 0.074131], [-0.004458, 0.024014, 0.028019], [0.068113, -1.031822, -0.030653], [-0.192516, -1.008624, -0.227405], [-0.002106, 0.071216, 0.066895], [0.115867, -1.052182, 0.09798], [-0.18396, -1.065248, -0.099356], [-0.026286, 0.293064, 0.059322], [0.067997, 0.208994, 0.043025], [-0.102573, 0.191096, 0.064701], [-0.008756, 0.342076, 0.11498], [0.163376, 0.219372, 0.008479], [-0.193577, 0.17474, 0.117811], [0.235402, -0.009184, -0.118464], [-0.237569, -0.074667, 0.201491], [0.251398, -0.251184, -0.019845], [-0.246827, -0.310175, 0.324831], [0.272433, -0.332262, 0.011545], [-0.260284, -0.379744, 0.377981]], "im2d": [[0.015632, -0.119442], [-0.03166, -0.004376], [0.050062, -0.022398], [0.060145, -0.240096], [-0.229787, 0.368172], [0.028212, 0.394163], [0.048536, -0.383376], [-0.015558, 0.786349], [0.312519, 0.762224], [0.013096, -0.440297], [-0.167429, 0.795072], [0.178474, 0.80659], [0.050602, -0.684142], [0.011371, -0.58015], [0.076429, -0.581406], [-0.008894, -0.743878], [-0.003063, -0.576631], [0.069997, -0.580605], [0.06576, -0.301166], [-0.00904, -0.324653], [-0.058119, -0.049229], [-0.143582, -0.085983], [-0.106067, 0.037042], [-0.194148, -0.018993]], "theta": [1.107028, 0.014859, 0.110837, 1.632461, 0.25251, -2.687245, -0.446496, -0.112842, -0.006882, -0.123257, 0.019102, -0.116471, 0.223254, 0.069551, 0.04252, 0.86897, -0.069309, -0.199451, 0.767286, 0.34968, 0.192012, -0.099096, 0.037939, 0.013158, -0.595937, 0.328129, 0.487281, -0.638258, -0.037019, -0.020729, 0.0599, 0.066967, 0.015872, -0.003841, 0.002865, 0.003711, 0.00241, 0.004782, -0.009806, -0.006694, 0.05747, -0.129187, 0.045441, 0.074676, -0.39624, 0.061507, 0.479428, 0.356057, 0.177965, 0.048444, -0.025496, 0.335756, -0.100717, -0.881607, 0.007908, 0.370281, 0.637861, 0.248262, -0.773242, -0.091134, 0.084996, 0.100722, 0.050427, 0.320882, -0.070214, 0.262792, 0.37958, 0.085151, -0.295094, 0.108393, 0.042062, -0.410673, 0.108683, -0.033503, 0.415732, 0.657745, -0.918723, 0.018752, -2.358682, 0.389267, 0.104019, 1.234124, -2.099147, 0.086115, 0.8707]}