{"hc3d": [[-0.000738, -0.218732, 0.039939], [0.082245, -0.315736, 0.036779], [-0.081909, -0.315193, 0.039533], [-0.002995, -0.103931, 0.004937], [0.086539, -0.702739, 0.119604], [-0.165201, -0.705586, 0.102847], [-0.00432, 0.024617, 0.024397], [0.035656, -1.111593, 0.015269], [-0.146948, -0.933578, -0.256464], [-0.002688, 0.071811, 0.063319], [0.086761, -1.130439, 0.14284], [-0.187517, -1.038628, -0.172831], [-0.017804, 0.294049, 0.047818], [0.073847, 0.206043, 0.039008], [-0.098174, 0.195222, 0.052271], [-0.002966, 0.341813, 0.105315], [0.171724, 0.205193, 0.010414], [-0.192541, 0.177116, 0.098497], [0.249453, -0.040462, -0.074156], [-0.239741, -0.077257, 0.163365], [0.283537, -0.296573, -0.031838], [-0.279777, -0.322838, 0.257438], [0.307664, -0.381685, -0.018597], [-0.299818, -0.399334, 0.297345]], "im2d": [[0.015633, -0.119442], [-0.031659, -0.004376], [0.050062, -0.022398], [0.060145, -0.240096], [-0.145643, 0.407068], [-0.000109, 0.386466], [0.052052, -0.3835], [-0.050109, 0.863553], [0.323477, 0.689121], [0.016938, -0.440494], [-0.202545, 0.871123], [0.254227, 0.78769], [0.057564, -0.682687], [0.012055, -0.575743], [0.086645, -0.583672], [-0.002445, -0.741601], [-0.010375, -0.560549], [0.088529, -0.58032], [0.012747, -0.271895], [0.029127, -0.316571], [-0.066534, 0.005428], [-0.061796, -0.065882], [-0.098656, 0.099035], [-0.09659, 0.009896]], "theta": [1.107029, 0.01486, 0.110837, 1.632461, 0.25251, -2.687245, -0.238844, -0.060178, -0.065143, -0.207824, -0.060699, -0.110003, 0.194906, 0.043753, 0.039061, 0.349191, -0.116696, -0.089846, 1.088374, 0.145043, 0.117982, -0.072026, 0.018089, 0.003716, -0.386574, 0.336894, 0.266545, -0.3949, -0.129032, 0.051729, 0.031243, 0.056612, -0.004437, 0.000332, 0.000181, -0.000946, 0.001348, 0.001127, -0.003672, 0.032984, 0.016938, -0.128726, 0.047717, 0.050717, -0.457806, -0.003776, 0.474135, 0.431936, 0.192896, -0.027806, -0.021119, 0.24044, -0.176889, -0.797619, 0.077671, 0.279964, 0.692087, 0.23586, -0.377493, -0.135653, 0.022497, -0.000707, 0.031258, 0.215949, -0.10064, 0.253403, 0.155203, 0.132593, -0.245033, 0.111643, 0.044331, -0.415168, 0.111695, -0.038181, 0.417399, 0.657745, -0.918723, 0.018752, -2.358682, 0.389267, 0.104019, 1.234124, -2.099147, 0.086115, 0.8707]}