{"hc3d": [[-0.000769, -0.219287, 0.039968], [0.082202, -0.316505, 0.03688], [-0.081945, -0.31595, 0.039605], [-0.003034, -0.104094, 0.004699], [0.084749, -0.688878, -0.101698], [-0.059233, -0.635557, 0.288525], [0.008824, 0.023932, 0.02662], [-0.023095, -0.945455, -0.425316], [-0.053804, -1.063255, 0.282426], [0.012417, 0.071272, 0.06546], [0.050407, -1.011505, -0.327261], [-0.065895, -1.085314, 0.420968], [0.019028, 0.294439, 0.051814], [0.103152, 0.198504, 0.053659], [-0.069717, 0.202932, 0.043537], [0.021481, 0.341239, 0.112448], [0.20265, 0.180192, 0.039603], [-0.176132, 0.193536, 0.046181], [0.275372, -0.074438, -0.022865], [-0.25449, -0.037261, -0.064209], [0.267107, -0.196567, 0.209673], [-0.229746, -0.244817, 0.101896], [0.297223, -0.232116, 0.286402], [-0.221237, -0.310157, 0.161534]], "im2d": [[0.010978, -0.10122], [0.105557, 0.014899], [-0.080485, 0.007396], [0.019741, -0.240612], [0.152829, 0.425931], [-0.1347, 0.41841], [0.026099, -0.385372], [0.13491, 0.668736], [-0.126656, 0.914471], [0.017704, -0.434147], [0.186381, 0.763993], [-0.184716, 0.961143], [0.029556, -0.695188], [0.123853, -0.579739], [-0.067909, -0.594129], [0.012886, -0.739989], [0.240598, -0.556245], [-0.1888, -0.587526], [0.34264, -0.266999], [-0.241819, -0.340132], [0.258752, -0.089281], [-0.26718, -0.072078], [0.26812, -0.0347], [-0.276708, 0.013484]], "theta": [1.172742, 0.01013, 0.132977, 3.247311, 0.031523, -0.452505, 0.315141, 0.224667, -0.032486, -0.694576, 0.208868, 0.09378, 0.21078, -0.032372, -0.066215, 0.471637, -0.17763, -0.120064, 0.590472, -0.014911, -0.046078, -0.092476, -0.009214, 0.002624, -0.722551, 0.335264, 0.11333, -0.098092, -0.02927, -0.045498, 0.044268, 0.017424, 0.030741, -0.004018, 0.002076, 0.005749, 0.002374, 0.004072, -0.009911, 0.043621, -0.048409, -0.034147, 0.050454, 0.022082, -0.541094, 0.061496, 0.173944, 0.470254, -0.075766, -0.053953, 0.072101, 0.183018, -0.182614, -0.686155, 0.37644, -0.024602, 0.863253, -0.075021, -1.202447, 0.053756, -0.001968, 1.058456, -0.099966, -0.044814, -0.106511, 0.528814, -0.427322, 0.172835, -0.16164, 0.108998, 0.042909, -0.408729, 0.109571, -0.036123, 0.420711, 0.713416, -0.897283, 0.037326, -2.369038, 0.361173, 0.037037, 1.27464, -2.081694, 0.103445, 0.855785]}