{"hc3d": [[-0.000769, -0.219287, 0.039968], [0.082202, -0.316505, 0.03688], [-0.081945, -0.31595, 0.039605], [-0.003034, -0.104094, 0.004699], [0.065785, -0.683425, 0.188447], [-0.077625, -0.712653, -0.045447], [0.003579, 0.023354, 0.031626], [0.01135, -1.106601, 0.200636], [-0.102673, -1.054734, -0.301074], [0.00597, 0.07068, 0.070576], [0.070375, -1.104093, 0.32669], [-0.116436, -1.12516, -0.179923], [0.008587, 0.293861, 0.05586], [0.093965, 0.199085, 0.052435], [-0.07924, 0.201126, 0.05373], [0.009544, 0.343439, 0.114288], [0.191881, 0.182171, 0.028789], [-0.183373, 0.195399, 0.077027], [0.231536, -0.049932, -0.107531], [-0.277698, -0.054093, 0.055819], [0.270482, -0.246994, 0.061901], [-0.220684, -0.206829, 0.267251], [0.301091, -0.306985, 0.121249], [-0.19904, -0.243343, 0.345333]], "im2d": [[0.013028, -0.101802], [0.1088, 0.015357], [-0.079065, 0.007979], [0.021658, -0.242727], [0.041594, 0.469555], [-0.045354, 0.459733], [0.02007, -0.387576], [-0.023285, 0.965531], [0.01043, 0.818537], [0.009959, -0.436682], [0.002805, 0.985562], [-0.044601, 0.920146], [0.01716, -0.700738], [0.115776, -0.586393], [-0.081944, -0.596141], [-0.000947, -0.749397], [0.23507, -0.566103], [-0.208147, -0.590202], [0.325334, -0.314174], [-0.308017, -0.305101], [0.314916, -0.053909], [-0.311675, -0.089245], [0.330571, 0.027399], [-0.312407, -0.032835]], "theta": [1.184898, 0.011764, 0.133371, 3.250359, 0.028858, -0.456693, -0.420521, -0.069364, -0.113018, 0.173106, 0.014134, 0.107895, 0.253644, 0.054558, -0.019248, 0.263321, 0.033458, 0.009069, 0.360285, 0.170871, -0.133879, -0.130492, -0.017212, 0.029533, -0.357054, 0.281851, 0.079341, -0.371753, -0.072161, 0.003258, 0.034622, 0.005159, -0.036209, -0.003379, 0.002574, 0.003534, 0.001826, 0.00328, -0.008048, 0.004726, -0.155857, -0.041893, 0.006054, 0.049093, -0.540987, -0.075712, 0.315366, 0.404378, 0.085487, -0.23867, 0.054628, 0.284616, 0.102081, -0.800195, 0.30483, 0.07424, 0.819197, -0.038293, -1.075495, 0.094151, -0.051504, 1.051858, -0.082606, -0.145384, -0.207615, 0.372808, -0.460933, 0.292441, -0.184655, 0.108118, 0.042139, -0.40979, 0.10862, -0.036506, 0.41573, 0.713416, -0.897283, 0.037326, -2.369038, 0.361173, 0.037037, 1.27464, -2.081694, 0.103445, 0.855785]}