{"hc3d": [[-0.000769, -0.219287, 0.039968], [0.082202, -0.316505, 0.03688], [-0.081945, -0.31595, 0.039605], [-0.003034, -0.104094, 0.004699], [0.053621, -0.708327, -0.022537], [-0.109069, -0.658624, 0.255161], [0.006396, 0.023268, 0.031189], [-0.036918, -1.093643, -0.182302], [-0.104443, -1.073671, 0.151689], [0.011116, 0.071249, 0.069112], [0.024417, -1.121585, -0.060494], [-0.132695, -1.11462, 0.283415], [0.020612, 0.294211, 0.053911], [0.103271, 0.196997, 0.053145], [-0.069769, 0.204045, 0.049529], [0.022701, 0.341311, 0.114325], [0.202684, 0.180046, 0.036948], [-0.174904, 0.191872, 0.06429], [0.271138, -0.075233, -0.027658], [-0.254739, -0.054297, -0.003685], [0.263254, -0.248035, 0.170167], [-0.240783, -0.285074, 0.129842], [0.288066, -0.29531, 0.24233], [-0.21473, -0.360141, 0.169649]], "im2d": [[0.013048, -0.101811], [0.108833, 0.015361], [-0.079054, 0.007983], [0.021678, -0.242755], [0.096696, 0.464153], [-0.179412, 0.443684], [0.02344, -0.387467], [0.046711, 0.886368], [-0.13928, 0.914044], [0.016314, -0.437412], [0.076899, 0.941539], [-0.214352, 0.982166], [0.031507, -0.70102], [0.126178, -0.58349], [-0.069788, -0.5999], [0.014045, -0.746406], [0.244761, -0.561884], [-0.194344, -0.587821], [0.344501, -0.269876], [-0.262459, -0.313521], [0.271404, -0.035485], [-0.289538, -0.020571], [0.27624, 0.032737], [-0.272655, 0.075073]], "theta": [1.185043, 0.01178, 0.133373, 3.250376, 0.028844, -0.456717, 0.119652, 0.062072, -0.148484, -0.593491, 0.088438, 0.005351, 0.248847, 0.011123, -0.04462, 0.145325, -0.132596, -0.050387, 0.717441, -0.055211, -0.009927, -0.14652, 0.010483, -0.000406, -0.545612, 0.330064, 0.149206, -0.205727, -0.001241, 0.02101, 0.053512, -0.012219, -0.007664, -0.001537, 0.001473, 0.000958, 0.001693, 0.002408, -0.00612, 0.04752, -0.079674, -0.003238, 0.005705, 0.007593, -0.503246, 0.048222, 0.258943, 0.497718, 0.028625, -0.183174, 0.035576, 0.227666, -0.151876, -0.723611, 0.294424, 0.051575, 0.83454, 0.008638, -0.987314, -0.009988, -0.025912, 0.751027, -0.034121, -0.018735, -0.192996, 0.494236, -0.487026, 0.158351, 0.097423, 0.10985, 0.043788, -0.41128, 0.110533, -0.037803, 0.41689, 0.713416, -0.897283, 0.037326, -2.369038, 0.361173, 0.037037, 1.27464, -2.081694, 0.103445, 0.855785]}