{"hc3d": [[-0.000886, -0.218299, 0.038263], [0.080841, -0.314997, 0.034454], [-0.080805, -0.314404, 0.037111], [-0.003185, -0.103754, 0.004255], [0.090691, -0.677519, -0.131693], [-0.054395, -0.656025, 0.257052], [0.001566, 0.02576, 0.022474], [-0.00806, -1.005093, -0.388382], [-0.075302, -1.08317, 0.284159], [0.001407, 0.074094, 0.059403], [0.092104, -1.049593, -0.302551], [-0.054521, -1.102657, 0.421938], [-0.002616, 0.296253, 0.048926], [0.085398, 0.204764, 0.051362], [-0.085724, 0.200952, 0.03698], [0.005662, 0.353157, 0.100377], [0.185606, 0.203017, 0.034829], [-0.190607, 0.188176, 0.048818], [0.261383, -0.055656, -0.006204], [-0.248631, -0.062126, -0.026605], [0.275225, -0.206369, 0.209015], [-0.239581, -0.310958, 0.070998], [0.307594, -0.249734, 0.280352], [-0.245445, -0.392664, 0.104793]], "im2d": [[0.017181, -0.117823], [0.055837, 0.006372], [-0.028797, -0.032077], [0.057459, -0.244514], [0.200449, 0.395506], [-0.256219, 0.355736], [0.050682, -0.383463], [0.381872, 0.717031], [-0.322764, 0.816731], [0.017371, -0.434403], [0.344786, 0.792838], [-0.449817, 0.849061], [0.040839, -0.677497], [0.076865, -0.557211], [0.003973, -0.593865], [-0.001968, -0.735121], [0.14396, -0.532551], [-0.061841, -0.604037], [0.20537, -0.235239], [-0.03376, -0.348786], [-0.010745, -0.058266], [-0.142668, -0.071539], [-0.067828, -0.000258], [-0.184641, 0.017504]], "theta": [1.113784, 0.016311, 0.112513, 2.801229, 0.263474, -1.698767, 0.38695, 0.247539, -0.002465, -0.600372, 0.291807, 0.088366, 0.173901, -0.093604, -0.013107, 0.186685, -0.058228, -0.099644, 0.440824, 0.149507, -0.051983, -0.077594, 0.002115, -0.008406, -0.603885, 0.404166, 0.173816, -0.061542, -0.028587, 0.009685, 0.076126, 0.046631, 0.035835, -0.00414, 0.002094, 0.005903, 0.003063, 0.004418, -0.011074, -0.138129, 0.079769, -0.079426, 0.067886, 0.100972, -0.443659, 0.036294, 0.284611, 0.436062, -0.054766, 0.045007, -0.001567, 0.207702, -0.368193, -0.800126, 0.378945, 0.095364, 0.914601, -0.072264, -0.96473, 0.134695, 0.085022, 0.582295, -0.109037, 0.234687, -0.066943, 0.436754, 0.05398, 0.065572, -0.199702, 0.109323, 0.041828, -0.410055, 0.109127, -0.0348, 0.419539, 0.699956, -0.684985, -0.010764, -2.308187, 0.342266, 0.083453, 1.245229, -2.016721, 0.088723, 0.885551]}