{"hc3d": [[-0.000886, -0.218299, 0.038263], [0.080841, -0.314997, 0.034454], [-0.080805, -0.314404, 0.037111], [-0.003185, -0.103754, 0.004255], [0.141175, -0.702581, -0.038092], [-0.082838, -0.677446, 0.221427], [-0.000761, 0.025311, 0.025813], [0.041959, -0.929487, -0.386826], [-0.081066, -1.102683, 0.168556], [-0.00248, 0.071768, 0.06504], [0.13778, -1.014508, -0.332329], [-0.082759, -1.157483, 0.298127], [-0.00423, 0.293743, 0.050739], [0.082861, 0.201486, 0.055865], [-0.088093, 0.199037, 0.039342], [-0.000608, 0.35301, 0.100014], [0.1835, 0.192102, 0.045784], [-0.191791, 0.181866, 0.055327], [0.253217, -0.071176, 0.033043], [-0.243322, -0.075401, 0.001805], [0.283163, -0.267683, 0.205419], [-0.273907, -0.335336, 0.056799], [0.313129, -0.330595, 0.261644], [-0.291937, -0.419776, 0.07673]], "im2d": [[0.017961, -0.118153], [0.056928, 0.006571], [-0.028019, -0.032089], [0.058219, -0.245431], [0.133881, 0.440704], [-0.236395, 0.372757], [0.046647, -0.384809], [0.414671, 0.648532], [-0.211335, 0.835138], [0.009898, -0.43409], [0.403668, 0.766603], [-0.344584, 0.900768], [0.038024, -0.677645], [0.071143, -0.556081], [0.000307, -0.594528], [-0.005133, -0.73918], [0.1318, -0.522566], [-0.069547, -0.599477], [0.162409, -0.219149], [-0.059787, -0.333175], [-0.006703, 0.010769], [-0.147346, -0.053848], [-0.051496, 0.089235], [-0.181967, 0.03508]], "theta": [1.118494, 0.016944, 0.112663, 2.802408, 0.262445, -1.700387, 0.13351, 0.187523, 0.088931, -0.498239, 0.16145, 0.058362, 0.200557, -0.091307, 0.003664, 0.773497, 0.068827, -0.083846, 0.500656, 0.113345, 0.015221, -0.053894, -0.001492, 0.001103, -0.481489, 0.335757, 0.077778, 0.00112, -0.087558, 0.090503, 0.007941, 0.033594, 0.00362, -0.003593, 0.002263, 0.004072, 0.002822, 0.004191, -0.010266, -0.165063, 0.009767, -0.055592, 0.053264, 0.035867, -0.493101, 0.035282, 0.343744, 0.481357, -0.035621, -0.001492, 0.051686, 0.122114, -0.368053, -0.753996, 0.307348, 0.10587, 0.880394, -0.014599, -0.616613, 0.068761, 0.071137, 0.280447, -0.08079, 0.19804, -0.068833, 0.334309, 0.019396, 0.077929, -0.199555, 0.108844, 0.042498, -0.409986, 0.108984, -0.03635, 0.41749, 0.699956, -0.684985, -0.010764, -2.308187, 0.342266, 0.083453, 1.245229, -2.016721, 0.088723, 0.885551]}