{"hc3d": [[-0.000886, -0.218299, 0.038263], [0.080841, -0.314997, 0.034454], [-0.080805, -0.314404, 0.037111], [-0.003185, -0.103754, 0.004255], [0.156874, -0.702007, 0.094175], [-0.096679, -0.713728, 0.114985], [-7.9e-05, 0.025123, 0.026831], [0.067241, -0.964641, -0.231301], [-0.077056, -1.128432, 0.008868], [0.000379, 0.07287, 0.064512], [0.160767, -1.042968, -0.164234], [-0.093723, -1.187509, 0.135465], [0.00084, 0.293933, 0.039786], [0.086799, 0.20058, 0.044123], [-0.084856, 0.200207, 0.037907], [0.002973, 0.352573, 0.089892], [0.185182, 0.184162, 0.02491], [-0.186361, 0.181375, 0.063322], [0.233076, -0.083205, 0.001263], [-0.237312, -0.081145, 0.049413], [0.286967, -0.317812, 0.107472], [-0.274259, -0.334838, 0.125573], [0.32167, -0.394334, 0.138414], [-0.288509, -0.418808, 0.150036]], "im2d": [[0.018241, -0.118287], [0.057315, 0.006634], [-0.02775, -0.032102], [0.058501, -0.245782], [0.011024, 0.450868], [-0.139807, 0.404751], [0.04616, -0.384941], [0.271796, 0.70125], [-0.051673, 0.857926], [0.012058, -0.435244], [0.247575, 0.81229], [-0.190074, 0.924735], [0.051549, -0.678163], [0.084897, -0.555507], [0.003491, -0.595982], [0.006659, -0.739385], [0.153118, -0.515215], [-0.074829, -0.59815], [0.183365, -0.212549], [-0.104375, -0.323684], [0.089616, 0.061976], [-0.215826, -0.051208], [0.071455, 0.155388], [-0.253004, 0.038465]], "theta": [1.120252, 0.017168, 0.112709, 2.802783, 0.262125, -1.700902, -0.190761, 0.07949, 0.103968, -0.224782, 0.072412, 0.051497, 0.209857, -0.032878, 0.002062, 0.994668, 0.167396, -0.098836, 0.35024, 0.114375, 0.022374, -0.096745, -0.00203, 0.00029, -0.470772, 0.296685, 0.118167, -0.106999, -0.13664, 0.106969, -0.006444, 0.033341, -0.01215, -0.003694, 0.002751, 0.003319, 0.00228, 0.004288, -0.009501, -0.100144, -0.020503, 0.005771, 0.039758, 0.064457, -0.546129, 0.014799, 0.375156, 0.520177, 0.009143, -0.059736, 0.043458, 0.1329, -0.297395, -0.779315, 0.279671, 0.151872, 0.835097, -0.0109, -0.349723, 0.048732, 0.069361, 0.195339, -0.085585, 0.214023, -0.074414, 0.298617, 0.077382, 0.098292, -0.121612, 0.107771, 0.042554, -0.408616, 0.10873, -0.037458, 0.415803, 0.699956, -0.684985, -0.010764, -2.308187, 0.342266, 0.083453, 1.245229, -2.016721, 0.088723, 0.885551]}