{"hc3d": [[-0.000886, -0.218299, 0.038263], [0.080841, -0.314997, 0.034454], [-0.080805, -0.314404, 0.037111], [-0.003185, -0.103754, 0.004255], [0.110139, -0.678605, 0.195871], [-0.106862, -0.680489, -0.139181], [0.000492, 0.022177, 0.039702], [0.041021, -1.085533, 0.30802], [-0.128582, -0.959415, -0.463764], [0.001207, 0.06857, 0.079035], [0.145174, -1.076046, 0.399901], [-0.137478, -1.063671, -0.369709], [-0.008915, 0.290409, 0.066183], [0.081233, 0.201032, 0.063423], [-0.090338, 0.193049, 0.061368], [-0.00472, 0.351935, 0.11256], [0.176328, 0.200056, 0.027733], [-0.191486, 0.187064, 0.09357], [0.20979, -0.040363, -0.096433], [-0.2968, -0.048319, 0.165751], [0.378135, -0.242564, -0.096527], [-0.265652, -0.190916, 0.389853], [0.446638, -0.299152, -0.107587], [-0.260465, -0.210771, 0.476058]], "im2d": [[0.018396, -0.118372], [0.057528, 0.006665], [-0.027609, -0.032115], [0.058666, -0.245992], [-0.112328, 0.419587], [0.110507, 0.353974], [0.033554, -0.381281], [-0.286216, 0.854249], [0.40431, 0.638435], [-0.002195, -0.429995], [-0.323937, 0.872987], [0.299191, 0.755062], [0.020096, -0.675917], [0.062966, -0.556851], [-0.023112, -0.588819], [-0.019894, -0.740032], [0.147005, -0.535011], [-0.107226, -0.604639], [0.271888, -0.269894], [-0.248448, -0.368322], [0.344572, -0.008655], [-0.465198, -0.193903], [0.386825, 0.068981], [-0.549732, -0.166738]], "theta": [1.121286, 0.017292, 0.11273, 2.802958, 0.26198, -1.701141, -0.455764, 0.134662, -0.036491, 0.406225, -0.074026, 0.014666, 0.312911, 0.045373, 0.005323, 0.095354, 0.131754, -0.079559, 0.33966, 0.319706, -0.054359, -0.164328, -0.035592, 0.02142, -0.29682, 0.376842, 0.159597, -0.312328, -0.108712, 0.10777, 0.010874, 0.021619, 0.008206, -0.003175, 0.002331, 0.003078, 0.001411, 0.003783, -0.007743, -0.214945, -0.04347, -0.067194, -0.036955, 0.208205, -0.462093, -0.084996, 0.417732, 0.343225, -0.006934, -0.101887, 0.024517, 0.107673, 0.11325, -0.885203, 0.244706, 0.281762, 0.608382, -0.438052, -0.494142, 0.278214, 0.029041, 0.738101, -0.134921, -0.008145, -0.164528, 0.376581, 0.063756, 0.267645, -0.42403, 0.107916, 0.044183, -0.407899, 0.109705, -0.039495, 0.416447, 0.699956, -0.684985, -0.010764, -2.308187, 0.342266, 0.083453, 1.245229, -2.016721, 0.088723, 0.885551]}