{"hc3d": [[-0.000886, -0.218299, 0.038263], [0.080841, -0.314997, 0.034454], [-0.080805, -0.314404, 0.037111], [-0.003185, -0.103754, 0.004255], [0.091739, -0.713748, 0.036306], [-0.138415, -0.701798, 0.148391], [-0.000173, 0.023151, 0.036108], [0.033491, -1.136112, 0.002231], [-0.126326, -0.965917, -0.188833], [-0.000494, 0.068512, 0.076631], [0.11304, -1.157112, 0.11453], [-0.163286, -1.082974, -0.120085], [0.002068, 0.2907, 0.06631], [0.087245, 0.196533, 0.066309], [-0.084244, 0.198025, 0.056635], [0.003362, 0.348736, 0.117142], [0.187206, 0.180817, 0.057441], [-0.18587, 0.190942, 0.087059], [0.248707, -0.083288, 0.029087], [-0.243557, -0.067154, 0.045047], [0.299609, -0.321931, 0.127493], [-0.292099, -0.327542, 0.082026], [0.332393, -0.400228, 0.15599], [-0.306639, -0.414396, 0.0919]], "im2d": [[0.018398, -0.118373], [0.05753, 0.006666], [-0.027608, -0.032115], [0.058668, -0.245994], [0.034903, 0.445947], [-0.193466, 0.383843], [0.036861, -0.382684], [0.011202, 0.892967], [0.131174, 0.659481], [-0.000673, -0.430455], [-0.061435, 0.940258], [0.036088, 0.782252], [0.025597, -0.673635], [0.062864, -0.550366], [-0.014956, -0.593062], [-0.020543, -0.734401], [0.121696, -0.50993], [-0.097618, -0.607879], [0.163891, -0.207573], [-0.102273, -0.340977], [0.076088, 0.070569], [-0.181096, -0.065555], [0.059267, 0.165448], [-0.204094, 0.026585]], "theta": [1.121297, 0.017293, 0.112731, 2.802959, 0.261979, -1.701142, -0.038376, 0.107687, -0.054536, -0.31914, -0.026927, -0.043352, 0.282427, -0.030861, 0.001817, 0.008198, 0.004938, -0.04065, 1.106427, 0.05325, 0.029575, -0.108013, -0.012205, 0.010118, -0.290306, 0.295269, 0.11445, -0.167256, -0.087682, 0.123179, -0.002977, 0.020675, -0.026884, -0.002741, 0.002231, 0.001953, 0.002088, 0.004026, -0.008635, -0.155387, -0.096753, -0.043237, 0.038694, -0.027867, -0.522303, -0.023002, 0.442236, 0.394338, 0.041077, -0.188781, 0.087937, 0.036588, -0.244174, -0.741676, 0.29165, 0.086232, 0.974475, 0.048086, -0.34498, 0.000625, 0.116766, 0.146193, -0.075219, 0.212141, -0.066525, 0.279312, 0.049122, 0.115426, -0.08127, 0.108199, 0.043768, -0.408169, 0.108921, -0.038684, 0.415722, 0.699956, -0.684985, -0.010764, -2.308187, 0.342266, 0.083453, 1.245229, -2.016721, 0.088723, 0.885551]}