{"hc3d": [[-0.000886, -0.218299, 0.038263], [0.080841, -0.314997, 0.034454], [-0.080805, -0.314404, 0.037111], [-0.003185, -0.103754, 0.004255], [0.087219, -0.7133, 0.013503], [-0.131525, -0.690317, 0.185074], [0.000682, 0.023028, 0.036503], [0.031119, -1.132846, -0.047969], [-0.113152, -1.026678, -0.079782], [-0.000231, 0.068409, 0.076996], [0.107058, -1.165559, 0.064027], [-0.150614, -1.12923, 0.008955], [0.001631, 0.290704, 0.069142], [0.08717, 0.196867, 0.069666], [-0.08412, 0.197815, 0.056889], [0.004155, 0.347025, 0.121824], [0.187741, 0.185034, 0.061715], [-0.186774, 0.188421, 0.082921], [0.257575, -0.078272, 0.050281], [-0.242838, -0.067555, 0.02779], [0.303821, -0.310862, 0.164249], [-0.296899, -0.328408, 0.051423], [0.338991, -0.384013, 0.202054], [-0.310568, -0.41596, 0.050858]], "im2d": [[0.018398, -0.118373], [0.05753, 0.006666], [-0.027608, -0.032115], [0.058668, -0.245994], [0.05534, 0.443275], [-0.225731, 0.374689], [0.036896, -0.382328], [0.060212, 0.886385], [0.025257, 0.73444], [-0.000908, -0.430262], [-0.01474, 0.945632], [-0.089039, 0.842183], [0.022553, -0.673606], [0.059504, -0.550586], [-0.01516, -0.59279], [-0.024916, -0.732111], [0.117991, -0.514213], [-0.094123, -0.605535], [0.147638, -0.209934], [-0.084742, -0.341208], [0.042356, 0.061236], [-0.15312, -0.067233], [0.017821, 0.151498], [-0.165321, 0.025369]], "theta": [1.121297, 0.017293, 0.112731, 2.802959, 0.261979, -1.701142, 0.020003, 0.096748, -0.063278, -0.411089, 0.002234, -0.030034, 0.285068, -0.043759, -0.006199, 0.012375, 0.004244, -0.024953, 0.959105, 0.010342, 0.043062, -0.110766, -0.008189, 0.022954, -0.260067, 0.287699, 0.089789, -0.113483, -0.098688, 0.113464, 0.008522, 0.013242, -0.025727, -0.002249, 0.001879, 0.001515, 0.001974, 0.003344, -0.007709, -0.135493, -0.056594, -0.054393, 0.04113, -0.013322, -0.49099, -0.003277, 0.417484, 0.410834, 0.003366, -0.162684, 0.077618, 0.042483, -0.330796, -0.732813, 0.278315, 0.065108, 0.962991, 0.025776, -0.354423, -0.01583, 0.061868, 0.143168, -0.077351, 0.255961, -0.084939, 0.337828, 0.008286, 0.079406, -0.016984, 0.108878, 0.043786, -0.409244, 0.109597, -0.038185, 0.416075, 0.699956, -0.684985, -0.010764, -2.308187, 0.342266, 0.083453, 1.245229, -2.016721, 0.088723, 0.885551]}