{"hc3d": [[-0.00069, -0.218929, 0.0407], [0.082782, -0.316011, 0.037824], [-0.082352, -0.315486, 0.040659], [-0.002928, -0.104131, 0.005299], [0.061551, -0.688831, 0.16131], [-0.167982, -0.697465, 0.131143], [-0.000889, 0.023799, 0.026191], [0.027651, -1.07637, -0.00377], [-0.128777, -0.887389, -0.245415], [0.001069, 0.065382, 0.071273], [0.060203, -1.115324, 0.124782], [-0.190736, -1.000463, -0.19146], [0.002027, 0.288576, 0.079987], [0.087882, 0.195569, 0.066415], [-0.085025, 0.196153, 0.069224], [0.003007, 0.337536, 0.137837], [0.187469, 0.174182, 0.063753], [-0.182211, 0.177166, 0.108381], [0.259453, -0.080045, 0.009133], [-0.250843, -0.065051, 0.192809], [0.249928, -0.330046, 0.081986], [-0.287801, -0.276713, 0.3474], [0.261907, -0.411417, 0.116609], [-0.311938, -0.339412, 0.404834]], "im2d": [[0.008106, -0.042429], [-0.085899, 0.078202], [0.095185, 0.068868], [0.031814, -0.172914], [-0.135605, 0.498938], [0.132615, 0.503642], [0.023462, -0.329591], [-0.029461, 0.991569], [0.268788, 0.804121], [0.000429, -0.387744], [-0.130118, 1.01523], [0.306919, 0.92584], [0.002409, -0.655939], [-0.08882, -0.538021], [0.100868, -0.547806], [-0.025599, -0.725384], [-0.198248, -0.507045], [0.188315, -0.53739], [-0.259203, -0.189435], [0.214544, -0.267554], [-0.292832, 0.094825], [0.172171, -0.046006], [-0.325821, 0.186015], [0.168451, 0.016753]], "theta": [1.210493, 0.007386, 0.183878, 0.657321, 0.256456, -3.068547, -0.347405, -0.223707, -0.102935, -0.282603, -0.078151, -0.114896, 0.211313, 0.052236, 0.012947, 0.600218, -0.002733, -0.094319, 1.271394, 0.032919, 0.061017, 0.038461, -0.020999, 0.012198, -0.415593, 0.296317, 0.145753, -0.303922, -0.179887, 0.064818, 0.020126, 0.017385, -0.039605, 0.0016, -0.000708, -0.002811, 0.001055, 9.7e-05, -0.002386, -0.10859, -0.186182, -0.060202, 0.024637, -0.198194, -0.551156, -0.065314, 0.495753, 0.463402, 0.245945, -0.115722, 0.018396, 0.158454, -0.18842, -0.67835, -0.007392, 0.346203, 0.556762, 0.112944, -0.439559, -0.162202, -0.29676, 0.204699, 0.010417, 0.056485, -0.187351, 0.359171, -0.207137, 0.166934, -0.300918, 0.112121, 0.046233, -0.414118, 0.111922, -0.03957, 0.418803, 0.603778, -1.03257, 0.063711, -2.343703, 0.378075, 0.073549, 1.24464, -2.138709, 0.132859, 0.831714]}