{"hc3d": [[-0.00069, -0.218929, 0.0407], [0.082782, -0.316011, 0.037824], [-0.082352, -0.315486, 0.040659], [-0.002928, -0.104131, 0.005299], [0.05856, -0.705977, -0.007275], [-0.147072, -0.641356, 0.266596], [0.003713, 0.022553, 0.032014], [-0.005408, -1.095394, -0.158435], [-0.110619, -1.054222, 0.179321], [0.002776, 0.0645, 0.076791], [0.026222, -1.145036, -0.033384], [-0.184161, -1.114479, 0.281772], [0.008745, 0.286885, 0.096831], [0.093051, 0.191913, 0.087986], [-0.079036, 0.197922, 0.072011], [0.005773, 0.331003, 0.15839], [0.192332, 0.170038, 0.094815], [-0.182808, 0.185126, 0.092171], [0.265875, -0.083095, 0.037269], [-0.272732, -0.064602, 0.084621], [0.223213, -0.277027, 0.205997], [-0.35225, -0.279581, 0.217007], [0.243615, -0.32642, 0.277464], [-0.385914, -0.348176, 0.261436]], "im2d": [[0.008107, -0.042429], [-0.085898, 0.078203], [0.095187, 0.068869], [0.031816, -0.172916], [-0.049708, 0.551373], [0.044544, 0.411873], [0.015464, -0.328987], [0.082734, 1.042113], [0.033742, 0.923425], [-0.004208, -0.387661], [-0.015529, 1.079162], [0.062488, 0.972253], [-0.013377, -0.6568], [-0.105292, -0.53751], [0.092935, -0.550158], [-0.039008, -0.721363], [-0.219081, -0.507773], [0.197235, -0.543845], [-0.280279, -0.190833], [0.292112, -0.248577], [-0.32274, 0.006566], [0.30761, -0.020943], [-0.382158, 0.052964], [0.320637, 0.050864]], "theta": [1.210504, 0.007387, 0.183878, 0.657322, 0.256455, -3.068548, 0.083768, -0.077171, -0.147392, -0.647238, -0.02818, -0.064432, 0.254238, -0.047933, -0.029549, 0.1475, -0.081002, -0.023308, 0.748722, -0.161112, 0.020253, -0.012072, -0.000219, 0.043346, -0.352411, 0.243948, 0.019228, -0.057364, -0.213086, 0.099746, 0.0775, -0.01217, -0.04293, 0.000891, -0.000281, -0.002026, 0.001103, 0.000683, -0.003023, -0.077776, -0.146169, -0.053648, -0.009335, -0.19031, -0.52695, -0.033601, 0.410135, 0.432966, 0.187249, -0.101503, -0.002604, 0.183762, -0.179882, -0.696543, 0.055307, 0.190217, 0.698778, -0.032411, -0.888377, -0.012201, -0.460716, 0.432864, -0.085739, 0.038001, -0.206352, 0.619511, -0.474709, 0.13462, -0.234935, 0.111573, 0.045487, -0.413054, 0.111574, -0.039961, 0.418634, 0.603778, -1.03257, 0.063711, -2.343703, 0.378075, 0.073549, 1.24464, -2.138709, 0.132859, 0.831714]}