{"hc3d": [[-0.00069, -0.218929, 0.0407], [0.082782, -0.316011, 0.037824], [-0.082352, -0.315486, 0.040659], [-0.002928, -0.104131, 0.005299], [0.059336, -0.701954, -0.034236], [-0.137997, -0.62548, 0.290128], [0.003332, 0.022005, 0.034574], [0.004974, -1.069902, -0.234849], [-0.115172, -1.047347, 0.259945], [0.001659, 0.063285, 0.079946], [0.034871, -1.132105, -0.1151], [-0.184064, -1.098196, 0.370416], [0.006709, 0.285093, 0.105792], [0.091402, 0.190586, 0.095741], [-0.080449, 0.196586, 0.077404], [0.001719, 0.328334, 0.16784], [0.191066, 0.170581, 0.102726], [-0.18459, 0.183831, 0.095595], [0.270558, -0.080292, 0.043228], [-0.276244, -0.06487, 0.079627], [0.224919, -0.258361, 0.22791], [-0.357823, -0.268624, 0.227593], [0.245022, -0.300925, 0.303723], [-0.396504, -0.33173, 0.275904]], "im2d": [[0.008107, -0.042429], [-0.085898, 0.078203], [0.095188, 0.068869], [0.031816, -0.172916], [-0.037134, 0.551739], [0.023432, 0.38888], [0.014605, -0.328839], [0.109792, 1.026729], [-0.000769, 0.899639], [-0.00457, -0.386865], [0.015646, 1.079703], [0.019191, 0.935933], [-0.015607, -0.656467], [-0.107339, -0.537484], [0.091793, -0.549659], [-0.039277, -0.720176], [-0.221567, -0.509991], [0.197472, -0.543039], [-0.288301, -0.195084], [0.298447, -0.24748], [-0.33482, -0.019817], [0.308907, -0.036321], [-0.395827, 0.017583], [0.325743, 0.027942]], "theta": [1.210504, 0.007387, 0.183878, 0.657322, 0.256455, -3.068548, 0.152973, -0.050406, -0.145783, -0.715332, 0.004247, -0.050548, 0.273964, -0.062148, -0.02838, 0.21053, -0.123101, -0.015176, 0.673941, -0.149919, 0.00141, -0.016688, 0.001011, 0.046123, -0.368977, 0.24865, 0.034766, 0.002779, -0.209975, 0.101536, 0.08853, -0.012808, -0.043359, -7e-06, 0.000265, -0.000943, 0.001341, 0.001414, -0.004337, -0.088009, -0.173451, -0.056238, 0.003795, -0.175723, -0.512906, -0.033618, 0.406714, 0.425929, 0.18807, -0.10248, 0.007859, 0.157645, -0.197918, -0.685785, 0.059088, 0.188227, 0.697491, -0.039847, -0.986521, 0.01171, -0.466483, 0.529268, -0.123034, 0.070491, -0.201274, 0.627166, -0.452812, 0.135645, -0.28886, 0.110746, 0.045118, -0.411708, 0.110991, -0.039207, 0.418267, 0.603778, -1.03257, 0.063711, -2.343703, 0.378075, 0.073549, 1.24464, -2.138709, 0.132859, 0.831714]}