{"hc3d": [[-0.00069, -0.218929, 0.0407], [0.082782, -0.316011, 0.037824], [-0.082352, -0.315486, 0.040659], [-0.002928, -0.104131, 0.005299], [0.066789, -0.701306, -0.039547], [-0.130627, -0.587418, 0.332464], [0.003621, 0.021459, 0.036776], [0.021627, -0.966825, -0.365195], [-0.095565, -1.009444, 0.340689], [0.001214, 0.062082, 0.082704], [0.056594, -1.05781, -0.267207], [-0.160803, -1.057922, 0.454397], [0.005323, 0.283725, 0.110088], [0.09039, 0.189473, 0.100821], [-0.081148, 0.195216, 0.079678], [-0.001561, 0.328225, 0.171055], [0.190122, 0.170488, 0.109479], [-0.185832, 0.183261, 0.09508], [0.279167, -0.077463, 0.051274], [-0.271467, -0.067068, 0.072512], [0.216498, -0.21903, 0.260869], [-0.350808, -0.26083, 0.234458], [0.230199, -0.25077, 0.343139], [-0.388468, -0.32095, 0.287182]], "im2d": [[0.008108, -0.042429], [-0.085898, 0.078203], [0.095188, 0.068869], [0.031816, -0.172916], [-0.042728, 0.552346], [-0.004343, 0.335722], [0.013182, -0.328592], [0.159074, 0.929254], [-0.061015, 0.839965], [-0.005478, -0.385976], [0.069113, 1.021001], [-0.046611, 0.872991], [-0.016239, -0.65572], [-0.108762, -0.537172], [0.091399, -0.548491], [-0.037242, -0.72082], [-0.223857, -0.511212], [0.199081, -0.542322], [-0.301689, -0.199569], [0.296607, -0.243264], [-0.34048, -0.073486], [0.298025, -0.04659], [-0.397242, -0.050561], [0.311656, 0.013317]], "theta": [1.210506, 0.007388, 0.183878, 0.657322, 0.256455, -3.068548, 0.166648, -0.019929, -0.123657, -0.856762, 0.023518, -0.039984, 0.290726, -0.077887, -0.032761, 0.583452, -0.107815, -0.054003, 0.725568, -0.1853, 0.010475, -0.018581, 0.001352, 0.051965, -0.480103, 0.262216, 0.064926, 0.052708, -0.194256, 0.097779, 0.080949, -0.012055, -0.040186, -2.2e-05, 0.000292, -0.000958, 0.001153, 0.00112, -0.003818, -0.113785, -0.184598, -0.046391, 0.010002, -0.17343, -0.504693, -0.00037, 0.389424, 0.41598, 0.169619, -0.089416, 0.028099, 0.136141, -0.188797, -0.661141, 0.069245, 0.231355, 0.721915, -0.021607, -1.178084, 0.033612, -0.49952, 0.613206, -0.170947, 0.07196, -0.176976, 0.606986, -0.474364, 0.136673, -0.285696, 0.110585, 0.045644, -0.41098, 0.111112, -0.039499, 0.418328, 0.603778, -1.03257, 0.063711, -2.343703, 0.378075, 0.073549, 1.24464, -2.138709, 0.132859, 0.831714]}