{"hc3d": [[-0.000891, -0.218949, 0.038619], [0.081049, -0.315808, 0.035013], [-0.08104, -0.315215, 0.037647], [-0.003185, -0.104081, 0.004187], [0.07966, -0.710072, -0.025727], [-0.115653, -0.661378, 0.249308], [0.000433, 0.024916, 0.026982], [-0.019188, -1.112897, -0.131037], [-0.132763, -1.052482, 0.07441], [0.003325, 0.07515, 0.061476], [0.065096, -1.123434, -0.020529], [-0.152434, -1.110251, 0.201428], [0.01679, 0.297296, 0.049949], [0.097591, 0.198967, 0.051075], [-0.074232, 0.208763, 0.040242], [0.021118, 0.349225, 0.106836], [0.19819, 0.190472, 0.037172], [-0.17942, 0.208594, 0.058085], [0.250272, -0.076339, 0.059449], [-0.235125, -0.035787, -0.036621], [0.281377, -0.28749, 0.213717], [-0.304862, -0.293068, -0.012989], [0.320033, -0.345896, 0.269792], [-0.318076, -0.380546, -0.020484]], "im2d": [[0.012408, -0.139485], [0.063259, -0.017304], [-0.044717, -0.052363], [0.048543, -0.26734], [0.093096, 0.404623], [-0.277112, 0.333065], [0.038232, -0.404468], [0.098725, 0.811284], [-0.155311, 0.738682], [0.012288, -0.455414], [0.054275, 0.849935], [-0.285099, 0.807688], [0.044631, -0.694254], [0.090425, -0.570328], [-0.011313, -0.618565], [-0.000286, -0.744862], [0.167919, -0.540786], [-0.095836, -0.63937], [0.166028, -0.238636], [-0.0621, -0.394322], [0.035826, 0.009724], [-0.144041, -0.128417], [0.007421, 0.085962], [-0.151178, -0.03706]], "theta": [1.107785, 0.012091, 0.093036, 2.935742, 0.229799, -1.482342, 0.122065, 0.070363, -0.080512, -0.574812, 0.117706, -0.019693, 0.211746, -0.02795, -0.00125, 0.020064, -0.007309, -0.112033, 0.876362, 0.000511, 0.018826, -0.166579, 0.000363, -0.035737, -0.547633, 0.349895, 0.21857, -0.249464, -0.000843, 0.01568, 0.11971, -0.006699, -0.026779, -0.001586, 0.001077, 0.001631, 0.002077, 0.002513, -0.00668, -0.038671, -0.02226, -0.009121, 0.023299, 0.048095, -0.412031, 0.006971, 0.31809, 0.391122, 0.02234, -0.095081, 0.070954, 0.081559, -0.505022, -0.799029, 0.285785, -0.041211, 1.067412, -0.032694, -0.39808, 0.028465, -0.048601, 0.279915, -0.156874, 0.29968, -0.122309, 0.474545, -0.054004, 0.010994, 0.058093, 0.110308, 0.043165, -0.412418, 0.110561, -0.036969, 0.417589, 0.723947, -0.731953, -0.005384, -2.301421, 0.352012, 0.074919, 1.260431, -2.029462, 0.069275, 0.894116]}