{"hc3d": [[-0.000891, -0.218949, 0.038619], [0.081049, -0.315808, 0.035013], [-0.08104, -0.315215, 0.037647], [-0.003185, -0.104081, 0.004187], [0.112656, -0.708852, -0.025425], [-0.072151, -0.696297, 0.18091], [0.002147, 0.025292, 0.024361], [0.043385, -1.003067, -0.328358], [-0.076704, -1.123198, 0.141167], [0.001131, 0.073142, 0.06219], [0.127183, -1.062101, -0.233914], [-0.073361, -1.150649, 0.279345], [0.005429, 0.295601, 0.049695], [0.090297, 0.200896, 0.054892], [-0.081179, 0.203136, 0.036794], [0.008311, 0.349023, 0.105277], [0.19124, 0.190038, 0.046057], [-0.186422, 0.194116, 0.051815], [0.254977, -0.075165, 0.044757], [-0.250382, -0.050965, -0.035589], [0.283146, -0.254196, 0.235821], [-0.299615, -0.312474, -0.007235], [0.308301, -0.310354, 0.301116], [-0.316969, -0.399383, -0.001863]], "im2d": [[0.012639, -0.139643], [0.063594, -0.017291], [-0.044522, -0.052406], [0.048784, -0.26769], [0.114971, 0.410948], [-0.189586, 0.375111], [0.041892, -0.405257], [0.323426, 0.689959], [-0.182344, 0.834095], [0.010211, -0.454224], [0.29008, 0.779901], [-0.30547, 0.876215], [0.037415, -0.695781], [0.08253, -0.574399], [-0.013059, -0.615053], [-0.00728, -0.748468], [0.155677, -0.541753], [-0.09573, -0.626526], [0.182689, -0.240406], [-0.073802, -0.381586], [0.019425, -0.024024], [-0.146849, -0.105935], [-0.025935, 0.047794], [-0.168147, -0.014879]], "theta": [1.109352, 0.012284, 0.093071, 2.936035, 0.229553, -1.482744, 0.11698, 0.090163, 0.004437, -0.39009, 0.169618, 0.092021, 0.189562, -0.076513, -0.016933, 0.570068, 0.025169, -0.071361, 0.371199, 0.178589, -0.033413, -0.074933, -0.00627, 0.015942, -0.589065, 0.332101, 0.174281, -0.166147, -0.106563, 0.041875, 0.046849, 0.012212, -0.015718, -0.001984, 0.001587, 0.001267, 0.002053, 0.003239, -0.007169, -0.060812, 0.010653, -0.034165, 0.022962, 0.028351, -0.475504, 0.019859, 0.337781, 0.428906, 0.036107, -0.031484, 0.041354, 0.108074, -0.382808, -0.762341, 0.296684, -0.041745, 0.943476, -0.046147, -0.66242, 0.100914, 0.085573, 0.312626, -0.075213, 0.188044, -0.128382, 0.310622, -0.069018, 0.072915, -0.106112, 0.109762, 0.043588, -0.411537, 0.10969, -0.038392, 0.416633, 0.723947, -0.731953, -0.005384, -2.301421, 0.352012, 0.074919, 1.260431, -2.029462, 0.069275, 0.894116]}