{"hc3d": [[-0.000891, -0.218949, 0.038619], [0.081049, -0.315808, 0.035013], [-0.08104, -0.315215, 0.037647], [-0.003185, -0.104081, 0.004187], [0.107637, -0.693882, 0.159464], [-0.101829, -0.699867, -0.094405], [0.003476, 0.022026, 0.039195], [0.030541, -1.107873, 0.235602], [-0.151479, -0.989889, -0.406281], [0.003974, 0.067708, 0.079625], [0.12906, -1.089575, 0.332484], [-0.159669, -1.087388, -0.304867], [-0.004945, 0.290087, 0.06818], [0.085116, 0.200186, 0.065826], [-0.087132, 0.193017, 0.061853], [0.000896, 0.345084, 0.121964], [0.178346, 0.195624, 0.024923], [-0.190834, 0.18823, 0.08647], [0.192641, -0.026116, -0.133265], [-0.308409, -0.052398, 0.094785], [0.398541, -0.190243, -0.128977], [-0.218006, -0.145671, 0.328756], [0.475467, -0.23539, -0.138686], [-0.196153, -0.149142, 0.414742]], "im2d": [[0.012658, -0.139659], [0.063622, -0.017291], [-0.044508, -0.052411], [0.048805, -0.267723], [-0.052881, 0.409227], [0.03729, 0.349535], [0.029303, -0.400229], [-0.195949, 0.84847], [0.266842, 0.62747], [-0.003851, -0.446306], [-0.217279, 0.857846], [0.164922, 0.74007], [0.013779, -0.690547], [0.069336, -0.573888], [-0.039972, -0.603313], [-0.027289, -0.744468], [0.166538, -0.552419], [-0.129986, -0.618246], [0.304308, -0.321985], [-0.228469, -0.381539], [0.425128, -0.099406], [-0.384442, -0.241273], [0.481353, -0.034753], [-0.447356, -0.225598]], "theta": [1.109496, 0.0123, 0.093074, 2.936053, 0.229539, -1.482768, -0.358669, 0.175787, -0.042204, 0.29182, -0.028217, 0.040289, 0.310075, 0.045746, -0.017449, 0.081693, -0.011563, -0.110168, 0.423173, 0.282695, -0.116717, -0.140412, -0.052279, 0.038802, -0.419974, 0.402202, 0.177551, -0.335993, -0.094086, 0.093154, -0.003319, 0.028017, 0.012059, -0.004296, 0.002963, 0.004782, 0.001669, 0.004467, -0.008951, -0.095283, -0.03854, -0.094718, -0.009212, 0.269508, -0.51371, -0.025126, 0.341008, 0.335919, 0.023668, -0.152414, 0.058135, 0.09454, 0.233249, -0.835802, 0.335186, 0.186514, 0.687783, -0.501168, -0.771616, 0.391478, 0.030799, 1.238182, -0.248323, -0.092386, -0.163728, 0.348648, -0.057032, 0.289381, -0.411782, 0.106767, 0.042693, -0.406705, 0.108729, -0.038429, 0.416166, 0.723947, -0.731953, -0.005384, -2.301421, 0.352012, 0.074919, 1.260431, -2.029462, 0.069275, 0.894116]}