{"hc3d": [[-0.000891, -0.218949, 0.038619], [0.081049, -0.315808, 0.035013], [-0.08104, -0.315215, 0.037647], [-0.003185, -0.104081, 0.004187], [0.100978, -0.701437, 0.135157], [-0.106822, -0.709142, -0.062272], [0.003189, 0.021934, 0.039576], [0.03768, -1.120952, 0.191098], [-0.142323, -0.95111, -0.414459], [0.002278, 0.066493, 0.081234], [0.127816, -1.1168, 0.297329], [-0.166503, -1.069403, -0.341796], [-0.007275, 0.288875, 0.070374], [0.083163, 0.199326, 0.069488], [-0.088945, 0.191516, 0.062099], [-0.001409, 0.344759, 0.123233], [0.177993, 0.194435, 0.032489], [-0.192561, 0.184789, 0.08662], [0.206365, -0.035384, -0.111645], [-0.299205, -0.060721, 0.098735], [0.40532, -0.207731, -0.119665], [-0.226487, -0.17576, 0.329155], [0.477987, -0.258863, -0.132118], [-0.210062, -0.183026, 0.416107]], "im2d": [[0.012658, -0.139659], [0.063622, -0.017291], [-0.044508, -0.052411], [0.048805, -0.267723], [-0.035917, 0.413956], [0.004714, 0.361236], [0.028769, -0.400159], [-0.152226, 0.860452], [0.282443, 0.586652], [-0.00647, -0.445216], [-0.188237, 0.884173], [0.194587, 0.715981], [0.010222, -0.689546], [0.064731, -0.573065], [-0.041464, -0.602052], [-0.029949, -0.744502], [0.159464, -0.550568], [-0.131452, -0.614868], [0.293363, -0.30717], [-0.22649, -0.370202], [0.420179, -0.07819], [-0.392122, -0.210397], [0.475725, -0.008184], [-0.459669, -0.191683]], "theta": [1.109497, 0.0123, 0.093074, 2.936053, 0.229539, -1.482768, -0.293488, 0.176399, -0.053305, 0.206416, -0.061739, 0.023833, 0.312263, 0.024877, -0.017648, 0.057083, -0.057437, -0.070127, 0.646789, 0.227513, -0.095486, -0.115165, -0.050607, 0.053358, -0.32445, 0.382499, 0.126109, -0.229277, -0.118542, 0.126642, -0.027159, 0.030093, 0.004768, -0.004667, 0.003273, 0.004959, 0.00177, 0.00513, -0.009938, -0.116481, -0.027783, -0.107107, -0.000921, 0.247034, -0.519114, -0.026582, 0.362395, 0.347304, 0.038237, -0.134441, 0.055462, 0.038182, 0.181707, -0.819378, 0.32826, 0.212083, 0.702993, -0.483242, -0.625961, 0.370813, 0.062494, 1.091189, -0.26286, -0.074313, -0.144997, 0.303245, -0.02509, 0.305867, -0.449257, 0.106499, 0.042648, -0.406263, 0.108298, -0.038525, 0.416002, 0.723947, -0.731953, -0.005384, -2.301421, 0.352012, 0.074919, 1.260431, -2.029462, 0.069275, 0.894116]}