{"hc3d": [[-0.000875, -0.218685, 0.038652], [0.08113, -0.31552, 0.035013], [-0.081083, -0.314927, 0.037676], [-0.003168, -0.103931, 0.004302], [0.066709, -0.713495, 0.049695], [-0.119357, -0.705738, 0.143974], [0.001804, 0.02385, 0.032375], [0.014291, -1.137557, 0.037721], [-0.111007, -0.86924, -0.251779], [0.005912, 0.069804, 0.072234], [0.072388, -1.167018, 0.160767], [-0.142265, -1.005547, -0.235943], [0.006917, 0.291301, 0.049579], [0.091799, 0.196824, 0.044682], [-0.079986, 0.19864, 0.05533], [0.008535, 0.348814, 0.100802], [0.189072, 0.177334, 0.022132], [-0.180938, 0.188448, 0.087643], [0.230552, -0.088494, -0.020818], [-0.227861, -0.074953, 0.079561], [0.253163, -0.332401, 0.075103], [-0.259915, -0.323272, 0.173237], [0.287681, -0.407898, 0.10886], [-0.269636, -0.400794, 0.215199]], "im2d": [[0.009848, -0.114225], [0.085166, -8.1e-05], [-0.066372, -0.019184], [0.031294, -0.243523], [0.05217, 0.432143], [-0.175663, 0.414424], [0.022722, -0.377993], [-0.000834, 0.884809], [0.06272, 0.541351], [0.004098, -0.42221], [-0.021045, 0.939541], [0.020664, 0.687744], [0.024577, -0.665467], [0.103367, -0.553714], [-0.061732, -0.574215], [-0.002783, -0.72104], [0.206163, -0.524216], [-0.174547, -0.570649], [0.262727, -0.236453], [-0.220366, -0.29123], [0.219931, 0.043405], [-0.312489, -0.013213], [0.229711, 0.13375], [-0.348542, 0.07527]], "theta": [1.099365, 0.009833, 0.114785, 3.151397, 0.112289, -0.922014, -0.067043, 0.084719, -0.119327, -0.303912, -0.010292, 0.002523, 0.256839, 0.062379, -0.004578, -0.02278, -0.081338, 0.022832, 1.364806, -0.031887, -0.073544, -0.096727, -0.0016, -0.002273, -0.202725, 0.278608, -0.028122, -0.008802, 0.036439, 0.107555, -0.042408, 0.033207, -0.027889, -0.006659, 0.005538, 0.005158, -0.000481, 0.005487, -0.007772, -0.088446, -0.227486, -0.052067, 0.058143, -0.002856, -0.556449, -0.073464, 0.349053, 0.453742, -0.077802, -0.152551, 0.088961, 0.11074, -0.220031, -0.771437, 0.265282, 0.123706, 0.93845, 0.032999, -0.402657, -0.080237, -0.093194, 0.241658, -0.105543, 0.052045, -0.147924, 0.460496, -0.191205, 0.23502, -0.191374, 0.103708, 0.041857, -0.404886, 0.105728, -0.040509, 0.413062, 0.704424, -0.733567, 0.00552, -2.31274, 0.342314, 0.07233, 1.262345, -2.058685, 0.092234, 0.87843]}