{"hc3d": [[-0.000875, -0.218685, 0.038652], [0.08113, -0.31552, 0.035013], [-0.081083, -0.314927, 0.037676], [-0.003168, -0.103931, 0.004302], [0.080296, -0.69204, 0.165548], [-0.07561, -0.703323, -0.083219], [0.005309, 0.022921, 0.035568], [-0.015753, -1.107398, 0.196732], [-0.120465, -0.889269, -0.46641], [0.008036, 0.068741, 0.075699], [0.074472, -1.106321, 0.302759], [-0.136621, -1.011263, -0.398118], [0.007265, 0.290618, 0.05713], [0.093666, 0.197406, 0.056139], [-0.078455, 0.196701, 0.055488], [0.009908, 0.353166, 0.102017], [0.190392, 0.177915, 0.031345], [-0.180777, 0.19196, 0.084594], [0.204932, -0.057981, -0.104196], [-0.258104, -0.064197, 0.091722], [0.341515, -0.254765, 0.00454], [-0.255055, -0.255834, 0.278085], [0.40053, -0.313916, 0.036932], [-0.264277, -0.301019, 0.353837]], "im2d": [[0.013138, -0.115503], [0.090268, 0.000541], [-0.063772, -0.018753], [0.034412, -0.247347], [0.001772, 0.434666], [0.006278, 0.393795], [0.026175, -0.382042], [-0.116648, 0.886522], [0.19301, 0.539896], [0.005351, -0.426671], [-0.096309, 0.91085], [0.133601, 0.682356], [0.020833, -0.674418], [0.100564, -0.561486], [-0.060802, -0.580975], [-0.002592, -0.736861], [0.206102, -0.532117], [-0.174759, -0.583632], [0.296958, -0.288991], [-0.257433, -0.308791], [0.354831, -0.04033], [-0.372131, -0.070528], [0.389282, 0.036478], [-0.427859, -0.011032]], "theta": [1.119505, 0.012611, 0.115512, 3.156825, 0.107489, -0.92948, -0.366634, 0.119107, -0.104598, 0.262952, -0.046853, 0.102881, 0.283589, 0.078207, -0.029202, 0.192132, 0.068082, -0.066272, 0.750939, 0.213376, -0.158715, -0.120537, -0.046537, 0.031866, -0.401823, 0.327297, 0.120122, -0.329305, -0.087481, 0.082344, -0.028031, 0.002084, -0.010225, -0.002362, 0.001872, 0.002293, 0.001409, 0.003088, -0.006494, -0.215902, -0.119244, -0.047772, 0.001365, 0.073888, -0.58268, -0.102226, 0.383806, 0.382687, -0.016063, -0.201812, 0.060499, 0.164756, 0.181709, -0.832939, 0.265838, 0.115367, 0.857555, -0.257737, -0.875253, 0.314574, -0.028056, 0.658119, -0.151728, -0.180177, -0.190355, 0.339318, -0.164101, 0.256651, -0.376868, 0.108169, 0.043888, -0.408547, 0.109341, -0.039116, 0.416518, 0.704424, -0.733567, 0.00552, -2.31274, 0.342314, 0.07233, 1.262345, -2.058685, 0.092234, 0.87843]}