{"hc3d": [[-0.000894, -0.218259, 0.038157], [0.080806, -0.315036, 0.034316], [-0.080787, -0.314439, 0.036953], [-0.003198, -0.103591, 0.004144], [0.104466, -0.695474, -0.087623], [-0.063559, -0.667064, 0.24233], [0.002426, 0.025468, 0.025887], [-0.005503, -0.954318, -0.411747], [-0.072375, -1.09611, 0.216439], [0.002098, 0.072979, 0.063876], [0.0832, -1.025657, -0.331085], [-0.065232, -1.133675, 0.352158], [0.011675, 0.294837, 0.049027], [0.093927, 0.198514, 0.059077], [-0.075839, 0.204061, 0.033062], [0.013082, 0.354131, 0.098717], [0.194435, 0.183858, 0.055808], [-0.181518, 0.194772, 0.041022], [0.212864, -0.088262, 0.037665], [-0.206505, -0.052814, -0.059613], [0.261138, -0.296395, 0.192369], [-0.220624, -0.313199, 0.00285], [0.294537, -0.366506, 0.237243], [-0.21955, -0.400595, 0.018272]], "im2d": [[0.008462, -0.136173], [0.08318, -0.024085], [-0.066124, -0.040347], [0.029163, -0.263904], [0.168098, 0.375561], [-0.180157, 0.364478], [0.024451, -0.400283], [0.253331, 0.608662], [-0.182915, 0.823913], [0.002778, -0.447442], [0.285033, 0.703232], [-0.257585, 0.880025], [0.025504, -0.687612], [0.092516, -0.574439], [-0.047189, -0.599986], [-0.001234, -0.746039], [0.18601, -0.549083], [-0.148746, -0.599489], [0.207244, -0.255513], [-0.117816, -0.345707], [0.154963, -0.009152], [-0.173776, -0.059184], [0.157306, 0.07473], [-0.183961, 0.036951]], "theta": [1.089453, 0.008661, 0.093267, 3.129494, 0.095488, -0.921987, 0.268383, 0.189036, 0.007532, -0.556279, 0.223798, 0.088021, 0.199114, -0.116865, -0.022387, 0.529508, -0.011788, -0.116484, 0.506411, 0.06915, -0.041708, -0.079791, -0.000934, -0.013703, -0.622089, 0.342013, 0.110616, -0.046282, 0.008068, 0.005908, 0.027722, -0.002614, 0.004819, -0.003273, 0.002538, 0.002959, 0.001809, 0.003506, -0.007475, -0.155535, -0.009658, -0.033413, 0.037941, 0.021886, -0.493745, 0.055788, 0.314688, 0.457307, -0.02258, -0.051105, 0.044904, 0.102839, -0.340057, -0.90764, 0.337117, 0.021718, 1.07364, -0.180942, -0.50211, 0.227017, 0.114016, 0.457806, -0.183741, 0.111958, -0.058605, 0.313622, -0.148007, 0.096846, -0.039599, 0.10823, 0.042758, -0.40964, 0.108746, -0.038183, 0.415823, 0.732973, -0.651166, -0.011506, -2.339661, 0.330593, 0.059801, 1.264626, -2.011696, 0.089866, 0.894283]}