{"hc3d": [[-0.000894, -0.218259, 0.038157], [0.080806, -0.315036, 0.034316], [-0.080787, -0.314439, 0.036953], [-0.003198, -0.103591, 0.004144], [0.087349, -0.696135, 0.156309], [-0.082036, -0.720179, -0.009896], [0.000429, 0.023563, 0.035439], [0.033473, -1.116862, 0.091227], [-0.070674, -1.127605, -0.146656], [0.000956, 0.07226, 0.071892], [0.104134, -1.145137, 0.208152], [-0.084201, -1.176808, -0.015211], [0.000603, 0.294087, 0.053837], [0.086983, 0.200924, 0.055779], [-0.084698, 0.200017, 0.048488], [0.004236, 0.34925, 0.107973], [0.186263, 0.197125, 0.034418], [-0.188405, 0.197661, 0.072086], [0.195613, -0.060178, -0.057372], [-0.255261, -0.061014, 0.04624], [0.270541, -0.285814, 0.056899], [-0.2684, -0.280614, 0.199552], [0.322445, -0.351993, 0.088059], [-0.273026, -0.344254, 0.261243]], "im2d": [[0.008472, -0.136182], [0.083197, -0.024086], [-0.066118, -0.040349], [0.029174, -0.263923], [0.008076, 0.40133], [-0.049002, 0.392412], [0.016937, -0.397407], [-0.012491, 0.843092], [0.032824, 0.818388], [-0.003021, -0.445933], [-0.017742, 0.893376], [-0.058497, 0.884567], [0.012521, -0.687417], [0.088187, -0.578128], [-0.064512, -0.594848], [-0.014912, -0.740682], [0.191527, -0.566593], [-0.173369, -0.599929], [0.248401, -0.297954], [-0.225245, -0.33009], [0.244014, -0.034482], [-0.333132, -0.077528], [0.271489, 0.045483], [-0.375361, -0.002525]], "theta": [1.089538, 0.00867, 0.093268, 3.129504, 0.09548, -0.922, -0.337164, -0.011479, -0.066517, 0.080338, 0.037757, 0.09626, 0.277677, -0.01021, -0.000519, 0.372011, 0.125336, 0.000866, 0.127138, 0.128767, -0.068405, -0.187692, 0.006667, 0.019639, -0.308526, 0.245128, 0.054153, -0.239673, -0.060583, 0.045242, 0.045417, -0.002119, -0.024281, -0.000591, 0.000853, 0.000125, 0.001028, 0.001223, -0.003588, -0.062869, -0.061634, -0.06093, -0.010711, 0.098628, -0.427907, -0.052094, 0.357561, 0.358883, -0.019879, -0.096419, 0.015251, 0.234593, -0.066365, -1.055551, 0.261752, 0.086345, 0.949429, -0.171558, -0.644753, 0.22261, -0.016233, 0.59021, -0.15049, 0.026203, -0.130917, 0.478427, -0.181517, 0.248277, -0.217466, 0.110569, 0.044072, -0.413102, 0.111194, -0.039775, 0.416958, 0.732973, -0.651166, -0.011506, -2.339661, 0.330593, 0.059801, 1.264626, -2.011696, 0.089866, 0.894283]}