{"hc3d": [[-0.000859, -0.218327, 0.038644], [0.081108, -0.315081, 0.034987], [-0.081019, -0.31449, 0.037659], [-0.003153, -0.103712, 0.004394], [0.098896, -0.709793, -0.01748], [-0.13942, -0.649309, 0.261332], [-0.001655, 0.026052, 0.020003], [0.080732, -0.947315, -0.37257], [-0.088687, -1.074348, 0.244055], [-0.001579, 0.071386, 0.060625], [0.120121, -1.055725, -0.294602], [-0.149819, -1.134178, 0.35579], [-0.011135, 0.29382, 0.059782], [0.078922, 0.204466, 0.052655], [-0.092879, 0.197031, 0.049397], [-0.00769, 0.34906, 0.113289], [0.17989, 0.194214, 0.0461], [-0.195962, 0.182489, 0.071534], [0.275559, -0.032923, -0.070385], [-0.258481, -0.077596, 0.085082], [0.1815, -0.24774, 0.049067], [-0.307306, -0.319379, 0.188495], [0.169333, -0.315914, 0.105939], [-0.334902, -0.394874, 0.225988]], "im2d": [[0.005667, -0.095419], [-0.064541, 0.017004], [0.066547, 0.005629], [0.040054, -0.216571], [-0.062865, 0.461347], [-0.07348, 0.336185], [0.034708, -0.361929], [0.205234, 0.777195], [-0.127101, 0.810578], [0.006748, -0.418207], [0.107875, 0.887068], [-0.164508, 0.855266], [0.028298, -0.663852], [-0.045503, -0.558532], [0.097512, -0.560753], [-0.011538, -0.732838], [-0.124043, -0.539793], [0.164607, -0.55472], [-0.128273, -0.265249], [0.190439, -0.274134], [-0.153571, -0.053026], [0.138499, -0.026819], [-0.190379, 0.0125], [0.128503, 0.04881]], "theta": [1.114934, 0.005942, 0.132744, 1.141966, 0.23746, -2.919541, 0.104867, -0.012032, -0.039311, -0.626273, -0.015132, -0.046853, 0.158233, -0.022257, 0.015403, 0.745454, -0.172185, -0.091954, 0.555893, -0.089392, 0.096213, 0.015929, 0.013379, 0.009906, -0.373507, 0.319293, 0.04114, 0.059246, -0.259655, 0.107059, 0.041736, 0.031165, 0.003762, -0.002567, 0.001746, 0.00251, 0.002098, 0.002736, -0.007484, -0.147986, -0.044962, -0.058147, 0.062189, -0.091977, -0.510958, 0.032218, 0.320748, 0.416071, 0.050975, 0.108979, -0.000281, 0.406216, -0.053668, -0.741701, 0.0322, 0.270407, 0.750157, 0.351584, -1.081869, -0.104047, -0.21353, 0.234662, -0.021935, 0.103868, -0.137348, 0.434779, -0.187572, 0.129781, -0.273176, 0.110039, 0.04246, -0.412996, 0.109546, -0.035664, 0.417362, 0.702135, -0.729391, -0.025169, -2.329155, 0.333328, 0.081627, 1.223941, -2.050521, 0.090739, 0.874311]}