{"hc3d": [[-0.000859, -0.218327, 0.038644], [0.081108, -0.315081, 0.034987], [-0.081019, -0.31449, 0.037659], [-0.003153, -0.103712, 0.004394], [0.111926, -0.676933, 0.199243], [-0.141997, -0.716736, 0.032712], [-0.001673, 0.025649, 0.023051], [0.102244, -1.063172, 0.016046], [-0.091036, -1.131379, -0.062179], [-0.002277, 0.070194, 0.064533], [0.147826, -1.135944, 0.125635], [-0.148211, -1.189425, 0.052552], [-0.009467, 0.292717, 0.063649], [0.079739, 0.202418, 0.057867], [-0.09206, 0.196801, 0.051961], [-0.007969, 0.342798, 0.122095], [0.180844, 0.192133, 0.054026], [-0.19405, 0.183569, 0.079356], [0.253706, -0.053391, -0.039362], [-0.270379, -0.070103, 0.118862], [0.245758, -0.309856, 0.019162], [-0.336863, -0.313141, 0.208584], [0.258634, -0.393769, 0.04785], [-0.357856, -0.393655, 0.239299]], "im2d": [[0.005801, -0.095479], [-0.064435, 0.017061], [0.066759, 0.00564], [0.040184, -0.216744], [-0.234617, 0.392692], [0.097033, 0.44626], [0.032488, -0.362255], [-0.111308, 0.846628], [0.102369, 0.921682], [0.004352, -0.417881], [-0.235534, 0.912791], [0.059536, 0.964238], [0.023946, -0.663684], [-0.050258, -0.557473], [0.094977, -0.56133], [-0.018367, -0.727918], [-0.131014, -0.539073], [0.157347, -0.557503], [-0.134904, -0.249052], [0.175449, -0.288673], [-0.187454, 0.024272], [0.148271, -0.038748], [-0.224545, 0.113206], [0.137673, 0.04396]], "theta": [1.115891, 0.006057, 0.132764, 1.142131, 0.237322, -2.919768, -0.435948, -0.207152, 0.036179, -0.036877, -0.09542, -0.057145, 0.18262, 0.021508, 0.017577, 0.749213, 0.124391, -0.103251, 0.147462, 0.080201, 0.134231, 0.01005, -0.024174, 0.028906, -0.194872, 0.227217, 0.008288, -0.11862, -0.253772, 0.088107, 0.022442, 0.007957, -0.020652, 0.001072, -0.000143, -0.002448, 0.000989, 0.00078, -0.003052, -0.057736, -0.098634, -0.074472, 0.018363, -0.105937, -0.495573, -0.008999, 0.392824, 0.404294, 0.093294, -0.01895, 0.005266, 0.282806, -0.080568, -0.817727, 0.01539, 0.263974, 0.683062, 0.242636, -0.525962, -0.088622, -0.222411, 0.09, 0.027622, 0.170751, -0.139675, 0.338586, -0.176521, 0.128946, -0.120299, 0.111934, 0.045409, -0.414544, 0.111516, -0.04039, 0.41813, 0.702135, -0.729391, -0.025169, -2.329155, 0.333328, 0.081627, 1.223941, -2.050521, 0.090739, 0.874311]}