{"hc3d": [[-0.000859, -0.218327, 0.038644], [0.081108, -0.315081, 0.034987], [-0.081019, -0.31449, 0.037659], [-0.003153, -0.103712, 0.004394], [0.086973, -0.651608, 0.248486], [-0.148394, -0.715093, 0.014803], [-0.002159, 0.024928, 0.027531], [0.137169, -1.052873, 0.109551], [-0.10472, -1.124855, -0.102321], [-0.001263, 0.069765, 0.068692], [0.158757, -1.111322, 0.234054], [-0.160884, -1.176223, 0.016037], [-0.007062, 0.292244, 0.074899], [0.081179, 0.201725, 0.062058], [-0.090737, 0.197138, 0.064337], [-0.003985, 0.342048, 0.13352], [0.182011, 0.190952, 0.054337], [-0.190881, 0.186068, 0.098634], [0.260317, -0.048547, -0.049685], [-0.274583, -0.062296, 0.153819], [0.236444, -0.300799, 0.021459], [-0.328553, -0.290964, 0.281628], [0.245354, -0.382535, 0.057094], [-0.352094, -0.362513, 0.328462]], "im2d": [[0.005805, -0.095481], [-0.064431, 0.017063], [0.066766, 0.00564], [0.040188, -0.21675], [-0.249721, 0.355522], [0.115882, 0.446836], [0.029475, -0.362198], [-0.209803, 0.822995], [0.144236, 0.919877], [0.000365, -0.418001], [-0.324716, 0.86951], [0.098232, 0.954569], [0.013471, -0.664776], [-0.054638, -0.557283], [0.084593, -0.563558], [-0.030288, -0.728632], [-0.132279, -0.537759], [0.140378, -0.563072], [-0.132278, -0.252376], [0.153042, -0.302996], [-0.181005, 0.013331], [0.087744, -0.074034], [-0.219942, 0.098535], [0.067624, -0.003882]], "theta": [1.115926, 0.006061, 0.132765, 1.142136, 0.237319, -2.919774, -0.571121, -0.348613, 0.024977, 0.006781, -0.094904, -0.075222, 0.217845, 0.055034, 0.024045, 0.78956, 0.031128, -0.069814, 0.152986, 0.120897, 0.139974, -0.031547, -0.012742, 0.023441, -0.184381, 0.201842, 0.057551, -0.200443, -0.248664, 0.040425, 0.060299, 0.008757, -0.033028, 0.001745, -0.000467, -0.003187, 0.001023, 0.000331, -0.002506, -0.08258, -0.110632, -0.057468, 0.027098, -0.11816, -0.493629, -0.009394, 0.410906, 0.376451, 0.09862, -0.016303, 0.042842, 0.266535, -0.06324, -0.77536, -0.024279, 0.293057, 0.639565, 0.314461, -0.652428, -0.121805, -0.217031, 0.201048, 0.028476, 0.245296, -0.140046, 0.363495, -0.052994, 0.149146, -0.210144, 0.112337, 0.045862, -0.414721, 0.112033, -0.040419, 0.418586, 0.702135, -0.729391, -0.025169, -2.329155, 0.333328, 0.081627, 1.223941, -2.050521, 0.090739, 0.874311]}