{"hc3d": [[-0.000859, -0.218327, 0.038644], [0.081108, -0.315081, 0.034987], [-0.081019, -0.31449, 0.037659], [-0.003153, -0.103712, 0.004394], [0.045419, -0.652022, 0.2449], [-0.165779, -0.711715, 0.013738], [-0.002785, 0.025419, 0.024629], [0.089004, -1.055722, 0.110875], [-0.143704, -0.973163, -0.324918], [-9e-06, 0.070063, 0.065916], [0.096698, -1.093512, 0.244651], [-0.198577, -1.071419, -0.240441], [-0.0002, 0.292524, 0.074856], [0.08551, 0.200045, 0.059159], [-0.086387, 0.199624, 0.06488], [-0.001063, 0.347737, 0.128495], [0.186011, 0.185694, 0.053137], [-0.184687, 0.193554, 0.105227], [0.259289, -0.057295, -0.04636], [-0.259434, -0.050729, 0.185693], [0.239839, -0.310373, 0.023177], [-0.310373, -0.262698, 0.34065], [0.242943, -0.393529, 0.056427], [-0.343245, -0.317438, 0.402211]], "im2d": [[0.005812, -0.095484], [-0.064427, 0.017065], [0.066776, 0.00564], [0.040195, -0.216759], [-0.212911, 0.353901], [0.131179, 0.442184], [0.032209, -0.362345], [-0.171396, 0.822896], [0.352798, 0.784661], [0.001445, -0.417837], [-0.280677, 0.844293], [0.328504, 0.876431], [0.007885, -0.66467], [-0.056111, -0.554726], [0.080762, -0.566133], [-0.028572, -0.733974], [-0.134973, -0.531537], [0.13077, -0.571985], [-0.13445, -0.243317], [0.11728, -0.319756], [-0.185649, 0.023847], [0.030023, -0.113232], [-0.218104, 0.110621], [0.007459, -0.064506]], "theta": [1.115977, 0.006067, 0.132766, 1.142141, 0.237315, -2.919781, -0.578609, -0.402399, -0.070299, 0.003708, -0.118724, -0.119994, 0.195499, 0.078164, 0.029548, 0.786195, -0.051813, -0.079753, 0.788982, 0.172252, 0.092803, -0.003757, -0.016589, -0.002896, -0.316406, 0.272016, 0.173559, -0.336451, -0.199545, -0.008113, 0.06864, 0.0034, -0.03651, 0.001927, -0.000817, -0.003133, 0.000778, -8.6e-05, -0.001713, -0.187771, -0.215469, -0.027602, 0.023483, -0.159218, -0.494587, -0.056657, 0.454396, 0.344706, 0.15695, -0.059288, 0.060402, 0.212821, -0.049315, -0.760462, -0.031278, 0.350763, 0.660072, 0.32262, -0.611725, -0.121525, -0.240756, 0.200697, -0.027836, 0.208316, -0.187675, 0.292058, -0.000816, 0.188995, -0.386251, 0.112554, 0.046543, -0.414864, 0.112335, -0.041624, 0.418899, 0.702135, -0.729391, -0.025169, -2.329155, 0.333328, 0.081627, 1.223941, -2.050521, 0.090739, 0.874311]}