{"hc3d": [[-0.000859, -0.218327, 0.038644], [0.081108, -0.315081, 0.034987], [-0.081019, -0.31449, 0.037659], [-0.003153, -0.103712, 0.004394], [0.046384, -0.682537, 0.185444], [-0.154928, -0.714178, 0.05585], [-0.002063, 0.026053, 0.020024], [0.073664, -1.093261, 0.069698], [-0.12972, -0.940259, -0.307168], [0.000132, 0.070907, 0.061119], [0.077862, -1.139602, 0.200916], [-0.186801, -1.052829, -0.244948], [-0.002753, 0.293529, 0.061421], [0.084088, 0.201553, 0.04941], [-0.087799, 0.199275, 0.05497], [0.000835, 0.348579, 0.115113], [0.184161, 0.184763, 0.042606], [-0.186467, 0.188909, 0.093505], [0.256025, -0.061238, -0.050302], [-0.255468, -0.059782, 0.165116], [0.2376, -0.314987, 0.017037], [-0.307756, -0.287685, 0.294975], [0.240106, -0.399169, 0.047649], [-0.336479, -0.351304, 0.349696]], "im2d": [[0.005812, -0.095484], [-0.064427, 0.017065], [0.066776, 0.00564], [0.040195, -0.216759], [-0.170712, 0.396867], [0.090406, 0.439052], [0.03512, -0.362283], [-0.129979, 0.86973], [0.329868, 0.746496], [0.004992, -0.418013], [-0.234962, 0.900735], [0.323313, 0.857375], [0.020158, -0.663854], [-0.047513, -0.554967], [0.089365, -0.564299], [-0.020005, -0.732703], [-0.125576, -0.528992], [0.140789, -0.565153], [-0.129031, -0.238562], [0.128989, -0.306319], [-0.179455, 0.029748], [0.060809, -0.078401], [-0.209493, 0.118027], [0.039471, -0.018551]], "theta": [1.115978, 0.006067, 0.132766, 1.142141, 0.237315, -2.919781, -0.412943, -0.349626, -0.108928, -0.096062, -0.096533, -0.086602, 0.159871, 0.060033, 0.021854, 0.578463, -0.125672, -0.026618, 0.9914, 0.11374, 0.056865, 0.02646, -0.009765, 0.007728, -0.231808, 0.289596, 0.098104, -0.24996, -0.204258, 0.024506, 0.034434, 0.016337, -0.030958, 0.001506, -0.000554, -0.002661, 0.000924, 0.000257, -0.002303, -0.149211, -0.131518, -0.052331, 0.032156, -0.151726, -0.531567, -0.053512, 0.442445, 0.391301, 0.159647, -0.007378, 0.024365, 0.24693, -0.061308, -0.744591, 0.002356, 0.309166, 0.6726, 0.295174, -0.574768, -0.121575, -0.18329, 0.12735, 0.001061, 0.1998, -0.179642, 0.269187, -0.044285, 0.206718, -0.331264, 0.112234, 0.04597, -0.414485, 0.112134, -0.041003, 0.418601, 0.702135, -0.729391, -0.025169, -2.329155, 0.333328, 0.081627, 1.223941, -2.050521, 0.090739, 0.874311]}