{"hc3d": [[-0.000859, -0.218327, 0.038644], [0.081108, -0.315081, 0.034987], [-0.081019, -0.31449, 0.037659], [-0.003153, -0.103712, 0.004394], [0.056578, -0.701428, 0.129859], [-0.14778, -0.711711, 0.095128], [-0.00159, 0.026282, 0.017941], [0.059371, -1.116786, 0.028343], [-0.112286, -0.942038, -0.264344], [-2.7e-05, 0.071636, 0.058512], [0.070128, -1.169937, 0.156571], [-0.172829, -1.060194, -0.217701], [-0.003828, 0.294145, 0.05186], [0.083469, 0.202216, 0.043296], [-0.088441, 0.199371, 0.047783], [0.002459, 0.348065, 0.106444], [0.182995, 0.183794, 0.033396], [-0.187915, 0.185662, 0.083064], [0.250459, -0.066242, -0.05171], [-0.250507, -0.068532, 0.139667], [0.243117, -0.322182, 0.009144], [-0.302169, -0.308694, 0.245452], [0.250128, -0.407511, 0.0356], [-0.325382, -0.380868, 0.291483]], "im2d": [[0.005812, -0.095484], [-0.064427, 0.017065], [0.066776, 0.00564], [0.040195, -0.21676], [-0.138329, 0.426998], [0.055098, 0.430684], [0.036315, -0.362182], [-0.088469, 0.901198], [0.283192, 0.742918], [0.007129, -0.418423], [-0.196986, 0.9406], [0.290885, 0.862159], [0.028279, -0.663118], [-0.042361, -0.554789], [0.095311, -0.563329], [-0.014839, -0.730685], [-0.117739, -0.526568], [0.149651, -0.560042], [-0.123691, -0.233179], [0.143568, -0.292394], [-0.178464, 0.039265], [0.092288, -0.047171], [-0.209139, 0.129742], [0.072468, 0.023821]], "theta": [1.115979, 0.006067, 0.132766, 1.142141, 0.237315, -2.919781, -0.264599, -0.26018, -0.117189, -0.191141, -0.083078, -0.064939, 0.143615, 0.042105, 0.017165, 0.386894, -0.153219, 0.003245, 1.077156, 0.039786, 0.035244, 0.030275, -0.004881, 0.014283, -0.160295, 0.300812, 0.041639, -0.144703, -0.216884, 0.07011, 0.0155, 0.024032, -0.030692, -0.000376, 0.000668, -0.000537, 0.001357, 0.001873, -0.005041, -0.099164, -0.080238, -0.068182, 0.040418, -0.11247, -0.559246, -0.055708, 0.419619, 0.433943, 0.168894, 0.006702, 0.00479, 0.250834, -0.090767, -0.733189, 0.053759, 0.268442, 0.705866, 0.257639, -0.494282, -0.116305, -0.136525, 0.083196, 0.011931, 0.153281, -0.165421, 0.265134, -0.102143, 0.211041, -0.2595, 0.110672, 0.044343, -0.412615, 0.110636, -0.039378, 0.417383, 0.702135, -0.729391, -0.025169, -2.329155, 0.333328, 0.081627, 1.223941, -2.050521, 0.090739, 0.874311]}