{"hc3d": [[-0.000892, -0.218188, 0.038207], [0.080776, -0.314873, 0.034354], [-0.080748, -0.314276, 0.037012], [-0.003196, -0.103663, 0.004268], [0.128137, -0.703615, 0.113246], [-0.124724, -0.716048, 0.09087], [-0.000216, 0.024633, 0.029976], [0.081029, -1.061598, -0.117362], [-0.080622, -1.127183, -0.024232], [-0.000607, 0.07064, 0.069703], [0.159001, -1.129632, -0.024022], [-0.121657, -1.187745, 0.096104], [-0.005398, 0.292875, 0.058419], [0.082764, 0.201402, 0.057313], [-0.088792, 0.197332, 0.05053], [-0.00506, 0.345062, 0.115422], [0.182069, 0.190619, 0.038717], [-0.191833, 0.184084, 0.0732], [0.25579, -0.068736, -0.004683], [-0.255957, -0.075952, 0.059085], [0.311967, -0.316717, 0.064545], [-0.329641, -0.330701, 0.096754], [0.348041, -0.395838, 0.086213], [-0.355998, -0.415044, 0.104286]], "im2d": [[0.024642, -0.10023], [0.026234, 0.020926], [0.013257, -0.009202], [0.071369, -0.223947], [-0.08962, 0.450559], [-0.081566, 0.419899], [0.053351, -0.365952], [0.134515, 0.850778], [0.015822, 0.886964], [0.012949, -0.419256], [0.03034, 0.933089], [-0.12513, 0.937624], [0.043048, -0.663171], [0.042417, -0.546746], [0.038913, -0.572919], [-0.01598, -0.724321], [0.068378, -0.515617], [0.006265, -0.578641], [0.100267, -0.214683], [-0.002992, -0.303987], [0.00701, 0.062779], [-0.069879, -0.040459], [-0.021147, 0.154627], [-0.086665, 0.046778]], "theta": [1.114214, 0.023009, 0.128232, 2.329863, 0.25973, -2.189821, -0.227981, 0.004558, 0.035319, -0.17205, -0.02089, -0.011027, 0.23446, -0.020194, 0.003665, 0.687166, 0.110153, -0.064077, 0.319606, 0.104099, 0.104122, -0.075486, 0.000863, 0.023722, -0.311187, 0.281804, 0.118408, -0.138902, -0.230885, 0.096644, 0.008428, 0.019069, -0.014154, -0.002172, 0.001535, 0.001949, 0.002356, 0.00322, -0.008464, -0.038384, -0.053376, -0.015372, 0.028822, 0.055271, -0.52155, -0.007756, 0.350376, 0.433886, 0.056329, -0.083208, 0.050295, 0.106669, -0.246384, -0.733969, 0.215392, 0.15878, 0.825165, 0.107731, -0.294891, -0.052427, -0.024102, 0.044292, -0.045765, 0.309335, -0.080269, 0.297753, 0.117364, 0.063258, -0.093403, 0.109217, 0.043664, -0.410004, 0.109982, -0.037416, 0.417148, 0.715497, -0.666208, -0.02909, -2.321213, 0.332912, 0.075585, 1.214821, -2.007176, 0.100043, 0.895489]}