{"hc3d": [[-0.000891, -0.218702, 0.038574], [0.080979, -0.315493, 0.034887], [-0.080962, -0.314893, 0.037566], [-0.003188, -0.104007, 0.004313], [0.055082, -0.625532, 0.283575], [-0.170722, -0.707965, 0.090332], [-0.002545, 0.023908, 0.032528], [0.09042, -0.95093, 0.008931], [-0.13586, -1.02325, -0.197129], [0.001368, 0.066259, 0.076173], [0.120287, -1.010503, 0.131128], [-0.191828, -1.100877, -0.094018], [0.005664, 0.287563, 0.099674], [0.089283, 0.194739, 0.076738], [-0.082404, 0.197172, 0.084731], [0.001572, 0.337384, 0.158379], [0.189097, 0.177073, 0.06941], [-0.180665, 0.18728, 0.12426], [0.231351, -0.069563, -0.038203], [-0.240933, -0.052264, 0.227173], [0.204101, -0.310472, 0.063743], [-0.265733, -0.23222, 0.423229], [0.220929, -0.386813, 0.107495], [-0.288301, -0.284415, 0.491252]], "im2d": [[-0.002991, -0.060545], [-0.095543, 0.047763], [0.079183, 0.049273], [0.016729, -0.185516], [-0.165522, 0.366494], [0.138778, 0.487196], [0.013338, -0.333278], [-0.130066, 0.767259], [0.179502, 0.878175], [-0.003111, -0.386562], [-0.205834, 0.818622], [0.202159, 0.953624], [-0.004081, -0.639074], [-0.091975, -0.532849], [0.09166, -0.533921], [-0.016433, -0.702545], [-0.198691, -0.513567], [0.184646, -0.526198], [-0.221757, -0.222666], [0.20366, -0.268115], [-0.238293, 0.036565], [0.156577, -0.089451], [-0.274916, 0.116878], [0.15591, -0.038791]], "theta": [1.134461, -0.001746, 0.165332, 0.460721, 0.167305, -3.072716, -0.692757, -0.379269, -0.030344, -0.180839, -0.071863, -0.123815, 0.256827, 0.076478, 0.030077, 1.259245, 0.132266, -0.161156, 0.806703, 0.049422, 0.118974, -0.008544, 0.000505, -0.013807, -0.507551, 0.238921, 0.182559, -0.378257, -0.135239, -0.027296, 0.079146, -0.004454, -0.044894, 0.000904, -0.000321, -0.002069, 0.001175, 0.000536, -0.003966, -0.15024, -0.295575, -0.007504, 0.005594, -0.176336, -0.507755, -0.03348, 0.442495, 0.373877, 0.236982, -0.115297, 0.046282, 0.211701, -0.085292, -0.840264, -0.098754, 0.511321, 0.58008, 0.085903, -0.717104, -0.05213, -0.472172, 0.327583, -0.047984, 0.090823, -0.159973, 0.461918, -0.158468, 0.152926, -0.310154, 0.112115, 0.045931, -0.413843, 0.11194, -0.039167, 0.419514, 0.697574, -0.723097, 0.006042, -2.293207, 0.32214, 0.066561, 1.242829, -2.048772, 0.1159, 0.858782]}