{"hc3d": [[-0.000891, -0.218702, 0.038574], [0.080979, -0.315493, 0.034887], [-0.080962, -0.314893, 0.037566], [-0.003188, -0.104007, 0.004313], [0.050399, -0.637155, 0.26778], [-0.16774, -0.708263, 0.093031], [-0.002055, 0.024389, 0.030238], [0.074899, -0.968391, -0.001002], [-0.135237, -0.985348, -0.231655], [0.001898, 0.066639, 0.073976], [0.105938, -1.028303, 0.120736], [-0.188839, -1.076584, -0.138956], [0.004928, 0.288332, 0.093706], [0.089098, 0.195599, 0.072482], [-0.082613, 0.19721, 0.080174], [0.001979, 0.339826, 0.151019], [0.188869, 0.177575, 0.065454], [-0.180733, 0.185356, 0.119512], [0.232828, -0.0711, -0.036641], [-0.239695, -0.056808, 0.2169], [0.208422, -0.313193, 0.063199], [-0.273108, -0.259285, 0.388143], [0.223166, -0.390007, 0.106876], [-0.296668, -0.319636, 0.448669]], "im2d": [[-0.002936, -0.060557], [-0.095507, 0.047801], [0.07928, 0.049292], [0.016779, -0.185576], [-0.155792, 0.381826], [0.134804, 0.48732], [0.013617, -0.333652], [-0.110746, 0.788741], [0.192412, 0.840052], [-0.002925, -0.386851], [-0.187678, 0.840556], [0.21525, 0.932147], [-0.001287, -0.639399], [-0.090357, -0.533452], [0.093425, -0.53358], [-0.014347, -0.70462], [-0.197179, -0.513786], [0.186252, -0.52363], [-0.22399, -0.221199], [0.20557, -0.261823], [-0.242957, 0.039685], [0.174852, -0.054437], [-0.277324, 0.120608], [0.177317, 0.006397]], "theta": [1.134868, -0.001696, 0.165342, 0.460797, 0.167241, -3.072821, -0.646691, -0.359637, -0.057711, -0.18646, -0.066874, -0.116341, 0.239184, 0.081159, 0.025976, 1.190897, 0.119299, -0.149995, 0.93607, 0.055246, 0.102384, 0.011221, -0.001963, -0.007953, -0.493862, 0.263368, 0.172324, -0.37186, -0.126092, -0.01412, 0.05939, -0.006521, -0.040906, 0.000924, -0.000299, -0.002152, 0.001132, 0.000667, -0.003904, -0.163629, -0.27723, -0.017445, 0.00387, -0.177367, -0.515744, -0.036778, 0.446773, 0.393908, 0.230179, -0.107192, 0.039173, 0.209017, -0.085379, -0.83104, -0.085802, 0.475774, 0.591775, 0.085951, -0.686587, -0.05984, -0.451525, 0.222088, -0.016144, 0.067989, -0.181708, 0.435042, -0.186189, 0.158361, -0.289949, 0.11206, 0.045946, -0.413875, 0.111868, -0.039467, 0.419314, 0.697574, -0.723097, 0.006042, -2.293207, 0.32214, 0.066561, 1.242829, -2.048772, 0.1159, 0.858782]}