{"hc3d": [[-0.000872, -0.218338, 0.038364], [0.080936, -0.315157, 0.034577], [-0.080865, -0.314566, 0.03724], [-0.003173, -0.103637, 0.004275], [0.16153, -0.666144, 0.208395], [-0.131395, -0.703009, -0.077416], [-0.000325, 0.021778, 0.041771], [0.03715, -1.076545, 0.218228], [-0.146642, -1.08496, -0.273802], [-0.002339, 0.067575, 0.081805], [0.161319, -1.077616, 0.28176], [-0.099819, -1.119318, -0.145347], [-0.01964, 0.289532, 0.074067], [0.073708, 0.203239, 0.073487], [-0.097319, 0.189493, 0.062737], [-0.018754, 0.344891, 0.127895], [0.168117, 0.207332, 0.036035], [-0.198933, 0.17825, 0.092226], [0.214762, -0.03324, -0.084929], [-0.285524, -0.068685, 0.152012], [0.361416, -0.251941, -0.070264], [-0.20105, -0.20996, 0.363611], [0.430854, -0.305462, -0.089199], [-0.179392, -0.23168, 0.446916]], "im2d": [[0.015996, -0.096542], [0.022601, 0.026355], [0.001955, -0.00658], [0.061394, -0.221499], [-0.18547, 0.42004], [0.097452, 0.415939], [0.028555, -0.360615], [-0.237853, 0.846109], [0.288051, 0.842215], [-0.013035, -0.413274], [-0.2949, 0.868945], [0.148146, 0.883195], [0.008719, -0.660397], [0.013738, -0.546934], [0.00601, -0.565299], [-0.047229, -0.723649], [0.065966, -0.530891], [-0.038645, -0.574534], [0.189145, -0.251352], [-0.131296, -0.323067], [0.17409, 0.017572], [-0.366694, -0.160994], [0.199103, 0.09112], [-0.45834, -0.136766]], "theta": [1.118377, 0.015175, 0.132015, 2.390885, 0.26042, -2.155222, -0.510056, 0.191309, 0.081588, 0.259314, 0.088646, -0.014058, 0.327848, -0.006968, 0.00543, 0.463829, 0.292353, -0.209306, 0.087223, 0.437482, 0.046521, -0.163751, -0.033391, 0.042275, -0.470485, 0.404752, 0.340138, -0.476942, 0.044849, 0.00545, 0.021654, 0.029751, 0.029144, -0.000497, 0.000416, 0.000718, 0.001387, 0.000656, -0.00382, -0.116832, -0.04755, -0.089529, -0.051246, 0.27607, -0.463516, 0.031281, 0.421621, 0.339798, 0.02181, -0.111537, 0.04414, 0.140159, 0.045221, -0.889206, 0.31416, 0.418599, 0.605833, -0.374205, -0.470986, 0.153104, 0.033485, 0.846869, -0.165012, 0.182381, -0.04595, 0.535875, 0.265129, 0.220339, -0.414122, 0.110977, 0.044463, -0.413746, 0.112563, -0.037096, 0.418733, 0.730914, -0.674841, -0.012405, -2.348258, 0.326026, 0.09473, 1.232992, -2.019125, 0.090553, 0.881579]}