{"hc3d": [[-0.000879, -0.218384, 0.038508], [0.081024, -0.315155, 0.034774], [-0.080979, -0.314571, 0.037447], [-0.003173, -0.103747, 0.004345], [0.091846, -0.710708, 0.084262], [-0.161555, -0.707082, 0.109243], [-0.001407, 0.025778, 0.022529], [0.048266, -1.133766, 0.038451], [-0.087378, -0.957749, -0.230364], [-0.001689, 0.072732, 0.061299], [0.10799, -1.16066, 0.161307], [-0.147227, -1.070631, -0.171378], [-0.015318, 0.294311, 0.044745], [0.076052, 0.206062, 0.040502], [-0.095647, 0.195782, 0.044701], [-0.003892, 0.349366, 0.097387], [0.176384, 0.204794, 0.023804], [-0.193029, 0.177724, 0.08369], [0.28196, -0.041769, -0.025466], [-0.242201, -0.08216, 0.126019], [0.281867, -0.259759, 0.121993], [-0.270446, -0.325722, 0.232874], [0.297193, -0.331413, 0.17353], [-0.282194, -0.401687, 0.277044]], "im2d": [[0.01487, -0.107946], [-0.000801, 0.014099], [0.022635, -0.019446], [0.060317, -0.229722], [-0.083155, 0.441442], [-0.069105, 0.384027], [0.048745, -0.37189], [-0.054096, 0.896867], [0.27419, 0.70404], [0.009447, -0.426703], [-0.200192, 0.926334], [0.211765, 0.808999], [0.044573, -0.668688], [0.02849, -0.553949], [0.051105, -0.577786], [-0.011285, -0.731278], [0.030396, -0.530744], [0.023009, -0.581532], [0.050777, -0.23675], [-0.032707, -0.313049], [-0.125298, -0.014006], [-0.161427, -0.064284], [-0.189029, 0.062012], [-0.212975, 0.011669]], "theta": [1.109566, 0.014281, 0.121097, 2.102877, 0.298947, -2.423431, -0.151308, -0.02642, -0.054601, -0.234948, -0.12363, -0.095049, 0.178294, 0.028476, 0.015812, 0.132573, -0.04945, -0.033, 1.066103, 0.009089, 0.108865, -0.044561, -0.014418, 0.03314, -0.232359, 0.315229, 0.13714, -0.219975, -0.182851, 0.067574, 0.009647, 0.052667, -0.00696, -0.004119, 0.002929, 0.00398, 0.002653, 0.005042, -0.011057, -0.06916, 0.061478, -0.085366, 0.037571, -0.014282, -0.444199, -0.025332, 0.451779, 0.44365, 0.093743, -0.011507, -0.005286, 0.207546, -0.226679, -0.719466, 0.21212, 0.259188, 0.747891, 0.345919, -0.742497, -0.078367, 0.122504, 0.124958, -0.040098, 0.328036, -0.064181, 0.251942, 0.216868, 0.153894, -0.214064, 0.107748, 0.042343, -0.408102, 0.108331, -0.035504, 0.415918, 0.705857, -0.714638, -0.017267, -2.325433, 0.350926, 0.100218, 1.244636, -2.032665, 0.09881, 0.902259]}