{"hc3d": [[-0.000879, -0.218384, 0.038508], [0.081024, -0.315155, 0.034774], [-0.080979, -0.314571, 0.037447], [-0.003173, -0.103747, 0.004345], [0.098126, -0.712727, 0.008841], [-0.184251, -0.669694, 0.207549], [-0.000252, 0.025897, 0.021508], [0.05111, -1.115823, -0.126356], [-0.128466, -1.084434, 0.115094], [-0.002226, 0.073003, 0.060043], [0.096692, -1.16142, -0.002959], [-0.206212, -1.139374, 0.218732], [-0.016746, 0.295143, 0.059797], [0.075514, 0.207853, 0.055038], [-0.095967, 0.196602, 0.046589], [-0.009942, 0.347463, 0.115914], [0.176656, 0.216214, 0.048147], [-0.200514, 0.188623, 0.064914], [0.3321, 0.006792, -0.03152], [-0.284674, -0.064207, 0.037654], [0.185774, -0.168437, 0.099428], [-0.310328, -0.301136, 0.159083], [0.148423, -0.219366, 0.162961], [-0.327295, -0.37815, 0.199585]], "im2d": [[0.01499, -0.108005], [-0.000667, 0.014138], [0.022785, -0.019451], [0.06044, -0.229878], [-0.001444, 0.452499], [-0.170528, 0.329649], [0.049766, -0.371942], [0.127633, 0.894404], [-0.105803, 0.800869], [0.010969, -0.427271], [-0.018102, 0.941366], [-0.21044, 0.834997], [0.028367, -0.671791], [0.01278, -0.557772], [0.049179, -0.579334], [-0.030787, -0.732704], [0.004445, -0.545791], [0.045558, -0.593513], [0.052593, -0.279], [0.072324, -0.332893], [-0.078833, -0.130499], [-0.072389, -0.092015], [-0.145801, -0.088735], [-0.119156, -0.015558]], "theta": [1.110374, 0.014379, 0.121115, 2.103021, 0.298827, -2.423628, 0.038988, -0.030763, -0.041478, -0.499786, -0.129261, -0.13898, 0.1695, -0.014147, 0.004857, 0.149284, -0.157828, -0.082728, 0.623492, -0.019606, 0.16757, -0.039955, -0.026491, 0.040785, -0.299087, 0.325834, 0.13449, -0.135062, -0.29054, 0.053341, 0.090312, 0.037046, 0.011322, -0.004605, 0.003222, 0.004521, 0.002713, 0.005222, -0.011425, -0.099143, 0.020552, -0.109793, 0.054644, -0.020814, -0.362777, 0.011631, 0.29958, 0.335103, 0.047487, 0.034133, 0.00779, 0.343716, -0.164312, -0.635048, 0.218846, 0.176274, 0.800807, 0.659725, -1.440551, -0.148413, -0.001838, 0.492935, -0.06104, 0.319671, -0.089975, 0.382637, 0.030557, 0.066046, -0.196277, 0.108088, 0.041135, -0.40971, 0.108051, -0.0339, 0.415753, 0.705857, -0.714638, -0.017267, -2.325433, 0.350926, 0.100218, 1.244636, -2.032665, 0.09881, 0.902259]}