{"hc3d": [[-0.000879, -0.218384, 0.038508], [0.081024, -0.315155, 0.034774], [-0.080979, -0.314571, 0.037447], [-0.003173, -0.103747, 0.004345], [0.096183, -0.698932, -0.072528], [-0.145465, -0.663736, 0.236539], [0.000266, 0.025464, 0.024428], [0.065258, -1.046785, -0.319545], [-0.099966, -1.067245, 0.373576], [-0.004196, 0.069204, 0.066556], [0.121597, -1.127187, -0.220828], [-0.168824, -1.091523, 0.493879], [-0.021612, 0.290887, 0.077053], [0.071911, 0.20496, 0.072134], [-0.098834, 0.192319, 0.055104], [-0.019661, 0.338524, 0.137548], [0.173118, 0.215162, 0.072394], [-0.204177, 0.183124, 0.067268], [0.34273, 0.02049, -0.015366], [-0.298402, -0.063542, 0.022249], [0.164872, -0.133743, 0.102287], [-0.298743, -0.271158, 0.190872], [0.113504, -0.181462, 0.15805], [-0.31244, -0.336428, 0.249282]], "im2d": [[0.015019, -0.108021], [-0.000636, 0.014147], [0.02282, -0.019453], [0.060472, -0.229918], [0.089069, 0.444988], [-0.208214, 0.328287], [0.046474, -0.371711], [0.341865, 0.840836], [-0.392697, 0.763299], [0.003908, -0.424234], [0.219108, 0.930215], [-0.515034, 0.764277], [0.009958, -0.669916], [-0.005567, -0.557086], [0.040038, -0.576175], [-0.053533, -0.727143], [-0.021634, -0.547776], [0.043221, -0.588606], [0.034085, -0.293346], [0.091524, -0.334976], [-0.076254, -0.172747], [-0.107125, -0.12535], [-0.13222, -0.136551], [-0.173287, -0.06271]], "theta": [1.110579, 0.014403, 0.121119, 2.103049, 0.298804, -2.423667, 0.242033, 0.044926, -0.038686, -0.559742, -0.050356, -0.05377, 0.190451, -0.070116, -0.002527, 0.2511, -0.137962, -0.021636, 0.121703, -0.038459, 0.121647, 0.022712, -0.025059, 0.055005, -0.283076, 0.333661, 0.070043, 0.102745, -0.354937, 0.113268, 0.059971, 0.048396, 0.016802, -0.00301, 0.002071, 0.002717, 0.002546, 0.003674, -0.009014, -0.0732, -0.038704, -0.130985, 0.065564, -0.036547, -0.353965, 0.013587, 0.289471, 0.329159, 0.061527, 0.035044, 0.02933, 0.348991, -0.127511, -0.615398, 0.202857, 0.147245, 0.752032, 0.641782, -1.643121, -0.154626, 0.038322, 0.800107, -0.093426, 0.295913, -0.101086, 0.322217, 0.062605, 0.055855, -0.26103, 0.109689, 0.042522, -0.411726, 0.109295, -0.034908, 0.416913, 0.705857, -0.714638, -0.017267, -2.325433, 0.350926, 0.100218, 1.244636, -2.032665, 0.09881, 0.902259]}