{"hc3d": [[-0.000879, -0.218384, 0.038508], [0.081024, -0.315155, 0.034774], [-0.080979, -0.314571, 0.037447], [-0.003173, -0.103747, 0.004345], [0.103329, -0.695394, -0.083332], [-0.139986, -0.666931, 0.232569], [-0.000846, 0.025965, 0.021073], [0.070175, -1.028811, -0.349245], [-0.091535, -1.084143, 0.317748], [-0.005386, 0.07024, 0.062631], [0.133391, -1.110479, -0.255876], [-0.154327, -1.117568, 0.439171], [-0.02454, 0.291969, 0.067755], [0.069639, 0.206704, 0.063966], [-0.101168, 0.192259, 0.049134], [-0.020768, 0.340823, 0.127184], [0.17076, 0.217609, 0.06236], [-0.206198, 0.182225, 0.063189], [0.330924, 0.020297, -0.036549], [-0.300304, -0.06632, 0.029741], [0.168832, -0.147188, 0.085675], [-0.281663, -0.267268, 0.205271], [0.124439, -0.203559, 0.139312], [-0.29025, -0.327129, 0.270097]], "im2d": [[0.015021, -0.108022], [-0.000634, 0.014147], [0.022822, -0.019453], [0.060474, -0.229921], [0.099992, 0.443623], [-0.204963, 0.333255], [0.050368, -0.372164], [0.374836, 0.825131], [-0.33397, 0.788746], [0.008476, -0.42523], [0.25674, 0.91779], [-0.459132, 0.800792], [0.020703, -0.670801], [0.003876, -0.558666], [0.046961, -0.576015], [-0.041835, -0.728883], [-0.010084, -0.549959], [0.047964, -0.587651], [0.059222, -0.293492], [0.083435, -0.33306], [-0.059574, -0.15573], [-0.125435, -0.127516], [-0.114918, -0.10851], [-0.199104, -0.070341]], "theta": [1.110592, 0.014404, 0.121119, 2.10305, 0.298803, -2.423669, 0.267296, 0.082807, -0.013612, -0.544683, -0.026936, -0.045378, 0.164551, -0.081252, 0.0064, 0.282849, -0.148965, -0.03355, 0.226926, -0.012439, 0.12161, 0.035591, -0.020748, 0.042809, -0.312909, 0.359317, 0.069761, 0.073178, -0.335655, 0.098287, 0.049145, 0.067329, 0.024893, -0.003465, 0.002329, 0.003354, 0.002719, 0.004135, -0.009749, -0.067294, -0.008007, -0.132844, 0.073513, -0.030488, -0.357214, 0.009482, 0.29575, 0.330963, 0.03624, 0.081862, 0.021248, 0.372074, -0.106631, -0.665422, 0.212025, 0.157595, 0.740954, 0.632712, -1.560901, -0.13579, 0.119515, 0.825695, -0.087797, 0.242714, -0.077671, 0.279907, 0.110823, 0.071995, -0.302222, 0.109351, 0.042111, -0.411399, 0.108853, -0.034339, 0.416833, 0.705857, -0.714638, -0.017267, -2.325433, 0.350926, 0.100218, 1.244636, -2.032665, 0.09881, 0.902259]}