{"hc3d": [[-0.000879, -0.218384, 0.038508], [0.081024, -0.315155, 0.034774], [-0.080979, -0.314571, 0.037447], [-0.003173, -0.103747, 0.004345], [0.131597, -0.709666, 0.063614], [-0.11262, -0.711323, 0.12288], [-0.000431, 0.026136, 0.01962], [0.117073, -0.978, -0.269194], [-0.065836, -1.133784, 0.068044], [-0.003058, 0.070398, 0.061357], [0.189769, -1.076078, -0.202264], [-0.114511, -1.191514, 0.186794], [-0.01154, 0.292675, 0.052537], [0.078393, 0.202863, 0.052886], [-0.093139, 0.19583, 0.041428], [-0.009965, 0.34539, 0.108674], [0.179286, 0.191707, 0.046319], [-0.193277, 0.168722, 0.065239], [0.277741, -0.062571, 0.042269], [-0.243106, -0.093332, 0.089612], [0.295531, -0.294243, 0.165863], [-0.284009, -0.344131, 0.173069], [0.310089, -0.371516, 0.208783], [-0.303625, -0.425312, 0.202808]], "im2d": [[0.015023, -0.108023], [-0.000632, 0.014148], [0.022824, -0.019453], [0.060476, -0.229924], [-0.066693, 0.450778], [-0.092076, 0.397592], [0.051908, -0.372133], [0.282809, 0.771663], [-0.067616, 0.871885], [0.009506, -0.424815], [0.191072, 0.886623], [-0.193759, 0.913479], [0.035325, -0.667495], [0.014349, -0.551665], [0.054344, -0.577549], [-0.022991, -0.729906], [0.0044, -0.518529], [0.042718, -0.570559], [-0.024064, -0.221637], [0.006685, -0.29787], [-0.177885, 0.022142], [-0.094845, -0.041286], [-0.232454, 0.105032], [-0.129661, 0.040219]], "theta": [1.110609, 0.014406, 0.121119, 2.103052, 0.298802, -2.423671, -0.099907, -0.010831, 0.044534, -0.250287, -0.00986, 0.018866, 0.154363, -0.03787, 0.00539, 0.87352, 0.048613, -0.016889, 0.255663, 0.069167, 0.073013, 0.046152, -0.016584, 0.040977, -0.269114, 0.292081, 0.044253, -0.026065, -0.283673, 0.091064, -0.019208, 0.029472, -0.01408, -0.003634, 0.002678, 0.003251, 0.002442, 0.004429, -0.009773, -0.066218, -0.01995, -0.050256, 0.035503, -0.043421, -0.524113, 0.001446, 0.40897, 0.538843, 0.105629, -0.036709, 0.020025, 0.137419, -0.352544, -0.627829, 0.180706, 0.266266, 0.679761, 0.259395, -0.448742, -0.09093, 0.031608, 0.100574, -0.018335, 0.344531, -0.11806, 0.193353, 0.038666, 0.095366, -0.186195, 0.108065, 0.04249, -0.40869, 0.108855, -0.036308, 0.41578, 0.705857, -0.714638, -0.017267, -2.325433, 0.350926, 0.100218, 1.244636, -2.032665, 0.09881, 0.902259]}