{"hc3d": [[-0.000824, -0.218935, 0.039101], [0.081539, -0.31595, 0.035643], [-0.081381, -0.315377, 0.038322], [-0.003108, -0.103977, 0.004446], [0.092701, -0.692974, 0.164874], [-0.087156, -0.71152, -0.055074], [0.004412, 0.023822, 0.03086], [0.021205, -1.114922, 0.170667], [-0.132789, -1.004826, -0.36463], [0.009248, 0.071088, 0.069305], [0.091964, -1.108956, 0.290619], [-0.152488, -1.102905, -0.265338], [0.003884, 0.293338, 0.047736], [0.091197, 0.200824, 0.03951], [-0.080708, 0.198218, 0.05598], [0.015518, 0.351786, 0.096525], [0.184268, 0.186021, 0.000535], [-0.183723, 0.1916, 0.083076], [0.196577, -0.022017, -0.175555], [-0.298506, -0.050585, 0.075157], [0.335931, -0.160644, -0.000306], [-0.234184, -0.14737, 0.316239], [0.398431, -0.196658, 0.053122], [-0.222355, -0.159838, 0.40342]], "im2d": [[0.008166, -0.114472], [0.089973, 0.007146], [-0.07668, -0.015133], [0.029984, -0.252061], [0.013241, 0.461459], [-0.044097, 0.422078], [0.027329, -0.392956], [-0.078442, 0.935648], [0.075468, 0.700572], [0.012046, -0.440061], [-0.07503, 0.958171], [-0.004929, 0.826518], [0.027308, -0.698707], [0.117027, -0.582355], [-0.066733, -0.59994], [0.013426, -0.755985], [0.233079, -0.55923], [-0.186885, -0.601854], [0.338331, -0.348483], [-0.307838, -0.341524], [0.37423, -0.14207], [-0.384033, -0.182313], [0.405699, -0.083583], [-0.422325, -0.152075]], "theta": [1.164207, 0.007838, 0.12061, 3.199289, 0.128114, -0.834559, -0.362555, 0.054195, -0.063541, 0.192712, -0.023762, 0.078781, 0.2482, 0.114983, -0.020586, 0.22749, -0.060095, -0.082983, 0.51196, 0.201343, -0.156091, -0.121799, -0.029674, 0.01458, -0.424171, 0.343451, 0.115287, -0.30304, -0.103641, 0.08793, -0.005489, 0.046829, -0.004689, -0.006111, 0.004195, 0.00683, 0.002557, 0.00579, -0.012209, -0.120644, -0.045149, -0.075767, 0.052324, 0.133258, -0.560148, -0.065314, 0.257359, 0.39942, -0.034543, -0.084575, 0.021879, 0.292216, 0.245385, -0.785658, 0.308681, 0.048636, 0.723208, -0.240645, -1.390295, 0.332185, -0.08728, 1.247155, -0.185348, -0.191929, -0.215092, 0.384947, -0.314031, 0.271673, -0.343825, 0.105891, 0.040131, -0.406628, 0.106748, -0.033745, 0.415195, 0.72935, -0.783528, 0.00413, -2.347545, 0.368943, 0.062078, 1.244399, -2.026542, 0.090962, 0.879745]}