{"hc3d": [[-0.000824, -0.218935, 0.039101], [0.081539, -0.31595, 0.035643], [-0.081381, -0.315377, 0.038322], [-0.003108, -0.103977, 0.004446], [0.064138, -0.713395, 0.062241], [-0.126629, -0.704184, 0.149976], [0.002005, 0.024299, 0.029061], [0.000399, -1.135814, 0.036077], [-0.126559, -0.886541, -0.238201], [0.00535, 0.072419, 0.066595], [0.058647, -1.162261, 0.159926], [-0.161556, -1.021644, -0.218484], [0.005635, 0.294154, 0.039715], [0.091366, 0.199825, 0.038246], [-0.081184, 0.200885, 0.04562], [0.016039, 0.346756, 0.095003], [0.188003, 0.185408, 0.009025], [-0.184884, 0.196445, 0.070454], [0.239068, -0.063172, -0.091171], [-0.281291, -0.051894, 0.040038], [0.328104, -0.277213, 0.033764], [-0.268003, -0.245755, 0.224069], [0.376791, -0.340694, 0.074477], [-0.258991, -0.29842, 0.295068]], "im2d": [[0.008238, -0.114509], [0.090086, 0.007158], [-0.076634, -0.015128], [0.030057, -0.252159], [0.042285, 0.46425], [-0.200972, 0.442335], [0.025994, -0.394278], [-0.023281, 0.934954], [0.014149, 0.58709], [0.00974, -0.442727], [-0.03601, 0.99356], [-0.037693, 0.740291], [0.033736, -0.701003], [0.117964, -0.581627], [-0.061188, -0.605], [0.014658, -0.750699], [0.232121, -0.556848], [-0.180709, -0.60987], [0.331832, -0.281844], [-0.270424, -0.343609], [0.342648, -0.004099], [-0.369446, -0.089482], [0.366357, 0.081898], [-0.402876, -0.016246]], "theta": [1.1647, 0.007897, 0.12062, 3.19937, 0.128047, -0.83467, -0.096827, 0.053266, -0.127113, -0.319973, -0.024448, -0.013287, 0.23106, 0.050528, -0.007714, 0.036676, -0.13932, -0.006996, 1.331911, 0.010603, -0.072677, -0.12678, -0.011427, 0.000479, -0.247365, 0.348976, 0.052539, -0.000703, -0.017398, 0.157027, -0.004548, 0.037126, -0.018846, -0.000753, 0.00095, 0.000305, 0.001503, 0.001334, -0.004577, 0.00844, -0.049036, -0.081375, 0.058805, 0.091879, -0.522144, -0.026389, 0.281928, 0.400979, -0.009895, -0.060455, 0.029652, 0.165227, -0.028271, -0.757362, 0.339663, 0.046097, 0.842317, -0.153743, -0.741928, 0.070675, -0.014986, 0.82782, -0.155312, -0.077814, -0.206481, 0.388865, -0.35263, 0.285863, -0.187782, 0.110629, 0.043214, -0.413652, 0.111143, -0.036948, 0.417162, 0.72935, -0.783528, 0.00413, -2.347545, 0.368943, 0.062078, 1.244399, -2.026542, 0.090962, 0.879745]}