{"hc3d": [[-0.000824, -0.218935, 0.039101], [0.081539, -0.31595, 0.035643], [-0.081381, -0.315377, 0.038322], [-0.003108, -0.103977, 0.004446], [0.081484, -0.703023, -0.059999], [-0.090622, -0.678826, 0.221365], [0.004799, 0.02502, 0.024048], [-0.006145, -1.081946, -0.23867], [-0.093177, -1.103687, 0.27986], [0.008042, 0.074123, 0.060295], [0.066358, -1.1072, -0.122323], [-0.102295, -1.108482, 0.420431], [0.021243, 0.29675, 0.04796], [0.102341, 0.198444, 0.050968], [-0.069562, 0.207816, 0.037154], [0.022779, 0.348598, 0.104892], [0.202184, 0.182758, 0.037341], [-0.175732, 0.200626, 0.045301], [0.257456, -0.084376, 0.042212], [-0.219746, -0.037732, -0.069328], [0.287539, -0.250876, 0.244009], [-0.249763, -0.301849, -0.038233], [0.321232, -0.295519, 0.314221], [-0.241847, -0.390353, -0.037811]], "im2d": [[0.008257, -0.114519], [0.090116, 0.007161], [-0.076623, -0.015128], [0.030077, -0.252187], [0.130189, 0.434606], [-0.204315, 0.430014], [0.031739, -0.395594], [0.129225, 0.82715], [-0.256326, 0.92583], [0.01615, -0.445401], [0.135284, 0.885094], [-0.346125, 0.953284], [0.044962, -0.700578], [0.121792, -0.576523], [-0.044296, -0.612826], [0.015917, -0.750346], [0.230251, -0.547281], [-0.156899, -0.617635], [0.273476, -0.233094], [-0.14496, -0.369573], [0.182348, -0.005054], [-0.203112, -0.066069], [0.174697, 0.062218], [-0.198653, 0.036419]], "theta": [1.164838, 0.007912, 0.120622, 3.199387, 0.128034, -0.834694, 0.211187, 0.054984, -0.07595, -0.494929, 0.157903, 0.040593, 0.189537, -0.023196, -0.034243, 0.105217, -0.068017, -0.100031, 0.242385, 0.060458, -0.050616, -0.11509, -0.006818, -0.012738, -0.59336, 0.33903, 0.189858, -0.095667, -0.052721, 0.051637, 0.089765, -0.020297, -0.01211, -0.004708, 0.00351, 0.004431, 0.00251, 0.00521, -0.010758, -0.035097, -0.025667, 0.01408, 0.0272, 0.048779, -0.488927, 0.052857, 0.248347, 0.465732, 0.063277, -0.123527, 0.038285, 0.097248, -0.424895, -0.732756, 0.358328, -0.019861, 1.036247, -0.091625, -0.696931, 0.109877, -0.041248, 0.426701, -0.110434, 0.229363, -0.164509, 0.429936, -0.269106, 0.075164, 0.093829, 0.107211, 0.041387, -0.407964, 0.107893, -0.035678, 0.415006, 0.72935, -0.783528, 0.00413, -2.347545, 0.368943, 0.062078, 1.244399, -2.026542, 0.090962, 0.879745]}