{"hc3d": [[-0.000824, -0.218935, 0.039101], [0.081539, -0.31595, 0.035643], [-0.081381, -0.315377, 0.038322], [-0.003108, -0.103977, 0.004446], [0.141151, -0.708939, 0.066929], [-0.095529, -0.700276, 0.169995], [0.004296, 0.024748, 0.025939], [0.049438, -0.943821, -0.27891], [-0.077958, -1.120581, 0.086504], [0.007014, 0.072609, 0.063852], [0.129881, -1.029386, -0.203819], [-0.102015, -1.180108, 0.21198], [0.017268, 0.294384, 0.03936], [0.099485, 0.19708, 0.044079], [-0.072936, 0.204219, 0.037051], [0.016118, 0.34659, 0.095974], [0.197761, 0.174843, 0.02834], [-0.178289, 0.19578, 0.051867], [0.253618, -0.091873, 0.014878], [-0.230691, -0.04802, -0.046659], [0.292683, -0.289726, 0.184223], [-0.262363, -0.311578, -0.012611], [0.319953, -0.354724, 0.239806], [-0.263065, -0.400247, -0.006857]], "im2d": [[0.008257, -0.11452], [0.090117, 0.007161], [-0.076622, -0.015128], [0.030078, -0.252188], [0.117909, 0.470415], [-0.180728, 0.445436], [0.030137, -0.395041], [0.213798, 0.669877], [-0.130975, 0.91533], [0.013017, -0.443222], [0.24923, 0.79115], [-0.229352, 1.000945], [0.045759, -0.69983], [0.122784, -0.576488], [-0.047794, -0.609186], [0.014187, -0.750424], [0.230616, -0.540306], [-0.163429, -0.611351], [0.284933, -0.229541], [-0.169409, -0.355536], [0.220289, 0.030263], [-0.230906, -0.052406], [0.213723, 0.11756], [-0.238242, 0.049984]], "theta": [1.164844, 0.007913, 0.120622, 3.199388, 0.128033, -0.834695, -0.117057, 0.075602, 0.065786, -0.364222, 0.057941, 0.053026, 0.205249, 0.000822, -0.029052, 0.985925, 0.087952, -0.134001, 0.437791, 0.059496, -0.002399, -0.095521, -0.01711, -0.000202, -0.545869, 0.28627, 0.086751, -0.041393, -0.109861, 0.09094, 0.000646, 0.005863, -0.022234, -0.005147, 0.003834, 0.004879, 0.00248, 0.005292, -0.010928, 0.015258, -0.098063, 0.02574, 0.050663, 0.029893, -0.556804, 0.052575, 0.266875, 0.470669, 0.029449, -0.142119, 0.098774, 0.066144, -0.293827, -0.691457, 0.358081, -0.032092, 1.012211, -0.022738, -0.602798, 0.032809, 0.009731, 0.376493, -0.098562, 0.10157, -0.124376, 0.294666, -0.276219, 0.103103, -0.007383, 0.106677, 0.041565, -0.407179, 0.10749, -0.035838, 0.414855, 0.72935, -0.783528, 0.00413, -2.347545, 0.368943, 0.062078, 1.244399, -2.026542, 0.090962, 0.879745]}