{"hc3d": [[-0.000893, -0.21831, 0.038345], [0.080858, -0.314998, 0.034573], [-0.080842, -0.314409, 0.037236], [-0.003189, -0.103768, 0.004279], [0.151182, -0.659898, 0.221515], [-0.143532, -0.697697, -0.083869], [-0.002807, 0.018289, 0.051342], [0.086259, -1.06888, 0.32725], [-0.127575, -1.078158, -0.279672], [-0.003553, 0.064099, 0.091372], [0.193794, -1.064787, 0.415452], [-0.139904, -1.137772, -0.152904], [-0.01866, 0.285906, 0.085804], [0.07345, 0.198743, 0.079479], [-0.098006, 0.187007, 0.078501], [-0.014186, 0.346448, 0.133311], [0.166502, 0.20574, 0.039247], [-0.1977, 0.177106, 0.114182], [0.217394, -0.03613, -0.075473], [-0.30021, -0.04246, 0.227779], [0.381469, -0.240003, -0.10129], [-0.240874, -0.148986, 0.465615], [0.452075, -0.28249, -0.136263], [-0.224433, -0.161393, 0.551777]], "im2d": [[0.019315, -0.091409], [0.038575, 0.038371], [-0.011411, -0.006347], [0.066544, -0.21869], [-0.178223, 0.437293], [0.069369, 0.404861], [0.025743, -0.355129], [-0.350619, 0.872157], [0.255704, 0.835748], [-0.0145, -0.407002], [-0.416215, 0.895209], [0.106914, 0.896248], [0.00723, -0.657521], [0.033182, -0.535458], [-0.01674, -0.569066], [-0.038412, -0.724488], [0.105295, -0.517145], [-0.086028, -0.585873], [0.224861, -0.232312], [-0.260975, -0.371902], [0.282757, 0.039417], [-0.515629, -0.24186], [0.338071, 0.106517], [-0.606997, -0.225226]], "theta": [1.144387, 0.01777, 0.138434, 2.589468, 0.329029, -1.975867, -0.539256, 0.139358, 0.064798, 0.258547, -0.070093, -0.072114, 0.405819, 0.008833, 0.027081, 0.213874, 0.226182, -0.136596, 0.087053, 0.256839, 0.090439, -0.242682, -0.000648, 0.023217, -0.261059, 0.329872, 0.178161, -0.330314, -0.069843, 0.122069, 0.030015, 0.036027, 0.002978, -0.003584, 0.00273, 0.003258, 0.001584, 0.00381, -0.00804, -0.225047, -0.003679, -0.060682, -0.071128, 0.251914, -0.415016, -0.030483, 0.438083, 0.340666, -0.05829, -0.059729, 0.026742, 0.090138, 0.050219, -0.891935, 0.194861, 0.432406, 0.442325, -0.503492, -0.359797, 0.213992, -0.021622, 0.776792, -0.13621, 0.181179, -0.081523, 0.583346, 0.190956, 0.226474, -0.359062, 0.107595, 0.044056, -0.406801, 0.10994, -0.037537, 0.416423, 0.693514, -0.702071, -0.016444, -2.302272, 0.343492, 0.085802, 1.252782, -2.016511, 0.095645, 0.892712]}