{"hc3d": [[-0.000893, -0.21831, 0.038345], [0.080858, -0.314998, 0.034573], [-0.080842, -0.314409, 0.037236], [-0.003189, -0.103768, 0.004279], [0.099056, -0.713103, 0.040059], [-0.157334, -0.690728, 0.171546], [0.00055, 0.0231, 0.035959], [0.036878, -1.131758, -0.019294], [-0.112211, -0.990405, -0.130946], [-0.000131, 0.068165, 0.076825], [0.115641, -1.158322, 0.092291], [-0.162555, -1.099025, -0.057169], [-0.001224, 0.290428, 0.069349], [0.085514, 0.197715, 0.067774], [-0.086114, 0.19654, 0.058921], [0.000492, 0.346652, 0.122057], [0.18553, 0.18466, 0.055421], [-0.188599, 0.184164, 0.084492], [0.270783, -0.072466, 0.025921], [-0.249122, -0.074989, 0.056234], [0.319706, -0.3094, 0.128971], [-0.316086, -0.331912, 0.086915], [0.353887, -0.385505, 0.161426], [-0.337674, -0.417755, 0.090522]], "im2d": [[0.019316, -0.09141], [0.038576, 0.038371], [-0.01141, -0.006347], [0.066545, -0.218691], [0.001949, 0.485672], [-0.215752, 0.38853], [0.044124, -0.359273], [0.011577, 0.935161], [0.104043, 0.739594], [0.002909, -0.410317], [-0.090954, 0.984011], [-0.001788, 0.845214], [0.030867, -0.657494], [0.049515, -0.530814], [0.009181, -0.576057], [-0.021704, -0.720511], [0.091099, -0.488847], [-0.049992, -0.590682], [0.1253, -0.179317], [-0.059807, -0.3186], [0.004532, 0.095377], [-0.136309, -0.051866], [-0.028169, 0.188649], [-0.154312, 0.037595]], "theta": [1.144395, 0.017771, 0.138434, 2.589469, 0.329029, -1.975868, -0.047733, 0.09331, -0.036664, -0.386847, -0.065248, -0.085013, 0.2817, -0.021683, -0.002835, 0.07743, 0.008692, -0.063413, 1.064176, 0.017289, 0.09599, -0.10007, -0.010847, 0.027733, -0.296387, 0.298807, 0.136646, -0.165122, -0.166016, 0.134493, 0.003586, 0.018762, -0.024824, -0.004543, 0.003428, 0.003809, 0.002557, 0.005638, -0.011582, -0.134466, -0.051622, -0.029913, 0.037522, 0.001163, -0.519331, -0.010832, 0.394233, 0.430489, 0.082175, -0.154579, 0.060299, 0.059917, -0.265862, -0.669684, 0.2599, 0.139576, 0.876036, 0.095518, -0.391525, -0.066808, 0.009628, 0.062735, -0.060368, 0.234469, -0.069536, 0.304343, 0.07449, 0.069369, -0.057299, 0.106652, 0.04235, -0.40606, 0.107429, -0.036738, 0.414619, 0.693514, -0.702071, -0.016444, -2.302272, 0.343492, 0.085802, 1.252782, -2.016511, 0.095645, 0.892712]}