{"hc3d": [[-0.001, -0.218149, 0.037085], [0.07983, -0.31473, 0.032823], [-0.080029, -0.314091, 0.035383], [-0.003334, -0.103571, 0.003676], [0.079748, -0.717136, 0.034342], [-0.13424, -0.687996, 0.196145], [-0.001045, 0.026117, 0.026561], [0.006178, -1.130109, -0.065451], [-0.111314, -0.987672, -0.114007], [0.002089, 0.074818, 0.062476], [0.080028, -1.156986, 0.050342], [-0.15217, -1.098298, -0.035997], [0.003113, 0.296442, 0.047829], [0.088188, 0.202412, 0.043154], [-0.083076, 0.203338, 0.045795], [0.008061, 0.348718, 0.105349], [0.186683, 0.197591, 0.019078], [-0.185836, 0.202514, 0.073204], [0.24969, -0.069587, 0.015925], [-0.233176, -0.055952, 0.013947], [0.283092, -0.302182, 0.138321], [-0.284852, -0.317304, 0.053667], [0.32705, -0.369107, 0.179075], [-0.305478, -0.402661, 0.067357]], "im2d": [[0.01401, -0.139787], [0.043275, -0.024247], [-0.023515, -0.05688], [0.054072, -0.258211], [0.01097, 0.389797], [-0.229065, 0.317303], [0.042844, -0.391154], [0.046009, 0.799826], [0.056449, 0.62967], [0.013184, -0.440572], [-0.038026, 0.842469], [-0.043732, 0.73547], [0.044694, -0.668435], [0.076261, -0.554672], [0.004824, -0.589881], [-0.004805, -0.721128], [0.13878, -0.530052], [-0.063059, -0.60954], [0.146738, -0.242539], [-0.044738, -0.353169], [0.024298, 0.003698], [-0.123874, -0.094515], [-0.002444, 0.08143], [-0.151921, -0.010787]], "theta": [1.048223, 0.014365, 0.084793, 2.701044, 0.258545, -1.786866, -0.031886, 0.062142, -0.084566, -0.438312, 0.017943, -0.039385, 0.206969, 0.024191, 0.013749, 0.151064, -0.050761, -0.054619, 1.126446, -0.044147, 0.036512, -0.112699, -0.005808, -0.030145, -0.398848, 0.348971, 0.137947, -0.129468, -0.042595, 0.01333, 0.050994, 0.029299, -0.005641, -0.004993, 0.004139, 0.003692, -0.000684, 0.003977, -0.005203, -0.010388, -0.111337, -0.058287, 0.076748, 0.083658, -0.437016, -0.015114, 0.326582, 0.35393, -0.067311, -0.085386, 0.106487, 0.080212, -0.465206, -0.797319, 0.336874, 0.100999, 1.087401, 0.027226, -0.369823, -0.071311, -0.036435, 0.185498, -0.149707, 0.341714, -0.049441, 0.489802, 0.11329, 0.097047, -0.143435, 0.105791, 0.042702, -0.407412, 0.107826, -0.041538, 0.414244, 0.773383, -0.499665, -0.056604, -2.30557, 0.297536, 0.10212, 1.236922, -1.984586, 0.06833, 0.905399]}