{"hc3d": [[-0.001, -0.218149, 0.037085], [0.07983, -0.31473, 0.032823], [-0.080029, -0.314091, 0.035383], [-0.003334, -0.103571, 0.003676], [0.083122, -0.712835, -0.025784], [-0.124355, -0.668928, 0.23716], [8.8e-05, 0.025762, 0.028359], [0.009541, -1.125861, -0.12535], [-0.127609, -1.07687, 0.095393], [0.002348, 0.074667, 0.064062], [0.08735, -1.149405, -0.011439], [-0.154528, -1.139121, 0.219462], [0.005514, 0.296691, 0.058773], [0.090029, 0.202198, 0.053354], [-0.081201, 0.20451, 0.049602], [0.009932, 0.349984, 0.115396], [0.189897, 0.200955, 0.035214], [-0.185444, 0.200659, 0.070338], [0.256258, -0.065345, 0.028519], [-0.231528, -0.055369, 0.000459], [0.268862, -0.261375, 0.206313], [-0.279967, -0.316964, 0.042585], [0.305552, -0.311251, 0.271415], [-0.297908, -0.403786, 0.048807]], "im2d": [[0.016083, -0.14093], [0.046162, -0.023953], [-0.021303, -0.057156], [0.056032, -0.260959], [0.076094, 0.390708], [-0.262054, 0.30485], [0.04262, -0.39471], [0.113714, 0.804918], [-0.154231, 0.727752], [0.012175, -0.444878], [0.032351, 0.84619], [-0.290897, 0.788073], [0.034622, -0.675421], [0.06748, -0.559876], [0.00168, -0.597187], [-0.015072, -0.729549], [0.125728, -0.538387], [-0.061251, -0.614242], [0.140075, -0.247685], [-0.030149, -0.357642], [-0.042651, -0.039609], [-0.109853, -0.094828], [-0.094938, 0.020311], [-0.129483, -0.008043]], "theta": [1.060848, 0.016161, 0.085302, 2.704741, 0.255239, -1.791957, 0.116917, 0.083284, -0.069998, -0.541749, 0.092948, -0.034161, 0.220186, -0.00481, 0.003003, 0.00598, -0.044009, -0.063155, 0.757782, -0.012316, 0.036432, -0.131808, -0.000636, -0.01714, -0.419153, 0.337246, 0.150999, -0.13364, -0.031417, 0.022338, 0.098896, 0.016003, -0.010938, -0.002023, 0.000689, 0.003586, 0.002629, 0.002845, -0.008658, -0.07009, -0.054579, -0.029458, 0.063177, 0.065311, -0.39587, 0.00034, 0.301906, 0.383591, -0.000313, -0.07657, 0.070877, 0.129449, -0.491804, -0.810599, 0.295537, 0.099458, 1.047225, 0.042241, -0.637931, 0.025564, -0.050991, 0.252724, -0.144246, 0.37546, -0.084385, 0.521388, 0.061353, 0.034238, -0.080021, 0.111187, 0.043288, -0.412122, 0.111114, -0.036108, 0.420628, 0.773383, -0.499665, -0.056604, -2.30557, 0.297536, 0.10212, 1.236922, -1.984586, 0.06833, 0.905399]}