{"hc3d": [[-0.001, -0.218149, 0.037085], [0.07983, -0.31473, 0.032823], [-0.080029, -0.314091, 0.035383], [-0.003334, -0.103571, 0.003676], [0.080424, -0.708816, -0.048597], [-0.115612, -0.668661, 0.239348], [0.000577, 0.025725, 0.028478], [0.009193, -1.119191, -0.160115], [-0.121912, -1.097459, 0.188176], [0.001825, 0.074483, 0.064432], [0.085575, -1.143774, -0.04546], [-0.142312, -1.133302, 0.323424], [0.004843, 0.296561, 0.06229], [0.089625, 0.202234, 0.058318], [-0.081398, 0.204429, 0.049053], [0.008578, 0.349783, 0.119029], [0.190144, 0.20031, 0.044307], [-0.185772, 0.195959, 0.067648], [0.263734, -0.064146, 0.047746], [-0.235457, -0.060174, 0.000679], [0.270718, -0.251609, 0.234844], [-0.288269, -0.320884, 0.043029], [0.3017, -0.296482, 0.306248], [-0.304826, -0.408102, 0.047239]], "im2d": [[0.01655, -0.141215], [0.046805, -0.023906], [-0.020819, -0.057238], [0.056487, -0.261611], [0.098812, 0.386842], [-0.260426, 0.307515], [0.042971, -0.395551], [0.14988, 0.799627], [-0.243341, 0.753369], [0.011712, -0.445859], [0.066903, 0.841974], [-0.386749, 0.787872], [0.030836, -0.677088], [0.062577, -0.561322], [0.002103, -0.59867], [-0.019461, -0.731355], [0.117145, -0.538888], [-0.059266, -0.610998], [0.124962, -0.247745], [-0.032104, -0.354406], [-0.06888, -0.048886], [-0.113676, -0.092658], [-0.12942, 0.004956], [-0.130753, -0.004959]], "theta": [1.063773, 0.016558, 0.085399, 2.705495, 0.254579, -1.792993, 0.175275, 0.072985, -0.075809, -0.545521, 0.119638, -0.018745, 0.220525, -0.02421, -0.002273, -0.025187, -0.044491, -0.053125, 0.545787, 0.014542, 0.019306, -0.127614, -0.000972, -0.004305, -0.429143, 0.330958, 0.161149, -0.123958, -0.045489, 0.028845, 0.108383, 0.0043, -0.013483, -0.001849, 0.000868, 0.002674, 0.002552, 0.002662, -0.008257, -0.08301, -0.027417, -0.027503, 0.045533, 0.050983, -0.401127, 0.005145, 0.321308, 0.420406, 0.023002, -0.072073, 0.046738, 0.124339, -0.503457, -0.77335, 0.268954, 0.090799, 0.978688, 0.04532, -0.65887, 0.031458, -0.068166, 0.251869, -0.127677, 0.380668, -0.126125, 0.510156, 0.016112, 0.027125, -0.048972, 0.110763, 0.043447, -0.411998, 0.110873, -0.03648, 0.419346, 0.773383, -0.499665, -0.056604, -2.30557, 0.297536, 0.10212, 1.236922, -1.984586, 0.06833, 0.905399]}