{"hc3d": [[-0.001, -0.218149, 0.037085], [0.07983, -0.31473, 0.032823], [-0.080029, -0.314091, 0.035383], [-0.003334, -0.103571, 0.003676], [0.127787, -0.676989, 0.201351], [-0.120363, -0.702604, -0.09118], [-0.001053, 0.02257, 0.041506], [0.077674, -1.09604, 0.289686], [-0.129748, -1.086027, -0.289736], [-0.001189, 0.069826, 0.079432], [0.170793, -1.084363, 0.393497], [-0.122104, -1.135481, -0.15749], [-0.00872, 0.291807, 0.07898], [0.080474, 0.201648, 0.074869], [-0.090397, 0.19579, 0.064472], [-0.008672, 0.345598, 0.135304], [0.176736, 0.205995, 0.04295], [-0.193912, 0.196576, 0.088873], [0.198795, -0.041205, -0.074393], [-0.279008, -0.058983, 0.091235], [0.351374, -0.256738, -0.052895], [-0.225006, -0.243213, 0.280168], [0.4198, -0.31334, -0.066541], [-0.213702, -0.281961, 0.359349]], "im2d": [[0.017246, -0.141695], [0.047753, -0.023867], [-0.020129, -0.057394], [0.057199, -0.262655], [-0.123887, 0.367605], [0.060767, 0.340205], [0.029722, -0.394006], [-0.260682, 0.79756], [0.225552, 0.738044], [-0.004362, -0.443158], [-0.32396, 0.805613], [0.095031, 0.792909], [0.00854, -0.677417], [0.042769, -0.564599], [-0.017317, -0.593722], [-0.043122, -0.73318], [0.113881, -0.549704], [-0.083635, -0.615573], [0.221118, -0.287309], [-0.138666, -0.365147], [0.247295, -0.02974], [-0.315457, -0.158837], [0.284763, 0.043523], [-0.391492, -0.115024]], "theta": [1.068361, 0.017143, 0.08552, 2.706471, 0.253745, -1.794333, -0.468216, 0.079247, 0.01897, 0.281381, 0.016646, 0.001828, 0.3231, -0.001312, 0.012008, 0.159165, 0.119726, -0.080846, 0.076961, 0.301424, -0.00606, -0.188859, -0.02095, 0.010571, -0.300923, 0.327916, 0.132292, -0.387107, -0.039641, 0.002055, 0.075473, 0.002989, 0.007833, -0.003616, 0.002659, 0.003844, 0.00173, 0.00391, -0.008141, -0.100459, -0.07347, -0.049228, -0.028078, 0.229355, -0.420349, -0.03627, 0.367158, 0.278019, 0.057678, -0.162764, 0.090205, 0.079984, 0.04131, -0.996296, 0.323354, 0.287725, 0.849803, -0.351616, -0.514482, 0.272608, 0.095857, 0.809152, -0.161407, 0.059172, -0.071771, 0.482996, 0.128259, 0.243709, -0.404246, 0.108248, 0.042789, -0.40939, 0.109543, -0.038502, 0.41612, 0.773383, -0.499665, -0.056604, -2.30557, 0.297536, 0.10212, 1.236922, -1.984586, 0.06833, 0.905399]}