{"hc3d": [[-0.001, -0.218149, 0.037085], [0.07983, -0.31473, 0.032823], [-0.080029, -0.314091, 0.035383], [-0.003334, -0.103571, 0.003676], [0.090185, -0.703062, 0.13782], [-0.114523, -0.720129, -0.014927], [5.5e-05, 0.025538, 0.029507], [0.048219, -1.132194, 0.139375], [-0.120883, -0.912459, -0.401572], [0.000519, 0.071984, 0.068419], [0.125806, -1.160361, 0.252384], [-0.151629, -1.044097, -0.360111], [-0.000511, 0.29383, 0.057657], [0.085929, 0.200943, 0.056528], [-0.085181, 0.199734, 0.048819], [-0.002267, 0.349101, 0.1125], [0.184713, 0.189534, 0.036139], [-0.187297, 0.199723, 0.078546], [0.221711, -0.072801, -0.035801], [-0.240292, -0.063716, 0.059862], [0.300114, -0.325341, -0.019269], [-0.282101, -0.318682, 0.135997], [0.334168, -0.408469, -0.02077], [-0.302123, -0.390679, 0.184105]], "im2d": [[0.017247, -0.141696], [0.047753, -0.023867], [-0.020129, -0.057394], [0.0572, -0.262656], [-0.078555, 0.386507], [-0.013136, 0.360614], [0.042195, -0.397022], [-0.127294, 0.827756], [0.351423, 0.556691], [0.00733, -0.44519], [-0.208771, 0.874484], [0.288814, 0.688818], [0.033032, -0.678083], [0.063007, -0.562939], [0.000503, -0.596956], [-0.017807, -0.735785], [0.122697, -0.530882], [-0.070542, -0.617625], [0.190292, -0.24905], [-0.092271, -0.352566], [0.188419, 0.032001], [-0.202174, -0.093047], [0.198011, 0.126134], [-0.262764, -0.021164]], "theta": [1.068363, 0.017143, 0.08552, 2.706472, 0.253745, -1.794333, -0.292101, 0.040304, -0.064777, 0.082038, -0.067209, 0.007892, 0.229543, 0.012351, 0.004657, 0.172035, 0.034241, 0.009637, 0.90978, 0.183995, -0.020398, -0.074328, -0.033309, 0.007437, -0.153645, 0.332435, 0.077798, -0.12875, -0.135186, 0.09026, 0.00742, 0.011459, -0.012456, -0.00424, 0.003102, 0.004306, 0.002404, 0.005309, -0.010705, -0.078359, -0.145889, -0.037656, 0.041104, 0.085031, -0.517256, -0.070513, 0.418731, 0.323868, 0.14304, -0.174361, 0.094224, 0.026933, -0.116141, -0.85623, 0.313864, 0.171045, 1.020114, -0.018445, -0.191686, 0.069483, 0.119032, 0.185637, -0.124296, 0.118181, -0.093471, 0.221739, 0.161569, 0.220472, -0.389646, 0.107475, 0.042159, -0.40809, 0.10838, -0.038045, 0.415347, 0.773383, -0.499665, -0.056604, -2.30557, 0.297536, 0.10212, 1.236922, -1.984586, 0.06833, 0.905399]}