{"hc3d": [[-0.001, -0.218149, 0.037085], [0.07983, -0.31473, 0.032823], [-0.080029, -0.314091, 0.035383], [-0.003334, -0.103571, 0.003676], [0.073972, -0.716165, 0.060183], [-0.120175, -0.716278, 0.107646], [0.000707, 0.025123, 0.031413], [0.033109, -1.144192, 0.027919], [-0.113751, -0.925121, -0.270334], [0.001101, 0.070823, 0.0712], [0.102296, -1.17959, 0.144301], [-0.152641, -1.055576, -0.232096], [0.004502, 0.29277, 0.063452], [0.089105, 0.198219, 0.061597], [-0.081941, 0.200492, 0.052807], [0.00146, 0.345935, 0.120285], [0.188475, 0.181295, 0.049623], [-0.183877, 0.196927, 0.082936], [0.232869, -0.086576, 0.009146], [-0.227454, -0.064907, 0.037096], [0.282523, -0.339394, 0.070909], [-0.286757, -0.326923, 0.056681], [0.305204, -0.425164, 0.08509], [-0.307184, -0.412826, 0.066787]], "im2d": [[0.017247, -0.141696], [0.047753, -0.023867], [-0.020129, -0.057394], [0.0572, -0.262656], [-0.009678, 0.396058], [-0.135843, 0.356757], [0.040557, -0.396432], [-0.024596, 0.836005], [0.224261, 0.57287], [0.00475, -0.443822], [-0.113335, 0.88862], [0.161576, 0.702046], [0.029304, -0.675878], [0.059126, -0.559375], [-0.002044, -0.597041], [-0.024168, -0.731615], [0.110386, -0.521323], [-0.07366, -0.613943], [0.149646, -0.231822], [-0.06469, -0.348925], [0.091464, 0.044102], [-0.126575, -0.086236], [0.08078, 0.138837], [-0.150894, -0.000274]], "theta": [1.068363, 0.017143, 0.08552, 2.706472, 0.253745, -1.794333, -0.095183, 0.045767, -0.10063, -0.216023, -0.031614, 0.001619, 0.243844, -0.005327, -0.001831, 0.05226, -0.018848, 0.038551, 1.164752, 0.060904, -0.018348, -0.069622, -0.022427, 0.00973, -0.160733, 0.302757, 0.077291, -0.076134, -0.112376, 0.096782, 0.00175, 0.009005, -0.02779, -0.003877, 0.002907, 0.003318, 0.002245, 0.004911, -0.010129, -0.051876, -0.173835, -0.029861, 0.061063, 0.000545, -0.53843, -0.058505, 0.432995, 0.370453, 0.159441, -0.209929, 0.099477, 0.01702, -0.236085, -0.786016, 0.280796, 0.07987, 1.059572, 0.070679, -0.239589, 0.004023, 0.099784, 0.054607, -0.101989, 0.201845, -0.088506, 0.167389, 0.088366, 0.139258, -0.146582, 0.107307, 0.043061, -0.406817, 0.108187, -0.038438, 0.415223, 0.773383, -0.499665, -0.056604, -2.30557, 0.297536, 0.10212, 1.236922, -1.984586, 0.06833, 0.905399]}