{"hc3d": [[-0.001, -0.218149, 0.037085], [0.07983, -0.31473, 0.032823], [-0.080029, -0.314091, 0.035383], [-0.003334, -0.103571, 0.003676], [0.082297, -0.717069, 0.039928], [-0.13703, -0.700077, 0.163263], [-7e-06, 0.024396, 0.034681], [0.037116, -1.140095, -0.030258], [-0.114523, -0.974417, -0.169538], [3.7e-05, 0.069622, 0.075006], [0.107075, -1.182018, 0.083463], [-0.157051, -1.096119, -0.11146], [0.004169, 0.291679, 0.072508], [0.088506, 0.196928, 0.069235], [-0.082442, 0.199951, 0.058879], [0.00026, 0.344435, 0.129668], [0.18834, 0.182329, 0.058097], [-0.185361, 0.195445, 0.085311], [0.241383, -0.085284, 0.027537], [-0.228128, -0.065261, 0.032771], [0.285135, -0.334456, 0.106252], [-0.290656, -0.327045, 0.04337], [0.313448, -0.416969, 0.127748], [-0.311595, -0.413409, 0.044605]], "im2d": [[0.017247, -0.141696], [0.047753, -0.023867], [-0.020129, -0.057394], [0.0572, -0.262656], [0.013605, 0.398496], [-0.196356, 0.336916], [0.036997, -0.395781], [0.034602, 0.831896], [0.121268, 0.625494], [0.000483, -0.442741], [-0.051659, 0.891483], [0.038175, 0.744962], [0.020176, -0.674703], [0.051272, -0.558061], [-0.008264, -0.596511], [-0.034001, -0.730186], [0.102061, -0.522341], [-0.076709, -0.612669], [0.135116, -0.231223], [-0.060734, -0.348741], [0.058086, 0.039851], [-0.115075, -0.087056], [0.042733, 0.13241], [-0.130903, -0.000813]], "theta": [1.068363, 0.017143, 0.08552, 2.706472, 0.253745, -1.794333, -0.045831, 0.058812, -0.078679, -0.357272, -0.024746, -0.039086, 0.268868, -0.020914, 0.001957, 0.093064, -0.015946, 0.011176, 1.123109, 0.014803, 0.031148, -0.082809, -0.013542, 0.007815, -0.193435, 0.29608, 0.084026, -0.066537, -0.110983, 0.097567, 0.013317, 0.00557, -0.032288, -0.003487, 0.00263, 0.002869, 0.002264, 0.004405, -0.009611, -0.067454, -0.182824, -0.02672, 0.060748, 0.003209, -0.514728, -0.037454, 0.404316, 0.377619, 0.141189, -0.216826, 0.108124, 0.014636, -0.297509, -0.76724, 0.271409, 0.106847, 1.04747, 0.072795, -0.276706, -0.021597, 0.048387, 0.047992, -0.10381, 0.243978, -0.068987, 0.246623, 0.06743, 0.096855, -0.096353, 0.107812, 0.043221, -0.407569, 0.108549, -0.038111, 0.415475, 0.773383, -0.499665, -0.056604, -2.30557, 0.297536, 0.10212, 1.236922, -1.984586, 0.06833, 0.905399]}