{"hc3d": [[-0.000911, -0.217863, 0.037976], [0.080566, -0.314445, 0.034077], [-0.080585, -0.313846, 0.036714], [-0.003217, -0.103443, 0.004148], [0.13878, -0.706379, -0.018046], [-0.090372, -0.682752, 0.210364], [-0.001124, 0.025455, 0.026491], [0.067468, -0.938429, -0.371026], [-0.082589, -1.108659, 0.158147], [-0.004204, 0.071431, 0.065975], [0.156701, -1.031887, -0.318959], [-0.086606, -1.170419, 0.284581], [-0.005082, 0.293086, 0.051639], [0.081532, 0.200744, 0.059062], [-0.088654, 0.198669, 0.037834], [-0.002311, 0.352172, 0.101379], [0.182071, 0.18973, 0.050632], [-0.192146, 0.179467, 0.052229], [0.248872, -0.074883, 0.044168], [-0.237462, -0.081597, 0.011756], [0.29882, -0.306323, 0.159684], [-0.287305, -0.342033, 0.049246], [0.329847, -0.382346, 0.195446], [-0.30505, -0.428453, 0.057659]], "im2d": [[0.016811, -0.120611], [0.050225, 0.000322], [-0.023797, -0.031419], [0.057867, -0.246095], [0.101861, 0.438084], [-0.229149, 0.370524], [0.045033, -0.385909], [0.411496, 0.673413], [-0.202092, 0.835567], [0.006873, -0.436181], [0.391935, 0.793035], [-0.336038, 0.903435], [0.036199, -0.678033], [0.060724, -0.560608], [0.006663, -0.591434], [-0.008848, -0.741353], [0.11304, -0.529283], [-0.05507, -0.59034], [0.131018, -0.228114], [-0.052109, -0.315049], [0.020384, 0.034952], [-0.129995, -0.040487], [-0.007271, 0.124163], [-0.152299, 0.050345]], "theta": [1.106691, 0.016101, 0.10888, 2.713883, 0.230033, -1.764453, 0.08915, 0.12954, 0.073051, -0.468436, 0.133211, 0.047069, 0.205302, -0.111819, 0.004714, 0.798901, 0.062133, -0.051662, 0.466483, 0.122247, 0.029147, -0.046086, 0.003476, 0.014946, -0.373909, 0.330973, 0.065687, 0.050355, -0.102536, 0.11588, -0.006364, 0.021533, -0.01039, -0.001044, 0.001109, 0.000281, 0.001495, 0.00194, -0.005135, -0.15784, 0.011959, -0.059755, 0.047839, 0.044834, -0.508824, 0.041836, 0.358045, 0.501901, 0.001698, -0.000805, 0.041683, 0.10364, -0.374911, -0.746174, 0.26593, 0.144186, 0.858068, -0.010288, -0.329836, 0.027046, 0.053976, 0.137531, -0.079887, 0.215607, -0.079707, 0.263469, -0.001796, 0.073765, -0.101563, 0.110291, 0.04414, -0.412452, 0.110532, -0.040396, 0.416752, 0.706548, -0.641626, -0.038793, -2.318492, 0.313347, 0.069167, 1.252496, -2.003806, 0.085825, 0.894541]}