{"hc3d": [[-0.000911, -0.217863, 0.037976], [0.080566, -0.314445, 0.034077], [-0.080585, -0.313846, 0.036714], [-0.003217, -0.103443, 0.004148], [0.08702, -0.713706, 0.050421], [-0.107623, -0.710855, 0.126127], [3.6e-05, 0.02169, 0.04222], [0.04, -1.133173, -0.022816], [-0.116571, -0.976095, -0.211143], [-0.002762, 0.065009, 0.084621], [0.119273, -1.174338, 0.08409], [-0.137497, -1.095267, -0.139198], [-0.006276, 0.287065, 0.08059], [0.081438, 0.195468, 0.081321], [-0.089251, 0.192439, 0.064758], [-0.006292, 0.342597, 0.134341], [0.182504, 0.187996, 0.075818], [-0.19103, 0.184662, 0.094202], [0.234151, -0.07691, 0.034813], [-0.234893, -0.074189, 0.040183], [0.286098, -0.321245, 0.118509], [-0.276234, -0.337509, 0.066075], [0.31748, -0.402643, 0.138773], [-0.293321, -0.423663, 0.077889]], "im2d": [[0.016866, -0.120645], [0.050299, 0.000331], [-0.023746, -0.031424], [0.057928, -0.246177], [0.009244, 0.436966], [-0.153451, 0.397071], [0.029414, -0.381539], [0.033776, 0.884334], [0.16578, 0.680841], [-0.011774, -0.428844], [-0.042123, 0.945668], [0.075513, 0.807474], [0.005972, -0.671617], [0.037826, -0.55482], [-0.021262, -0.58467], [-0.044633, -0.731575], [0.087673, -0.527211], [-0.096705, -0.595538], [0.133905, -0.228915], [-0.079213, -0.322432], [0.055459, 0.048356], [-0.141794, -0.04311], [0.043275, 0.143363], [-0.167231, 0.047628]], "theta": [1.107082, 0.016146, 0.108887, 2.713939, 0.229987, -1.764529, -0.073996, 0.117512, -0.068198, -0.256243, 0.024128, 0.027854, 0.330159, -0.055076, -0.003748, 0.133751, 0.045127, 0.020427, 1.041842, 0.09279, 0.00439, -0.105861, -0.010532, 0.046417, -0.209246, 0.262522, 0.074383, -0.155533, -0.057991, 0.096281, -0.024506, 0.011582, -0.02309, -0.002627, 0.002067, 0.001931, 0.002121, 0.003637, -0.008273, -0.136706, -0.123347, -0.102961, 0.027845, -0.014086, -0.472124, -0.022375, 0.470123, 0.362289, 0.068595, -0.209687, 0.106233, 0.022969, -0.220686, -0.866704, 0.254159, 0.063746, 1.025612, 0.059676, -0.322844, 0.03305, 0.15486, 0.139981, -0.085312, 0.145361, -0.040564, 0.2533, 0.099346, 0.115355, -0.164198, 0.1086, 0.043852, -0.408679, 0.109256, -0.037906, 0.416171, 0.706548, -0.641626, -0.038793, -2.318492, 0.313347, 0.069167, 1.252496, -2.003806, 0.085825, 0.894541]}