{"hc3d": [[-0.000847, -0.218595, 0.038959], [0.081313, -0.315389, 0.035442], [-0.081206, -0.314814, 0.03814], [-0.003129, -0.103939, 0.004505], [0.142436, -0.682936, 0.173371], [-0.15385, -0.713881, 0.040309], [-0.001507, 0.025271, 0.023475], [0.116415, -1.079918, 0.020315], [-0.123219, -1.124043, -0.074797], [0.001238, 0.074395, 0.059489], [0.188571, -1.125575, 0.12992], [-0.169069, -1.187329, 0.041898], [0.001036, 0.296239, 0.040129], [0.086901, 0.202598, 0.036771], [-0.085226, 0.202845, 0.041818], [0.004199, 0.345146, 0.099178], [0.180482, 0.184499, 0.001231], [-0.189009, 0.197576, 0.064844], [0.251482, -0.070638, -0.059918], [-0.282246, -0.052507, 0.054831], [0.324615, -0.31983, -0.022476], [-0.359293, -0.297944, 0.124963], [0.369987, -0.395685, -0.008681], [-0.38945, -0.375886, 0.154227]], "im2d": [[0.020498, -0.08779], [0.028887, 0.043811], [0.002785, -0.00465], [0.067948, -0.214353], [-0.146813, 0.464319], [-0.03999, 0.416508], [0.056329, -0.357866], [-0.006393, 0.902543], [0.064355, 0.884594], [0.01948, -0.412859], [-0.124146, 0.97035], [-0.079539, 0.937039], [0.058127, -0.658237], [0.0671, -0.52905], [0.036938, -0.580055], [-0.004858, -0.71371], [0.119422, -0.480195], [-0.004366, -0.605532], [0.179826, -0.174156], [-0.025023, -0.355199], [0.128931, 0.122304], [-0.134116, -0.108202], [0.113996, 0.219246], [-0.177516, -0.031692]], "theta": [1.147815, 0.018705, 0.14211, 2.459064, 0.354922, -2.152769, -0.378229, -0.065512, 0.084457, -0.054451, -0.080398, -0.086147, 0.186562, 0.035284, 0.017019, 0.623049, 0.0665, -0.122355, 0.202983, 0.159832, 0.134374, -0.112257, 0.000667, -0.014744, -0.291948, 0.321287, 0.153696, -0.11884, -0.259637, 0.139179, 0.060535, 0.027488, -0.020891, -0.003485, 0.002533, 0.003418, 0.002557, 0.004605, -0.010604, 0.043605, -0.026663, 0.047438, 0.02569, 0.156438, -0.582611, 0.001583, 0.275798, 0.396847, 0.107774, -0.028975, 0.051411, 0.083719, -0.198369, -0.638481, 0.300085, 0.177518, 0.795637, 0.089208, -0.236821, -0.074404, -0.015843, 0.172943, -0.054457, 0.386547, -0.131638, 0.367085, 0.19482, 0.132989, -0.197876, 0.107658, 0.042623, -0.407803, 0.109, -0.037544, 0.416144, 0.674428, -0.785295, 0.009712, -2.308185, 0.339847, 0.099591, 1.242853, -2.05269, 0.082391, 0.884925]}