{"hc3d": [[-0.000847, -0.218595, 0.038959], [0.081313, -0.315389, 0.035442], [-0.081206, -0.314814, 0.03814], [-0.003129, -0.103939, 0.004505], [0.101925, -0.701805, -0.054608], [-0.124087, -0.666663, 0.235371], [0.000641, 0.024309, 0.028913], [0.040047, -1.086667, -0.22709], [-0.114006, -1.093589, 0.228081], [-0.000808, 0.070609, 0.068562], [0.118283, -1.130107, -0.120806], [-0.145149, -1.124905, 0.361403], [-0.000387, 0.293296, 0.068828], [0.085961, 0.200063, 0.066749], [-0.085675, 0.200367, 0.052809], [0.003147, 0.3386, 0.130664], [0.186426, 0.195614, 0.051419], [-0.190252, 0.186069, 0.066522], [0.294635, -0.052871, 0.071934], [-0.261429, -0.064486, 0.007438], [0.342582, -0.264249, 0.219811], [-0.341671, -0.318671, 0.01421], [0.377325, -0.320342, 0.28022], [-0.366746, -0.403088, 0.004954]], "im2d": [[0.020768, -0.087877], [0.029221, 0.043931], [0.003082, -0.004632], [0.068228, -0.214644], [0.105775, 0.482417], [-0.253806, 0.366392], [0.050565, -0.356854], [0.264543, 0.897881], [-0.275979, 0.84378], [0.008689, -0.410134], [0.151445, 0.965309], [-0.4345, 0.864576], [0.025087, -0.657343], [0.032766, -0.52831], [0.024247, -0.578654], [-0.04141, -0.708855], [0.06417, -0.493249], [-0.007301, -0.594045], [0.037638, -0.186172], [0.031105, -0.334581], [-0.139659, 0.057356], [-0.007009, -0.076135], [-0.207671, 0.127695], [-0.006348, 0.010577]], "theta": [1.149526, 0.018913, 0.142148, 2.459375, 0.354661, -2.153196, 0.19236, 0.114729, -0.015803, -0.540568, 0.073556, -0.028902, 0.226691, -0.05045, -0.005077, 0.116492, -0.027828, -0.069619, 0.430819, 0.067768, 0.06269, -0.077653, -0.005677, 0.02901, -0.405298, 0.3066, 0.138789, -0.091075, -0.193662, 0.126185, 0.073833, 0.011385, -0.02865, -0.002746, 0.002131, 0.002194, 0.002319, 0.003963, -0.008869, 0.010275, 0.004669, -0.048479, 0.031362, 0.073669, -0.447898, 0.014606, 0.315414, 0.458734, 0.143418, -0.090974, 0.024019, 0.032822, -0.508103, -0.602787, 0.201991, 0.06765, 0.820086, 0.076086, -0.418751, -0.079915, -0.122261, 0.11409, -0.045066, 0.312249, -0.185874, 0.423967, -0.071127, 0.001423, -0.062278, 0.109318, 0.042298, -0.41124, 0.109271, -0.037054, 0.416018, 0.674428, -0.785295, 0.009712, -2.308185, 0.339847, 0.099591, 1.242853, -2.05269, 0.082391, 0.884925]}