{"hc3d": [[-0.000847, -0.218595, 0.038959], [0.081313, -0.315389, 0.035442], [-0.081206, -0.314814, 0.03814], [-0.003129, -0.103939, 0.004505], [0.112432, -0.690143, -0.092785], [-0.101535, -0.679817, 0.213912], [0.002114, 0.025139, 0.023713], [0.065304, -1.04226, -0.328348], [-0.077403, -1.088639, 0.335166], [-0.001568, 0.070279, 0.064537], [0.14813, -1.105842, -0.236688], [-0.091854, -1.096667, 0.474637], [0.000392, 0.292802, 0.072866], [0.085995, 0.198868, 0.073931], [-0.08409, 0.201332, 0.04713], [-0.003424, 0.338953, 0.134056], [0.187398, 0.192911, 0.068455], [-0.190377, 0.195707, 0.047728], [0.29728, -0.05219, 0.110001], [-0.259686, -0.040643, -0.055565], [0.340003, -0.254849, 0.271094], [-0.364127, -0.279283, -0.112463], [0.366635, -0.307987, 0.337952], [-0.403162, -0.352761, -0.142762]], "im2d": [[0.020768, -0.087877], [0.029221, 0.043931], [0.003082, -0.004632], [0.068228, -0.214644], [0.151596, 0.473937], [-0.227157, 0.388415], [0.056756, -0.357154], [0.38671, 0.859655], [-0.392293, 0.845185], [0.013138, -0.409847], [0.289406, 0.951332], [-0.553699, 0.844806], [0.020564, -0.656712], [0.024506, -0.527232], [0.031009, -0.579054], [-0.046178, -0.711304], [0.044715, -0.490578], [0.014793, -0.604108], [-0.005264, -0.187526], [0.104847, -0.358272], [-0.197696, 0.044304], [0.136926, -0.12191], [-0.27398, 0.108741], [0.160372, -0.050696]], "theta": [1.149527, 0.018913, 0.142149, 2.459375, 0.354661, -2.153196, 0.290267, 0.125029, 0.018682, -0.478424, 0.112192, 0.023026, 0.184786, -0.085385, -0.017252, 0.186766, -0.011946, -0.04701, 0.059992, 0.200511, 0.023797, -0.006145, -0.028559, 0.042546, -0.359188, 0.326884, 0.102738, 0.030687, -0.271111, 0.166929, 0.080136, -0.006881, -0.031589, -0.002896, 0.002135, 0.002281, 0.002487, 0.004263, -0.009397, -0.037238, -0.046408, -0.033693, 0.038742, 0.048607, -0.451909, -0.002686, 0.255673, 0.395223, 0.153656, -0.039778, 0.048691, -0.011297, -0.554731, -0.543882, 0.205992, -0.039846, 0.888134, 0.077501, -0.408061, -0.051585, -0.233567, 0.048928, -0.080907, 0.361771, -0.219189, 0.383153, -0.134905, -0.023098, -0.188789, 0.109427, 0.042466, -0.411529, 0.109104, -0.0374, 0.416212, 0.674428, -0.785295, 0.009712, -2.308185, 0.339847, 0.099591, 1.242853, -2.05269, 0.082391, 0.884925]}