{"hc3d": [[-0.000847, -0.218652, 0.038783], [0.081302, -0.315537, 0.035163], [-0.081189, -0.314957, 0.037845], [-0.003134, -0.103888, 0.004409], [0.060557, -0.71016, -0.015457], [-0.12616, -0.579446, 0.343515], [0.005458, 0.02318, 0.034047], [0.042354, -0.946463, -0.371182], [-0.090763, -0.997177, 0.255914], [0.004905, 0.063809, 0.079557], [0.072657, -1.04412, -0.276709], [-0.156205, -1.063532, 0.361374], [0.005893, 0.284203, 0.112651], [0.092079, 0.191698, 0.098663], [-0.079279, 0.195051, 0.081117], [0.00018, 0.331031, 0.173453], [0.193088, 0.184032, 0.108678], [-0.184711, 0.186666, 0.09383], [0.281389, -0.067234, 0.050796], [-0.24584, -0.06078, 0.011698], [0.128667, -0.013956, 0.258243], [-0.300139, -0.247435, 0.195235], [0.121973, 0.009672, 0.344438], [-0.342368, -0.298791, 0.253964]], "im2d": [[0.001083, -0.089149], [-0.086071, 0.017836], [0.079989, 0.017191], [0.022345, -0.211761], [-0.060946, 0.458211], [-0.009635, 0.274753], [0.006852, -0.355043], [0.092681, 0.757994], [-0.028168, 0.744582], [-0.009395, -0.404844], [0.018838, 0.855049], [-0.006675, 0.806107], [-0.014493, -0.651306], [-0.101386, -0.548004], [0.082159, -0.549446], [-0.031401, -0.709623], [-0.209688, -0.54085], [0.185061, -0.54143], [-0.287643, -0.257791], [0.270848, -0.259623], [-0.212841, -0.339206], [0.24392, -0.074249], [-0.240081, -0.374779], [0.261225, -0.024109]], "theta": [1.107188, 0.001825, 0.138134, 0.58734, 0.153176, -3.061524, 0.099674, -0.054196, -0.139306, -0.890446, 0.035301, -0.032684, 0.267164, -0.019336, -0.040216, 0.756509, -0.117999, -0.033274, 0.988232, -0.202687, -0.022587, 0.017003, -0.023644, 0.050154, -0.518353, 0.27345, 0.048709, 0.03633, -0.106389, -0.045454, 0.085636, -0.020194, -0.015578, -0.000749, -0.000152, 0.00142, 0.001084, 0.000997, -0.004641, -0.152104, -0.253876, -0.093681, 0.051825, -0.16082, -0.402235, 0.012297, 0.322951, 0.384516, 0.085969, -0.075293, 0.054767, 0.194042, -0.313248, -0.754789, 0.242321, 0.187823, 0.911529, 0.074079, -1.998059, 0.151446, -0.477953, 0.90714, -0.32855, 0.107759, -0.074531, 0.681236, -0.353799, 0.159572, -0.43849, 0.111972, 0.045487, -0.411803, 0.112015, -0.038438, 0.42249, 0.706602, -0.75293, -0.002056, -2.32966, 0.370752, 0.086622, 1.253536, -2.041584, 0.101221, 0.876565]}