{"hc3d": [[-0.000847, -0.218652, 0.038783], [0.081302, -0.315537, 0.035163], [-0.081189, -0.314957, 0.037845], [-0.003134, -0.103888, 0.004409], [0.065557, -0.603785, 0.309728], [-0.183689, -0.708057, 0.057265], [-0.005122, 0.022318, 0.038564], [0.133002, -0.920147, 0.030304], [-0.118674, -1.085896, -0.133619], [-0.001464, 0.063432, 0.083491], [0.155342, -0.984903, 0.151498], [-0.182421, -1.127084, -0.015097], [-0.011038, 0.284336, 0.111413], [0.077617, 0.197839, 0.082443], [-0.093592, 0.188259, 0.099126], [-0.009054, 0.330975, 0.172594], [0.179139, 0.190897, 0.079806], [-0.181053, 0.162431, 0.154183], [0.241603, -0.036655, -0.056575], [-0.182318, -0.055377, 0.309971], [0.175438, -0.241032, 0.095245], [-0.144543, -0.230058, 0.508803], [0.178536, -0.30916, 0.153397], [-0.143717, -0.281613, 0.580992]], "im2d": [[0.002924, -0.089686], [-0.084624, 0.018876], [0.08317, 0.01747], [0.02387, -0.213792], [-0.192799, 0.309989], [0.166789, 0.452974], [0.016577, -0.358118], [-0.159228, 0.693097], [0.163917, 0.894902], [-0.004262, -0.408811], [-0.235054, 0.752079], [0.179561, 0.927673], [0.002493, -0.657974], [-0.080934, -0.5582], [0.089743, -0.54984], [-0.023125, -0.716599], [-0.185622, -0.549887], [0.156882, -0.527325], [-0.202712, -0.281333], [0.08548, -0.301683], [-0.204509, -0.070407], [-0.042679, -0.128669], [-0.234374, -0.000847], [-0.075365, -0.079109]], "theta": [1.119344, 0.003459, 0.138528, 0.590387, 0.150512, -3.065712, -0.771035, -0.40669, 0.023468, -0.10785, -0.120372, -0.158536, 0.303775, 0.115352, 0.056301, 1.37016, 0.108788, -0.165259, 0.479766, 0.008692, 0.210391, -0.027169, 0.006652, 0.000272, -0.479357, 0.164166, 0.193028, -0.444632, -0.116286, -0.041953, 0.067581, 0.015363, -0.028451, -0.001246, 0.001463, -0.000268, 0.001521, 0.002761, -0.007099, -0.123796, -0.221318, -0.057637, 0.030711, -0.25748, -0.440289, 0.010272, 0.579851, 0.416941, 0.207934, -0.060607, 0.015297, 0.310266, -0.029295, -0.907163, -0.259891, 0.650431, 0.410773, 0.141212, -1.130192, -0.009706, -0.311539, 0.172301, 0.05454, 0.257923, -0.072927, 0.408103, 0.080923, 0.143067, -0.277016, 0.109117, 0.045917, -0.408392, 0.109631, -0.038409, 0.417712, 0.706602, -0.75293, -0.002056, -2.32966, 0.370752, 0.086622, 1.253536, -2.041584, 0.101221, 0.876565]}