{"hc3d": [[-0.000847, -0.218652, 0.038783], [0.081302, -0.315537, 0.035163], [-0.081189, -0.314957, 0.037845], [-0.003134, -0.103888, 0.004409], [0.063838, -0.709461, 0.092081], [-0.166277, -0.69593, 0.151995], [-0.004538, 0.025257, 0.024858], [0.041225, -1.120079, -0.024503], [-0.094585, -0.97929, -0.161044], [9.3e-05, 0.067405, 0.068724], [0.052317, -1.166046, 0.106434], [-0.162332, -1.080405, -0.090378], [-0.005876, 0.290022, 0.077437], [0.081317, 0.199922, 0.055989], [-0.089987, 0.194589, 0.073575], [-0.002465, 0.338898, 0.136782], [0.180772, 0.179115, 0.049853], [-0.178055, 0.16701, 0.126784], [0.20121, -0.050769, -0.095122], [-0.142634, -0.083791, 0.213712], [0.079934, -0.284111, -0.088781], [-0.085708, -0.323646, 0.317169], [0.056872, -0.370466, -0.082165], [-0.073042, -0.398579, 0.362934]], "im2d": [[0.002942, -0.089695], [-0.084614, 0.018883], [0.083201, 0.017472], [0.023888, -0.213817], [-0.104918, 0.451515], [0.109991, 0.429235], [0.021767, -0.359938], [-0.048685, 0.921659], [0.154325, 0.779299], [0.000389, -0.41167], [-0.11615, 0.958621], [0.191673, 0.884051], [0.011407, -0.660667], [-0.073757, -0.557688], [0.096827, -0.554164], [-0.014854, -0.721587], [-0.175384, -0.533548], [0.165303, -0.529496], [-0.145315, -0.261548], [0.083019, -0.259446], [-0.030701, -0.002612], [-0.028048, -0.003332], [-0.012734, 0.092811], [-0.06299, 0.0752]], "theta": [1.119485, 0.003474, 0.138531, 0.590405, 0.150498, -3.065736, -0.168552, -0.165485, -0.116982, -0.335474, -0.060686, -0.109084, 0.196655, 0.066551, 0.042444, 0.314967, -0.175709, -0.020817, 1.077328, -0.137065, 0.078992, 0.055846, 0.025098, -0.027487, -0.250086, 0.241935, 0.070914, -0.23898, -0.113398, 0.022515, 0.00646, 0.044769, -0.014527, -0.002719, 0.002047, 0.002655, 0.002089, 0.003277, -0.008192, -0.074744, -0.247494, -0.08701, 0.103831, -0.241945, -0.565522, -0.02121, 0.563216, 0.506045, 0.288346, -0.145424, -0.00082, 0.436108, -0.054454, -0.954252, -0.095803, 0.5199, 0.740461, 0.507691, -0.67807, -0.153156, 0.009717, 0.012645, 0.100057, 0.100091, -0.027266, 0.309149, 0.047392, 0.164151, -0.264298, 0.108997, 0.042513, -0.411088, 0.108704, -0.036733, 0.416299, 0.706602, -0.75293, -0.002056, -2.32966, 0.370752, 0.086622, 1.253536, -2.041584, 0.101221, 0.876565]}