{"hc3d": [[-0.000847, -0.218652, 0.038783], [0.081302, -0.315537, 0.035163], [-0.081189, -0.314957, 0.037845], [-0.003134, -0.103888, 0.004409], [0.05527, -0.712386, 0.011644], [-0.161174, -0.631759, 0.280022], [0.003906, 0.023918, 0.031138], [0.020295, -1.108382, -0.145438], [-0.11794, -1.054688, 0.228174], [0.004718, 0.065903, 0.075397], [0.030187, -1.157095, -0.015401], [-0.197125, -1.105507, 0.332839], [0.009175, 0.286665, 0.105634], [0.09386, 0.192984, 0.090369], [-0.077882, 0.198138, 0.077687], [0.006246, 0.332867, 0.167108], [0.194199, 0.183324, 0.104538], [-0.181656, 0.187556, 0.099294], [0.250457, -0.059542, -0.00561], [-0.232252, -0.065066, 0.02626], [0.065113, -0.064704, 0.180986], [-0.205139, -0.217255, 0.244383], [0.035869, -0.068697, 0.265611], [-0.209146, -0.26184, 0.320973]], "im2d": [[0.002942, -0.089695], [-0.084614, 0.018883], [0.083201, 0.017472], [0.023888, -0.213818], [-0.062827, 0.463526], [0.054121, 0.343788], [0.010339, -0.359109], [0.023571, 0.921762], [0.014648, 0.820778], [-0.007236, -0.410713], [-0.042378, 0.961878], [0.051714, 0.865751], [-0.016036, -0.659961], [-0.101288, -0.553675], [0.082676, -0.558532], [-0.03669, -0.718152], [-0.211818, -0.544166], [0.181202, -0.549401], [-0.233889, -0.261395], [0.254472, -0.26012], [-0.11866, -0.276539], [0.130249, -0.114275], [-0.12344, -0.281407], [0.101026, -0.072967]], "theta": [1.119488, 0.003475, 0.138531, 0.590405, 0.150498, -3.065736, 0.031773, -0.157756, -0.154689, -0.690573, -0.037276, -0.097922, 0.244483, -0.01737, -0.027814, 0.214698, -0.126846, 0.009414, 0.722723, -0.258124, 0.022612, 0.008545, -0.009001, 0.02404, -0.344001, 0.192489, 0.037359, -0.030233, -0.10126, -0.035042, 0.103049, -0.014394, -0.020723, -0.000634, 0.000734, -0.000275, 0.001282, 0.001165, -0.004446, -0.129714, -0.251553, -0.105247, 0.052033, -0.229669, -0.385576, 0.000988, 0.389644, 0.399122, 0.207475, -0.150141, 0.002595, 0.356205, -0.209598, -0.960788, 0.208804, 0.174007, 0.951372, 0.308507, -1.86118, 0.179742, -0.173134, 1.111316, -0.312509, 0.0917, -0.035599, 0.57369, -0.244581, 0.147262, -0.298882, 0.111275, 0.043752, -0.413945, 0.110897, -0.037901, 0.418259, 0.706602, -0.75293, -0.002056, -2.32966, 0.370752, 0.086622, 1.253536, -2.041584, 0.101221, 0.876565]}