{"hc3d": [[-0.000912, -0.218375, 0.038195], [0.080685, -0.314993, 0.034351], [-0.08071, -0.314393, 0.037018], [-0.003211, -0.103912, 0.004246], [0.094961, -0.711571, 0.003862], [-0.140259, -0.695819, 0.163645], [0.001163, 0.023763, 0.033051], [0.042994, -1.128352, -0.071421], [-0.102224, -1.079877, -0.020179], [-0.001428, 0.068549, 0.0741], [0.113921, -1.165614, 0.042165], [-0.150298, -1.161162, 0.083807], [-0.005679, 0.290505, 0.066563], [0.082328, 0.199233, 0.067748], [-0.088609, 0.195435, 0.053486], [-0.002359, 0.353515, 0.110794], [0.183547, 0.19186, 0.068495], [-0.190469, 0.182207, 0.080589], [0.271268, -0.065684, 0.062785], [-0.24651, -0.07839, 0.061109], [0.294978, -0.296777, 0.185382], [-0.307644, -0.332821, 0.114044], [0.322384, -0.366416, 0.234348], [-0.328661, -0.417628, 0.128183]], "im2d": [[0.017766, -0.082462], [0.014088, 0.043771], [0.010541, 0.005279], [0.065991, -0.206806], [0.014464, 0.488424], [-0.165662, 0.402845], [0.044435, -0.349455], [0.063501, 0.943736], [0.00922, 0.851987], [0.001876, -0.403038], [-0.067858, 0.992003], [-0.115505, 0.922036], [0.02949, -0.648975], [0.02061, -0.527583], [0.035789, -0.562019], [-0.015077, -0.721611], [0.019497, -0.495904], [0.003642, -0.57338], [0.004096, -0.190037], [0.003026, -0.296483], [-0.154308, 0.060934], [-0.078942, -0.033641], [-0.215559, 0.14028], [-0.102304, 0.054113]], "theta": [1.133765, 0.016581, 0.145641, 2.288204, 0.322362, -2.262974, 0.044838, 0.071832, -0.043492, -0.36096, -0.037642, -0.046799, 0.257521, -0.05054, -0.01003, 0.018436, 0.002413, -0.037606, 0.691108, 0.007358, 0.083022, -0.068404, -0.014982, 0.049007, -0.248412, 0.274322, 0.082974, -0.120241, -0.171091, 0.120459, -0.002758, 0.02424, -0.019995, -0.002163, 0.001753, 0.001499, 0.00215, 0.003227, -0.007999, -0.275829, 0.01123, -0.043693, 0.025445, -0.088836, -0.456347, -0.001078, 0.438495, 0.41601, -0.07427, -0.071817, 0.054667, 0.100433, -0.313268, -0.721225, 0.209383, 0.145919, 0.869339, 0.222295, -0.418322, -0.043122, 0.000403, 0.110829, -0.084984, 0.292028, -0.090618, 0.363994, 0.002957, 0.083055, -0.099409, 0.109103, 0.043737, -0.409892, 0.10968, -0.037259, 0.416535, 0.675054, -0.692284, -0.01141, -2.269185, 0.336344, 0.098509, 1.248766, -2.031055, 0.105437, 0.869031]}