{"hc3d": [[-0.000912, -0.218375, 0.038195], [0.080685, -0.314993, 0.034351], [-0.08071, -0.314393, 0.037018], [-0.003211, -0.103912, 0.004246], [0.10815, -0.694228, -0.083266], [-0.11928, -0.66802, 0.233299], [0.004139, 0.023686, 0.032785], [0.047228, -1.055073, -0.302706], [-0.097424, -1.072872, 0.368781], [-0.00095, 0.067173, 0.074981], [0.130849, -1.118854, -0.211819], [-0.122723, -1.079868, 0.506775], [-0.002275, 0.288787, 0.089981], [0.0843, 0.196148, 0.090194], [-0.084462, 0.197192, 0.059282], [-0.005349, 0.350903, 0.135477], [0.185328, 0.197459, 0.09978], [-0.190608, 0.194246, 0.062325], [0.312522, -0.030066, 0.177949], [-0.26349, -0.041081, -0.041308], [0.282982, -0.18299, 0.389462], [-0.391446, -0.273624, -0.070048], [0.282517, -0.207433, 0.475489], [-0.442529, -0.342486, -0.092011]], "im2d": [[0.017815, -0.08248], [0.014145, 0.043794], [0.010597, 0.005284], [0.066045, -0.206863], [0.114623, 0.479727], [-0.241925, 0.371288], [0.044776, -0.34875], [0.331508, 0.883202], [-0.429882, 0.813143], [0.000782, -0.401586], [0.223546, 0.965698], [-0.586623, 0.803473], [0.00288, -0.648416], [-0.005018, -0.525725], [0.029419, -0.563641], [-0.043235, -0.721676], [-0.01538, -0.504426], [0.02534, -0.585378], [-0.122889, -0.229488], [0.122022, -0.333273], [-0.375337, -0.084777], [0.134055, -0.103337], [-0.474723, -0.065013], [0.152782, -0.037199]], "theta": [1.134101, 0.01662, 0.145648, 2.288254, 0.322321, -2.263043, 0.262776, 0.130128, 0.007342, -0.537569, 0.05972, -0.013622, 0.253972, -0.072873, -0.034921, 0.177019, 0.022839, -0.063304, 0.085169, 0.149244, 0.051284, -0.031928, -0.053458, 0.079924, -0.332466, 0.298935, 0.118501, 0.042792, -0.270959, 0.193244, 0.066413, -0.013506, -0.030651, -0.000606, 0.000677, -0.000368, 0.001998, 0.001834, -0.005754, -0.356438, -0.044478, -0.023507, 0.021658, -0.056508, -0.355529, 0.009228, 0.290996, 0.345528, -0.060381, -0.039972, 0.110342, -0.046916, -0.577106, -0.484911, 0.201504, -0.010858, 0.904143, 0.249752, -0.712923, -0.040644, -0.390061, 0.14748, -0.181056, 0.491379, -0.190851, 0.478688, -0.184616, -0.020204, -0.271532, 0.111389, 0.044409, -0.41371, 0.111093, -0.037523, 0.41776, 0.675054, -0.692284, -0.01141, -2.269185, 0.336344, 0.098509, 1.248766, -2.031055, 0.105437, 0.869031]}