{"hc3d": [[-0.000912, -0.218375, 0.038195], [0.080685, -0.314993, 0.034351], [-0.08071, -0.314393, 0.037018], [-0.003211, -0.103912, 0.004246], [0.130878, -0.696427, 0.136311], [-0.130256, -0.716449, 0.005995], [-0.001646, 0.023912, 0.032677], [0.123593, -1.102852, 0.00654], [-0.096428, -1.128507, -0.102642], [-0.003376, 0.069132, 0.073293], [0.194995, -1.153249, 0.114626], [-0.127231, -1.18936, 0.020157], [-0.013989, 0.290863, 0.065424], [0.076373, 0.201977, 0.062069], [-0.094922, 0.193563, 0.057112], [-0.012985, 0.348118, 0.116986], [0.175238, 0.196719, 0.039752], [-0.197555, 0.185767, 0.083393], [0.240796, -0.054319, -0.042336], [-0.275781, -0.069422, 0.097175], [0.319783, -0.303265, -0.014356], [-0.312988, -0.30415, 0.218802], [0.3658, -0.379783, -0.009281], [-0.333808, -0.368148, 0.276288]], "im2d": [[0.017822, -0.082483], [0.014153, 0.043797], [0.010605, 0.005285], [0.066053, -0.206873], [-0.133783, 0.469159], [0.010922, 0.441317], [0.044902, -0.350355], [-0.022016, 0.928119], [0.098453, 0.914331], [0.002854, -0.404197], [-0.148326, 0.991524], [-0.045763, 0.964256], [0.030789, -0.651425], [0.027264, -0.531701], [0.031526, -0.561907], [-0.022593, -0.718863], [0.052407, -0.500971], [0.000764, -0.579399], [0.12388, -0.20099], [-0.037057, -0.316343], [0.071107, 0.090621], [-0.19493, -0.075371], [0.058953, 0.185615], [-0.26552, -0.014189]], "theta": [1.134153, 0.016626, 0.145649, 2.28826, 0.322316, -2.263051, -0.28558, -0.026005, 0.046867, 0.036087, -0.035902, -0.028615, 0.25539, -0.036107, 0.012966, 0.474356, 0.037413, -0.029403, 0.090555, 0.221185, 0.102317, -0.077251, 0.006555, 0.03308, -0.19691, 0.304114, 0.095691, -0.117702, -0.248276, 0.113074, 0.006328, 0.044635, -0.010332, -0.003842, 0.002869, 0.003707, 0.002839, 0.005068, -0.011008, -0.149842, -0.020099, -0.014274, 0.020018, 0.083974, -0.49906, -0.010391, 0.364223, 0.349245, 0.008117, -0.012648, 0.052489, 0.106692, -0.113514, -0.808846, 0.238852, 0.258777, 0.780358, 0.116454, -0.268366, 0.009876, 0.075105, 0.306548, -0.087498, 0.315325, -0.053908, 0.326969, 0.291544, 0.167616, -0.361845, 0.107652, 0.042438, -0.407997, 0.108883, -0.036075, 0.415823, 0.675054, -0.692284, -0.01141, -2.269185, 0.336344, 0.098509, 1.248766, -2.031055, 0.105437, 0.869031]}