{"hc3d": [[-0.000912, -0.218375, 0.038195], [0.080685, -0.314993, 0.034351], [-0.08071, -0.314393, 0.037018], [-0.003211, -0.103912, 0.004246], [0.133385, -0.687581, 0.163996], [-0.143295, -0.709073, -0.036311], [-0.002456, 0.024471, 0.030073], [0.135469, -1.105992, 0.080314], [-0.122702, -1.12386, -0.13763], [-0.003954, 0.070782, 0.06945], [0.201289, -1.135119, 0.199226], [-0.145013, -1.171158, -0.00726], [-0.01509, 0.292519, 0.062517], [0.075452, 0.203848, 0.058419], [-0.095843, 0.195072, 0.054159], [-0.013819, 0.350291, 0.113493], [0.172963, 0.201415, 0.030387], [-0.198205, 0.187644, 0.08158], [0.240117, -0.047424, -0.05694], [-0.284809, -0.061985, 0.121774], [0.331038, -0.293857, -0.056355], [-0.279606, -0.260208, 0.300536], [0.381281, -0.367688, -0.06115], [-0.283304, -0.300302, 0.379355]], "im2d": [[0.017822, -0.082483], [0.014153, 0.043797], [0.010605, 0.005285], [0.066053, -0.206873], [-0.164321, 0.457643], [0.059353, 0.433644], [0.047893, -0.350945], [-0.105673, 0.928207], [0.138326, 0.905983], [0.00734, -0.405837], [-0.242416, 0.965866], [-0.013257, 0.942253], [0.034215, -0.653272], [0.031549, -0.533682], [0.034992, -0.563547], [-0.018458, -0.721172], [0.063393, -0.505917], [0.002973, -0.581477], [0.140986, -0.207561], [-0.064269, -0.328732], [0.119453, 0.086336], [-0.28346, -0.123044], [0.118707, 0.180165], [-0.376058, -0.086107]], "theta": [1.134154, 0.016626, 0.145649, 2.28826, 0.322316, -2.263051, -0.353774, -0.07068, 0.061496, 0.141622, -0.034615, -0.063166, 0.2353, -0.028451, 0.020153, 0.426485, -0.017101, -0.056764, -0.038477, 0.296017, 0.101903, -0.084616, 0.00083, 0.023836, -0.236695, 0.337981, 0.161276, -0.188751, -0.228972, 0.077044, 0.037612, 0.04577, -0.005905, -0.002911, 0.002255, 0.002912, 0.002507, 0.004254, -0.009364, -0.163097, -0.00165, -0.00433, 0.014622, 0.141777, -0.485811, -0.002063, 0.368779, 0.341075, 0.031524, 0.025919, 0.045256, 0.111696, -0.122544, -0.809695, 0.250315, 0.344329, 0.695265, 0.086598, -0.186443, 0.015571, 0.091948, 0.527307, -0.132439, 0.347948, -0.053792, 0.337635, 0.340057, 0.220362, -0.454152, 0.108696, 0.042838, -0.409936, 0.109969, -0.036759, 0.416397, 0.675054, -0.692284, -0.01141, -2.269185, 0.336344, 0.098509, 1.248766, -2.031055, 0.105437, 0.869031]}