{"hc3d": [[-0.000858, -0.219155, 0.038978], [0.081325, -0.316128, 0.035492], [-0.081244, -0.315545, 0.038162], [-0.003146, -0.104186, 0.00435], [0.138369, -0.697104, 0.137744], [-0.10385, -0.713474, 0.120135], [0.0033, 0.023717, 0.031568], [0.051427, -0.982226, -0.169118], [-0.080905, -1.121363, -0.009718], [0.007455, 0.07165, 0.06925], [0.134913, -1.060587, -0.089637], [-0.111519, -1.20002, 0.10314], [0.013265, 0.293286, 0.042968], [0.096814, 0.197057, 0.042836], [-0.0757, 0.202009, 0.046949], [0.011856, 0.344127, 0.100926], [0.190484, 0.170947, 0.012173], [-0.179788, 0.192727, 0.068607], [0.249299, -0.093431, -0.019792], [-0.237887, -0.059784, 0.000231], [0.305105, -0.327078, 0.087968], [-0.276383, -0.323614, 0.022439], [0.348621, -0.399369, 0.118563], [-0.28964, -0.411125, 0.030086]], "im2d": [[0.009028, -0.113801], [0.073391, 0.011049], [-0.063178, -0.02138], [0.042123, -0.247414], [0.014534, 0.462158], [-0.172989, 0.430789], [0.034328, -0.386879], [0.166802, 0.731005], [-0.078051, 0.879284], [0.011085, -0.435707], [0.167777, 0.844532], [-0.197918, 0.974391], [0.051297, -0.686709], [0.114184, -0.562048], [-0.031467, -0.601189], [0.007589, -0.737619], [0.214237, -0.517665], [-0.135339, -0.608851], [0.270795, -0.212417], [-0.145893, -0.344115], [0.216255, 0.073423], [-0.212698, -0.052581], [0.22327, 0.166734], [-0.235483, 0.044055]], "theta": [1.147037, 0.008728, 0.119942, 3.057483, 0.205205, -1.217589, -0.296354, 0.055842, 0.055092, -0.240119, 0.013299, 0.038944, 0.250084, 0.035849, -0.018331, 1.015103, 0.139928, -0.103597, 0.426349, 0.058005, 0.007901, -0.140184, 4.6e-05, -0.007035, -0.463024, 0.282494, 0.116636, -0.00995, -0.143753, 0.139323, -0.007479, 0.018262, -0.022267, -0.004876, 0.002889, 0.006085, 0.002254, 0.005243, -0.011512, 0.049112, -0.152246, 0.034242, 0.051551, 0.113341, -0.623089, 0.028305, 0.269125, 0.467289, 0.013251, -0.19368, 0.116699, 0.03411, -0.257003, -0.624818, 0.414314, 0.077613, 0.984423, -0.059325, -0.406644, -0.086451, -0.052207, 0.216567, -0.06408, 0.209566, -0.108908, 0.420973, -0.040472, 0.117641, -0.12587, 0.107021, 0.042436, -0.405075, 0.108532, -0.038108, 0.418428, 0.72651, -0.772115, 0.009631, -2.312807, 0.352332, 0.061163, 1.240504, -2.020087, 0.091507, 0.876871]}