{"hc3d": [[-0.000858, -0.219155, 0.038978], [0.081325, -0.316128, 0.035492], [-0.081244, -0.315545, 0.038162], [-0.003146, -0.104186, 0.00435], [0.102318, -0.686539, 0.18112], [-0.095744, -0.712726, -0.0491], [0.003425, 0.022987, 0.034771], [0.023605, -1.103316, 0.236969], [-0.128108, -1.070933, -0.282343], [0.00731, 0.071495, 0.071739], [0.108391, -1.085212, 0.346108], [-0.139522, -1.135074, -0.157375], [0.002035, 0.293896, 0.052839], [0.08982, 0.201735, 0.046455], [-0.082469, 0.198476, 0.056868], [0.012738, 0.346645, 0.108056], [0.181791, 0.191889, 0.003557], [-0.185364, 0.192209, 0.084489], [0.195746, -0.031284, -0.152572], [-0.28921, -0.054738, 0.077727], [0.372653, -0.189309, -0.03834], [-0.204739, -0.179971, 0.29855], [0.452075, -0.225511, -0.017425], [-0.179769, -0.206377, 0.379616]], "im2d": [[0.010883, -0.114484], [0.076164, 0.011524], [-0.061597, -0.021202], [0.043925, -0.249519], [-0.046204, 0.453336], [-0.028756, 0.416309], [0.033032, -0.388927], [-0.182787, 0.917263], [0.108533, 0.788723], [0.009714, -0.43882], [-0.198302, 0.926545], [-0.005098, 0.874056], [0.034415, -0.694505], [0.106994, -0.573187], [-0.04532, -0.602572], [0.002439, -0.745689], [0.217478, -0.548779], [-0.153697, -0.61268], [0.340143, -0.31124], [-0.250446, -0.353915], [0.386362, -0.083123], [-0.364667, -0.168787], [0.433614, -0.023739], [-0.410409, -0.124234]], "theta": [1.158293, 0.010254, 0.120317, 3.060372, 0.202672, -1.22156, -0.408557, 0.0751, -0.043676, 0.179677, 0.010899, 0.061713, 0.2772, 0.090639, -0.013484, 0.164649, 0.016647, -0.104818, 0.28757, 0.180877, -0.117688, -0.181253, -0.027281, 0.008923, -0.439671, 0.356951, 0.136279, -0.369592, -0.056117, 0.044358, 0.036925, 0.033903, 0.001137, -0.003323, 0.002334, 0.003953, 0.001767, 0.003089, -0.007609, -0.02126, -0.011884, -0.059152, 0.013545, 0.21052, -0.524825, -0.028454, 0.291701, 0.385506, -0.028212, -0.156938, 0.048633, 0.226908, 0.170983, -0.817237, 0.352754, 0.134972, 0.764358, -0.380032, -1.102754, 0.324696, -0.043958, 1.156267, -0.160773, -0.068557, -0.182576, 0.513673, -0.218932, 0.255449, -0.266668, 0.108009, 0.042224, -0.409109, 0.109482, -0.037024, 0.416659, 0.72651, -0.772115, 0.009631, -2.312807, 0.352332, 0.061163, 1.240504, -2.020087, 0.091507, 0.876871]}