{"hc3d": [[-0.000858, -0.219155, 0.038978], [0.081325, -0.316128, 0.035492], [-0.081244, -0.315545, 0.038162], [-0.003146, -0.104186, 0.00435], [0.096198, -0.690883, 0.17036], [-0.089737, -0.708394, -0.067551], [0.004459, 0.02265, 0.035915], [0.011803, -1.107885, 0.215137], [-0.12414, -1.002793, -0.377241], [0.007691, 0.069394, 0.07515], [0.099832, -1.096198, 0.32257], [-0.142472, -1.097644, -0.274633], [-0.000764, 0.291764, 0.057062], [0.088398, 0.200929, 0.050764], [-0.083873, 0.195097, 0.060314], [0.009353, 0.346982, 0.109924], [0.181005, 0.191071, 0.009258], [-0.186477, 0.188866, 0.089005], [0.188543, -0.019954, -0.163336], [-0.297803, -0.054742, 0.097618], [0.381301, -0.173824, -0.07122], [-0.212455, -0.155115, 0.330475], [0.459645, -0.212863, -0.051372], [-0.189661, -0.169251, 0.415169]], "im2d": [[0.010982, -0.114532], [0.076312, 0.011545], [-0.061521, -0.0212], [0.044027, -0.249647], [-0.042838, 0.456063], [-0.008524, 0.410619], [0.033033, -0.388402], [-0.175322, 0.918062], [0.192469, 0.701247], [0.00722, -0.436171], [-0.187184, 0.935102], [0.088993, 0.817488], [0.028595, -0.692503], [0.102389, -0.57234], [-0.049459, -0.598918], [-0.001858, -0.746905], [0.212351, -0.547621], [-0.158506, -0.608882], [0.343725, -0.327013], [-0.273625, -0.353434], [0.421197, -0.102934], [-0.395259, -0.194781], [0.468256, -0.040632], [-0.444984, -0.164124]], "theta": [1.158949, 0.010334, 0.120331, 3.060492, 0.202572, -1.221724, -0.381278, 0.119662, -0.06518, 0.22405, -0.027439, 0.071376, 0.286716, 0.093354, -0.020774, 0.168486, -0.014475, -0.097967, 0.476124, 0.192683, -0.130341, -0.144711, -0.037752, 0.027002, -0.430131, 0.376772, 0.135153, -0.335388, -0.087598, 0.075648, -0.006608, 0.040329, 0.006218, -0.004191, 0.002877, 0.004869, 0.001943, 0.004116, -0.008993, -0.069138, -0.02117, -0.07762, 0.014257, 0.197943, -0.538173, -0.04011, 0.307678, 0.368819, -0.045246, -0.138422, 0.047365, 0.206178, 0.276316, -0.807951, 0.31198, 0.13652, 0.711366, -0.396109, -1.119174, 0.365922, -0.025133, 1.205616, -0.185935, -0.14141, -0.193786, 0.406406, -0.192942, 0.266844, -0.316463, 0.107059, 0.042057, -0.407381, 0.108662, -0.036644, 0.416251, 0.72651, -0.772115, 0.009631, -2.312807, 0.352332, 0.061163, 1.240504, -2.020087, 0.091507, 0.876871]}