{"hc3d": [[-0.000858, -0.219155, 0.038978], [0.081325, -0.316128, 0.035492], [-0.081244, -0.315545, 0.038162], [-0.003146, -0.104186, 0.00435], [0.088765, -0.710653, -0.020606], [-0.119224, -0.674624, 0.225773], [0.002352, 0.024168, 0.029583], [0.026381, -1.118144, -0.134961], [-0.122273, -1.100093, 0.173535], [0.004852, 0.072599, 0.066771], [0.098276, -1.154746, -0.0213], [-0.150715, -1.158819, 0.298448], [0.018054, 0.295254, 0.056893], [0.099002, 0.19683, 0.056181], [-0.073143, 0.2066, 0.047638], [0.018341, 0.344381, 0.116325], [0.197426, 0.178262, 0.0371], [-0.178594, 0.200464, 0.062871], [0.270306, -0.084332, 0.04758], [-0.239941, -0.043358, -0.029866], [0.321795, -0.297011, 0.193982], [-0.298845, -0.304336, -0.028266], [0.362983, -0.355516, 0.248172], [-0.304808, -0.392187, -0.040055]], "im2d": [[0.011037, -0.114561], [0.076393, 0.011556], [-0.061482, -0.0212], [0.044086, -0.249724], [0.102866, 0.454485], [-0.266089, 0.401405], [0.036489, -0.391416], [0.116913, 0.891293], [-0.253408, 0.87785], [0.0118, -0.441505], [0.08355, 0.960722], [-0.380976, 0.953744], [0.04469, -0.69295], [0.106701, -0.565101], [-0.029608, -0.611535], [0.000363, -0.741624], [0.203034, -0.526658], [-0.130272, -0.623777], [0.239051, -0.212614], [-0.122438, -0.370095], [0.151371, 0.056638], [-0.189261, -0.085218], [0.138664, 0.137749], [-0.190294, 0.011977]], "theta": [1.159331, 0.010378, 0.120338, 3.060548, 0.202527, -1.2218, 0.11025, 0.04874, -0.060041, -0.512429, 0.068948, -0.013557, 0.232495, -0.019911, -0.015629, 0.04371, -0.0216, -0.050618, 0.514805, 0.007069, -0.002194, -0.135981, 0.004025, -0.009225, -0.344668, 0.320311, 0.11371, 0.028436, -0.083438, 0.133078, 0.078091, -0.005948, -0.039501, -0.002585, 0.002238, 0.001776, 0.001768, 0.003289, -0.007481, 0.004259, -0.078617, 0.018639, 0.030464, 0.066274, -0.522564, 0.01921, 0.28842, 0.449651, 0.076651, -0.162827, 0.076812, 0.024928, -0.433075, -0.631179, 0.3384, 0.006097, 0.990053, -0.062521, -0.414713, -0.027706, -0.058633, 0.221497, -0.075944, 0.334956, -0.178907, 0.436984, -0.132044, 0.058114, 0.07384, 0.108359, 0.043031, -0.408934, 0.109279, -0.038882, 0.41535, 0.72651, -0.772115, 0.009631, -2.312807, 0.352332, 0.061163, 1.240504, -2.020087, 0.091507, 0.876871]}