{"hc3d": [[-0.000728, -0.219117, 0.040055], [0.082477, -0.316251, 0.036952], [-0.082123, -0.315704, 0.039694], [-0.002982, -0.104157, 0.004882], [0.150372, -0.662107, 0.216703], [-0.109858, -0.71604, -0.007196], [0.003542, 0.020275, 0.042477], [-0.006301, -1.056106, 0.242773], [-0.161807, -0.96099, -0.351516], [0.007644, 0.067327, 0.081629], [0.108869, -1.041169, 0.318664], [-0.152519, -1.047248, -0.241224], [0.001209, 0.289477, 0.058599], [0.089892, 0.197981, 0.055715], [-0.082941, 0.193695, 0.063325], [0.007031, 0.346803, 0.108645], [0.182729, 0.182412, 0.016345], [-0.185404, 0.179089, 0.089299], [0.217395, -0.059802, -0.100265], [-0.273407, -0.072565, 0.09332], [0.337817, -0.215628, 0.072119], [-0.236409, -0.207862, 0.319231], [0.418174, -0.246822, 0.096211], [-0.238202, -0.237295, 0.402801]], "im2d": [[0.009649, -0.100157], [0.074672, 0.023115], [-0.064038, -0.008572], [0.042301, -0.232016], [-0.029405, 0.439662], [-0.077667, 0.425035], [0.027179, -0.364634], [-0.205491, 0.84975], [0.1265, 0.648659], [0.003736, -0.411705], [-0.166969, 0.863558], [0.0441, 0.758352], [0.030716, -0.661919], [0.100492, -0.543833], [-0.049098, -0.571188], [0.001043, -0.71885], [0.206663, -0.513228], [-0.155004, -0.57164], [0.308655, -0.250864], [-0.24779, -0.308811], [0.266396, -0.035921], [-0.398912, -0.12661], [0.312605, 0.016678], [-0.466302, -0.085031]], "theta": [1.131031, 0.009259, 0.130563, 3.066534, 0.202157, -1.188049, -0.534701, 0.226941, 0.043089, 0.079425, 0.026572, 0.027506, 0.341808, 0.107988, -0.010474, 0.463693, 0.267788, -0.261916, 0.759575, 0.201607, -0.068054, -0.215781, -0.038357, 0.008043, -0.653171, 0.281971, 0.25032, -0.554219, 0.080752, 0.002577, -0.005252, 0.012825, 0.005397, -0.007681, 0.00617, 0.006659, -0.001069, 0.005615, -0.007251, -0.110353, -0.129606, -0.099613, 0.000206, 0.179271, -0.577979, -0.034528, 0.30324, 0.459759, -0.111721, -0.198989, 0.033422, 0.232328, 0.013257, -0.764866, 0.358279, 0.168191, 0.72719, -0.286826, -1.100578, 0.174294, -0.238023, 0.970408, -0.208224, -0.035838, -0.107855, 0.803435, -0.110659, 0.216345, -0.363864, 0.102607, 0.040586, -0.403616, 0.105333, -0.04038, 0.412699, 0.662101, -0.937918, 0.051312, -2.350727, 0.424553, 0.048477, 1.277791, -2.117844, 0.101017, 0.856024]}