{"hc3d": [[-0.000728, -0.219117, 0.040055], [0.082477, -0.316251, 0.036952], [-0.082123, -0.315704, 0.039694], [-0.002982, -0.104157, 0.004882], [0.135853, -0.672181, 0.201271], [-0.10811, -0.717448, 0.005583], [0.002879, 0.020536, 0.041713], [-0.026605, -1.064654, 0.207177], [-0.161952, -0.899459, -0.375505], [0.006, 0.06804, 0.080407], [0.088768, -1.059016, 0.284015], [-0.158485, -1.006894, -0.285303], [0.004013, 0.290032, 0.055152], [0.091306, 0.197181, 0.056907], [-0.081741, 0.195585, 0.057092], [0.009479, 0.350387, 0.101543], [0.187357, 0.178959, 0.027696], [-0.184343, 0.183436, 0.08377], [0.213138, -0.067418, -0.082306], [-0.26678, -0.070073, 0.089042], [0.318315, -0.249354, 0.073695], [-0.244777, -0.226109, 0.303234], [0.388973, -0.295491, 0.103524], [-0.24926, -0.262685, 0.383829]], "im2d": [[0.01181, -0.100693], [0.077918, 0.023866], [-0.062151, -0.008131], [0.044353, -0.234168], [-0.026925, 0.452609], [-0.082486, 0.433224], [0.028465, -0.368477], [-0.192113, 0.862013], [0.156589, 0.581847], [0.00403, -0.416558], [-0.15464, 0.887003], [0.082854, 0.713625], [0.035767, -0.668802], [0.1018, -0.547683], [-0.043499, -0.579206], [0.008129, -0.729927], [0.203834, -0.512206], [-0.15095, -0.582196], [0.295418, -0.244033], [-0.239921, -0.313244], [0.251278, -0.001358], [-0.397297, -0.108748], [0.284503, 0.067503], [-0.465834, -0.059077]], "theta": [1.143657, 0.011054, 0.131072, 3.070231, 0.198852, -1.19314, -0.484344, 0.217474, 0.011763, 0.046577, 0.015397, 0.030698, 0.334456, 0.078457, -0.00925, 0.46027, 0.284924, -0.237061, 0.963981, 0.195286, -0.069514, -0.220127, -0.039439, 0.007319, -0.621683, 0.280611, 0.25837, -0.521161, 0.063587, 0.041562, -0.001905, -0.00142, -0.004125, -0.002878, 0.001456, 0.0045, 0.001931, 0.003137, -0.008326, -0.1654, -0.089492, -0.081773, -0.009037, 0.115553, -0.574384, -0.046271, 0.353189, 0.450609, -0.023352, -0.186141, 0.003404, 0.221782, 0.048087, -0.820162, 0.326552, 0.148854, 0.771929, -0.265051, -0.959284, 0.200153, -0.142677, 0.845415, -0.208757, -0.108683, -0.121016, 0.6695, -0.106979, 0.213707, -0.350559, 0.109281, 0.04238, -0.409903, 0.109908, -0.036595, 0.419655, 0.662101, -0.937918, 0.051312, -2.350727, 0.424553, 0.048477, 1.277791, -2.117844, 0.101017, 0.856024]}