{"hc3d": [[-0.000728, -0.219117, 0.040055], [0.082477, -0.316251, 0.036952], [-0.082123, -0.315704, 0.039694], [-0.002982, -0.104157, 0.004882], [0.071724, -0.711743, 0.039501], [-0.124924, -0.683162, 0.202113], [0.00238, 0.023023, 0.032004], [-0.000451, -1.126397, -0.018074], [-0.08829, -0.977371, -0.103427], [0.005699, 0.071264, 0.06976], [0.064985, -1.162891, 0.098686], [-0.124802, -1.098121, -0.041968], [0.0126, 0.292667, 0.040519], [0.096007, 0.196329, 0.043121], [-0.076947, 0.201897, 0.04498], [0.019736, 0.348215, 0.092367], [0.193511, 0.174866, 0.022066], [-0.179444, 0.189916, 0.072133], [0.239272, -0.091129, -0.002833], [-0.235781, -0.069385, 0.04606], [0.286447, -0.328753, 0.096205], [-0.276911, -0.317854, 0.131391], [0.328072, -0.400291, 0.130271], [-0.277695, -0.403196, 0.155256]], "im2d": [[0.012925, -0.101062], [0.079586, 0.024207], [-0.06124, -0.007968], [0.045456, -0.235401], [0.044576, 0.468374], [-0.246404, 0.417825], [0.036499, -0.374466], [0.003593, 0.914934], [0.005245, 0.719497], [0.012734, -0.423625], [-0.03465, 0.982963], [-0.080834, 0.856051], [0.054797, -0.67549], [0.11722, -0.550387], [-0.029653, -0.589949], [0.023687, -0.730435], [0.214535, -0.509855], [-0.137962, -0.592995], [0.256431, -0.204092], [-0.180787, -0.314705], [0.204455, 0.08503], [-0.297137, -0.032132], [0.208599, 0.177902], [-0.321603, 0.066848]], "theta": [1.150532, 0.011961, 0.131278, 3.071863, 0.197438, -1.19538, -0.038934, 0.058241, -0.107216, -0.455443, 6e-06, -0.012415, 0.255368, 0.018281, -0.013332, 0.057268, -0.007486, -0.027215, 1.143399, -0.099299, -0.003016, -0.160984, 0.008834, -0.001037, -0.252367, 0.283415, 0.045689, -0.021398, -0.024181, 0.147956, 0.001335, 0.01516, -0.035256, -0.001006, 0.001146, 0.000366, 0.001442, 0.00175, -0.004907, -0.050384, -0.025564, -0.015698, 0.030508, 0.030926, -0.553858, -0.012515, 0.345706, 0.492411, -0.001996, -0.115365, 0.01075, 0.117733, -0.253548, -0.745055, 0.282649, 0.092348, 0.910665, -0.078334, -0.337087, -0.012373, -0.027577, 0.269452, -0.12158, 0.137578, -0.159589, 0.44947, -0.177956, 0.151146, 0.024186, 0.110196, 0.043358, -0.412622, 0.110859, -0.037807, 0.416726, 0.662101, -0.937918, 0.051312, -2.350727, 0.424553, 0.048477, 1.277791, -2.117844, 0.101017, 0.856024]}