{"hc3d": [[-0.000728, -0.219117, 0.040055], [0.082477, -0.316251, 0.036952], [-0.082123, -0.315704, 0.039694], [-0.002982, -0.104157, 0.004882], [0.087259, -0.711598, 0.022303], [-0.139667, -0.673625, 0.21807], [0.001871, 0.023226, 0.031137], [0.016629, -1.123341, -0.054769], [-0.103992, -1.035961, -0.0026], [0.004934, 0.071163, 0.069298], [0.082786, -1.161162, 0.06116], [-0.142471, -1.136618, 0.08728], [0.013063, 0.293087, 0.044689], [0.096067, 0.196384, 0.04647], [-0.076875, 0.202604, 0.046058], [0.018441, 0.347391, 0.098044], [0.194154, 0.176238, 0.026871], [-0.179971, 0.189014, 0.069995], [0.24965, -0.088707, 0.013028], [-0.234546, -0.069709, 0.035727], [0.291071, -0.316784, 0.134537], [-0.27316, -0.324083, 0.102902], [0.331892, -0.383798, 0.17759], [-0.270109, -0.411842, 0.114843]], "im2d": [[0.012962, -0.101077], [0.079642, 0.024217], [-0.061213, -0.007965], [0.045495, -0.235447], [0.071182, 0.46923], [-0.270714, 0.406259], [0.036789, -0.374972], [0.046921, 0.910524], [-0.090213, 0.794952], [0.012465, -0.423797], [0.009846, 0.980111], [-0.198945, 0.911956], [0.051974, -0.675503], [0.114695, -0.550138], [-0.030383, -0.590719], [0.018119, -0.729209], [0.211465, -0.510795], [-0.136806, -0.592458], [0.253017, -0.202922], [-0.171703, -0.315418], [0.179216, 0.077121], [-0.272121, -0.027842], [0.175939, 0.165851], [-0.28419, 0.073177]], "theta": [1.150781, 0.011992, 0.131283, 3.071906, 0.197402, -1.19544, 0.003164, 0.063815, -0.066525, -0.500769, -0.00237, -0.049997, 0.248205, 0.008794, -0.010205, 0.063121, -0.014627, -0.063006, 0.933942, -0.095187, 0.038798, -0.145998, 0.005986, -0.006295, -0.283391, 0.286105, 0.046535, -0.020697, -0.024053, 0.13238, 0.014149, 0.013557, -0.03455, -0.000774, 0.001033, 9.2e-05, 0.001264, 0.001497, -0.004384, -0.04611, -0.041394, -0.007619, 0.036233, 0.027632, -0.540861, 0.011258, 0.329776, 0.506552, 0.008551, -0.130205, 0.024964, 0.11254, -0.317502, -0.712107, 0.290538, 0.119869, 0.902253, -0.053299, -0.393288, -0.023888, -0.01392, 0.239837, -0.094062, 0.20916, -0.145894, 0.460416, -0.177477, 0.116441, 0.088384, 0.110459, 0.043789, -0.412806, 0.110997, -0.03867, 0.416826, 0.662101, -0.937918, 0.051312, -2.350727, 0.424553, 0.048477, 1.277791, -2.117844, 0.101017, 0.856024]}