{"hc3d": [[-0.000728, -0.219117, 0.040055], [0.082477, -0.316251, 0.036952], [-0.082123, -0.315704, 0.039694], [-0.002982, -0.104157, 0.004882], [0.171629, -0.693253, 0.117313], [-0.093704, -0.708269, 0.134539], [0.001253, 0.022527, 0.03442], [0.02447, -0.880393, -0.234517], [-0.080775, -1.123792, 0.042728], [0.001825, 0.0684, 0.075151], [0.119255, -0.969014, -0.185436], [-0.087205, -1.176696, 0.172538], [0.006733, 0.290467, 0.050977], [0.091503, 0.195537, 0.05782], [-0.081189, 0.198102, 0.046945], [0.004311, 0.345354, 0.10395], [0.189903, 0.173736, 0.041905], [-0.183929, 0.178542, 0.068121], [0.231256, -0.092569, 0.012951], [-0.229968, -0.078465, 0.014097], [0.285136, -0.324817, 0.12092], [-0.249571, -0.34022, 0.056635], [0.318367, -0.403039, 0.148989], [-0.250677, -0.428667, 0.062063]], "im2d": [[0.013018, -0.101103], [0.079725, 0.024232], [-0.061174, -0.00796], [0.045555, -0.23552], [0.0693, 0.476627], [-0.168794, 0.44423], [0.033707, -0.37402], [0.20881, 0.61635], [-0.111288, 0.904326], [0.005139, -0.420697], [0.24502, 0.740685], [-0.221341, 0.978582], [0.041598, -0.67322], [0.101987, -0.548856], [-0.034974, -0.586553], [0.001484, -0.729156], [0.196074, -0.507125], [-0.139332, -0.581822], [0.237457, -0.2022], [-0.151485, -0.307385], [0.184476, 0.083415], [-0.217085, -0.010699], [0.185831, 0.181525], [-0.227609, 0.089531]], "theta": [1.151167, 0.012036, 0.13129, 3.071962, 0.197357, -1.195516, -0.257974, 0.126596, 0.135993, -0.271145, 0.090122, 0.056931, 0.272831, -0.030242, -0.008927, 1.273425, 0.224649, -0.153701, 0.36255, 0.127876, 0.01203, -0.117678, -0.012029, 0.004277, -0.561156, 0.268544, 0.115029, -0.113953, -0.084172, 0.115455, -0.037994, 0.012891, -0.016484, -0.003643, 0.002885, 0.003195, 0.002149, 0.004061, -0.008878, -0.053914, -0.115977, -0.009661, 0.05039, 0.046172, -0.584209, 0.047826, 0.364833, 0.536676, 0.02798, -0.192907, 0.082334, 0.078715, -0.257275, -0.754058, 0.326285, 0.085673, 0.902636, -0.143515, -0.383368, 0.043643, 0.065856, 0.246436, -0.056078, 0.078399, -0.067368, 0.306143, -0.132577, 0.078481, -0.017269, 0.107632, 0.042556, -0.408227, 0.108677, -0.037118, 0.415275, 0.662101, -0.937918, 0.051312, -2.350727, 0.424553, 0.048477, 1.277791, -2.117844, 0.101017, 0.856024]}