{"hc3d": [[-0.000728, -0.219117, 0.040055], [0.082477, -0.316251, 0.036952], [-0.082123, -0.315704, 0.039694], [-0.002982, -0.104157, 0.004882], [0.120207, -0.70238, 0.114521], [-0.10274, -0.714822, 0.098993], [0.004379, 0.021123, 0.039379], [-0.018658, -1.086194, -0.003232], [-0.09039, -1.064372, -0.143737], [0.00529, 0.066638, 0.080502], [0.085984, -1.114944, 0.0832], [-0.109798, -1.143781, -0.029683], [0.012547, 0.288847, 0.058302], [0.096317, 0.192991, 0.064517], [-0.076312, 0.197433, 0.053237], [0.009317, 0.34405, 0.110902], [0.193615, 0.165049, 0.05173], [-0.178471, 0.17993, 0.078603], [0.232929, -0.100714, 0.015797], [-0.223613, -0.080716, 0.045191], [0.278182, -0.345393, 0.096937], [-0.251227, -0.340657, 0.093953], [0.316221, -0.423337, 0.119044], [-0.246065, -0.42911, 0.095678]], "im2d": [[0.013018, -0.101103], [0.079725, 0.024232], [-0.061174, -0.00796], [0.045555, -0.23552], [0.027571, 0.476616], [-0.149036, 0.44554], [0.032384, -0.371226], [-0.020725, 0.868352], [0.029899, 0.812705], [0.003772, -0.417387], [-0.001767, 0.931605], [-0.080388, 0.912428], [0.040679, -0.669373], [0.100659, -0.544235], [-0.035817, -0.584087], [0.000194, -0.725868], [0.191001, -0.495408], [-0.142837, -0.581054], [0.236152, -0.19234], [-0.170558, -0.299825], [0.196108, 0.102358], [-0.247668, -0.005979], [0.206193, 0.200359], [-0.250014, 0.095021]], "theta": [1.151168, 0.012036, 0.13129, 3.071962, 0.197357, -1.195516, -0.242709, 0.158703, 0.001499, -0.185393, 0.023828, 0.041829, 0.313169, -0.001281, -0.030588, 0.487277, 0.268551, -0.154695, 0.668788, 0.061589, 0.004813, -0.148817, -0.023845, 0.030655, -0.52141, 0.255307, 0.175044, -0.287382, -0.041699, 0.119627, -0.038169, -0.00602, -0.029709, -0.004235, 0.003222, 0.003881, 0.002091, 0.004671, -0.009678, -0.06744, -0.11, 0.017543, -0.002287, 0.004593, -0.625107, 0.012748, 0.411272, 0.523257, 0.066131, -0.307272, 0.052808, 0.09168, -0.166631, -0.718495, 0.302923, 0.122711, 0.903766, -0.116798, -0.303641, -0.001466, -0.000727, 0.181708, -0.050413, 0.071914, -0.099354, 0.40566, -0.141417, 0.080374, 0.101455, 0.106786, 0.042143, -0.406929, 0.107992, -0.036467, 0.414696, 0.662101, -0.937918, 0.051312, -2.350727, 0.424553, 0.048477, 1.277791, -2.117844, 0.101017, 0.856024]}