{"hc3d": [[-0.000728, -0.219117, 0.040055], [0.082477, -0.316251, 0.036952], [-0.082123, -0.315704, 0.039694], [-0.002982, -0.104157, 0.004882], [0.133076, -0.665801, 0.215252], [-0.105266, -0.712868, -0.030746], [0.00207, 0.021129, 0.03977], [0.0077, -1.071223, 0.195892], [-0.139335, -1.045153, -0.294719], [0.003462, 0.068565, 0.078648], [0.109319, -1.068011, 0.290284], [-0.133301, -1.103972, -0.167459], [0.001455, 0.291103, 0.058773], [0.088996, 0.198499, 0.061102], [-0.083958, 0.19638, 0.05561], [0.004524, 0.346327, 0.111362], [0.185113, 0.186058, 0.029199], [-0.187616, 0.183824, 0.077605], [0.205837, -0.057529, -0.08786], [-0.267529, -0.070533, 0.075029], [0.33525, -0.234059, 0.055627], [-0.242918, -0.23263, 0.284382], [0.408767, -0.277267, 0.082815], [-0.240473, -0.274005, 0.362713]], "im2d": [[0.013018, -0.101103], [0.079726, 0.024233], [-0.061174, -0.00796], [0.045556, -0.235521], [-0.038075, 0.45012], [-0.049671, 0.427037], [0.030132, -0.371633], [-0.153187, 0.88084], [0.107767, 0.763138], [0.003797, -0.420142], [-0.141064, 0.908419], [0.009858, 0.846173], [0.031095, -0.674014], [0.097488, -0.552286], [-0.044182, -0.584093], [-0.004069, -0.729312], [0.20271, -0.523505], [-0.149532, -0.587343], [0.296918, -0.258945], [-0.230287, -0.316191], [0.283242, -0.017216], [-0.382926, -0.103036], [0.321373, 0.049095], [-0.444573, -0.046338]], "theta": [1.151171, 0.012036, 0.131291, 3.071962, 0.197357, -1.195516, -0.513098, 0.113577, 0.023706, 0.13836, 0.026868, 0.039872, 0.317748, 0.048212, -0.007008, 0.493489, 0.23967, -0.186077, 0.419987, 0.22877, -0.062392, -0.20144, -0.034011, 0.022978, -0.551604, 0.278831, 0.208572, -0.506111, 0.010722, 0.018613, 0.020266, -0.007071, -0.013064, -0.001422, 0.001422, 0.00118, 0.000982, 0.001915, -0.004464, -0.084431, -0.072113, -0.062771, -0.01187, 0.177069, -0.536612, -0.022669, 0.339612, 0.445193, 0.029221, -0.206328, 0.009093, 0.233642, 0.028755, -0.878247, 0.312238, 0.180781, 0.77309, -0.321559, -0.958946, 0.293018, -0.111616, 0.852733, -0.190703, -0.032895, -0.12883, 0.611184, -0.161001, 0.230027, -0.276213, 0.109441, 0.043365, -0.411313, 0.110507, -0.039008, 0.416793, 0.662101, -0.937918, 0.051312, -2.350727, 0.424553, 0.048477, 1.277791, -2.117844, 0.101017, 0.856024]}