{"hc3d": [[-0.000877, -0.21819, 0.0385], [0.080973, -0.314832, 0.034787], [-0.080925, -0.314242, 0.037461], [-0.003171, -0.103735, 0.004384], [0.135995, -0.661477, 0.222435], [-0.141509, -0.697521, -0.082873], [-0.000527, 0.022876, 0.036505], [0.078122, -1.080081, 0.282417], [-0.135601, -1.014451, -0.36989], [0.00068, 0.070639, 0.074139], [0.170622, -1.081311, 0.386197], [-0.157658, -1.110069, -0.269336], [-0.012727, 0.291891, 0.05647], [0.078377, 0.203605, 0.052386], [-0.093052, 0.193568, 0.057163], [-0.007654, 0.352849, 0.103237], [0.169746, 0.201013, 0.008031], [-0.195094, 0.184701, 0.085624], [0.226416, -0.041386, -0.102104], [-0.26913, -0.061715, 0.158429], [0.349914, -0.273295, -0.100259], [-0.222005, -0.222682, 0.366207], [0.417191, -0.328405, -0.121304], [-0.213973, -0.241315, 0.452404]], "im2d": [[0.012828, -0.0816], [0.027296, 0.044444], [-0.014191, 0.006446], [0.06073, -0.207371], [-0.199318, 0.432597], [0.067831, 0.422552], [0.037909, -0.348474], [-0.318852, 0.88029], [0.355806, 0.787994], [0.001208, -0.402811], [-0.411373, 0.89822], [0.230609, 0.884291], [0.038422, -0.650188], [0.056295, -0.531257], [0.009211, -0.559769], [-0.006182, -0.718668], [0.126748, -0.50537], [-0.047341, -0.574697], [0.238797, -0.218831], [-0.168586, -0.322044], [0.244271, 0.06638], [-0.401724, -0.142307], [0.278306, 0.143851], [-0.496634, -0.123722]], "theta": [1.13228, 0.012207, 0.146123, 2.51707, 0.299079, -2.014514, -0.530445, 0.069733, 0.041487, 0.25492, -0.08599, -0.069818, 0.288369, 0.051063, 0.012956, 0.28443, 0.103187, -0.115521, 0.354462, 0.252144, 0.064361, -0.177277, -0.020527, 0.015115, -0.262877, 0.371204, 0.145115, -0.251683, -0.095565, 0.050063, 0.026481, 0.040512, 0.011902, -0.001729, 0.000711, 0.003445, 0.001095, 0.001834, -0.005728, -0.18024, -0.007862, -0.039202, -0.009758, 0.263352, -0.496778, -0.025715, 0.33187, 0.36764, -0.073472, -0.033154, 0.052007, 0.105626, -0.013604, -0.774905, 0.354689, 0.456924, 0.657098, -0.247546, -0.344105, 0.040111, -0.042376, 0.628678, -0.163864, 0.196118, -0.057162, 0.583548, 0.273652, 0.275707, -0.524541, 0.110537, 0.044174, -0.411112, 0.111938, -0.040398, 0.42097, 0.679, -0.725111, -0.023993, -2.301173, 0.338786, 0.066238, 1.232447, -2.03674, 0.101364, 0.884991]}