{"hc3d": [[-0.000877, -0.21819, 0.0385], [0.080973, -0.314832, 0.034787], [-0.080925, -0.314242, 0.037461], [-0.003171, -0.103735, 0.004384], [0.093545, -0.712506, 0.024802], [-0.142717, -0.6936, 0.169076], [0.000356, 0.023911, 0.032012], [0.033113, -1.129829, -0.041268], [-0.107827, -1.025859, -0.097842], [0.000715, 0.071019, 0.070479], [0.107774, -1.160153, 0.072019], [-0.150359, -1.131666, -0.015765], [0.001273, 0.292552, 0.051315], [0.087136, 0.19908, 0.052535], [-0.084593, 0.199086, 0.047964], [0.007113, 0.353163, 0.098443], [0.186266, 0.184626, 0.035602], [-0.186711, 0.189525, 0.075922], [0.252809, -0.07818, 0.011038], [-0.24601, -0.070389, 0.055156], [0.318817, -0.323618, 0.077673], [-0.317506, -0.325143, 0.091095], [0.360938, -0.40005, 0.097423], [-0.337275, -0.411231, 0.097398]], "im2d": [[0.014763, -0.082001], [0.029829, 0.045438], [-0.012014, 0.006809], [0.062601, -0.209239], [0.007989, 0.493801], [-0.207918, 0.41156], [0.044203, -0.352374], [0.029343, 0.949347], [0.067939, 0.802327], [0.005673, -0.406562], [-0.081741, 0.996161], [-0.043355, 0.907466], [0.04722, -0.653564], [0.058039, -0.528933], [0.021856, -0.568915], [0.001574, -0.721931], [0.099435, -0.488892], [-0.034721, -0.583227], [0.119026, -0.178243], [-0.049351, -0.305397], [0.038399, 0.109157], [-0.129656, -0.038486], [0.01959, 0.203741], [-0.149226, 0.052973]], "theta": [1.143943, 0.013782, 0.146507, 2.520036, 0.296482, -2.01859, -0.007634, 0.08113, -0.049048, -0.373969, -0.032367, -0.053234, 0.251107, -0.02793, -0.001679, 0.049628, -0.018345, -0.053569, 0.934518, 0.000981, 0.070885, -0.123012, 0.006795, 0.01395, -0.286664, 0.3115, 0.112884, -0.101377, -0.134328, 0.16078, 0.005162, 0.030001, -0.024953, -0.001553, 0.001428, 0.000774, 0.001823, 0.002828, -0.006873, -0.17199, 0.028861, -0.009518, 0.030466, 0.028823, -0.522278, -0.001618, 0.385577, 0.425743, -0.013055, -0.060854, 0.043481, 0.081198, -0.26701, -0.730346, 0.259823, 0.135011, 0.904265, -0.011724, -0.205944, -0.024501, 0.016527, 0.03972, -0.075236, 0.248616, -0.08911, 0.350288, 0.059601, 0.103338, -0.035346, 0.109397, 0.04395, -0.410523, 0.110123, -0.038881, 0.416388, 0.679, -0.725111, -0.023993, -2.301173, 0.338786, 0.066238, 1.232447, -2.03674, 0.101364, 0.884991]}