{"hc3d": [[-0.000877, -0.21819, 0.0385], [0.080973, -0.314832, 0.034787], [-0.080925, -0.314242, 0.037461], [-0.003171, -0.103735, 0.004384], [0.090044, -0.706253, -0.036691], [-0.120329, -0.670958, 0.227866], [0.001189, 0.023692, 0.032887], [0.041107, -1.116541, -0.143674], [-0.107254, -1.091774, 0.153021], [0.000374, 0.070579, 0.071618], [0.112531, -1.160599, -0.032833], [-0.134709, -1.156892, 0.274456], [-0.000285, 0.292701, 0.061334], [0.086245, 0.199837, 0.061197], [-0.085289, 0.198867, 0.05188], [0.006218, 0.349998, 0.112359], [0.185836, 0.19027, 0.043523], [-0.188824, 0.185021, 0.071632], [0.273441, -0.066934, 0.027096], [-0.254318, -0.071762, 0.035917], [0.333252, -0.294733, 0.143574], [-0.31972, -0.327856, 0.073882], [0.377644, -0.358367, 0.188143], [-0.334905, -0.415056, 0.076587]], "im2d": [[0.014823, -0.08202], [0.029905, 0.045466], [-0.011951, 0.006817], [0.062665, -0.209306], [0.076399, 0.488645], [-0.266011, 0.389244], [0.043451, -0.352084], [0.146831, 0.940803], [-0.217458, 0.8664], [0.004305, -0.406323], [0.036419, 1.002365], [-0.365364, 0.927975], [0.0357, -0.654715], [0.048261, -0.530508], [0.017318, -0.569181], [-0.014456, -0.719392], [0.091051, -0.495784], [-0.030854, -0.578703], [0.107176, -0.186698], [-0.029995, -0.305132], [-0.02893, 0.077607], [-0.111215, -0.035283], [-0.073712, 0.15743], [-0.125768, 0.05867]], "theta": [1.144344, 0.01383, 0.146516, 2.520103, 0.296426, -2.018682, 0.147768, 0.091844, -0.050741, -0.520622, 0.067098, -0.017084, 0.256966, -0.056898, -0.010834, -0.009727, -0.045879, -0.023715, 0.573206, 0.016892, 0.050087, -0.122546, 0.017165, 0.032713, -0.258544, 0.305532, 0.087566, 0.009702, -0.127174, 0.16001, 0.03946, 0.023212, -0.025136, -0.001744, 0.001685, 0.000898, 0.00172, 0.002793, -0.006714, -0.145139, 0.065883, -0.02202, 0.026688, 0.064192, -0.493768, 0.025171, 0.337828, 0.45445, -0.016953, -0.026587, 0.01818, 0.091651, -0.34783, -0.68028, 0.241799, 0.135163, 0.837614, 0.013536, -0.388046, -0.037061, -0.045054, 0.134917, -0.058975, 0.299782, -0.140561, 0.443219, -0.006678, 0.064754, 0.007283, 0.109491, 0.043527, -0.410841, 0.110159, -0.038779, 0.416137, 0.679, -0.725111, -0.023993, -2.301173, 0.338786, 0.066238, 1.232447, -2.03674, 0.101364, 0.884991]}