{"hc3d": [[-0.000877, -0.21819, 0.0385], [0.080973, -0.314832, 0.034787], [-0.080925, -0.314242, 0.037461], [-0.003171, -0.103735, 0.004384], [0.088373, -0.70035, -0.063819], [-0.111301, -0.666408, 0.237735], [0.000917, 0.023619, 0.033254], [0.035911, -1.10182, -0.198895], [-0.103658, -1.093763, 0.25068], [-0.001039, 0.070085, 0.072448], [0.111049, -1.146893, -0.090955], [-0.118612, -1.132136, 0.385009], [-0.003617, 0.292336, 0.065965], [0.083797, 0.200307, 0.066539], [-0.087412, 0.197885, 0.052641], [0.00266, 0.349578, 0.117081], [0.184262, 0.194091, 0.052733], [-0.190777, 0.180774, 0.070641], [0.280739, -0.060198, 0.04143], [-0.256074, -0.075794, 0.033066], [0.324815, -0.274646, 0.186708], [-0.310977, -0.332589, 0.08149], [0.363573, -0.330691, 0.2447], [-0.324529, -0.419834, 0.088299]], "im2d": [[0.014836, -0.082025], [0.029922, 0.045472], [-0.011938, 0.006819], [0.06268, -0.209322], [0.106814, 0.482778], [-0.274433, 0.385901], [0.042979, -0.352106], [0.208542, 0.925406], [-0.325669, 0.865606], [0.003001, -0.406164], [0.102158, 0.989098], [-0.482543, 0.899652], [0.029704, -0.655324], [0.041764, -0.531862], [0.015875, -0.568654], [-0.020617, -0.719999], [0.080756, -0.500838], [-0.030603, -0.57441], [0.093571, -0.193121], [-0.027596, -0.300939], [-0.077238, 0.051419], [-0.118019, -0.028247], [-0.137658, 0.120896], [-0.136759, 0.06598]], "theta": [1.144437, 0.013841, 0.146518, 2.520117, 0.296415, -2.018701, 0.21711, 0.104309, -0.0503, -0.544391, 0.111681, -0.005721, 0.259302, -0.075259, -0.010511, -0.008333, -0.042858, -0.02668, 0.389395, 0.056958, 0.033983, -0.113797, 0.014111, 0.040387, -0.306055, 0.312958, 0.113822, 0.015362, -0.105089, 0.148879, 0.046303, 0.019967, -0.020682, -0.001081, 0.001251, 0.000129, 0.001587, 0.002064, -0.005643, -0.163062, 0.069563, -0.046327, 0.021037, 0.05434, -0.469323, 0.040171, 0.351601, 0.469757, -0.005755, -0.021967, 0.006158, 0.108417, -0.370428, -0.676016, 0.23728, 0.145747, 0.802795, 0.034048, -0.509682, -0.034072, -0.031937, 0.194764, -0.0524, 0.310896, -0.161804, 0.469784, -0.009886, 0.06019, -0.01404, 0.110137, 0.043943, -0.41184, 0.110673, -0.039266, 0.41653, 0.679, -0.725111, -0.023993, -2.301173, 0.338786, 0.066238, 1.232447, -2.03674, 0.101364, 0.884991]}