{"hc3d": [[-0.000877, -0.21819, 0.0385], [0.080973, -0.314832, 0.034787], [-0.080925, -0.314242, 0.037461], [-0.003171, -0.103735, 0.004384], [0.098532, -0.686287, -0.107041], [-0.079317, -0.678162, 0.218053], [0.001095, 0.025081, 0.02577], [0.067248, -1.02812, -0.360709], [-0.062188, -1.101528, 0.275721], [-0.004147, 0.070009, 0.066428], [0.14346, -1.10523, -0.273682], [-0.068522, -1.134618, 0.412123], [-0.009037, 0.292258, 0.06136], [0.079271, 0.201275, 0.067263], [-0.090545, 0.196924, 0.041662], [-0.004607, 0.350848, 0.111124], [0.180724, 0.195905, 0.066413], [-0.194505, 0.178276, 0.053737], [0.277128, -0.058223, 0.081377], [-0.256906, -0.077876, 0.009075], [0.306117, -0.266484, 0.238933], [-0.316333, -0.333936, 0.056031], [0.328994, -0.327833, 0.299918], [-0.342439, -0.417321, 0.070418]], "im2d": [[0.014852, -0.08203], [0.029941, 0.045479], [-0.011922, 0.006821], [0.062698, -0.209341], [0.158772, 0.471199], [-0.245854, 0.407383], [0.051516, -0.353433], [0.403276, 0.856826], [-0.344325, 0.883088], [0.008968, -0.4066], [0.317568, 0.957493], [-0.500974, 0.91316], [0.033535, -0.65638], [0.039963, -0.534083], [0.027286, -0.567922], [-0.015608, -0.722947], [0.064824, -0.504292], [-0.012869, -0.57186], [0.048346, -0.1978], [-0.001216, -0.297866], [-0.139237, 0.035814], [-0.091026, -0.02697], [-0.207301, 0.1074], [-0.120889, 0.059703]], "theta": [1.144549, 0.013854, 0.146519, 2.520131, 0.296403, -2.018721, 0.328302, 0.1284, -0.014012, -0.49032, 0.156104, 0.069131, 0.199042, -0.12949, -0.013069, 0.191248, -0.054489, 0.016384, 0.232899, 0.145379, -0.012653, -0.014386, -0.004614, 0.053362, -0.289554, 0.3294, 0.048371, 0.084306, -0.171598, 0.13069, 0.016633, 0.027, -0.014358, -0.00134, 0.001284, 0.000527, 0.001949, 0.002574, -0.006301, -0.199734, 0.083584, -0.071685, 0.028633, -0.00525, -0.460505, 0.023954, 0.366334, 0.470182, 0.002223, 0.045678, 0.011184, 0.09725, -0.424401, -0.666971, 0.225754, 0.108232, 0.797068, 0.089063, -0.48188, 0.003977, 0.021462, 0.207843, -0.066798, 0.296329, -0.160582, 0.326122, -0.011094, 0.070509, -0.176135, 0.110048, 0.043809, -0.411789, 0.110298, -0.038842, 0.416711, 0.679, -0.725111, -0.023993, -2.301173, 0.338786, 0.066238, 1.232447, -2.03674, 0.101364, 0.884991]}