{"hc3d": [[-0.000877, -0.21819, 0.0385], [0.080973, -0.314832, 0.034787], [-0.080925, -0.314242, 0.037461], [-0.003171, -0.103735, 0.004384], [0.119682, -0.703909, 0.109102], [-0.114495, -0.718219, 0.064468], [0.00285, 0.024155, 0.030404], [0.054229, -1.091527, -0.057165], [-0.063234, -1.108246, -0.103191], [0.002236, 0.068951, 0.071538], [0.13894, -1.149558, 0.03656], [-0.107405, -1.192135, 0.000501], [0.003104, 0.290689, 0.054923], [0.08899, 0.197262, 0.057389], [-0.082553, 0.197214, 0.048195], [0.002756, 0.348426, 0.105865], [0.186804, 0.173756, 0.043167], [-0.184619, 0.180033, 0.072459], [0.250717, -0.089447, 0.015996], [-0.239827, -0.081415, 0.062494], [0.310975, -0.338723, 0.073151], [-0.313024, -0.33715, 0.085835], [0.343532, -0.420506, 0.089209], [-0.333521, -0.423292, 0.084826]], "im2d": [[0.014856, -0.082032], [0.029946, 0.045481], [-0.011918, 0.006822], [0.062703, -0.209346], [-0.078804, 0.487186], [-0.086632, 0.450199], [0.046689, -0.352181], [0.055867, 0.912568], [0.077443, 0.905651], [0.004711, -0.404138], [-0.033544, 0.993595], [-0.056418, 0.985065], [0.043495, -0.651539], [0.052954, -0.52693], [0.02195, -0.566654], [-0.008189, -0.718319], [0.090215, -0.477146], [-0.031213, -0.572282], [0.1121, -0.166393], [-0.057009, -0.292065], [0.04031, 0.124516], [-0.123763, -0.023797], [0.022836, 0.223059], [-0.135353, 0.067897]], "theta": [1.144579, 0.013857, 0.14652, 2.520134, 0.296401, -2.018725, -0.220244, 0.038448, 0.011582, -0.108721, -0.054032, 0.013666, 0.238582, -0.021499, -0.020195, 0.521016, 0.17927, -0.053921, 0.394486, 0.071098, 0.075132, -0.051972, -0.008208, 0.044155, -0.272256, 0.263693, 0.112217, -0.091269, -0.239712, 0.168028, -0.041659, 0.013963, -0.031897, -0.003389, 0.002718, 0.002468, 0.002026, 0.004674, -0.009465, -0.122529, -0.028719, 0.025786, 0.014663, 0.010607, -0.6127, -0.011338, 0.388043, 0.496003, 0.068095, -0.1371, 0.038498, 0.05978, -0.220376, -0.655603, 0.259168, 0.165234, 0.824873, 0.031088, -0.181287, -0.043089, 0.011237, -0.039449, -0.036235, 0.254933, -0.102641, 0.251399, 0.098559, 0.075198, -0.011866, 0.107429, 0.042994, -0.407273, 0.108427, -0.038604, 0.41507, 0.679, -0.725111, -0.023993, -2.301173, 0.338786, 0.066238, 1.232447, -2.03674, 0.101364, 0.884991]}