{"hc3d": [[-0.000844, -0.219031, 0.03909], [0.081499, -0.316069, 0.035617], [-0.081385, -0.315493, 0.038299], [-0.003129, -0.104025, 0.004421], [0.06674, -0.713264, 0.002649], [-0.132058, -0.677061, 0.218592], [0.005096, 0.023941, 0.030427], [-0.006408, -1.127099, -0.079186], [-0.108381, -1.055856, 0.01857], [0.010798, 0.072028, 0.067752], [0.050553, -1.157683, 0.044339], [-0.149085, -1.145398, 0.11956], [0.020791, 0.294176, 0.046997], [0.10263, 0.196449, 0.045026], [-0.069864, 0.204452, 0.048202], [0.022427, 0.345052, 0.104842], [0.200645, 0.176084, 0.025531], [-0.17434, 0.193531, 0.067057], [0.255177, -0.08889, -0.010147], [-0.230219, -0.0636, 0.015521], [0.281344, -0.310062, 0.130509], [-0.258227, -0.320558, 0.085036], [0.317583, -0.374196, 0.18182], [-0.250314, -0.406561, 0.1059]], "im2d": [[0.006458, -0.111608], [0.098153, 0.005112], [-0.084046, -0.005645], [0.017512, -0.250176], [0.088598, 0.457021], [-0.208319, 0.438021], [0.019028, -0.393007], [0.031095, 0.916291], [-0.115991, 0.843622], [0.012792, -0.441964], [0.050571, 0.975646], [-0.19796, 0.96097], [0.033887, -0.701068], [0.124485, -0.583338], [-0.068494, -0.603205], [0.015924, -0.750121], [0.240186, -0.556718], [-0.191535, -0.594249], [0.310276, -0.253338], [-0.238628, -0.309675], [0.287166, 0.026762], [-0.297375, -0.003526], [0.308638, 0.111573], [-0.296954, 0.099663]], "theta": [1.167381, 0.006376, 0.123426, 3.251404, 0.054952, -0.50138, 0.052556, 0.059854, -0.1163, -0.498809, 0.008288, -0.032199, 0.242551, 0.052896, -0.031095, 0.020353, -0.113127, -0.032253, 0.870306, -0.091221, 0.003495, -0.139747, 0.002454, -0.012127, -0.352346, 0.302682, 0.042914, -0.05821, -0.01207, 0.080444, 0.026195, -0.008521, -0.020699, -0.002971, 0.00186, 0.003727, 0.002789, 0.003914, -0.010377, 0.020488, -0.118032, 0.022119, 0.028802, 0.006772, -0.529745, 0.009313, 0.257067, 0.498612, 0.037027, -0.186602, 0.049503, 0.124737, -0.231615, -0.722153, 0.284643, 0.090165, 0.928826, 0.013398, -0.563774, -0.041691, -0.110163, 0.34705, -0.055869, 0.083392, -0.174975, 0.479846, -0.389388, 0.146784, 0.051903, 0.109168, 0.042702, -0.409636, 0.11013, -0.036154, 0.418637, 0.732991, -0.77711, 0.013927, -2.345078, 0.358232, 0.061323, 1.251855, -2.039083, 0.102035, 0.89186]}