{"hc3d": [[-0.000844, -0.219031, 0.03909], [0.081499, -0.316069, 0.035617], [-0.081385, -0.315493, 0.038299], [-0.003129, -0.104025, 0.004421], [0.058142, -0.706152, -0.04412], [-0.095107, -0.662365, 0.251129], [0.006474, 0.024457, 0.027217], [-0.033703, -1.083006, -0.225373], [-0.092823, -1.090676, 0.226662], [0.011473, 0.073434, 0.063468], [0.030813, -1.113698, -0.105648], [-0.115447, -1.117173, 0.363263], [0.024192, 0.295988, 0.049752], [0.105366, 0.19769, 0.050249], [-0.06692, 0.20701, 0.042569], [0.025337, 0.345386, 0.108876], [0.20547, 0.184206, 0.036138], [-0.172806, 0.200891, 0.054433], [0.26012, -0.081842, 0.009881], [-0.225372, -0.040237, -0.050396], [0.26759, -0.249089, 0.213249], [-0.235714, -0.294607, 0.032265], [0.301495, -0.293385, 0.283588], [-0.22079, -0.378926, 0.055973]], "im2d": [[0.006915, -0.111786], [0.098882, 0.005187], [-0.083742, -0.005556], [0.017945, -0.250714], [0.096601, 0.441572], [-0.178321, 0.430145], [0.022054, -0.3949], [0.054005, 0.841345], [-0.171997, 0.921595], [0.015359, -0.445192], [0.083247, 0.900928], [-0.245876, 0.973503], [0.036937, -0.704052], [0.126183, -0.585036], [-0.063162, -0.608223], [0.017854, -0.751274], [0.24268, -0.565322], [-0.185537, -0.606013], [0.309896, -0.258456], [-0.209819, -0.347965], [0.24435, -0.030709], [-0.253508, -0.040685], [0.256771, 0.034414], [-0.246213, 0.061743]], "theta": [1.170258, 0.006752, 0.123508, 3.252069, 0.054378, -0.502294, 0.171865, 0.056907, -0.135567, -0.580296, 0.12464, 0.031909, 0.215693, 0.008619, -0.045329, 0.148419, -0.114132, -0.06321, 0.518745, -0.045391, -0.037098, -0.138684, -0.000108, -0.012107, -0.575777, 0.337629, 0.160808, -0.125722, -0.004027, 0.015598, 0.082136, -0.023891, -0.005253, -0.002681, 0.001901, 0.002881, 0.002391, 0.003249, -0.008501, 0.014286, -0.074949, 0.009784, 0.026881, 0.022772, -0.460145, 0.058618, 0.244721, 0.45626, 0.02539, -0.155098, 0.063248, 0.167239, -0.323902, -0.784005, 0.339603, 0.004981, 1.01799, -0.081642, -0.841926, 0.061889, -0.073968, 0.611063, -0.105997, 0.136669, -0.153303, 0.52141, -0.420673, 0.126656, 0.068544, 0.109303, 0.04293, -0.410602, 0.110182, -0.035578, 0.417357, 0.732991, -0.77711, 0.013927, -2.345078, 0.358232, 0.061323, 1.251855, -2.039083, 0.102035, 0.89186]}