{"hc3d": [[-0.000844, -0.219031, 0.03909], [0.081499, -0.316069, 0.035617], [-0.081385, -0.315493, 0.038299], [-0.003129, -0.104025, 0.004421], [0.064706, -0.705675, -0.048009], [-0.081303, -0.665861, 0.245777], [0.007251, 0.024399, 0.027202], [-0.022851, -1.053166, -0.282297], [-0.074186, -1.094509, 0.262049], [0.01126, 0.072907, 0.064199], [0.043218, -1.095539, -0.167068], [-0.08979, -1.110749, 0.401212], [0.023425, 0.295625, 0.052837], [0.104963, 0.197645, 0.054686], [-0.067084, 0.20636, 0.04235], [0.023261, 0.344305, 0.112564], [0.205668, 0.184874, 0.044834], [-0.173358, 0.202232, 0.051233], [0.264436, -0.079963, 0.015412], [-0.228442, -0.027723, -0.075186], [0.257653, -0.220142, 0.238324], [-0.232622, -0.277388, 0.021218], [0.283679, -0.257487, 0.315701], [-0.21761, -0.359881, 0.050612]], "im2d": [[0.007078, -0.111859], [0.099145, 0.005211], [-0.08364, -0.005529], [0.018103, -0.250919], [0.105661, 0.441182], [-0.161007, 0.434669], [0.023059, -0.395111], [0.08704, 0.798698], [-0.163639, 0.934043], [0.014968, -0.444834], [0.119487, 0.871238], [-0.230557, 0.975048], [0.035075, -0.703761], [0.124348, -0.584764], [-0.063253, -0.608023], [0.014273, -0.75016], [0.240121, -0.565119], [-0.185089, -0.608626], [0.313183, -0.259659], [-0.204364, -0.367078], [0.225041, -0.060643], [-0.245997, -0.062256], [0.226257, -0.002825], [-0.240581, 0.039109]], "theta": [1.171332, 0.006886, 0.123534, 3.252282, 0.054199, -0.502585, 0.181193, 0.06422, -0.117873, -0.565383, 0.147181, 0.062445, 0.214673, -0.009467, -0.052539, 0.284045, -0.089478, -0.06793, 0.408957, -0.010882, -0.049397, -0.123972, -0.007551, -0.001573, -0.6095, 0.331833, 0.170049, -0.104678, -0.011893, 0.010516, 0.078444, -0.02432, -0.001254, -0.004144, 0.002962, 0.004149, 0.002566, 0.004364, -0.010095, 0.016569, -0.08055, -0.004343, 0.027739, 0.007325, -0.45493, 0.062967, 0.239578, 0.433026, 0.013174, -0.144711, 0.07208, 0.161714, -0.30297, -0.782996, 0.361381, -0.068261, 1.030844, -0.065316, -0.989089, 0.089298, -0.027794, 0.761685, -0.119057, 0.116479, -0.148143, 0.481327, -0.437627, 0.131623, 0.042744, 0.107898, 0.042245, -0.408644, 0.108853, -0.034504, 0.416162, 0.732991, -0.77711, 0.013927, -2.345078, 0.358232, 0.061323, 1.251855, -2.039083, 0.102035, 0.89186]}