{"hc3d": [[-0.000844, -0.219031, 0.03909], [0.081499, -0.316069, 0.035617], [-0.081385, -0.315493, 0.038299], [-0.003129, -0.104025, 0.004421], [0.098148, -0.705606, 0.119593], [-0.103404, -0.722051, 0.032756], [0.003107, 0.024788, 0.026506], [0.051312, -1.119132, 0.019048], [-0.075965, -1.124227, -0.114065], [0.005895, 0.073722, 0.063052], [0.110225, -1.155966, 0.139924], [-0.109313, -1.182452, 0.009916], [0.005258, 0.294998, 0.032773], [0.091639, 0.201257, 0.034543], [-0.081029, 0.201221, 0.038293], [0.011833, 0.34765, 0.088644], [0.189919, 0.18998, 0.00973], [-0.184756, 0.190625, 0.061065], [0.223408, -0.067578, -0.073936], [-0.251244, -0.06902, 0.053369], [0.269194, -0.29274, 0.054873], [-0.275881, -0.305116, 0.177046], [0.303657, -0.361402, 0.101317], [-0.274509, -0.380412, 0.224193]], "im2d": [[0.007167, -0.111904], [0.099289, 0.005223], [-0.083589, -0.005517], [0.018191, -0.25104], [0.083763, 0.471482], [-0.110748, 0.463005], [0.01876, -0.396138], [0.062498, 0.930602], [-0.032514, 0.906047], [0.009458, -0.446528], [0.085022, 0.997258], [-0.114379, 0.992038], [0.021951, -0.707906], [0.116762, -0.593462], [-0.07743, -0.603946], [0.010068, -0.75913], [0.235209, -0.578197], [-0.201482, -0.59457], [0.299415, -0.291709], [-0.27591, -0.299433], [0.302366, -0.006456], [-0.34992, -0.006923], [0.323624, 0.08305], [-0.365947, 0.088248]], "theta": [1.171951, 0.006959, 0.123546, 3.252379, 0.054119, -0.502718, -0.241439, -0.000956, -0.040888, -0.026859, -0.035466, 0.040342, 0.210982, 0.037289, -0.01759, 0.357214, 0.025706, -0.035892, 0.256451, 0.076628, -0.002673, -0.127581, 0.005563, 0.021572, -0.326101, 0.252123, 0.005543, -0.20705, -0.093298, 0.075893, 0.000425, 0.014299, -0.022366, -0.003205, 0.00269, 0.002755, 0.001988, 0.004268, -0.008867, 0.030101, -0.025539, -0.020864, 0.004181, 0.066191, -0.481765, -0.025334, 0.285875, 0.455566, 0.035908, -0.08134, -0.022148, 0.26016, -0.06179, -0.896423, 0.21534, 0.103505, 0.847903, 0.002773, -0.670504, 0.086361, -0.04249, 0.411794, -0.047309, -0.021795, -0.197424, 0.384949, -0.37989, 0.223486, -0.071408, 0.108363, 0.042139, -0.41027, 0.109006, -0.037187, 0.415825, 0.732991, -0.77711, 0.013927, -2.345078, 0.358232, 0.061323, 1.251855, -2.039083, 0.102035, 0.89186]}