{"hc3d": [[-0.000844, -0.219031, 0.03909], [0.081499, -0.316069, 0.035617], [-0.081385, -0.315493, 0.038299], [-0.003129, -0.104025, 0.004421], [0.075852, -0.688123, 0.179187], [-0.079287, -0.715954, -0.035399], [0.003841, 0.024067, 0.030172], [0.023891, -1.112421, 0.155142], [-0.093579, -1.057663, -0.294408], [0.008022, 0.072424, 0.067349], [0.080824, -1.116205, 0.282354], [-0.118533, -1.133602, -0.178286], [0.005352, 0.294823, 0.047061], [0.091817, 0.201434, 0.039692], [-0.08035, 0.200559, 0.053326], [0.01524, 0.350586, 0.099309], [0.187199, 0.189138, 0.005739], [-0.184073, 0.197286, 0.078248], [0.202489, -0.016879, -0.172532], [-0.286081, -0.050589, 0.071366], [0.281427, -0.150096, 0.04056], [-0.241419, -0.164069, 0.309634], [0.327199, -0.186642, 0.108593], [-0.233747, -0.184753, 0.395702]], "im2d": [[0.007169, -0.111905], [0.099292, 0.005223], [-0.083588, -0.005517], [0.018193, -0.251044], [0.037922, 0.459754], [-0.05957, 0.446123], [0.018273, -0.394649], [-0.016317, 0.943804], [0.012515, 0.797704], [0.010297, -0.444176], [0.002117, 0.973114], [-0.057386, 0.903442], [0.016989, -0.705321], [0.11514, -0.592803], [-0.08201, -0.600632], [0.010125, -0.76054], [0.233583, -0.578073], [-0.206739, -0.599379], [0.311588, -0.368253], [-0.321001, -0.320028], [0.322702, -0.173268], [-0.35688, -0.14591], [0.349293, -0.116619], [-0.379065, -0.107081]], "theta": [1.171968, 0.006961, 0.123547, 3.252381, 0.054118, -0.50272, -0.396129, -0.03939, -0.091921, 0.143636, -0.018038, 0.099205, 0.241518, 0.086434, -0.018816, 0.32452, -0.034613, -0.023637, 0.392134, 0.147046, -0.122779, -0.142769, -0.008797, 0.017508, -0.384448, 0.306027, 0.093993, -0.335484, -0.104726, 0.034462, 0.02911, 0.037141, -0.017889, -0.004323, 0.003281, 0.004321, 0.001823, 0.00408, -0.008917, -0.073405, -0.061368, -0.059763, 0.043243, 0.099378, -0.518384, -0.073996, 0.252372, 0.377205, -0.008098, -0.080866, 0.007622, 0.38037, 0.231653, -0.851515, 0.274559, 0.081895, 0.792832, -0.119706, -1.527069, 0.281712, -0.115048, 1.136735, -0.167491, -0.159493, -0.19616, 0.403312, -0.352684, 0.26885, -0.298051, 0.1074, 0.041171, -0.408906, 0.107779, -0.035798, 0.41528, 0.732991, -0.77711, 0.013927, -2.345078, 0.358232, 0.061323, 1.251855, -2.039083, 0.102035, 0.89186]}