{"hc3d": [[-0.000771, -0.218616, 0.039635], [0.082004, -0.315515, 0.036349], [-0.081735, -0.314968, 0.039106], [-0.003033, -0.103983, 0.004867], [0.094685, -0.710745, 0.027531], [-0.158963, -0.68189, 0.1892], [7.8e-05, 0.023287, 0.031624], [0.024977, -1.128264, -0.004637], [-0.102063, -0.988049, -0.100641], [0.001154, 0.071999, 0.068559], [0.099809, -1.148713, 0.110171], [-0.148406, -1.098429, -0.027894], [-0.003206, 0.29299, 0.039208], [0.084832, 0.201263, 0.042865], [-0.087597, 0.197793, 0.042584], [0.00722, 0.35947, 0.075428], [0.184413, 0.189999, 0.025199], [-0.189753, 0.187217, 0.070358], [0.265983, -0.067291, 0.002215], [-0.253933, -0.071172, 0.063345], [0.314413, -0.300352, 0.110334], [-0.315745, -0.321027, 0.129103], [0.359931, -0.368175, 0.146438], [-0.333776, -0.405725, 0.146935]], "im2d": [[0.006665, -0.084761], [0.017801, 0.041782], [-0.021581, 0.003245], [0.057458, -0.20985], [-0.014073, 0.48271], [-0.24581, 0.381588], [0.042899, -0.351761], [-0.040972, 0.930857], [0.052607, 0.752746], [0.007813, -0.407871], [-0.153465, 0.963136], [-0.050468, 0.859406], [0.064113, -0.651513], [0.069331, -0.529939], [0.030922, -0.565832], [0.033893, -0.725085], [0.109717, -0.493346], [-0.023658, -0.579519], [0.124314, -0.188262], [-0.059227, -0.30788], [-0.010562, 0.073679], [-0.173702, -0.04996], [-0.047953, 0.156844], [-0.206931, 0.03844]], "theta": [1.132442, 0.006656, 0.143768, 2.492673, 0.316443, -2.021469, -0.013197, 0.092024, -0.046599, -0.432667, -0.057804, -0.09014, 0.250605, -0.011596, 0.001749, -0.023776, -0.029945, -0.084324, 1.081417, -0.040903, 0.103126, -0.169554, 0.011224, 0.010156, -0.304181, 0.314166, 0.112341, -0.124923, -0.113606, 0.157047, 0.012219, 0.036381, -0.007152, -0.002917, 0.001527, 0.003859, 0.002632, 0.00389, -0.010244, -0.286031, 0.127841, -0.03092, 0.027891, 0.015973, -0.500633, 0.003666, 0.356798, 0.427388, -0.136677, 0.06073, 0.000102, 0.151738, -0.258022, -0.716084, 0.299902, 0.160175, 0.864795, 0.046423, -0.385256, -0.068749, 0.018332, 0.111394, -0.084238, 0.303785, -0.050476, 0.457042, 0.107937, 0.112232, -0.055451, 0.109387, 0.043224, -0.408928, 0.109937, -0.036983, 0.419223, 0.637666, -0.88703, 0.040888, -2.323888, 0.384357, 0.058217, 1.253775, -2.072694, 0.114865, 0.878665]}