{"hc3d": [[-0.000771, -0.218616, 0.039635], [0.082004, -0.315515, 0.036349], [-0.081735, -0.314968, 0.039106], [-0.003033, -0.103983, 0.004867], [0.15137, -0.697057, 0.114195], [-0.130831, -0.712379, 0.091815], [0.002234, 0.021311, 0.039465], [0.008268, -1.079761, -0.001023], [-0.083077, -1.0716, -0.131028], [0.000132, 0.066023, 0.081113], [0.119766, -1.115142, 0.073242], [-0.11145, -1.146637, -0.016188], [-0.004037, 0.287758, 0.058008], [0.084329, 0.196659, 0.066396], [-0.087417, 0.19184, 0.051437], [-0.001544, 0.352248, 0.098936], [0.184308, 0.179008, 0.059477], [-0.1874, 0.168674, 0.079473], [0.254289, -0.081692, 0.036701], [-0.236633, -0.092882, 0.089349], [0.311724, -0.324613, 0.114437], [-0.290541, -0.347528, 0.142473], [0.353036, -0.401069, 0.135007], [-0.297557, -0.435645, 0.140733]], "im2d": [[0.007824, -0.085073], [0.019297, 0.042371], [-0.020304, 0.003436], [0.058631, -0.211096], [-0.093854, 0.478637], [-0.13372, 0.431379], [0.035136, -0.351652], [-0.039865, 0.878972], [0.08523, 0.856866], [-0.006732, -0.404602], [-0.101454, 0.939643], [-0.057125, 0.926546], [0.042482, -0.651127], [0.042857, -0.529583], [0.020582, -0.563279], [0.004623, -0.724993], [0.070953, -0.486184], [-0.035504, -0.562548], [0.083187, -0.178], [-0.086328, -0.283262], [-0.017226, 0.101063], [-0.185541, -0.015514], [-0.039302, 0.194557], [-0.194888, 0.081128]], "theta": [1.139924, 0.007635, 0.143985, 2.494401, 0.314951, -2.023841, -0.254137, 0.188014, 0.079418, -0.174458, -0.035907, -0.025913, 0.312075, -0.027869, -0.017208, 0.531348, 0.323684, -0.201073, 0.604528, 0.07624, 0.120349, -0.128941, -0.027025, 0.055626, -0.465359, 0.256163, 0.194856, -0.296807, -0.091458, 0.151192, -0.059916, 0.012675, -0.011019, -0.004432, 0.003388, 0.003828, 0.002138, 0.004876, -0.010273, -0.262031, 0.034481, -0.025725, 0.002254, -0.022806, -0.569866, 0.026798, 0.457704, 0.522549, -0.041066, -0.136921, 0.016426, 0.101925, -0.198704, -0.709935, 0.229037, 0.197503, 0.761087, -0.018845, -0.246011, -0.032066, 0.017521, 0.015199, -0.025003, 0.183086, -0.041185, 0.36277, 0.023724, 0.037039, 0.124491, 0.106638, 0.042493, -0.406376, 0.107681, -0.036771, 0.414691, 0.637666, -0.88703, 0.040888, -2.323888, 0.384357, 0.058217, 1.253775, -2.072694, 0.114865, 0.878665]}