{"hc3d": [[-0.000771, -0.218616, 0.039635], [0.082004, -0.315515, 0.036349], [-0.081735, -0.314968, 0.039106], [-0.003033, -0.103983, 0.004867], [0.150896, -0.696984, 0.114969], [-0.124514, -0.71338, 0.089725], [0.001459, 0.022322, 0.035691], [0.027936, -1.035194, -0.110221], [-0.066111, -1.112734, -0.04475], [-0.000253, 0.067332, 0.077035], [0.12544, -1.100991, -0.036991], [-0.098294, -1.17809, 0.074902], [-0.007971, 0.28866, 0.051112], [0.081766, 0.198771, 0.057845], [-0.090299, 0.19165, 0.048537], [-0.004494, 0.352081, 0.093608], [0.181581, 0.184927, 0.043686], [-0.190018, 0.167611, 0.07678], [0.253316, -0.07477, 0.015542], [-0.238713, -0.093606, 0.094874], [0.317854, -0.318713, 0.083944], [-0.29992, -0.348348, 0.138837], [0.357851, -0.396681, 0.101168], [-0.314253, -0.435552, 0.141448]], "im2d": [[0.007826, -0.085074], [0.019299, 0.042372], [-0.020302, 0.003436], [0.058633, -0.211098], [-0.094812, 0.478402], [-0.130093, 0.434104], [0.039273, -0.352723], [0.090914, 0.840859], [-0.01148, 0.901167], [-0.002137, -0.405895], [0.023995, 0.932222], [-0.158974, 0.958869], [0.049374, -0.652616], [0.052031, -0.531995], [0.023143, -0.563559], [0.009872, -0.725163], [0.088563, -0.492414], [-0.03321, -0.561809], [0.107272, -0.184593], [-0.093018, -0.283295], [0.018716, 0.09786], [-0.183683, -0.016555], [-0.0001, 0.192945], [-0.199405, 0.07709]], "theta": [1.139936, 0.007636, 0.143986, 2.494402, 0.31495, -2.023843, -0.248455, 0.126625, 0.083472, -0.169032, -0.038409, -0.010122, 0.281991, -0.032549, -0.011202, 0.774018, 0.252858, -0.142983, 0.36831, 0.080564, 0.12791, -0.106027, -0.002304, 0.053285, -0.397706, 0.258514, 0.141277, -0.168691, -0.160251, 0.17541, -0.065408, 0.026136, -0.00958, -0.00391, 0.003073, 0.003177, 0.002264, 0.004654, -0.00999, -0.221064, 0.055049, -0.018971, 0.008331, 0.023019, -0.549913, 0.039903, 0.423338, 0.523797, -0.034761, -0.067013, 0.004429, 0.12143, -0.213501, -0.734088, 0.216768, 0.226127, 0.736928, -0.015737, -0.227951, -0.03495, 0.009433, -0.054276, -0.006612, 0.214553, -0.057256, 0.319747, 0.056711, 0.066166, 0.029559, 0.10729, 0.042694, -0.407393, 0.108385, -0.036864, 0.415039, 0.637666, -0.88703, 0.040888, -2.323888, 0.384357, 0.058217, 1.253775, -2.072694, 0.114865, 0.878665]}