{"hc3d": [[-0.000771, -0.218616, 0.039635], [0.082004, -0.315515, 0.036349], [-0.081735, -0.314968, 0.039106], [-0.003033, -0.103983, 0.004867], [0.155485, -0.641348, 0.248196], [-0.157515, -0.702624, -0.045179], [-0.002173, 0.023471, 0.030909], [0.119667, -1.053991, 0.155143], [-0.143705, -1.103918, -0.185718], [-0.001514, 0.071973, 0.068129], [0.196998, -1.07313, 0.268512], [-0.150721, -1.13938, -0.050378], [-0.010332, 0.293696, 0.046252], [0.079558, 0.203712, 0.04707], [-0.092762, 0.196737, 0.046155], [-0.004825, 0.353244, 0.093833], [0.176623, 0.194647, 0.017889], [-0.193722, 0.179237, 0.074793], [0.252026, -0.058984, -0.040127], [-0.264093, -0.076056, 0.10319], [0.33724, -0.297326, 0.025327], [-0.288626, -0.310455, 0.225777], [0.390874, -0.366651, 0.042436], [-0.299373, -0.383184, 0.274888]], "im2d": [[0.007828, -0.085075], [0.019301, 0.042373], [-0.0203, 0.003437], [0.058635, -0.211101], [-0.23585, 0.409024], [0.013784, 0.423018], [0.043909, -0.354549], [-0.185836, 0.86631], [0.128964, 0.882245], [0.008001, -0.410797], [-0.29677, 0.898441], [-0.027063, 0.91151], [0.054809, -0.658477], [0.06407, -0.537336], [0.025805, -0.569658], [0.009676, -0.72656], [0.117225, -0.502765], [-0.030546, -0.575506], [0.170653, -0.198943], [-0.106005, -0.309293], [0.090612, 0.08228], [-0.273693, -0.061667], [0.075926, 0.170922], [-0.338742, 0.013731]], "theta": [1.139954, 0.007638, 0.143986, 2.494404, 0.314948, -2.023845, -0.587672, -0.099651, 0.139171, 0.168429, -0.034302, -0.099626, 0.245874, 0.040121, 0.023269, 0.68997, 0.156337, -0.175287, 0.026094, 0.313722, 0.13182, -0.159037, -0.019761, 0.010109, -0.358668, 0.309372, 0.209478, -0.358118, -0.106248, 0.048714, 0.039471, 0.014929, -0.006531, -0.000955, 0.001347, 0.000171, 0.001631, 0.002045, -0.005502, -0.151908, 0.046493, -0.018142, 0.022227, 0.13091, -0.524179, 0.027203, 0.373854, 0.461539, 0.01952, -0.028178, 0.032629, 0.145372, -0.204426, -0.732704, 0.289326, 0.286221, 0.698004, -0.008995, -0.325481, 0.001998, 0.032786, 0.272952, -0.063, 0.369264, -0.054706, 0.409975, 0.219812, 0.160511, -0.21374, 0.109797, 0.043912, -0.411407, 0.110983, -0.038575, 0.416681, 0.637666, -0.88703, 0.040888, -2.323888, 0.384357, 0.058217, 1.253775, -2.072694, 0.114865, 0.878665]}