{"hc3d": [[-0.000903, -0.21856, 0.038477], [0.080973, -0.31534, 0.034666], [-0.080979, -0.31475, 0.037364], [-0.003199, -0.103933, 0.004384], [0.136687, -0.709123, 0.055315], [-0.121922, -0.701373, 0.15638], [-0.004488, 0.024972, 0.02753], [0.112259, -0.965214, -0.285739], [-0.076323, -1.123268, 0.100678], [-0.004909, 0.069881, 0.06871], [0.182624, -1.059237, -0.211196], [-0.104496, -1.166383, 0.231494], [-0.026561, 0.291261, 0.062732], [0.067663, 0.206639, 0.052703], [-0.103323, 0.190074, 0.059674], [-0.020676, 0.342224, 0.120132], [0.167208, 0.207644, 0.032058], [-0.201141, 0.168092, 0.095194], [0.231794, -0.007211, -0.122537], [-0.234649, -0.0931, 0.142775], [0.175537, -0.25942, -0.073821], [-0.212722, -0.337634, 0.248216], [0.174219, -0.347701, -0.059059], [-0.218445, -0.413328, 0.293862]], "im2d": [[0.015354, -0.139162], [-0.006373, -0.02253], [0.029744, -0.052394], [0.058536, -0.256349], [-0.065794, 0.398647], [-0.108398, 0.333737], [0.042793, -0.394305], [0.279063, 0.698623], [-0.087679, 0.790567], [0.002835, -0.445811], [0.178723, 0.802142], [-0.219752, 0.817164], [0.028058, -0.681449], [0.010594, -0.574724], [0.043364, -0.58864], [-0.029918, -0.739871], [0.00824, -0.555826], [0.028515, -0.586758], [0.140234, -0.302637], [-0.029245, -0.323525], [0.087316, -0.053022], [-0.159496, -0.073892], [0.066765, 0.037877], [-0.210349, -0.000211]], "theta": [1.069931, 0.015254, 0.088494, 1.998031, 0.291287, -2.497545, -0.086448, 0.053551, 0.056986, -0.331361, 0.043419, -0.011106, 0.215921, -0.023746, 0.036119, 0.891488, -0.069559, -0.062917, 0.326717, 0.109716, 0.131633, -0.029736, 0.032976, 0.010838, -0.360037, 0.33154, 0.099923, -0.121269, -0.203218, 0.07512, 0.005227, 0.080291, 0.022506, -0.006669, 0.0045, 0.007197, 0.00347, 0.006819, -0.014525, -0.040705, -0.041474, -0.084365, 0.082676, 0.007658, -0.473417, 0.031145, 0.396857, 0.430782, 0.08313, 0.035771, 0.009095, 0.414131, 0.01691, -0.887107, 0.07852, 0.356359, 0.720943, 0.453291, -0.809347, -0.162972, 0.132147, 0.212384, 0.082842, 0.151589, -0.023449, 0.268193, 0.233434, 0.077085, -0.296119, 0.106482, 0.040046, -0.407657, 0.10671, -0.032426, 0.414737, 0.693521, -0.715932, -0.005151, -2.30293, 0.359216, 0.116031, 1.243099, -2.054455, 0.138648, 0.900927]}