{"hc3d": [[-0.000845, -0.2185, 0.038884], [0.08127, -0.31527, 0.035355], [-0.081159, -0.314697, 0.038045], [-0.003127, -0.103877, 0.004468], [0.139179, -0.707225, 0.00531], [-0.11109, -0.67383, 0.224257], [0.000112, 0.024672, 0.027036], [0.084172, -0.949281, -0.341201], [-0.086836, -1.09985, 0.206212], [-0.002382, 0.069975, 0.067736], [0.165011, -1.044949, -0.281076], [-0.109697, -1.154093, 0.33372], [-0.002774, 0.292415, 0.059507], [0.083901, 0.199569, 0.06184], [-0.08753, 0.198645, 0.046131], [-0.002065, 0.348081, 0.11237], [0.183862, 0.185631, 0.049411], [-0.191391, 0.178359, 0.057295], [0.282668, -0.067269, 0.061865], [-0.256028, -0.078037, 0.019693], [0.316129, -0.288418, 0.199006], [-0.327873, -0.333285, 0.047708], [0.344926, -0.353237, 0.253514], [-0.355171, -0.417378, 0.0526]], "im2d": [[0.016309, -0.08668], [0.023509, 0.043963], [-0.003745, -0.00194], [0.06574, -0.212908], [0.029515, 0.497689], [-0.253058, 0.37892], [0.05267, -0.356244], [0.391635, 0.770816], [-0.268879, 0.860525], [0.01038, -0.40958], [0.326551, 0.896358], [-0.421993, 0.907461], [0.040493, -0.656658], [0.042093, -0.529437], [0.034222, -0.575157], [-0.014144, -0.721303], [0.069812, -0.485482], [0.004149, -0.582059], [0.04675, -0.177421], [0.013125, -0.312738], [-0.124515, 0.070278], [-0.05329, -0.050325], [-0.188109, 0.147362], [-0.070792, 0.035361]], "theta": [1.147809, 0.015053, 0.142982, 2.450637, 0.353244, -2.128216, 0.038875, 0.072636, 0.067793, -0.509896, 0.074041, 0.005541, 0.211671, -0.068594, -0.001808, 0.811769, 0.046841, -0.067841, 0.422084, 0.091916, 0.072169, -0.037806, -0.000695, 0.035056, -0.345723, 0.308883, 0.08806, 0.049999, -0.195504, 0.150097, 0.010859, 0.015149, -0.032079, -0.003843, 0.002902, 0.003318, 0.002299, 0.004211, -0.009488, -0.128541, -0.012115, -0.019048, 0.038549, 0.038542, -0.535484, 0.0349, 0.304902, 0.518574, 0.071362, -0.011289, 0.047858, 0.076733, -0.432838, -0.569616, 0.227881, 0.147094, 0.762035, 0.126563, -0.414717, -0.094836, -0.085548, 0.107159, -0.050107, 0.316666, -0.145344, 0.36856, -0.040055, 0.057095, -0.135916, 0.108058, 0.042083, -0.409175, 0.108518, -0.036395, 0.415393, 0.672619, -0.779911, 0.004658, -2.306746, 0.343755, 0.088903, 1.256579, -2.038291, 0.081347, 0.875132]}