{"hc3d": [[-0.000907, -0.218195, 0.038039], [0.080649, -0.314893, 0.034106], [-0.080655, -0.314287, 0.03676], [-0.003215, -0.103636, 0.004178], [0.049714, -0.705247, -0.045955], [-0.133555, -0.610733, 0.311963], [0.005114, 0.023811, 0.03356], [0.024969, -1.07578, -0.259876], [-0.115666, -1.039642, 0.305523], [0.005501, 0.065663, 0.077626], [0.033634, -1.148089, -0.141028], [-0.188623, -1.092789, 0.41366], [0.005573, 0.285683, 0.109544], [0.091768, 0.194035, 0.092999], [-0.079384, 0.195771, 0.081106], [0.002864, 0.335439, 0.168587], [0.192844, 0.185083, 0.096367], [-0.184033, 0.184246, 0.095698], [0.277931, -0.064354, 0.024595], [-0.236043, -0.073423, 0.042292], [0.177084, -0.109755, 0.263911], [-0.306366, -0.296618, 0.172884], [0.188724, -0.11152, 0.352767], [-0.348444, -0.362614, 0.214629]], "im2d": [[-0.002254, -0.097816], [-0.089396, 0.008773], [0.077139, 0.006956], [0.017083, -0.218426], [-0.043865, 0.445948], [0.019946, 0.293437], [0.002876, -0.361606], [0.044761, 0.879574], [-0.013567, 0.763036], [-0.011879, -0.413284], [-0.010409, 0.942573], [0.02068, 0.806143], [-0.014706, -0.657996], [-0.10187, -0.555198], [0.080231, -0.556334], [-0.031379, -0.720348], [-0.2084, -0.545372], [0.183108, -0.546229], [-0.28067, -0.262715], [0.246166, -0.257735], [-0.264902, -0.245926], [0.262651, -0.031847], [-0.309402, -0.255941], [0.288485, 0.034417]], "theta": [1.100962, -0.00114, 0.12935, 0.526746, 0.190479, -3.074667, 0.174714, -0.079634, -0.171305, -0.781206, 0.017066, -0.043453, 0.26265, -0.005951, -0.036243, 0.230539, -0.242879, 0.038382, 0.687912, -0.200922, -0.039982, -0.003794, -0.010083, 0.047842, -0.327747, 0.259526, -0.041534, 0.096465, -0.168495, 0.023084, 0.102531, -0.014226, -0.016367, -0.002346, 0.001069, 0.003189, 0.001637, 0.003173, -0.008104, -0.190391, -0.179892, -0.054962, 0.050899, -0.13588, -0.436038, -0.009223, 0.317857, 0.412932, 0.093931, -0.053412, 0.035809, 0.208099, -0.279489, -0.751202, 0.170135, 0.242272, 0.881578, -0.025357, -1.624884, 0.143565, -0.560158, 0.565178, -0.236201, 0.180246, -0.113063, 0.68392, -0.373081, 0.158246, -0.368447, 0.110329, 0.044112, -0.409497, 0.110575, -0.038523, 0.421331, 0.717241, -0.644789, -0.02966, -2.319386, 0.328669, 0.096773, 1.241124, -2.029372, 0.109065, 0.868998]}