{"hc3d": [[-0.000907, -0.218195, 0.038039], [0.080649, -0.314893, 0.034106], [-0.080655, -0.314287, 0.03676], [-0.003215, -0.103636, 0.004178], [0.05144, -0.605703, 0.306723], [-0.173053, -0.709228, 0.080348], [-0.005417, 0.023484, 0.035975], [0.116164, -0.931793, 0.036269], [-0.127606, -1.072305, -0.144227], [-0.00093, 0.066973, 0.078191], [0.141728, -0.992211, 0.159251], [-0.191563, -1.131234, -0.033421], [0.003758, 0.287448, 0.106407], [0.086658, 0.195367, 0.078997], [-0.084418, 0.197309, 0.0919], [-0.000491, 0.334734, 0.167358], [0.187162, 0.182947, 0.071749], [-0.179279, 0.191975, 0.139545], [0.218168, -0.051274, -0.065325], [-0.245011, -0.032956, 0.270066], [0.18783, -0.286546, 0.049697], [-0.219485, -0.086593, 0.531385], [0.205279, -0.362678, 0.09367], [-0.225338, -0.095057, 0.619491]], "im2d": [[-0.000443, -0.098467], [-0.08801, 0.009714], [0.080299, 0.00713], [0.018581, -0.22057], [-0.168562, 0.294387], [0.147087, 0.436885], [0.013648, -0.365329], [-0.148018, 0.691542], [0.16957, 0.868598], [-0.005132, -0.41899], [-0.222494, 0.742124], [0.193594, 0.918297], [-0.012651, -0.666377], [-0.092778, -0.560148], [0.082041, -0.565672], [-0.029061, -0.726823], [-0.196004, -0.544481], [0.163769, -0.567062], [-0.186157, -0.267009], [0.176458, -0.336557], [-0.205244, -0.022661], [0.051082, -0.311958], [-0.24253, 0.055768], [0.024326, -0.314437]], "theta": [1.113256, 0.000509, 0.129746, 0.52981, 0.187801, -3.078877, -0.766693, -0.430962, -0.005988, -0.15883, -0.082195, -0.12949, 0.281884, 0.073914, 0.053094, 1.338541, 0.14146, -0.144078, 0.608273, -0.005375, 0.137139, -0.057806, 0.014776, -0.043377, -0.479079, 0.195874, 0.197592, -0.35136, -0.134549, -0.076637, 0.124882, 0.010375, -0.043676, -0.000425, 0.000723, -0.000967, 0.001028, 0.001304, -0.004836, -0.123186, -0.324171, -0.000959, 0.01391, -0.188985, -0.451947, -0.053515, 0.485124, 0.311147, 0.218594, -0.054695, 0.028306, 0.264385, -0.026454, -0.94471, -0.153438, 0.526115, 0.513781, 0.048547, -0.871268, 0.011634, -0.425337, 0.775182, -0.189959, 0.185216, -0.113634, 0.449981, -0.002596, 0.145502, -0.309016, 0.110859, 0.045076, -0.411913, 0.111084, -0.038919, 0.418361, 0.717241, -0.644789, -0.02966, -2.319386, 0.328669, 0.096773, 1.241124, -2.029372, 0.109065, 0.868998]}