{"hc3d": [[-0.000907, -0.218195, 0.038039], [0.080649, -0.314893, 0.034106], [-0.080655, -0.314287, 0.03676], [-0.003215, -0.103636, 0.004178], [0.048777, -0.712782, 0.013823], [-0.146418, -0.667934, 0.229178], [0.002437, 0.024852, 0.029365], [-0.005913, -1.124202, -0.093006], [-0.111788, -1.051799, 0.040041], [0.002849, 0.068618, 0.071531], [0.010012, -1.169798, 0.037746], [-0.182037, -1.130806, 0.133122], [0.006141, 0.29038, 0.086963], [0.090921, 0.196607, 0.075935], [-0.080372, 0.199752, 0.066647], [0.006846, 0.339868, 0.146289], [0.191314, 0.182157, 0.080438], [-0.182511, 0.186811, 0.093049], [0.243829, -0.077221, 0.012799], [-0.243376, -0.073859, 0.110296], [0.225737, -0.303764, 0.14642], [-0.308977, -0.31181, 0.21466], [0.246748, -0.370666, 0.202247], [-0.332759, -0.388617, 0.252126]], "im2d": [[-0.000442, -0.098467], [-0.088009, 0.009714], [0.0803, 0.00713], [0.018582, -0.220571], [-0.06121, 0.451852], [0.065544, 0.371617], [0.007901, -0.365884], [0.021074, 0.920289], [0.085528, 0.821466], [-0.006575, -0.419884], [-0.045634, 0.953359], [0.121999, 0.895663], [-0.007852, -0.667], [-0.096074, -0.561071], [0.087226, -0.564961], [-0.028781, -0.729614], [-0.203605, -0.544733], [0.184181, -0.555175], [-0.242913, -0.248528], [0.232401, -0.269985], [-0.28142, -0.016193], [0.254166, -0.021592], [-0.326504, 0.050486], [0.262531, 0.058056]], "theta": [1.113263, 0.00051, 0.129746, 0.529811, 0.1878, -3.078878, 0.023747, -0.136721, -0.168532, -0.535669, -0.023066, -0.062967, 0.229367, -0.019048, -0.016538, 0.096504, -0.146432, 0.009553, 0.888026, -0.139322, 0.00643, -0.014996, 0.002193, 0.028062, -0.274375, 0.260181, -0.026683, -0.10013, -0.166204, 0.046091, 0.072032, -0.004204, -0.033198, -0.000615, 0.000746, -0.000523, 0.001304, 0.001973, -0.005151, -0.113123, -0.117226, -0.048925, 0.008439, -0.174795, -0.470333, -0.04406, 0.42169, 0.429493, 0.164286, -0.063797, -0.002735, 0.211247, -0.203433, -0.84538, 0.009503, 0.252276, 0.770218, -0.033162, -0.684416, 0.034518, -0.376079, 0.210279, -0.07031, -0.000566, -0.182926, 0.498982, -0.443041, 0.146284, -0.169827, 0.11065, 0.044784, -0.412052, 0.110579, -0.038859, 0.4179, 0.717241, -0.644789, -0.02966, -2.319386, 0.328669, 0.096773, 1.241124, -2.029372, 0.109065, 0.868998]}