{"hc3d": [[-0.000643, -0.218511, 0.040749], [0.082956, -0.315456, 0.03791], [-0.082422, -0.314943, 0.040731], [-0.002873, -0.103948, 0.005411], [0.132676, -0.693673, 0.130343], [-0.14112, -0.707221, 0.098949], [-0.00127, 0.020946, 0.038503], [0.052847, -1.039579, -0.097022], [-0.084534, -1.095009, -0.059017], [-0.004621, 0.061515, 0.084305], [0.131699, -1.104216, -0.004081], [-0.124265, -1.155067, 0.060485], [-0.022413, 0.284003, 0.081757], [0.071372, 0.19813, 0.077369], [-0.100918, 0.184244, 0.071469], [-0.018785, 0.338962, 0.133455], [0.173098, 0.192782, 0.074405], [-0.197236, 0.160653, 0.110266], [0.281108, -0.044764, 0.007685], [-0.262855, -0.088025, 0.174722], [0.288522, -0.293583, 0.082947], [-0.302228, -0.324417, 0.285955], [0.310502, -0.374166, 0.113999], [-0.322962, -0.400965, 0.324733]], "im2d": [[0.020303, -0.081113], [-0.02089, 0.042233], [0.059978, 0.00967], [0.059038, -0.203893], [-0.14583, 0.458502], [0.024076, 0.424671], [0.027179, -0.345283], [0.117092, 0.851407], [0.147391, 0.881873], [-0.016474, -0.396019], [-0.017474, 0.927068], [0.046201, 0.926692], [-0.000913, -0.644712], [-0.045503, -0.531458], [0.047378, -0.548438], [-0.05377, -0.710679], [-0.0941, -0.505732], [0.05667, -0.545343], [-0.085906, -0.215105], [0.020572, -0.290897], [-0.169839, 0.052227], [-0.075646, -0.050415], [-0.213649, 0.14178], [-0.105537, 0.025609]], "theta": [1.126274, 0.01867, 0.146492, 1.691564, 0.28779, -2.73964, -0.273985, 0.024108, 0.04544, -0.193631, -0.052707, -0.051175, 0.307518, -0.021933, 0.010666, 0.7478, 0.161181, -0.12103, 0.451193, 0.114415, 0.171683, -0.039954, -0.001524, 0.072001, -0.360976, 0.240855, 0.181646, -0.262834, -0.202665, 0.124755, -0.044609, 0.046732, -0.013782, -0.001943, 0.001311, 0.001677, 0.002611, 0.003154, -0.008796, -0.174053, -0.017719, -0.096772, 0.000695, -0.122073, -0.491597, 0.029309, 0.517699, 0.430193, 0.003853, -0.036882, 0.034701, 0.187102, -0.101203, -0.708842, 0.026579, 0.296362, 0.569814, 0.294729, -0.535723, -0.18166, -0.005364, 0.101006, 0.045958, 0.219706, -0.071161, 0.342567, 0.160368, 0.081415, -0.189761, 0.109672, 0.043735, -0.410868, 0.109924, -0.034683, 0.417745, 0.576009, -1.06116, 0.033904, -2.348695, 0.422412, 0.086769, 1.227762, -2.14228, 0.089857, 0.841504]}