{"hc3d": [[-0.000643, -0.218511, 0.040749], [0.082956, -0.315456, 0.03791], [-0.082422, -0.314943, 0.040731], [-0.002873, -0.103948, 0.005411], [0.129245, -0.685094, 0.161558], [-0.163713, -0.705593, 0.079475], [-0.003015, 0.022639, 0.03133], [0.083316, -1.057034, -0.031498], [-0.136066, -1.097054, -0.077142], [-0.002781, 0.068285, 0.072212], [0.151242, -1.094329, 0.082646], [-0.167835, -1.142836, 0.050768], [-0.019953, 0.290628, 0.062575], [0.072725, 0.203985, 0.052941], [-0.099421, 0.191106, 0.063491], [-0.0105, 0.345499, 0.113624], [0.171892, 0.203258, 0.02947], [-0.194999, 0.173923, 0.107179], [0.282186, -0.028798, -0.051347], [-0.275414, -0.064518, 0.190729], [0.305623, -0.276234, 0.025178], [-0.286189, -0.276231, 0.348417], [0.332541, -0.354085, 0.059174], [-0.297495, -0.337923, 0.410542]], "im2d": [[0.02041, -0.081142], [-0.02078, 0.042288], [0.06013, 0.009681], [0.059139, -0.204002], [-0.17523, 0.445079], [0.055376, 0.421054], [0.035362, -0.346842], [0.035775, 0.869431], [0.1921, 0.876851], [-0.005101, -0.401948], [-0.11418, 0.910419], [0.078618, 0.9065], [0.017232, -0.649689], [-0.021533, -0.535108], [0.054787, -0.555118], [-0.037971, -0.714394], [-0.048133, -0.512569], [0.058903, -0.559531], [-0.026739, -0.225761], [0.011297, -0.32129], [-0.120018, 0.043144], [-0.145727, -0.107805], [-0.169248, 0.130348], [-0.203631, -0.049037]], "theta": [1.126941, 0.018754, 0.146509, 1.6917, 0.287675, -2.739826, -0.347988, -0.064476, 0.048758, -0.144867, -0.042009, -0.10999, 0.251141, 0.022341, 0.02822, 0.694484, 0.049079, -0.154874, 0.386401, 0.21076, 0.189218, -0.09854, 0.017925, 0.027826, -0.431564, 0.303611, 0.300097, -0.343334, -0.197612, 0.087431, 0.033996, 0.067925, -0.006529, -0.001504, 0.001263, 0.001012, 0.002234, 0.002721, -0.007349, -0.128692, 0.055255, -0.052621, 0.008409, 0.001894, -0.461789, 0.03651, 0.458177, 0.395282, 0.012079, 0.054852, 0.014922, 0.22178, -0.136596, -0.685673, 0.0834, 0.332001, 0.52802, 0.354356, -0.561044, -0.196121, 0.061049, 0.291956, 0.022572, 0.33904, -0.103527, 0.357394, 0.281046, 0.116047, -0.273212, 0.109983, 0.044092, -0.411781, 0.110424, -0.035329, 0.417255, 0.576009, -1.06116, 0.033904, -2.348695, 0.422412, 0.086769, 1.227762, -2.14228, 0.089857, 0.841504]}