{"hc3d": [[-0.000849, -0.218382, 0.038686], [0.081156, -0.315112, 0.035088], [-0.081052, -0.314536, 0.037758], [-0.003135, -0.103803, 0.004388], [0.101614, -0.710151, -0.007289], [-0.145509, -0.66779, 0.2274], [0.000475, 0.024719, 0.027139], [0.03475, -1.119801, -0.106127], [-0.128765, -1.088501, 0.153337], [0.002559, 0.073158, 0.063997], [0.109614, -1.146952, 0.007822], [-0.168189, -1.143385, 0.276547], [0.003083, 0.295485, 0.054011], [0.08886, 0.201922, 0.048856], [-0.083247, 0.202312, 0.049412], [0.009115, 0.34669, 0.111059], [0.186257, 0.194829, 0.0205], [-0.188249, 0.19588, 0.065499], [0.302516, -0.05095, 0.030694], [-0.277541, -0.052016, 0.020425], [0.348209, -0.275822, 0.158337], [-0.361168, -0.299458, 0.075295], [0.398141, -0.325514, 0.213524], [-0.389868, -0.382444, 0.086963]], "im2d": [[0.017387, -0.090494], [0.023829, 0.035025], [-0.002965, -0.006405], [0.06612, -0.212935], [0.034195, 0.470638], [-0.255964, 0.34779], [0.054411, -0.352662], [0.092288, 0.903825], [-0.21387, 0.812307], [0.019019, -0.406958], [-0.024602, 0.944662], [-0.360543, 0.85395], [0.052146, -0.646933], [0.061169, -0.5238], [0.03522, -0.567372], [-0.004577, -0.704532], [0.10599, -0.489899], [0.00142, -0.587744], [0.087525, -0.195289], [0.013177, -0.338783], [-0.068346, 0.051463], [-0.084025, -0.095314], [-0.12657, 0.114236], [-0.109319, -0.013392]], "theta": [1.113301, 0.016467, 0.137097, 2.440041, 0.340135, -2.113662, 0.072885, 0.08113, -0.025719, -0.524441, 0.028092, -0.072919, 0.214035, 0.000148, 0.0001, 0.047021, -0.056644, -0.094943, 0.576423, 0.01, 0.094058, -0.121213, 0.008477, -0.002425, -0.380714, 0.336367, 0.14566, -0.059726, -0.145048, 0.102586, 0.082369, 0.029214, -0.014701, -0.004605, 0.004097, 0.002715, -0.000885, 0.004037, -0.005126, -0.036785, -0.015207, -0.018347, 0.031946, 0.120378, -0.474134, 0.006908, 0.237032, 0.407642, -0.088269, 0.007548, 0.06165, 0.072381, -0.497284, -0.559794, 0.305437, 0.12342, 0.826816, 0.067083, -0.38316, -0.203935, -0.170635, 0.236684, -0.089373, 0.43271, -0.142913, 0.629598, 0.048738, 0.050427, -0.086517, 0.106021, 0.042722, -0.408095, 0.107807, -0.042535, 0.41403, 0.681303, -0.754874, -0.00923, -2.308054, 0.355084, 0.080566, 1.256582, -2.01862, 0.072963, 0.879852]}