{"hc3d": [[-0.000849, -0.218382, 0.038686], [0.081156, -0.315112, 0.035088], [-0.081052, -0.314536, 0.037758], [-0.003135, -0.103803, 0.004388], [0.105574, -0.705789, -0.035944], [-0.11977, -0.678391, 0.213875], [0.001918, 0.02446, 0.028299], [0.037287, -1.092262, -0.20336], [-0.094978, -1.095275, 0.305294], [0.000842, 0.072119, 0.066202], [0.12188, -1.134014, -0.101247], [-0.114824, -1.104547, 0.444102], [-0.002987, 0.294633, 0.064675], [0.085083, 0.203089, 0.063394], [-0.086408, 0.2, 0.049167], [0.001004, 0.347741, 0.120141], [0.185699, 0.204583, 0.048738], [-0.192541, 0.196576, 0.056209], [0.314418, -0.035122, 0.048262], [-0.274519, -0.039894, -0.037702], [0.307175, -0.224426, 0.230084], [-0.370745, -0.288807, -0.033929], [0.330264, -0.258962, 0.309345], [-0.410168, -0.367761, -0.041586]], "im2d": [[0.019606, -0.090947], [0.026711, 0.036133], [-0.000336, -0.006092], [0.068184, -0.214991], [0.072596, 0.474314], [-0.236172, 0.372151], [0.054407, -0.355545], [0.212272, 0.889841], [-0.373356, 0.829633], [0.016578, -0.410222], [0.107372, 0.951205], [-0.531546, 0.826607], [0.038632, -0.654765], [0.04455, -0.53195], [0.034568, -0.571546], [-0.017462, -0.715139], [0.075958, -0.507026], [0.010626, -0.595321], [0.073095, -0.211637], [0.080627, -0.351842], [-0.147988, -0.01682], [0.038707, -0.104083], [-0.235946, 0.022263], [0.033933, -0.027252]], "theta": [1.125927, 0.018263, 0.137607, 2.443738, 0.33683, -2.118752, 0.144603, 0.092237, -0.01166, -0.480857, 0.07498, -0.015779, 0.221914, -0.035123, -0.013576, 0.154183, 0.022347, -0.086141, 0.13278, 0.137871, 0.067414, -0.10735, -0.013633, 0.036513, -0.400001, 0.330385, 0.16967, -0.026907, -0.206201, 0.144247, 0.09991, 0.005867, -0.007418, -0.002092, 0.000731, 0.0034, 0.003057, 0.003143, -0.009857, -0.110819, 0.018384, -0.055646, 0.02363, 0.078052, -0.405538, 0.021776, 0.225931, 0.35405, -0.028758, 0.026502, 0.039544, 0.129536, -0.43841, -0.600367, 0.287782, 0.004261, 0.891804, 0.183372, -0.772282, -0.121009, -0.215281, 0.235462, -0.089334, 0.420435, -0.165655, 0.606553, -0.009476, -0.002725, -0.182712, 0.111387, 0.042651, -0.412962, 0.110942, -0.035377, 0.4204, 0.681303, -0.754874, -0.00923, -2.308054, 0.355084, 0.080566, 1.256582, -2.01862, 0.072963, 0.879852]}