{"hc3d": [[-0.000849, -0.218382, 0.038686], [0.081156, -0.315112, 0.035088], [-0.081052, -0.314536, 0.037758], [-0.003135, -0.103803, 0.004388], [0.113239, -0.704301, -0.040892], [-0.112619, -0.682131, 0.207419], [0.00204, 0.024983, 0.025269], [0.046063, -1.069273, -0.251452], [-0.085449, -1.102499, 0.280331], [0.000401, 0.072496, 0.063335], [0.131028, -1.122792, -0.155312], [-0.102854, -1.11879, 0.418819], [-0.003545, 0.294995, 0.060432], [0.08459, 0.203506, 0.060893], [-0.086689, 0.200213, 0.044355], [-0.000194, 0.34809, 0.115952], [0.185476, 0.205091, 0.048231], [-0.193046, 0.201813, 0.047712], [0.312183, -0.035025, 0.03044], [-0.273416, -0.025292, -0.06814], [0.292551, -0.215943, 0.219731], [-0.381831, -0.268926, -0.079076], [0.308798, -0.253283, 0.299417], [-0.42705, -0.344074, -0.091511]], "im2d": [[0.020105, -0.091073], [0.027348, 0.036365], [0.000241, -0.006038], [0.068664, -0.215482], [0.080664, 0.476204], [-0.227837, 0.379701], [0.058128, -0.356733], [0.271502, 0.871696], [-0.344182, 0.843985], [0.019856, -0.411494], [0.171987, 0.946746], [-0.502719, 0.849476], [0.043195, -0.656603], [0.047314, -0.533579], [0.039912, -0.572961], [-0.013278, -0.71721], [0.076621, -0.50871], [0.020461, -0.602198], [0.093022, -0.211578], [0.116545, -0.366867], [-0.137807, -0.028838], [0.08992, -0.12659], [-0.227715, 0.011761], [0.090056, -0.054982]], "theta": [1.128852, 0.01866, 0.137704, 2.444492, 0.336169, -2.119788, 0.15601, 0.097973, 0.009005, -0.463451, 0.075374, 0.00304, 0.197938, -0.046511, -0.014776, 0.257576, 0.015824, -0.092636, 0.157935, 0.182293, 0.067951, -0.0794, -0.018914, 0.037577, -0.398297, 0.340152, 0.160662, -0.024651, -0.239338, 0.151326, 0.090239, 0.00917, -0.005454, -0.002682, 0.001289, 0.003556, 0.003218, 0.003582, -0.010398, -0.104701, 0.020386, -0.05685, 0.039592, 0.07469, -0.405293, 0.019997, 0.195053, 0.311971, -0.029047, 0.069231, 0.040191, 0.167544, -0.386583, -0.624818, 0.282419, -0.081376, 0.933819, 0.188208, -0.887488, -0.068666, -0.197675, 0.26599, -0.115267, 0.381697, -0.158443, 0.535997, -0.016682, -0.004312, -0.217808, 0.110678, 0.042336, -0.412664, 0.110179, -0.034725, 0.41917, 0.681303, -0.754874, -0.00923, -2.308054, 0.355084, 0.080566, 1.256582, -2.01862, 0.072963, 0.879852]}