{"hc3d": [[-0.000849, -0.218382, 0.038686], [0.081156, -0.315112, 0.035088], [-0.081052, -0.314536, 0.037758], [-0.003135, -0.103803, 0.004388], [0.15923, -0.704456, 0.059295], [-0.129087, -0.688999, 0.187347], [0.001533, 0.025004, 0.025255], [0.039076, -0.99459, -0.229562], [-0.107862, -1.108003, 0.105192], [0.001437, 0.072939, 0.062824], [0.137289, -1.056017, -0.152703], [-0.133364, -1.153712, 0.235605], [0.002624, 0.295132, 0.050228], [0.088583, 0.201626, 0.052682], [-0.083076, 0.201798, 0.040257], [0.002715, 0.348817, 0.10528], [0.188021, 0.188969, 0.035581], [-0.189015, 0.195781, 0.048393], [0.290295, -0.061938, 0.010822], [-0.272061, -0.041694, -0.041974], [0.300704, -0.262151, 0.180392], [-0.374909, -0.287878, -0.035093], [0.329776, -0.315805, 0.245847], [-0.413019, -0.367478, -0.042709]], "im2d": [[0.020582, -0.091212], [0.02795, 0.036576], [0.000783, -0.005996], [0.069138, -0.215975], [-0.023303, 0.483834], [-0.208124, 0.385347], [0.058368, -0.357709], [0.254978, 0.788437], [-0.151687, 0.856582], [0.020764, -0.412603], [0.178065, 0.877023], [-0.305513, 0.892987], [0.055485, -0.65613], [0.056975, -0.531213], [0.045235, -0.574925], [-0.001107, -0.718286], [0.089785, -0.490703], [0.019756, -0.596053], [0.109642, -0.18682], [0.086513, -0.351005], [-0.096827, 0.026679], [0.040782, -0.106942], [-0.170604, 0.089538], [0.036273, -0.028725]], "theta": [1.131729, 0.019036, 0.137786, 2.445158, 0.335595, -2.120702, -0.104643, 0.102025, 0.113187, -0.413784, 0.030928, -0.028996, 0.198781, -0.019812, -0.009252, 0.810378, 0.153617, -0.210664, 0.474173, 0.15733, 0.116858, -0.092124, -0.028204, 0.014944, -0.548009, 0.326687, 0.239391, -0.168998, -0.212214, 0.129731, 0.056925, 0.011606, -0.011816, -0.0036, 0.002411, 0.003404, 0.002524, 0.00404, -0.009965, -0.067858, -0.03361, -0.004558, 0.049035, 0.074826, -0.520764, 0.026792, 0.232797, 0.404309, 0.01344, -0.00742, 0.06821, 0.169051, -0.337736, -0.593178, 0.287613, -0.03977, 0.869632, 0.10767, -0.718774, -0.057501, -0.142919, 0.220557, -0.112387, 0.314275, -0.11265, 0.461986, 0.01762, -0.002583, -0.127268, 0.108694, 0.041969, -0.41046, 0.108568, -0.035816, 0.416583, 0.681303, -0.754874, -0.00923, -2.308054, 0.355084, 0.080566, 1.256582, -2.01862, 0.072963, 0.879852]}