{"hc3d": [[-0.000912, -0.219058, 0.038487], [0.080895, -0.315976, 0.034796], [-0.080929, -0.315378, 0.037451], [-0.003212, -0.104119, 0.004138], [0.060533, -0.708593, -0.03513], [-0.080113, -0.669963, 0.238571], [0.009428, 0.023279, 0.033148], [0.005053, -0.954934, -0.381209], [-0.048932, -1.094876, 0.186451], [0.013956, 0.068499, 0.073875], [0.05221, -1.052965, -0.293934], [-0.084435, -1.147758, 0.312234], [0.02206, 0.291111, 0.06862], [0.105026, 0.194738, 0.065399], [-0.066925, 0.200758, 0.0578], [0.011396, 0.343679, 0.124248], [0.205268, 0.180789, 0.054661], [-0.173181, 0.195324, 0.063842], [0.260168, -0.072714, -0.03035], [-0.241586, -0.050511, -0.018369], [0.242597, -0.244021, 0.169128], [-0.309496, -0.259568, 0.134637], [0.269393, -0.291824, 0.240188], [-0.342436, -0.320146, 0.190595]], "im2d": [[0.000441, -0.113338], [0.094506, -0.010414], [-0.085114, -0.004086], [-0.007748, -0.244877], [0.082294, 0.41292], [-0.062332, 0.415758], [0.003213, -0.381572], [0.012931, 0.636476], [-0.015332, 0.875156], [0.008586, -0.425683], [0.072849, 0.755224], [-0.046975, 0.953108], [0.009568, -0.672078], [0.104924, -0.569734], [-0.086617, -0.570454], [-0.001483, -0.721508], [0.216234, -0.560009], [-0.204152, -0.559256], [0.282041, -0.295227], [-0.275425, -0.297487], [0.277927, -0.076831], [-0.336323, -0.042175], [0.312712, -0.014949], [-0.36815, 0.034032]], "theta": [1.11217, 0.001308, 0.117151, 3.271873, -0.055958, 0.066135, 0.146019, 0.132389, -0.121294, -0.550191, 0.072266, 0.084284, 0.261253, 0.010709, -0.067478, 0.683899, -0.164009, 0.008566, 0.551698, -0.076092, -0.044629, -0.082912, -0.00297, 0.015354, -0.485651, 0.285579, 0.018533, 0.002521, -0.043156, -0.022229, 0.015855, -0.019013, 0.010724, -0.006758, 0.005487, 0.005192, -0.000793, 0.004971, -0.007005, -0.059649, -0.303892, 0.016391, 0.032071, -0.017695, -0.480958, 0.026842, 0.190584, 0.436667, -0.124643, -0.121686, 0.129176, 0.217836, -0.12208, -0.815183, 0.211208, 0.032169, 0.905746, -0.020671, -1.070103, 0.027249, -0.272157, 0.781215, -0.205193, -0.003556, -0.169188, 0.541167, -0.43488, 0.205486, -0.277701, 0.103502, 0.043135, -0.403165, 0.106057, -0.042282, 0.413938, 0.732091, -0.703086, 0.016465, -2.299347, 0.325886, 0.078113, 1.274323, -2.020694, 0.102765, 0.872162]}