{"hc3d": [[-0.000912, -0.219058, 0.038487], [0.080895, -0.315976, 0.034796], [-0.080929, -0.315378, 0.037451], [-0.003212, -0.104119, 0.004138], [0.110204, -0.714005, 0.047721], [-0.102553, -0.705009, 0.155349], [0.008564, 0.02387, 0.030816], [0.028952, -0.929681, -0.313408], [-0.055485, -1.124116, 0.075513], [0.013403, 0.069363, 0.071202], [0.089611, -1.035381, -0.245594], [-0.09619, -1.18287, 0.197042], [0.019202, 0.291164, 0.050709], [0.102896, 0.195369, 0.050824], [-0.069268, 0.199674, 0.04936], [0.010561, 0.347068, 0.103356], [0.201864, 0.175172, 0.038341], [-0.173169, 0.183117, 0.066295], [0.235734, -0.083808, -0.040949], [-0.210324, -0.081443, 0.04392], [0.250034, -0.308553, 0.095917], [-0.248826, -0.337232, 0.113324], [0.271265, -0.381762, 0.143269], [-0.259687, -0.421293, 0.139817]], "im2d": [[0.002919, -0.114239], [0.098596, -0.010168], [-0.083559, -0.00334], [-0.005573, -0.247694], [0.147391, 0.434942], [-0.08784, 0.450573], [0.003965, -0.387068], [0.048283, 0.624468], [-0.022309, 0.904349], [0.009447, -0.431942], [0.123616, 0.750133], [-0.060572, 0.990198], [0.006598, -0.682969], [0.104524, -0.579657], [-0.089598, -0.57714], [-0.002961, -0.737015], [0.216208, -0.563339], [-0.205237, -0.551526], [0.260776, -0.287695], [-0.237948, -0.257893], [0.291481, -0.016586], [-0.268483, 0.039947], [0.320269, 0.07142], [-0.276337, 0.138308]], "theta": [1.12772, 0.003501, 0.117757, 3.276324, -0.059924, 0.060008, -0.070131, 0.125267, -0.00999, -0.332258, -0.012684, 0.044909, 0.244681, 0.040566, -0.058324, 0.984861, -0.018574, -0.071618, 0.402599, -0.027716, 0.020885, -0.072318, -0.009057, 0.016808, -0.458682, 0.256014, -0.023186, -0.049253, -0.091941, 0.047813, -0.046773, -0.007197, 0.002889, -0.001362, 0.000823, 0.002061, 0.002246, 0.001868, -0.007268, -0.060309, -0.2389, 0.060102, 0.040392, -0.036335, -0.541812, 0.030352, 0.266815, 0.529564, -0.009158, -0.193165, 0.097004, 0.216967, -0.083779, -0.834997, 0.161056, 0.17567, 0.888823, -0.017699, -0.697274, 0.053217, -0.149994, 0.212438, -0.068537, -0.042941, -0.153492, 0.341038, -0.433207, 0.151141, -0.129627, 0.110316, 0.044781, -0.410789, 0.11084, -0.038504, 0.419803, 0.732091, -0.703086, 0.016465, -2.299347, 0.325886, 0.078113, 1.274323, -2.020694, 0.102765, 0.872162]}