{"hc3d": [[-0.000912, -0.219058, 0.038487], [0.080895, -0.315976, 0.034796], [-0.080929, -0.315378, 0.037451], [-0.003212, -0.104119, 0.004138], [0.111516, -0.710504, 0.0883], [-0.115226, -0.721096, 0.057374], [0.005185, 0.024613, 0.02841], [0.06457, -1.095076, -0.094547], [-0.070481, -1.13504, -0.046969], [0.008946, 0.07106, 0.067812], [0.12221, -1.149916, 0.02], [-0.109967, -1.164123, 0.085218], [0.009358, 0.292991, 0.047913], [0.09516, 0.199099, 0.046012], [-0.077051, 0.199542, 0.048081], [0.005284, 0.346076, 0.103923], [0.195289, 0.188442, 0.031212], [-0.179731, 0.185329, 0.072803], [0.217854, -0.058466, -0.082947], [-0.208594, -0.080525, 0.091807], [0.223619, -0.280761, 0.058468], [-0.217391, -0.325394, 0.199924], [0.236597, -0.356888, 0.104172], [-0.204423, -0.405367, 0.236287]], "im2d": [[0.003449, -0.114486], [0.099478, -0.01014], [-0.083253, -0.003219], [-0.005102, -0.248374], [0.151719, 0.438555], [-0.105374, 0.455743], [0.000433, -0.389201], [0.105706, 0.843315], [-0.043257, 0.901361], [0.004584, -0.435347], [0.177917, 0.919731], [-0.081013, 0.955946], [-0.004436, -0.686967], [0.096066, -0.585912], [-0.098419, -0.578447], [-0.008676, -0.737654], [0.208962, -0.580691], [-0.212801, -0.554182], [0.239105, -0.322665], [-0.234257, -0.252243], [0.26038, -0.052286], [-0.229999, 0.038961], [0.279978, 0.039402], [-0.210666, 0.133524]], "theta": [1.131264, 0.003961, 0.117857, 3.277125, -0.060613, 0.058908, -0.167745, 0.063134, -0.009812, -0.090716, -0.050275, 0.011858, 0.225084, 0.036992, -0.032969, 0.492149, -0.031139, -0.054517, 0.221503, 0.018211, 0.048804, -0.074614, -0.003685, 0.013788, -0.386526, 0.241339, -0.027807, -0.316505, -0.036393, -0.010238, -0.022943, 0.013844, -0.000175, -0.001932, 0.001761, 0.00167, 0.001914, 0.002696, -0.007399, -0.01319, -0.19843, 0.010484, 0.02568, -0.025657, -0.468989, -0.008427, 0.319962, 0.479996, 0.046951, -0.208858, 0.060738, 0.347311, -0.010217, -0.983475, 0.113307, 0.270329, 0.88721, 0.032118, -0.837904, 0.140986, -0.043164, 0.232706, -0.031719, -0.051125, -0.113041, 0.265618, -0.454564, 0.177362, 0.022355, 0.109702, 0.044269, -0.411325, 0.109797, -0.038616, 0.417553, 0.732091, -0.703086, 0.016465, -2.299347, 0.325886, 0.078113, 1.274323, -2.020694, 0.102765, 0.872162]}