{"hc3d": [[-0.000912, -0.219058, 0.038487], [0.080895, -0.315976, 0.034796], [-0.080929, -0.315378, 0.037451], [-0.003212, -0.104119, 0.004138], [0.101828, -0.698626, 0.147017], [-0.112776, -0.721749, 0.042832], [0.003263, 0.024162, 0.031223], [0.072346, -1.099968, 9e-05], [-0.074316, -1.09811, -0.159931], [0.007768, 0.070775, 0.070351], [0.118456, -1.137886, 0.126133], [-0.111724, -1.134472, -0.028948], [0.009963, 0.29339, 0.061031], [0.09467, 0.198908, 0.052131], [-0.077394, 0.200844, 0.059303], [0.004852, 0.345606, 0.117768], [0.194426, 0.190391, 0.033844], [-0.179891, 0.195517, 0.087981], [0.202958, -0.030017, -0.126943], [-0.204282, -0.070108, 0.11484], [0.203168, -0.205632, 0.06954], [-0.171452, -0.254602, 0.306182], [0.219312, -0.269361, 0.130618], [-0.159932, -0.308004, 0.376194]], "im2d": [[0.003542, -0.114535], [0.099634, -0.010136], [-0.083204, -0.003201], [-0.005019, -0.248504], [0.143052, 0.434948], [-0.103144, 0.454413], [-0.001526, -0.388384], [0.119007, 0.863443], [-0.053772, 0.843321], [0.003442, -0.434811], [0.178056, 0.92323], [-0.088981, 0.905838], [-0.003151, -0.685798], [0.095899, -0.585057], [-0.098371, -0.578472], [-0.00851, -0.735374], [0.208208, -0.582758], [-0.212789, -0.563542], [0.219487, -0.360833], [-0.228854, -0.26068], [0.235058, -0.133891], [-0.176287, -0.026029], [0.258429, -0.05382], [-0.158158, 0.044046]], "theta": [1.13192, 0.004041, 0.117871, 3.277245, -0.060713, 0.058744, -0.31318, -0.003793, -0.030625, -0.054041, -0.042452, 0.01708, 0.247043, 0.048814, -0.016843, 0.538459, -0.070185, -0.044162, 0.431021, 0.007494, 0.022359, -0.100732, -0.000378, -0.006707, -0.412473, 0.240619, 0.008796, -0.482318, -0.003311, -0.08915, 0.029342, 0.025819, -0.007796, -0.001425, 0.001418, 0.001336, 0.001568, 0.001644, -0.005403, -0.041488, -0.28115, -0.00085, 0.055327, -0.016719, -0.449233, -0.047777, 0.327261, 0.394282, 0.055216, -0.247635, 0.105407, 0.413869, 0.086595, -1.038687, 0.10857, 0.341556, 0.962226, -0.002134, -1.298022, 0.247301, -0.083685, 0.598294, -0.145029, -0.087628, -0.062116, 0.320261, -0.410275, 0.219529, -0.174207, 0.11049, 0.044541, -0.412744, 0.110007, -0.03859, 0.417665, 0.732091, -0.703086, 0.016465, -2.299347, 0.325886, 0.078113, 1.274323, -2.020694, 0.102765, 0.872162]}