{"hc3d": [[-0.000912, -0.219058, 0.038487], [0.080895, -0.315976, 0.034796], [-0.080929, -0.315378, 0.037451], [-0.003212, -0.104119, 0.004138], [0.041696, -0.703496, -0.053205], [-0.094791, -0.658165, 0.257644], [0.00934, 0.022968, 0.034516], [-0.017655, -1.077878, -0.252826], [-0.095982, -1.086802, 0.235087], [0.014456, 0.070365, 0.072613], [0.02156, -1.124192, -0.127256], [-0.1262, -1.111185, 0.370625], [0.030617, 0.292583, 0.06994], [0.110153, 0.193332, 0.067802], [-0.061221, 0.205591, 0.055898], [0.024198, 0.345828, 0.125578], [0.211068, 0.182099, 0.06086], [-0.167763, 0.205171, 0.058119], [0.258156, -0.070854, -0.030256], [-0.235594, -0.024207, -0.062951], [0.244708, -0.231761, 0.17801], [-0.304309, -0.208039, 0.119288], [0.270145, -0.276396, 0.251584], [-0.318229, -0.265904, 0.185198]], "im2d": [[0.003594, -0.114567], [0.099722, -0.010135], [-0.083179, -0.003193], [-0.004972, -0.248582], [0.066707, 0.412485], [-0.075978, 0.415499], [0.005577, -0.386934], [0.005572, 0.804129], [-0.061583, 0.89257], [0.011159, -0.43444], [0.057146, 0.873589], [-0.08895, 0.942069], [0.020653, -0.684667], [0.114371, -0.57728], [-0.080413, -0.585221], [0.01372, -0.735519], [0.228626, -0.570248], [-0.20078, -0.579665], [0.287803, -0.302792], [-0.273767, -0.338121], [0.287865, -0.089831], [-0.336432, -0.100998], [0.321548, -0.029627], [-0.347069, -0.02539]], "theta": [1.132309, 0.004086, 0.117878, 3.277301, -0.060758, 0.058668, 0.195041, 0.050195, -0.176887, -0.601771, 0.10308, 0.036793, 0.271343, 0.000753, -0.067777, 0.172574, -0.230665, 0.026499, 0.537506, -0.051967, -0.061388, -0.149946, -0.005163, -0.000443, -0.489051, 0.298767, 0.085813, -0.127255, -0.01583, -0.01776, 0.084363, -0.03882, -0.005437, 1.1e-05, 0.000532, -0.000723, 0.000964, 0.00026, -0.002694, -0.083437, -0.205467, 0.033933, 0.033508, -0.017157, -0.417593, 0.034088, 0.177147, 0.427442, -0.016201, -0.145676, 0.096816, 0.247929, -0.129307, -0.887005, 0.25041, -0.086869, 0.956363, -0.047136, -1.118366, 0.142362, -0.228118, 1.074387, -0.264336, -0.031638, -0.17141, 0.511923, -0.562486, 0.177907, -0.05166, 0.111122, 0.045257, -0.412676, 0.111913, -0.040655, 0.418017, 0.732091, -0.703086, 0.016465, -2.299347, 0.325886, 0.078113, 1.274323, -2.020694, 0.102765, 0.872162]}