{"hc3d": [[-0.000912, -0.219058, 0.038487], [0.080895, -0.315976, 0.034796], [-0.080929, -0.315378, 0.037451], [-0.003212, -0.104119, 0.004138], [0.021491, -0.691994, -0.085761], [-0.06574, -0.668203, 0.241078], [0.010798, 0.023052, 0.033512], [-0.016845, -1.028201, -0.348493], [-0.040385, -1.095915, 0.266754], [0.013755, 0.068612, 0.074004], [0.016075, -1.113755, -0.243385], [-0.073369, -1.131556, 0.399118], [0.025574, 0.291119, 0.073751], [0.107093, 0.19347, 0.07457], [-0.063756, 0.202462, 0.054803], [0.016222, 0.343811, 0.129499], [0.208247, 0.182237, 0.074483], [-0.170298, 0.200183, 0.054752], [0.250595, -0.06633, -0.030046], [-0.244026, -0.02799, -0.06514], [0.237638, -0.235202, 0.171848], [-0.320868, -0.194666, 0.129903], [0.253362, -0.284274, 0.245314], [-0.344296, -0.241743, 0.201464]], "im2d": [[0.003594, -0.114567], [0.099722, -0.010135], [-0.083179, -0.003193], [-0.004972, -0.248582], [0.042005, 0.395491], [-0.043451, 0.422913], [0.007179, -0.387247], [0.000419, 0.733712], [0.00301, 0.905175], [0.010495, -0.432229], [0.04552, 0.844294], [-0.027183, 0.966929], [0.015173, -0.682216], [0.111199, -0.576259], [-0.083204, -0.581768], [0.00495, -0.732301], [0.22602, -0.568184], [-0.203596, -0.574478], [0.279086, -0.307494], [-0.283249, -0.33384], [0.279738, -0.086605], [-0.35522, -0.11362], [0.302606, -0.021012], [-0.376787, -0.048813]], "theta": [1.13231, 0.004086, 0.117878, 3.277301, -0.060758, 0.058668, 0.282077, 0.070171, -0.224652, -0.55731, 0.104966, 0.112783, 0.260676, -0.041424, -0.082986, 0.268193, -0.213112, 0.120479, 0.377842, -0.072098, -0.088803, -0.08959, 0.006335, 0.031591, -0.333368, 0.275281, 0.013995, 0.045419, -0.055758, 0.015618, 0.045005, -0.047671, 0.003751, -0.003606, 0.002795, 0.003084, 0.001958, 0.003692, -0.008839, -0.084207, -0.214782, 0.015274, -0.002434, -0.049165, -0.428443, 0.028686, 0.202479, 0.419356, 0.000209, -0.100213, 0.07299, 0.275184, -0.04478, -0.946215, 0.206989, -0.113568, 0.898192, -0.090103, -1.124543, 0.171336, -0.179709, 1.136996, -0.277503, -0.049873, -0.212736, 0.403271, -0.557519, 0.227806, -0.14141, 0.107525, 0.043785, -0.406293, 0.10917, -0.038115, 0.416374, 0.732091, -0.703086, 0.016465, -2.299347, 0.325886, 0.078113, 1.274323, -2.020694, 0.102765, 0.872162]}