{"hc3d": [[-0.000854, -0.218382, 0.038458], [0.0811, -0.315143, 0.034724], [-0.080997, -0.314554, 0.037376], [-0.003147, -0.103772, 0.004306], [0.034996, -0.656464, 0.235423], [-0.151043, -0.70357, 0.133844], [0.000773, 0.023944, 0.032084], [-0.017542, -1.004624, -0.006983], [-0.085609, -0.992354, -0.175587], [0.00466, 0.065858, 0.07609], [0.022624, -1.054772, 0.116506], [-0.143547, -1.074397, -0.077032], [0.008703, 0.286929, 0.101588], [0.09292, 0.194038, 0.081069], [-0.079072, 0.196946, 0.082661], [0.00748, 0.330358, 0.165205], [0.193163, 0.178386, 0.088121], [-0.176042, 0.184034, 0.124645], [0.220766, -0.068587, -0.02393], [-0.205114, -0.075639, 0.183393], [0.149837, -0.253201, 0.149577], [-0.185151, -0.270647, 0.365301], [0.158598, -0.316082, 0.2128], [-0.185106, -0.334523, 0.426825]], "im2d": [[-0.006718, -0.094821], [-0.096454, 0.009952], [0.07759, 0.010643], [0.004282, -0.216713], [-0.089523, 0.365477], [0.127431, 0.426685], [-0.001929, -0.357915], [0.001576, 0.764247], [0.104574, 0.76515], [-0.012862, -0.407094], [-0.064355, 0.808451], [0.147891, 0.846996], [-0.016716, -0.649662], [-0.10587, -0.547767], [0.079063, -0.549418], [-0.02554, -0.702023], [-0.215363, -0.532267], [0.175826, -0.537835], [-0.231035, -0.254843], [0.191045, -0.259835], [-0.189123, -0.067347], [0.133415, -0.062577], [-0.211005, -0.004132], [0.12119, 0.001941]], "theta": [1.090789, -0.005305, 0.131452, 0.252199, 0.114228, -3.114616, -0.559273, -0.279121, -0.135277, -0.286878, -0.057364, -0.0721, 0.25391, 0.065133, 0.003573, 1.005936, 0.212791, -0.125693, 1.004297, -0.100244, 0.07164, 0.001454, -0.007339, -0.00177, -0.544122, 0.23619, 0.154633, -0.416405, -0.035093, -0.097324, 0.079488, -0.018333, -0.024404, -0.002149, 0.001333, 0.001801, 0.001508, 0.002412, -0.007395, -0.058867, -0.271529, -0.08402, 0.005915, -0.271604, -0.452457, -0.03451, 0.513368, 0.385364, 0.263305, -0.192445, -0.018826, 0.280428, -0.106073, -0.986124, 0.000859, 0.464857, 0.757973, -0.066627, -1.084083, 0.063192, -0.371246, 0.438992, -0.088361, -0.008182, -0.10466, 0.520444, -0.278598, 0.10688, -0.211531, 0.109254, 0.044359, -0.409169, 0.109644, -0.036509, 0.418208, 0.701684, -0.718262, -0.022712, -2.320007, 0.380955, 0.081039, 1.252323, -2.036323, 0.084442, 0.869958]}