{"hc3d": [[-0.000854, -0.218382, 0.038458], [0.0811, -0.315143, 0.034724], [-0.080997, -0.314554, 0.037376], [-0.003147, -0.103772, 0.004306], [0.047773, -0.662617, 0.227226], [-0.164731, -0.692254, 0.163382], [0.002496, 0.023448, 0.033999], [-0.010543, -1.020908, 0.001477], [-0.100145, -0.991152, -0.136474], [0.006884, 0.065653, 0.077678], [0.030469, -1.070719, 0.124823], [-0.162124, -1.075576, -0.042495], [0.0189, 0.286444, 0.103094], [0.099758, 0.190513, 0.083055], [-0.072018, 0.199728, 0.083755], [0.015147, 0.332337, 0.164856], [0.199033, 0.169215, 0.088908], [-0.171382, 0.18943, 0.120541], [0.224548, -0.089912, 0.00819], [-0.223788, -0.070251, 0.159862], [0.165782, -0.287927, 0.171146], [-0.250023, -0.277706, 0.326569], [0.181643, -0.351235, 0.232534], [-0.261373, -0.348219, 0.379147]], "im2d": [[-0.006631, -0.094861], [-0.0964, 0.009993], [0.077748, 0.010651], [0.004355, -0.216832], [-0.101878, 0.372987], [0.137523, 0.412377], [-0.004092, -0.357748], [-0.00754, 0.781707], [0.113756, 0.761278], [-0.015519, -0.407248], [-0.074389, 0.825597], [0.162208, 0.84617], [-0.028006, -0.649726], [-0.113725, -0.544452], [0.071381, -0.552933], [-0.033745, -0.704622], [-0.222154, -0.522669], [0.171748, -0.543762], [-0.241273, -0.234357], [0.215556, -0.263797], [-0.210865, -0.03142], [0.210059, -0.05119], [-0.24009, 0.03239], [0.211525, 0.021425]], "theta": [1.091456, -0.005222, 0.131469, 0.252334, 0.114113, -3.114802, -0.530709, -0.264228, -0.108401, -0.367478, -0.072243, -0.103016, 0.269367, 0.063486, -0.009375, 0.933613, 0.215102, -0.132653, 1.057303, -0.104017, 0.070712, -0.021415, -0.008019, -0.002004, -0.516365, 0.221279, 0.114835, -0.363883, -0.045061, -0.057228, 0.088035, -0.029428, -0.04589, -0.001083, 0.000877, 0.000204, 0.001202, 0.001806, -0.005754, -0.089673, -0.311613, -0.0455, -0.009318, -0.263469, -0.476875, -0.048042, 0.471811, 0.409105, 0.283315, -0.23123, 0.014619, 0.200162, -0.166327, -0.896083, 0.018399, 0.378386, 0.763893, -0.08671, -0.897147, 0.006764, -0.46593, 0.404483, -0.112378, -0.003652, -0.1419, 0.564507, -0.362136, 0.070215, -0.16565, 0.110122, 0.044945, -0.410576, 0.109989, -0.038259, 0.418407, 0.701684, -0.718262, -0.022712, -2.320007, 0.380955, 0.081039, 1.252323, -2.036323, 0.084442, 0.869958]}