{"hc3d": [[-0.000854, -0.218382, 0.038458], [0.0811, -0.315143, 0.034724], [-0.080997, -0.314554, 0.037376], [-0.003147, -0.103772, 0.004306], [0.055199, -0.706329, -0.037447], [-0.126978, -0.619895, 0.302327], [0.003436, 0.021141, 0.042409], [0.006475, -1.056917, -0.277134], [-0.110313, -1.036433, 0.400525], [0.003945, 0.060751, 0.08866], [0.027818, -1.123186, -0.156592], [-0.164877, -1.05172, 0.529327], [0.012838, 0.279956, 0.126198], [0.095516, 0.184711, 0.110872], [-0.0752, 0.194772, 0.092249], [0.008041, 0.332307, 0.18251], [0.192683, 0.165535, 0.133989], [-0.177008, 0.175509, 0.116677], [0.185644, -0.08642, 0.030149], [-0.183288, -0.087154, 0.064762], [0.047375, -0.214104, 0.213987], [-0.177591, -0.309893, 0.212656], [0.043596, -0.266154, 0.286819], [-0.183356, -0.383547, 0.261719]], "im2d": [[-0.006507, -0.094925], [-0.09633, 0.010047], [0.077974, 0.010664], [0.004462, -0.217012], [-0.064352, 0.442268], [0.07444, 0.322385], [-0.006566, -0.356226], [0.022461, 0.843965], [0.030133, 0.768114], [-0.014345, -0.40311], [-0.023116, 0.906255], [0.066063, 0.774887], [-0.025697, -0.645024], [-0.114238, -0.540778], [0.073293, -0.548687], [-0.029238, -0.706551], [-0.223462, -0.522633], [0.17835, -0.528743], [-0.203218, -0.239715], [0.188448, -0.238349], [-0.08915, -0.114166], [0.151515, -0.007657], [-0.098975, -0.063293], [0.14752, 0.068683]], "theta": [1.092448, -0.005102, 0.13149, 0.252504, 0.113972, -3.115034, 0.154572, -0.073594, -0.156551, -0.743534, 0.068332, -0.043152, 0.331202, -0.065315, -0.031315, 0.312389, -0.067526, -0.003112, 0.402604, -0.244373, -0.021514, -0.025642, 0.023307, 0.016214, -0.434184, 0.149055, 0.034785, 0.049565, -0.016527, 0.025825, 0.081335, -0.041212, -0.029243, -0.002048, 0.001544, 0.001384, 0.001235, 0.002129, -0.005639, -0.257209, -0.268302, -0.067547, 0.040045, -0.311396, -0.423647, 0.009812, 0.489482, 0.471878, 0.234421, -0.1805, -0.009302, 0.281512, -0.313422, -1.101481, 0.075911, 0.270207, 0.983982, -0.025045, -1.210161, 0.190955, -0.231253, 0.622002, -0.229375, 0.038012, -0.019658, 0.638448, -0.309626, 0.098035, -0.223179, 0.109807, 0.043331, -0.411447, 0.109301, -0.037518, 0.416979, 0.701684, -0.718262, -0.022712, -2.320007, 0.380955, 0.081039, 1.252323, -2.036323, 0.084442, 0.869958]}