{"hc3d": [[-0.00102, -0.218264, 0.037005], [0.07967, -0.314814, 0.032676], [-0.079908, -0.314167, 0.035268], [-0.003359, -0.103747, 0.003707], [0.089217, -0.712094, 0.092411], [-0.124606, -0.699916, 0.167082], [0.002028, 0.027173, 0.018458], [0.05915, -1.012118, -0.215013], [-0.074711, -1.125031, 0.114073], [0.004836, 0.070462, 0.060756], [0.10069, -1.107254, -0.121354], [-0.143947, -1.187018, 0.220431], [0.003879, 0.29222, 0.070736], [0.089704, 0.200048, 0.056461], [-0.081213, 0.199222, 0.057533], [-0.000796, 0.341047, 0.131298], [0.188405, 0.178086, 0.050059], [-0.183659, 0.184447, 0.081088], [0.245245, -0.081891, -0.016076], [-0.245208, -0.074886, 0.117687], [0.202027, -0.319981, 0.091108], [-0.303447, -0.319291, 0.213973], [0.2217, -0.390784, 0.142633], [-0.331627, -0.396662, 0.247177]], "im2d": [[-0.004422, -0.09094], [-0.089448, 0.012651], [0.071083, 0.010729], [0.015732, -0.206945], [-0.140851, 0.424376], [0.049352, 0.397956], [0.011718, -0.34831], [-0.01582, 0.793758], [-0.003952, 0.858177], [-0.004039, -0.401272], [-0.096232, 0.879353], [0.02485, 0.905923], [0.00473, -0.638277], [-0.081706, -0.537653], [0.090763, -0.537816], [-0.009706, -0.700191], [-0.180385, -0.512784], [0.185209, -0.52657], [-0.22755, -0.225597], [0.221076, -0.257749], [-0.234393, 0.009031], [0.233003, -0.014683], [-0.276362, 0.0757], [0.24566, 0.061763]], "theta": [1.074217, -0.003096, 0.133607, 0.531642, 0.239953, -3.064667, -0.168687, -0.108318, -0.054667, -0.366674, -0.025378, -0.008426, 0.145524, 0.042085, -0.009818, 0.833528, 0.018425, -0.094266, 0.383908, -0.114238, 0.049147, 0.087289, -0.013053, 0.010333, -0.377424, 0.267904, -0.043541, 0.015612, -0.24607, 0.051004, 0.023321, 0.013914, -0.0069, -0.006823, 0.005343, 0.005075, -0.000515, 0.005827, -0.008357, -0.056237, -0.237695, -0.014126, 0.020405, -0.145578, -0.579223, -0.034234, 0.327701, 0.452705, 0.058074, -0.040098, 0.037776, 0.261855, -0.210286, -0.728755, 0.051605, 0.342148, 0.710986, 0.033287, -0.636805, -0.137589, -0.476294, 0.1235, -0.006988, 0.127916, -0.165769, 0.578153, -0.347365, 0.137848, -0.243381, 0.104387, 0.041815, -0.40565, 0.105687, -0.039414, 0.413934, 0.756146, -0.490113, -0.035217, -2.274077, 0.271903, 0.099916, 1.223363, -1.983433, 0.105575, 0.876751]}