{"hc3d": [[-0.00102, -0.218264, 0.037005], [0.07967, -0.314814, 0.032676], [-0.079908, -0.314167, 0.035268], [-0.003359, -0.103747, 0.003707], [0.054047, -0.644651, 0.260803], [-0.13905, -0.718589, 0.06874], [-0.001711, 0.025741, 0.028541], [0.120032, -0.986154, 0.006935], [-0.087235, -1.135405, -0.029246], [0.001809, 0.070867, 0.068819], [0.143674, -1.06225, 0.121821], [-0.160757, -1.184278, 0.080999], [0.004989, 0.292192, 0.085611], [0.088637, 0.199169, 0.065242], [-0.082107, 0.201006, 0.07284], [0.002834, 0.342728, 0.144901], [0.188248, 0.18177, 0.058909], [-0.180251, 0.190318, 0.11185], [0.218364, -0.072019, -0.040474], [-0.238701, -0.04806, 0.222036], [0.198172, -0.321111, 0.046639], [-0.257232, -0.219579, 0.428516], [0.217582, -0.399919, 0.084947], [-0.269654, -0.270768, 0.499989]], "im2d": [[-0.001842, -0.091687], [-0.087395, 0.014201], [0.075595, 0.011107], [0.017823, -0.209812], [-0.159285, 0.332296], [0.106229, 0.441263], [0.012735, -0.353596], [-0.149027, 0.743332], [0.070553, 0.907767], [-0.00366, -0.408865], [-0.218799, 0.806851], [0.103487, 0.941476], [-0.003322, -0.650403], [-0.085876, -0.545648], [0.0868, -0.550986], [-0.020622, -0.714705], [-0.186637, -0.524604], [0.172833, -0.547076], [-0.192321, -0.23405], [0.181949, -0.308689], [-0.214514, 0.020163], [0.117696, -0.157779], [-0.251976, 0.099143], [0.101986, -0.114445]], "theta": [1.091554, -0.000668, 0.134267, 0.536519, 0.235619, -3.071378, -0.618034, -0.40362, -0.035637, -0.125164, -0.064337, -0.045996, 0.222548, 0.05822, 0.021554, 1.14817, 0.109893, -0.074767, 0.253211, -0.068474, 0.096689, -0.032454, 0.009832, -0.010913, -0.345718, 0.195262, 0.047379, -0.166359, -0.226309, -0.011469, 0.099054, 0.005366, -0.038278, -0.000554, 0.000484, -0.000278, 0.001801, 0.002033, -0.006912, -0.116351, -0.199359, 0.028545, -0.009841, -0.175931, -0.507804, -0.052811, 0.440313, 0.39666, 0.189358, -0.038029, 0.011116, 0.257081, -0.102792, -0.895106, -0.08886, 0.491059, 0.579935, 0.01506, -0.599849, -0.022266, -0.383984, 0.355934, -0.048018, 0.204793, -0.152667, 0.450154, -0.113534, 0.155357, -0.215354, 0.11088, 0.045209, -0.411579, 0.111123, -0.038111, 0.419569, 0.756146, -0.490113, -0.035217, -2.274077, 0.271903, 0.099916, 1.223363, -1.983433, 0.105575, 0.876751]}