{"hc3d": [[-0.00102, -0.218264, 0.037005], [0.07967, -0.314814, 0.032676], [-0.079908, -0.314167, 0.035268], [-0.003359, -0.103747, 0.003707], [0.01731, -0.648623, 0.247556], [-0.150011, -0.71818, 0.029434], [-0.002775, 0.026704, 0.02291], [0.057231, -1.010995, 0.018381], [-0.100113, -1.032111, -0.262077], [0.001904, 0.070631, 0.064378], [0.076961, -1.067058, 0.144936], [-0.172272, -1.116153, -0.174452], [0.004659, 0.291703, 0.08429], [0.08819, 0.1993, 0.060848], [-0.082364, 0.200379, 0.072017], [0.001882, 0.344273, 0.141756], [0.188294, 0.18493, 0.054699], [-0.178402, 0.193784, 0.116755], [0.216958, -0.062184, -0.060651], [-0.226832, -0.034695, 0.250298], [0.204836, -0.307352, 0.038289], [-0.228172, -0.180685, 0.47631], [0.211368, -0.387844, 0.077447], [-0.24171, -0.217016, 0.556183]], "im2d": [[-0.001482, -0.091839], [-0.087151, 0.014376], [0.076221, 0.011149], [0.018142, -0.210278], [-0.11648, 0.339349], [0.133033, 0.448218], [0.01613, -0.354537], [-0.088964, 0.769509], [0.175314, 0.83635], [-0.002042, -0.408804], [-0.158273, 0.809626], [0.213723, 0.911916], [-0.002623, -0.651179], [-0.084004, -0.546273], [0.087531, -0.551521], [-0.018631, -0.717523], [-0.18543, -0.528402], [0.169663, -0.553], [-0.183209, -0.241765], [0.160484, -0.328421], [-0.217762, 0.007029], [0.072374, -0.207643], [-0.242384, 0.087753], [0.055348, -0.181641]], "theta": [1.094212, -0.000334, 0.134332, 0.537052, 0.235167, -3.072109, -0.60063, -0.412894, -0.135557, -0.034517, -0.101702, -0.077037, 0.179248, 0.075963, 0.029353, 1.047535, 0.078218, -0.075242, 0.678282, -0.007887, 0.069529, 0.040361, 0.006265, -0.026359, -0.423475, 0.278088, 0.157833, -0.306073, -0.205778, -0.033954, 0.084012, 0.011616, -0.027072, -0.001209, 0.000997, 0.000139, 0.001235, 0.002501, -0.006393, -0.162609, -0.272395, 0.004407, -0.008088, -0.192786, -0.475999, -0.097505, 0.474884, 0.345831, 0.248396, -0.060736, -0.003523, 0.263821, -0.054972, -0.93694, -0.113995, 0.533735, 0.578219, 0.026832, -0.692046, 0.039396, -0.3537, 0.383731, -0.070067, 0.114648, -0.194456, 0.278367, -0.101467, 0.18458, -0.318535, 0.110005, 0.045321, -0.410575, 0.110317, -0.039527, 0.418024, 0.756146, -0.490113, -0.035217, -2.274077, 0.271903, 0.099916, 1.223363, -1.983433, 0.105575, 0.876751]}