{"hc3d": [[-0.00102, -0.218264, 0.037005], [0.07967, -0.314814, 0.032676], [-0.079908, -0.314167, 0.035268], [-0.003359, -0.103747, 0.003707], [0.020858, -0.6836, 0.181097], [-0.151522, -0.715245, 0.081996], [-0.001158, 0.027393, 0.017277], [0.028339, -1.070782, -0.007216], [-0.108116, -0.999535, -0.239432], [0.002901, 0.072215, 0.057842], [0.044131, -1.126388, 0.120091], [-0.179393, -1.100006, -0.170344], [0.006811, 0.29384, 0.069833], [0.090235, 0.200092, 0.052033], [-0.080545, 0.202716, 0.058488], [0.00577, 0.34615, 0.127594], [0.189874, 0.182689, 0.046175], [-0.179353, 0.194015, 0.0963], [0.226029, -0.074915, -0.040574], [-0.231944, -0.050851, 0.194568], [0.214312, -0.323812, 0.048627], [-0.261416, -0.250414, 0.372619], [0.22086, -0.404112, 0.088174], [-0.280644, -0.307289, 0.438029]], "im2d": [[-0.001471, -0.091845], [-0.087145, 0.01438], [0.076241, 0.01115], [0.018153, -0.210294], [-0.097185, 0.388185], [0.115405, 0.436425], [0.016575, -0.354364], [-0.052366, 0.83808], [0.176678, 0.79735], [-0.00059, -0.409464], [-0.117884, 0.877532], [0.220292, 0.893753], [0.000574, -0.651141], [-0.082836, -0.545698], [0.090748, -0.551849], [-0.017343, -0.717234], [-0.184029, -0.524596], [0.178195, -0.54995], [-0.200496, -0.231186], [0.185575, -0.301884], [-0.23204, 0.023268], [0.141752, -0.115628], [-0.256814, 0.103729], [0.135016, -0.065098]], "theta": [1.094303, -0.000324, 0.134334, 0.537065, 0.235157, -3.072126, -0.4125, -0.352557, -0.17173, -0.162406, -0.087884, -0.074846, 0.136425, 0.063689, 0.014962, 0.741053, -0.007007, -0.040985, 0.903134, -0.033257, 0.027015, 0.060319, -0.001189, -0.014718, -0.350259, 0.309602, 0.091201, -0.214222, -0.196092, 0.006227, 0.070458, 0.004494, -0.0285, -0.001073, 0.000935, 9.8e-05, 0.001234, 0.00229, -0.005839, -0.124007, -0.225593, -0.011127, -0.005066, -0.16885, -0.50457, -0.088346, 0.436292, 0.394345, 0.276721, -0.073314, -0.011429, 0.246022, -0.12939, -0.868133, -0.030237, 0.45078, 0.664418, 0.06216, -0.55511, -0.005709, -0.326578, 0.238119, -0.045918, 0.112165, -0.224257, 0.299068, -0.21041, 0.190866, -0.275241, 0.110021, 0.044995, -0.410786, 0.110478, -0.039647, 0.417764, 0.756146, -0.490113, -0.035217, -2.274077, 0.271903, 0.099916, 1.223363, -1.983433, 0.105575, 0.876751]}