{"hc3d": [[-0.00102, -0.218264, 0.037005], [0.07967, -0.314814, 0.032676], [-0.079908, -0.314167, 0.035268], [-0.003359, -0.103747, 0.003707], [0.046497, -0.715115, 0.020442], [-0.150193, -0.679465, 0.207874], [0.002085, 0.026758, 0.02175], [-0.003638, -1.131282, -0.078143], [-0.123209, -1.033367, -0.03717], [0.004079, 0.07179, 0.062237], [0.005965, -1.176889, 0.053675], [-0.195833, -1.124527, 0.042602], [0.010744, 0.29334, 0.074398], [0.093635, 0.198253, 0.062036], [-0.077142, 0.203602, 0.05747], [0.009386, 0.344953, 0.132776], [0.193003, 0.178481, 0.061473], [-0.179637, 0.19352, 0.083191], [0.238244, -0.083389, -0.00613], [-0.236122, -0.06844, 0.107017], [0.215206, -0.320278, 0.109612], [-0.295492, -0.313614, 0.200619], [0.22865, -0.393093, 0.160328], [-0.318183, -0.391943, 0.235727]], "im2d": [[-0.001466, -0.091848], [-0.087142, 0.014382], [0.076249, 0.011151], [0.018158, -0.210301], [-0.065824, 0.449025], [0.069276, 0.377072], [0.011566, -0.354382], [0.004051, 0.914795], [0.116336, 0.800556], [-0.003436, -0.409725], [-0.056323, 0.942609], [0.157811, 0.885117], [-0.005177, -0.651322], [-0.0901, -0.545327], [0.087662, -0.552616], [-0.023025, -0.716769], [-0.193068, -0.522533], [0.183299, -0.547287], [-0.226118, -0.227523], [0.221344, -0.268539], [-0.255253, 0.009442], [0.23741, -0.019453], [-0.290915, 0.080065], [0.244461, 0.059222]], "theta": [1.094345, -0.00032, 0.134335, 0.537069, 0.235154, -3.072132, 0.00538, -0.168891, -0.17202, -0.478669, -0.033721, -0.070379, 0.169438, 0.005393, -0.01167, 0.095405, -0.188794, 0.012675, 0.977917, -0.106045, -0.012159, 0.021221, -0.001236, 0.007676, -0.2508, 0.28796, -0.02637, -0.093013, -0.185129, 0.036977, 0.075825, -0.001557, -0.034865, -0.00169, 0.001424, 0.000873, 0.001613, 0.002954, -0.006817, -0.113885, -0.166051, -0.009738, 0.017799, -0.157333, -0.515899, -0.066839, 0.384176, 0.43162, 0.2193, -0.079351, 0.010589, 0.221772, -0.202203, -0.807159, 0.039596, 0.279106, 0.804398, 0.041945, -0.61356, -0.002798, -0.334569, 0.146218, -0.042496, 0.028393, -0.195808, 0.431862, -0.4113, 0.158884, -0.182131, 0.109792, 0.043855, -0.411048, 0.109745, -0.038378, 0.417147, 0.756146, -0.490113, -0.035217, -2.274077, 0.271903, 0.099916, 1.223363, -1.983433, 0.105575, 0.876751]}