{"hc3d": [[-0.00102, -0.218264, 0.037005], [0.07967, -0.314814, 0.032676], [-0.079908, -0.314167, 0.035268], [-0.003359, -0.103747, 0.003707], [0.047027, -0.714517, 0.006929], [-0.151202, -0.661813, 0.240778], [0.003106, 0.026096, 0.025746], [-0.00408, -1.127896, -0.102311], [-0.115945, -1.045525, 0.047015], [0.005058, 0.070724, 0.066678], [0.005877, -1.177342, 0.02809], [-0.191576, -1.128929, 0.13229], [0.012893, 0.291869, 0.084295], [0.095343, 0.196613, 0.070386], [-0.07535, 0.2031, 0.064376], [0.010126, 0.342907, 0.143128], [0.194798, 0.177308, 0.071503], [-0.178514, 0.193973, 0.087663], [0.243807, -0.082905, 0.00023], [-0.236065, -0.0688, 0.092069], [0.202499, -0.298377, 0.148246], [-0.304608, -0.312965, 0.181968], [0.215932, -0.361357, 0.21076], [-0.330954, -0.391681, 0.213475]], "im2d": [[-0.001465, -0.091848], [-0.087142, 0.014382], [0.07625, 0.011151], [0.018158, -0.210302], [-0.06137, 0.450607], [0.058971, 0.352559], [0.009016, -0.35431], [0.013549, 0.9151], [0.077351, 0.79998], [-0.006124, -0.40929], [-0.046835, 0.947305], [0.120233, 0.875206], [-0.011095, -0.651331], [-0.095002, -0.544904], [0.083254, -0.553186], [-0.027686, -0.716248], [-0.198659, -0.52289], [0.180517, -0.548499], [-0.234167, -0.229018], [0.226772, -0.265695], [-0.255439, -0.020765], [0.253691, -0.017212], [-0.295005, 0.037279], [0.265814, 0.062424]], "theta": [1.09435, -0.000319, 0.134335, 0.53707, 0.235153, -3.072133, 0.039093, -0.148943, -0.172851, -0.57043, -0.032855, -0.072713, 0.200061, 0.00269, -0.019572, 0.088344, -0.182005, 0.015701, 0.936548, -0.154951, -0.007187, 0.000465, -0.000408, 0.014463, -0.249741, 0.268984, -0.038416, -0.056858, -0.185045, 0.037264, 0.090477, -0.008959, -0.037781, -0.001999, 0.00164, 0.00118, 0.001666, 0.003153, -0.007158, -0.126791, -0.18722, -0.005018, 0.018303, -0.166141, -0.502176, -0.062609, 0.369447, 0.425268, 0.20964, -0.095012, 0.020893, 0.224642, -0.205529, -0.802624, 0.042449, 0.247814, 0.834969, 0.031541, -0.791963, 0.017712, -0.40089, 0.198824, -0.08037, 0.034273, -0.187233, 0.504806, -0.432662, 0.134, -0.186463, 0.109641, 0.043529, -0.410915, 0.109481, -0.037991, 0.417051, 0.756146, -0.490113, -0.035217, -2.274077, 0.271903, 0.099916, 1.223363, -1.983433, 0.105575, 0.876751]}