{"hc3d": [[-0.00102, -0.218264, 0.037005], [0.07967, -0.314814, 0.032676], [-0.079908, -0.314167, 0.035268], [-0.003359, -0.103747, 0.003707], [0.043208, -0.7008, -0.07304], [-0.125195, -0.609411, 0.316258], [0.004942, 0.024552, 0.032983], [0.020284, -1.075428, -0.284125], [-0.118914, -1.039876, 0.342372], [0.004912, 0.067738, 0.075481], [0.018489, -1.151961, -0.167129], [-0.188209, -1.088909, 0.455253], [0.009737, 0.287105, 0.10912], [0.093713, 0.193327, 0.094323], [-0.0762, 0.199696, 0.0769], [0.003055, 0.337495, 0.168196], [0.193903, 0.180487, 0.102215], [-0.181355, 0.192361, 0.08943], [0.257755, -0.071955, 0.016258], [-0.233457, -0.065901, 0.034951], [0.173759, -0.196034, 0.234415], [-0.333353, -0.301873, 0.117015], [0.179646, -0.225175, 0.319097], [-0.375249, -0.376371, 0.14105]], "im2d": [[-0.001465, -0.091849], [-0.087142, 0.014382], [0.076252, 0.011151], [0.018159, -0.210303], [-0.027413, 0.448856], [0.006686, 0.283812], [0.004396, -0.353807], [0.057645, 0.888529], [-0.02804, 0.745315], [-0.009342, -0.40751], [0.013122, 0.952086], [-0.000353, 0.778905], [-0.017187, -0.6503], [-0.102275, -0.545305], [0.079374, -0.551575], [-0.029865, -0.714609], [-0.208903, -0.531388], [0.182724, -0.547085], [-0.253955, -0.243315], [0.245235, -0.259417], [-0.253123, -0.146022], [0.307675, -0.018922], [-0.291612, -0.128328], [0.338744, 0.057174]], "theta": [1.094356, -0.000318, 0.134335, 0.53707, 0.235153, -3.072134, 0.240523, -0.116181, -0.195022, -0.791356, 0.033368, -0.02742, 0.254302, -0.037178, -0.037451, 0.160457, -0.277865, 0.058959, 0.619572, -0.170196, -0.060037, -0.018208, -0.000423, 0.040762, -0.278316, 0.256373, -0.039629, 0.133748, -0.184998, 0.054698, 0.127118, -0.032761, -0.029986, -0.004391, 0.003212, 0.003748, 0.00227, 0.005074, -0.010598, -0.186546, -0.205096, -0.015169, 0.042523, -0.150893, -0.441192, -0.027788, 0.326814, 0.398076, 0.212342, -0.059121, 0.017221, 0.232019, -0.240859, -0.829879, 0.054386, 0.17336, 0.915152, -0.018446, -1.320737, 0.152437, -0.545574, 0.393385, -0.205944, 0.102164, -0.171573, 0.57381, -0.46123, 0.115745, -0.258594, 0.107575, 0.042234, -0.407496, 0.10794, -0.036163, 0.415996, 0.756146, -0.490113, -0.035217, -2.274077, 0.271903, 0.099916, 1.223363, -1.983433, 0.105575, 0.876751]}