{"hc3d": [[-0.00102, -0.218264, 0.037005], [0.07967, -0.314814, 0.032676], [-0.079908, -0.314167, 0.035268], [-0.003359, -0.103747, 0.003707], [0.044692, -0.700065, -0.076178], [-0.122516, -0.601952, 0.3243], [0.004949, 0.024583, 0.032847], [0.026567, -1.060386, -0.311269], [-0.115664, -1.032815, 0.342527], [0.004848, 0.067841, 0.07527], [0.026714, -1.141297, -0.197244], [-0.183075, -1.083771, 0.455696], [0.009232, 0.287356, 0.107993], [0.093396, 0.193687, 0.093578], [-0.076531, 0.199639, 0.076147], [0.003, 0.338912, 0.166103], [0.193615, 0.181022, 0.101394], [-0.181746, 0.19258, 0.08832], [0.26136, -0.070407, 0.015446], [-0.235439, -0.064559, 0.030197], [0.173914, -0.184146, 0.237841], [-0.33917, -0.299189, 0.111345], [0.178481, -0.209799, 0.323725], [-0.382629, -0.372945, 0.134887]], "im2d": [[-0.001465, -0.091849], [-0.087142, 0.014382], [0.076252, 0.011151], [0.018159, -0.210304], [-0.027754, 0.448596], [0.00129, 0.274458], [0.00444, -0.353817], [0.061817, 0.876798], [-0.031139, 0.737694], [-0.009195, -0.407587], [0.016197, 0.945605], [-0.005579, 0.773342], [-0.016241, -0.650393], [-0.10166, -0.545577], [0.079989, -0.551394], [-0.028977, -0.715799], [-0.208281, -0.531836], [0.183545, -0.547146], [-0.257301, -0.244809], [0.249083, -0.260114], [-0.254029, -0.159444], [0.315869, -0.020972], [-0.29145, -0.145738], [0.348759, 0.054383]], "theta": [1.094357, -0.000318, 0.134335, 0.53707, 0.235153, -3.072134, 0.248876, -0.108676, -0.190777, -0.817636, 0.042223, -0.024271, 0.253241, -0.037055, -0.037471, 0.217589, -0.281009, 0.049861, 0.663797, -0.164207, -0.059121, -0.018804, -0.001352, 0.041734, -0.304892, 0.26616, -0.027741, 0.13272, -0.182649, 0.054316, 0.124702, -0.031332, -0.028868, -0.004527, 0.003307, 0.003879, 0.00232, 0.005187, -0.010861, -0.20311, -0.190477, -0.010645, 0.045154, -0.149632, -0.442282, -0.021823, 0.320828, 0.395103, 0.190656, -0.037187, 0.02071, 0.231142, -0.2324, -0.818161, 0.057168, 0.161072, 0.914906, -0.010504, -1.371409, 0.155235, -0.553809, 0.405143, -0.212555, 0.095705, -0.170488, 0.571966, -0.457675, 0.11706, -0.263107, 0.107494, 0.042112, -0.40737, 0.107852, -0.03596, 0.415946, 0.756146, -0.490113, -0.035217, -2.274077, 0.271903, 0.099916, 1.223363, -1.983433, 0.105575, 0.876751]}