{"hc3d": [[-0.00102, -0.218264, 0.037005], [0.07967, -0.314814, 0.032676], [-0.079908, -0.314167, 0.035268], [-0.003359, -0.103747, 0.003707], [0.050003, -0.70515, -0.058144], [-0.114976, -0.606679, 0.320544], [0.004482, 0.025275, 0.029757], [0.047896, -1.00613, -0.366096], [-0.098447, -1.034789, 0.270843], [0.004285, 0.068641, 0.072069], [0.059188, -1.103085, -0.265994], [-0.162553, -1.099572, 0.378739], [0.008212, 0.288982, 0.098738], [0.092568, 0.195183, 0.086443], [-0.077466, 0.200191, 0.069772], [0.001955, 0.341939, 0.155572], [0.192484, 0.179951, 0.0935], [-0.182563, 0.193561, 0.083153], [0.255909, -0.072958, 0.008606], [-0.239626, -0.065633, 0.039066], [0.176835, -0.206093, 0.223236], [-0.34287, -0.302162, 0.115165], [0.182469, -0.239396, 0.306387], [-0.389472, -0.374461, 0.137165]], "im2d": [[-0.001465, -0.091849], [-0.087142, 0.014383], [0.076252, 0.011151], [0.018159, -0.210304], [-0.04008, 0.451206], [-0.005295, 0.280288], [0.006088, -0.354065], [0.062382, 0.827389], [-0.022572, 0.751833], [-0.007402, -0.407935], [0.009714, 0.915988], [0.000926, 0.803351], [-0.011715, -0.650646], [-0.098115, -0.546035], [0.083323, -0.550957], [-0.023893, -0.717358], [-0.204258, -0.529396], [0.18633, -0.54737], [-0.249282, -0.240997], [0.250084, -0.260463], [-0.252613, -0.133263], [0.318144, -0.018431], [-0.290457, -0.110818], [0.354903, 0.055559]], "theta": [1.094357, -0.000318, 0.134335, 0.53707, 0.235153, -3.072134, 0.203242, -0.096017, -0.172544, -0.803362, 0.049438, -0.006335, 0.229177, -0.039697, -0.033624, 0.48065, -0.231709, 0.016285, 0.806487, -0.147187, -0.045931, 0.002695, 0.000153, 0.03875, -0.371623, 0.289356, -0.008303, 0.093606, -0.187726, 0.045867, 0.099836, -0.02499, -0.027854, -0.004338, 0.003115, 0.003688, 0.00232, 0.004989, -0.010591, -0.200421, -0.178966, -0.000398, 0.035863, -0.156297, -0.472452, -0.015684, 0.32292, 0.390108, 0.161927, 0.001655, 0.026951, 0.236849, -0.200918, -0.814515, 0.039017, 0.17994, 0.896411, -0.00256, -1.278459, 0.133544, -0.53686, 0.331578, -0.190206, 0.071933, -0.170113, 0.551251, -0.436238, 0.133881, -0.30193, 0.107679, 0.042296, -0.40753, 0.108052, -0.035659, 0.416139, 0.756146, -0.490113, -0.035217, -2.274077, 0.271903, 0.099916, 1.223363, -1.983433, 0.105575, 0.876751]}