{"hc3d": [[-0.000839, -0.218814, 0.039019], [0.081436, -0.315761, 0.035469], [-0.081306, -0.31518, 0.038179], [-0.003125, -0.103986, 0.004524], [0.082915, -0.713712, 0.0455], [-0.139258, -0.654566, 0.254193], [0.00134, 0.025023, 0.025585], [0.080906, -0.930191, -0.322851], [-0.091962, -1.071164, 0.16768], [0.001272, 0.067917, 0.069044], [0.110538, -1.029481, -0.229928], [-0.162554, -1.123781, 0.277427], [-0.000572, 0.290493, 0.083295], [0.086737, 0.198364, 0.074213], [-0.08515, 0.197644, 0.062492], [-0.003697, 0.33853, 0.143226], [0.186865, 0.181188, 0.080466], [-0.187409, 0.178864, 0.085556], [0.260024, -0.069205, 0.002118], [-0.237046, -0.083696, 0.101172], [0.171083, -0.237963, 0.183099], [-0.26406, -0.314869, 0.232427], [0.16546, -0.287609, 0.257485], [-0.284767, -0.386278, 0.28079]], "im2d": [[0.006009, -0.091876], [-0.074179, 0.019769], [0.081054, 0.011211], [0.031179, -0.214337], [-0.093371, 0.459064], [0.004593, 0.354343], [0.018912, -0.359892], [0.109936, 0.749744], [-0.004791, 0.829796], [-0.004252, -0.413416], [0.025915, 0.848165], [-0.00036, 0.869564], [-0.003751, -0.661917], [-0.085518, -0.554606], [0.08663, -0.560146], [-0.033116, -0.72356], [-0.186008, -0.531818], [0.171528, -0.547288], [-0.219856, -0.240324], [0.202532, -0.261042], [-0.241501, -0.082692], [0.147417, -0.024538], [-0.279591, -0.038299], [0.137884, 0.04686]], "theta": [1.116829, 0.00622, 0.13655, 0.825916, 0.206251, -3.03174, -0.049018, -0.115432, -0.078743, -0.604078, -0.00967, -0.04769, 0.20166, -0.015662, -0.007662, 0.954156, -0.088639, -0.107848, 0.701312, -0.141009, 0.056972, 0.030251, -0.00963, 0.023868, -0.544724, 0.267227, 0.06088, -0.106408, -0.198911, 0.00162, 0.05357, -0.004544, -0.012371, -0.000996, 0.000774, 0.000261, 0.001514, 0.00173, -0.005471, -0.092872, -0.153553, -0.050759, 0.015043, -0.193488, -0.516142, 0.020211, 0.405167, 0.459698, 0.170355, -0.061772, 0.021585, 0.255728, -0.137858, -0.769901, 0.047715, 0.337609, 0.739557, 0.146968, -1.12834, 0.017705, -0.273011, 0.341092, -0.059171, 0.018556, -0.152556, 0.475363, -0.360583, 0.160594, -0.288874, 0.110183, 0.045017, -0.411044, 0.110396, -0.037776, 0.41828, 0.703099, -0.773177, 0.019367, -2.333994, 0.34633, 0.094583, 1.232313, -2.068062, 0.111716, 0.873346]}