{"hc3d": [[-0.000839, -0.218814, 0.039019], [0.081436, -0.315761, 0.035469], [-0.081306, -0.31518, 0.038179], [-0.003125, -0.103986, 0.004524], [0.063081, -0.611731, 0.301049], [-0.180291, -0.709003, 0.020598], [-0.005662, 0.023381, 0.034155], [0.17504, -0.953997, 0.071117], [-0.131743, -1.101389, -0.143571], [-0.001825, 0.066421, 0.0773], [0.181226, -1.011387, 0.197763], [-0.188867, -1.134812, -0.01941], [-0.015755, 0.288137, 0.097147], [0.074172, 0.202472, 0.069441], [-0.096366, 0.189832, 0.090422], [-0.009356, 0.333704, 0.158725], [0.175232, 0.199954, 0.0576], [-0.184801, 0.166206, 0.144851], [0.243741, -0.015536, -0.094249], [-0.21803, -0.059722, 0.284485], [0.174468, -0.230497, 0.040425], [-0.201532, -0.246327, 0.475024], [0.169027, -0.303624, 0.091926], [-0.207956, -0.299534, 0.545697]], "im2d": [[0.006094, -0.091913], [-0.074119, 0.019805], [0.081195, 0.01122], [0.031259, -0.214447], [-0.215421, 0.310015], [0.174597, 0.445347], [0.020818, -0.359776], [-0.203774, 0.726276], [0.208682, 0.905067], [-0.00595, -0.41326], [-0.283018, 0.772583], [0.192577, 0.922222], [0.002972, -0.662286], [-0.070629, -0.55936], [0.081476, -0.556195], [-0.036603, -0.721007], [-0.161402, -0.55023], [0.135234, -0.54168], [-0.148159, -0.287262], [0.081536, -0.312294], [-0.163989, -0.071014], [-0.047649, -0.131219], [-0.190053, 0.002605], [-0.082994, -0.082373]], "theta": [1.117448, 0.006293, 0.136562, 0.826013, 0.206172, -3.031873, -0.740327, -0.445926, 0.025394, -0.014479, -0.117427, -0.155532, 0.269, 0.130732, 0.059476, 1.23067, -0.019177, -0.134915, 0.298328, 0.105156, 0.210782, -0.03604, 0.011407, 0.004279, -0.415791, 0.170259, 0.217284, -0.431456, -0.164897, -0.027042, 0.073423, 0.023859, -0.021212, -0.000737, 0.001124, -0.000585, 0.001629, 0.002614, -0.006734, -0.06964, -0.167149, -0.080184, 0.054887, -0.17899, -0.44067, 0.017824, 0.532641, 0.404581, 0.193254, 0.004643, 0.004789, 0.362816, 0.000623, -0.881556, -0.233102, 0.512101, 0.419222, 0.277312, -1.145033, -0.048954, -0.203122, 0.206653, 0.070697, 0.292561, -0.090038, 0.320208, 0.171979, 0.140433, -0.292125, 0.109936, 0.045478, -0.41033, 0.109882, -0.038627, 0.417991, 0.703099, -0.773177, 0.019367, -2.333994, 0.34633, 0.094583, 1.232313, -2.068062, 0.111716, 0.873346]}