{"hc3d": [[-0.000839, -0.218814, 0.039019], [0.081436, -0.315761, 0.035469], [-0.081306, -0.31518, 0.038179], [-0.003125, -0.103986, 0.004524], [0.061565, -0.603597, 0.309738], [-0.193348, -0.705862, 0.033903], [-0.006143, 0.023169, 0.035006], [0.172691, -0.93611, 0.065534], [-0.145525, -1.078979, -0.170478], [-0.001969, 0.066069, 0.078259], [0.17996, -0.991449, 0.193033], [-0.204519, -1.121023, -0.049862], [-0.012238, 0.287686, 0.101207], [0.076379, 0.200899, 0.072783], [-0.09447, 0.190881, 0.092618], [-0.008459, 0.332901, 0.16326], [0.17749, 0.196941, 0.061806], [-0.18464, 0.170791, 0.145601], [0.248487, -0.020078, -0.086687], [-0.226256, -0.054683, 0.283715], [0.178466, -0.22907, 0.056713], [-0.214982, -0.233852, 0.481628], [0.173218, -0.29937, 0.112029], [-0.225288, -0.28326, 0.554564]], "im2d": [[0.006095, -0.091914], [-0.074119, 0.019806], [0.081197, 0.01122], [0.03126, -0.214449], [-0.218623, 0.299731], [0.179761, 0.439418], [0.020796, -0.359684], [-0.197814, 0.70713], [0.237845, 0.883336], [-0.006363, -0.413013], [-0.278522, 0.751097], [0.225283, 0.910447], [-0.002724, -0.66219], [-0.07469, -0.557981], [0.078442, -0.557577], [-0.040053, -0.720709], [-0.166046, -0.547374], [0.134796, -0.546859], [-0.157142, -0.283061], [0.090053, -0.318154], [-0.177001, -0.074669], [-0.038041, -0.146581], [-0.20532, -0.0047], [-0.070808, -0.102437]], "theta": [1.117455, 0.006294, 0.136562, 0.826014, 0.206171, -3.031874, -0.769953, -0.454725, 0.031283, -0.05322, -0.135535, -0.187091, 0.275432, 0.130083, 0.063578, 1.295955, -0.00603, -0.162648, 0.445131, 0.113021, 0.220774, -0.038738, 0.008007, -0.008445, -0.464594, 0.181903, 0.240435, -0.459367, -0.156291, -0.034788, 0.086001, 0.017102, -0.025689, -0.000792, 0.001145, -0.000576, 0.0016, 0.002609, -0.00675, -0.079511, -0.220244, -0.071949, 0.049916, -0.18246, -0.438358, 0.012492, 0.517289, 0.381058, 0.2188, -0.022516, 0.019857, 0.331381, -0.002307, -0.858724, -0.222013, 0.522925, 0.426378, 0.275955, -1.174948, -0.050855, -0.248269, 0.247182, 0.048955, 0.269842, -0.097819, 0.334718, 0.136342, 0.140048, -0.319796, 0.109893, 0.045707, -0.410075, 0.109855, -0.03891, 0.418057, 0.703099, -0.773177, 0.019367, -2.333994, 0.34633, 0.094583, 1.232313, -2.068062, 0.111716, 0.873346]}