{"hc3d": [[-0.000839, -0.218814, 0.039019], [0.081436, -0.315761, 0.035469], [-0.081306, -0.31518, 0.038179], [-0.003125, -0.103986, 0.004524], [0.057464, -0.683811, 0.185243], [-0.176142, -0.70958, 0.063839], [-0.002392, 0.026265, 0.016399], [0.034248, -1.078021, 0.022121], [-0.14907, -0.941908, -0.294722], [0.000627, 0.070425, 0.058462], [0.065743, -1.117297, 0.151877], [-0.210016, -1.050166, -0.228676], [0.00061, 0.293428, 0.062452], [0.086498, 0.200409, 0.049653], [-0.085738, 0.200274, 0.053881], [0.001715, 0.340476, 0.123234], [0.186431, 0.183838, 0.039732], [-0.184682, 0.186542, 0.090801], [0.2604, -0.06941, -0.027957], [-0.259588, -0.060761, 0.160628], [0.258047, -0.318389, 0.056588], [-0.305216, -0.287381, 0.294643], [0.264727, -0.398691, 0.095786], [-0.331867, -0.352313, 0.348869]], "im2d": [[0.006096, -0.091914], [-0.074118, 0.019806], [0.081199, 0.01122], [0.031262, -0.214451], [-0.146767, 0.405671], [0.146159, 0.440191], [0.027788, -0.360362], [-0.044169, 0.863937], [0.315604, 0.748552], [0.002452, -0.414978], [-0.149012, 0.890922], [0.333748, 0.856494], [0.006962, -0.662587], [-0.07139, -0.553767], [0.092197, -0.562212], [-0.027017, -0.723086], [-0.162589, -0.529386], [0.166273, -0.556718], [-0.203295, -0.235999], [0.191527, -0.295907], [-0.256323, 0.028002], [0.15293, -0.065549], [-0.287335, 0.111841], [0.146015, -0.002371]], "theta": [1.117466, 0.006295, 0.136562, 0.826015, 0.20617, -3.031876, -0.409737, -0.272444, -0.095924, -0.121682, -0.117277, -0.138594, 0.132509, 0.080218, 0.023894, 0.652517, -0.009785, -0.1122, 1.001428, 0.109388, 0.070111, 0.070377, -0.027764, -0.004486, -0.394465, 0.334596, 0.167799, -0.282387, -0.185274, 0.045453, 0.036724, 0.00401, -0.027822, 0.003019, -0.001726, -0.004219, 0.000435, -0.001004, 1e-05, -0.028768, -0.220401, -0.085144, 0.013038, -0.116592, -0.525801, -0.052013, 0.443916, 0.428586, 0.30114, -0.104881, 0.003734, 0.184391, -0.156719, -0.709485, 0.05155, 0.326429, 0.620369, 0.21415, -0.51738, -0.124456, -0.227682, 0.170033, 0.018412, 0.147115, -0.231975, 0.284347, -0.161892, 0.191477, -0.320754, 0.11346, 0.047154, -0.41633, 0.113191, -0.042522, 0.419606, 0.703099, -0.773177, 0.019367, -2.333994, 0.34633, 0.094583, 1.232313, -2.068062, 0.111716, 0.873346]}