{"hc3d": [[-0.000839, -0.218814, 0.039019], [0.081436, -0.315761, 0.035469], [-0.081306, -0.31518, 0.038179], [-0.003125, -0.103986, 0.004524], [0.053586, -0.712626, 0.021657], [-0.163661, -0.639207, 0.269323], [0.004743, 0.023834, 0.031113], [0.000377, -1.110981, -0.123366], [-0.129341, -1.029181, 0.096065], [0.004332, 0.066402, 0.07489], [0.022391, -1.157314, 0.006016], [-0.204654, -1.100111, 0.191423], [0.010186, 0.287752, 0.101647], [0.094306, 0.193036, 0.089582], [-0.077109, 0.199466, 0.0735], [0.004609, 0.331042, 0.164925], [0.194527, 0.176147, 0.095067], [-0.181848, 0.19179, 0.091175], [0.287744, -0.068812, 0.020951], [-0.254606, -0.062523, 0.050221], [0.168816, -0.180536, 0.22715], [-0.311958, -0.289172, 0.179601], [0.157156, -0.204655, 0.31266], [-0.340732, -0.360907, 0.22311]], "im2d": [[0.006097, -0.091914], [-0.074118, 0.019806], [0.0812, 0.01122], [0.031262, -0.214451], [-0.051485, 0.460096], [0.020176, 0.334317], [0.012527, -0.359378], [0.069666, 0.91905], [0.073182, 0.791971], [-0.01052, -0.412626], [-0.026044, 0.953466], [0.089742, 0.853827], [-0.02458, -0.661289], [-0.101694, -0.550772], [0.072774, -0.563636], [-0.053644, -0.71828], [-0.201885, -0.528162], [0.16349, -0.562453], [-0.257256, -0.242172], [0.249046, -0.278416], [-0.26252, -0.152519], [0.224365, -0.047926], [-0.30032, -0.138196], [0.225343, 0.024175]], "theta": [1.117468, 0.006295, 0.136562, 0.826015, 0.20617, -3.031876, 0.006729, -0.131629, -0.156378, -0.660063, -0.053599, -0.099595, 0.244514, -0.017411, -0.034359, 0.203733, -0.129022, -0.020284, 0.975242, -0.122247, 0.017383, -0.004674, -0.019296, 0.047795, -0.341217, 0.261567, 0.05857, -0.117947, -0.169897, 0.01158, 0.100914, -0.025194, -0.040732, 0.0001, 0.00031, -0.001222, 0.001046, 0.001269, -0.003756, -0.066261, -0.233359, -0.075702, 0.007165, -0.157232, -0.482624, -0.02315, 0.3694, 0.391443, 0.241522, -0.183177, 0.031112, 0.204704, -0.152413, -0.67926, 0.153167, 0.206819, 0.843543, 0.200893, -1.424231, 0.01971, -0.370416, 0.527679, -0.144017, 0.049473, -0.167408, 0.549324, -0.39123, 0.122672, -0.259753, 0.11099, 0.045057, -0.412337, 0.110999, -0.040337, 0.41809, 0.703099, -0.773177, 0.019367, -2.333994, 0.34633, 0.094583, 1.232313, -2.068062, 0.111716, 0.873346]}