{"hc3d": [[-0.000839, -0.218814, 0.039019], [0.081436, -0.315761, 0.035469], [-0.081306, -0.31518, 0.038179], [-0.003125, -0.103986, 0.004524], [0.051976, -0.711199, 0.000418], [-0.152022, -0.62894, 0.28669], [0.005422, 0.023763, 0.031241], [0.005583, -1.09817, -0.174656], [-0.126322, -1.0486, 0.206064], [0.004663, 0.066445, 0.074903], [0.028926, -1.153385, -0.049047], [-0.202654, -1.103989, 0.310475], [0.008856, 0.287484, 0.104406], [0.093687, 0.19348, 0.091755], [-0.077655, 0.198975, 0.074587], [0.003656, 0.329991, 0.168243], [0.194694, 0.181772, 0.096257], [-0.18299, 0.192955, 0.089071], [0.303942, -0.056362, 0.021795], [-0.263246, -0.053769, 0.023254], [0.162883, -0.114749, 0.235892], [-0.324214, -0.260031, 0.181801], [0.145034, -0.117532, 0.32366], [-0.35511, -0.325001, 0.233679]], "im2d": [[0.006097, -0.091914], [-0.074118, 0.019806], [0.0812, 0.01122], [0.031262, -0.214451], [-0.037892, 0.461386], [-0.00054, 0.321076], [0.011798, -0.359286], [0.094011, 0.912212], [0.007542, 0.798373], [-0.010846, -0.41266], [-0.001115, 0.957051], [0.020441, 0.84171], [-0.024865, -0.661436], [-0.102312, -0.551595], [0.072671, -0.563268], [-0.054632, -0.717621], [-0.202547, -0.534551], [0.165814, -0.563505], [-0.272966, -0.255328], [0.272872, -0.284776], [-0.25975, -0.226889], [0.235815, -0.081086], [-0.292216, -0.236805], [0.234315, -0.017738]], "theta": [1.117468, 0.006295, 0.136562, 0.826015, 0.20617, -3.031876, 0.059843, -0.114917, -0.163237, -0.708775, -0.036308, -0.073687, 0.245308, -0.021578, -0.039949, 0.230859, -0.139886, -0.004448, 0.791926, -0.136878, 0.003259, -0.00779, -0.021908, 0.055054, -0.342257, 0.26707, 0.068661, -0.043857, -0.196167, 0.016549, 0.116078, -0.022493, -0.035738, -0.000535, 0.000702, -0.000515, 0.001202, 0.001674, -0.004591, -0.06868, -0.217039, -0.080721, 0.014568, -0.12621, -0.445654, -0.017295, 0.338605, 0.375276, 0.213029, -0.161513, 0.031306, 0.209571, -0.169427, -0.659056, 0.200209, 0.151897, 0.855189, 0.210645, -1.68364, 0.059445, -0.396772, 0.743676, -0.214956, 0.117464, -0.164873, 0.569521, -0.377676, 0.112297, -0.269636, 0.11065, 0.044382, -0.412066, 0.110755, -0.039027, 0.417723, 0.703099, -0.773177, 0.019367, -2.333994, 0.34633, 0.094583, 1.232313, -2.068062, 0.111716, 0.873346]}