{"hc3d": [[-0.000883, -0.218509, 0.038424], [0.080924, -0.315366, 0.034672], [-0.080881, -0.314771, 0.037335], [-0.003186, -0.103727, 0.004246], [0.151312, -0.667691, 0.210523], [-0.113674, -0.701287, -0.090139], [0.003198, 0.023187, 0.036142], [0.045146, -1.083523, 0.206994], [-0.144515, -1.038588, -0.35504], [-0.003312, 0.065804, 0.079157], [0.165274, -1.09495, 0.277128], [-0.086198, -1.092013, -0.23823], [-0.018859, 0.288137, 0.080336], [0.073493, 0.201065, 0.088488], [-0.094408, 0.189467, 0.05304], [-0.022189, 0.346505, 0.130935], [0.174533, 0.212318, 0.09098], [-0.19949, 0.201118, 0.065493], [0.277104, 0.001113, -0.049126], [-0.314848, -0.007995, -0.057328], [0.203379, -0.114918, 0.176145], [-0.230068, -0.166867, 0.141483], [0.200786, -0.157874, 0.254918], [-0.216963, -0.191579, 0.225803]], "im2d": [[0.014895, -0.106108], [0.018478, 0.013743], [0.004112, -0.014303], [0.059959, -0.230106], [-0.193613, 0.401181], [0.117049, 0.409561], [0.033552, -0.369483], [-0.224517, 0.838018], [0.384943, 0.787404], [-0.011562, -0.419493], [-0.294114, 0.86694], [0.256724, 0.849295], [0.000617, -0.665196], [-0.007541, -0.55491], [0.0189, -0.56859], [-0.051605, -0.732297], [-0.00239, -0.550328], [-0.00152, -0.599696], [0.145572, -0.294607], [0.112068, -0.383899], [-0.115749, -0.192398], [-0.111642, -0.206735], [-0.205641, -0.150148], [-0.205344, -0.182085]], "theta": [1.107276, 0.014334, 0.122681, 2.340031, 0.232892, -2.184778, -0.500537, 0.099064, 0.074895, 0.289225, 0.08403, 0.031003, 0.281684, -0.050599, -0.026089, 0.459456, 0.341827, -0.162959, 0.262674, 0.560331, 0.050566, -0.038393, -0.098109, 0.087201, -0.352655, 0.383683, 0.341614, -0.493666, 0.014319, -0.07112, -0.007854, 0.000785, 0.034803, -0.002069, 0.001374, 0.002277, 0.001978, 0.001908, -0.006497, -0.236176, -0.164138, -0.202308, -0.017876, 0.037615, -0.347238, 0.039787, 0.352239, 0.124892, -0.112662, -0.093495, 0.143153, 0.239655, 0.168996, -0.916863, 0.495459, -0.03397, 0.963598, 0.364084, -1.645926, 0.125566, 0.239521, 1.437409, -0.323372, 0.186321, 0.020328, 0.293983, 0.271164, 0.199208, -0.508762, 0.11123, 0.042771, -0.415373, 0.111041, -0.034821, 0.418324, 0.74054, -0.678072, -0.010761, -2.342732, 0.314673, 0.072306, 1.231987, -2.01526, 0.103104, 0.875412]}