{"hc3d": [[-0.000883, -0.218509, 0.038424], [0.080924, -0.315366, 0.034672], [-0.080881, -0.314771, 0.037335], [-0.003186, -0.103727, 0.004246], [0.127381, -0.676262, 0.200826], [-0.133382, -0.711572, -0.043361], [-0.000195, 0.023913, 0.033646], [0.070119, -1.100996, 0.177985], [-0.13376, -0.93749, -0.409225], [-0.003535, 0.068849, 0.074616], [0.162873, -1.139688, 0.274834], [-0.140757, -1.060195, -0.339985], [-0.018926, 0.290987, 0.064977], [0.073769, 0.203915, 0.06668], [-0.097214, 0.191423, 0.052867], [-0.017528, 0.349681, 0.115288], [0.173712, 0.210661, 0.049135], [-0.200389, 0.193071, 0.079042], [0.255624, -0.028762, -0.054424], [-0.294309, -0.058465, 0.084448], [0.330382, -0.252086, 0.06467], [-0.283693, -0.25884, 0.262468], [0.379452, -0.318576, 0.09972], [-0.286996, -0.28918, 0.345899]], "im2d": [[0.014992, -0.106154], [0.018597, 0.013773], [0.004224, -0.014302], [0.06006, -0.230234], [-0.185107, 0.407344], [0.063609, 0.415183], [0.036173, -0.370917], [-0.191742, 0.863454], [0.452616, 0.68196], [-0.006343, -0.422838], [-0.294592, 0.91618], [0.36767, 0.811243], [0.017736, -0.667864], [0.016733, -0.557097], [0.019038, -0.571516], [-0.033855, -0.734539], [0.043625, -0.546678], [-0.01706, -0.592128], [0.14807, -0.26542], [-0.046142, -0.33315], [0.007314, -0.014998], [-0.254982, -0.121824], [-0.032241, 0.064102], [-0.349286, -0.093703]], "theta": [1.107932, 0.014415, 0.122696, 2.340151, 0.232792, -2.184942, -0.463528, 0.050012, 0.023846, 0.154298, -0.077909, -0.04247, 0.263587, -0.014944, 0.003924, 0.414135, 0.161216, -0.065038, 0.737179, 0.322017, 0.086805, -0.077591, -0.042143, 0.057726, -0.125107, 0.345629, 0.144868, -0.224244, -0.065386, 0.016911, -0.008576, 0.027363, 0.00966, 0.001725, -0.000827, -0.00213, 0.000949, -0.000836, -0.000686, -0.176342, -0.087376, -0.131898, -0.007791, 0.102084, -0.400559, -0.015445, 0.399159, 0.233892, -0.052012, -0.032367, 0.081795, 0.135462, 0.008925, -0.871681, 0.329027, 0.25116, 0.834183, 0.160932, -0.713113, 0.045322, 0.129105, 0.642576, -0.202181, 0.258335, -0.028329, 0.378902, 0.298915, 0.258561, -0.581665, 0.112998, 0.045986, -0.416275, 0.113745, -0.039543, 0.419365, 0.74054, -0.678072, -0.010761, -2.342732, 0.314673, 0.072306, 1.231987, -2.01526, 0.103104, 0.875412]}