{"hc3d": [[-0.000883, -0.218509, 0.038424], [0.080924, -0.315366, 0.034672], [-0.080881, -0.314771, 0.037335], [-0.003186, -0.103727, 0.004246], [0.096517, -0.703875, 0.128634], [-0.139951, -0.716758, 0.077788], [-0.000676, 0.02416, 0.032597], [0.05693, -1.126715, 0.066676], [-0.116458, -0.912845, -0.304172], [-0.000422, 0.07071, 0.071865], [0.130543, -1.170058, 0.177051], [-0.150934, -1.044657, -0.267607], [-0.005284, 0.292866, 0.054601], [0.082755, 0.20109, 0.052782], [-0.089196, 0.19725, 0.052375], [-0.002056, 0.350069, 0.106519], [0.180118, 0.187636, 0.026679], [-0.190294, 0.192163, 0.085333], [0.239453, -0.070133, -0.042544], [-0.255332, -0.067952, 0.100532], [0.305799, -0.324569, -0.020047], [-0.305924, -0.314125, 0.194301], [0.34729, -0.404156, -0.01877], [-0.32659, -0.384011, 0.245106]], "im2d": [[0.015027, -0.106173], [0.018639, 0.013783], [0.004264, -0.014303], [0.060098, -0.230281], [-0.109384, 0.436349], [-0.070862, 0.413301], [0.037337, -0.371289], [-0.071431, 0.895574], [0.339659, 0.652374], [-0.002953, -0.424286], [-0.190895, 0.949451], [0.288231, 0.788779], [0.030284, -0.6672], [0.032536, -0.551856], [0.02054, -0.576635], [-0.023065, -0.732032], [0.067378, -0.519308], [-0.023347, -0.589899], [0.131156, -0.223583], [-0.061742, -0.31714], [0.094393, 0.06473], [-0.18494, -0.061433], [0.090722, 0.158722], [-0.247061, 0.008793]], "theta": [1.108176, 0.014443, 0.122701, 2.340189, 0.232761, -2.184994, -0.267036, 0.028209, -0.047655, -0.14567, -0.071994, -0.046931, 0.255659, -0.00388, 0.008686, 0.29267, 0.010062, -0.006414, 1.121877, 0.122308, 0.060549, -0.108483, 0.003949, 0.018429, -0.145648, 0.330719, 0.110495, -0.103655, -0.124792, 0.113994, -0.00715, 0.035845, -0.020815, 0.001737, -0.00069, -0.002577, 0.001038, -0.000273, -0.00132, -0.103758, -0.065325, -0.036983, 0.024585, 0.094004, -0.547653, -0.030493, 0.406739, 0.360448, 0.052533, -0.078061, 0.057483, 0.063667, -0.11622, -0.747828, 0.288324, 0.243297, 0.869703, 0.072645, -0.207915, -0.056646, 0.104625, 0.139641, -0.091921, 0.267798, -0.063992, 0.334705, 0.272362, 0.198641, -0.350748, 0.112178, 0.04616, -0.414269, 0.113191, -0.04129, 0.418291, 0.74054, -0.678072, -0.010761, -2.342732, 0.314673, 0.072306, 1.231987, -2.01526, 0.103104, 0.875412]}