{"hc3d": [[-0.000883, -0.218509, 0.038424], [0.080924, -0.315366, 0.034672], [-0.080881, -0.314771, 0.037335], [-0.003186, -0.103727, 0.004246], [0.149898, -0.707743, 0.070642], [-0.102512, -0.713513, 0.122516], [0.000994, 0.024064, 0.032833], [0.082736, -0.965401, -0.26596], [-0.070416, -1.135641, 0.047192], [-0.002389, 0.0671, 0.075791], [0.170389, -1.058736, -0.210412], [-0.089626, -1.195888, 0.173291], [-0.008739, 0.289754, 0.068057], [0.080362, 0.199013, 0.07005], [-0.090801, 0.19353, 0.054076], [-0.009765, 0.346677, 0.120371], [0.180878, 0.186391, 0.06115], [-0.193098, 0.17277, 0.074991], [0.264145, -0.072251, 0.030682], [-0.244903, -0.089725, 0.051896], [0.319987, -0.313686, 0.121434], [-0.316213, -0.348229, 0.058545], [0.35142, -0.393352, 0.148314], [-0.347263, -0.431464, 0.058683]], "im2d": [[0.015047, -0.106184], [0.018662, 0.013789], [0.004285, -0.014303], [0.060121, -0.23031], [-0.041803, 0.452777], [-0.117356, 0.413712], [0.037204, -0.37096], [0.308246, 0.741493], [-0.059498, 0.885029], [-0.007654, -0.420931], [0.247031, 0.855401], [-0.204026, 0.940904], [0.014985, -0.665187], [0.013174, -0.550985], [0.018313, -0.573001], [-0.039129, -0.73046], [0.029305, -0.51974], [-0.013391, -0.568672], [0.051949, -0.221074], [-0.008719, -0.288977], [-0.060069, 0.047602], [-0.03801, -0.018541], [-0.092724, 0.138617], [-0.045804, 0.067279]], "theta": [1.108321, 0.014459, 0.122703, 2.340207, 0.232747, -2.185018, -0.12966, 0.085045, 0.08734, -0.244866, 0.036656, 0.04009, 0.255708, -0.061475, -0.00943, 0.948717, 0.126823, -0.044319, 0.291971, 0.173987, 0.060355, -0.0229, -0.00681, 0.058198, -0.318293, 0.278911, 0.082936, -0.042705, -0.210484, 0.138632, -0.047373, 0.020113, -0.019641, -0.000429, 0.000762, -0.000589, 0.001557, 0.001899, -0.005085, -0.144329, -0.066803, -0.053634, 0.038008, 0.004441, -0.541456, 0.02093, 0.395017, 0.484435, 0.037339, -0.084879, 0.078, 0.074141, -0.260769, -0.687884, 0.187753, 0.145824, 0.804549, 0.089234, -0.333795, -0.03526, -0.05048, -0.039202, -0.028142, 0.22793, -0.077162, 0.237549, 0.034143, 0.055017, -0.179114, 0.110534, 0.044436, -0.412498, 0.110776, -0.040091, 0.417005, 0.74054, -0.678072, -0.010761, -2.342732, 0.314673, 0.072306, 1.231987, -2.01526, 0.103104, 0.875412]}