{"hc3d": [[-0.00086, -0.218675, 0.038783], [0.081167, -0.315464, 0.035209], [-0.081085, -0.314878, 0.037888], [-0.003148, -0.103993, 0.004399], [0.126945, -0.663678, 0.221969], [-0.159377, -0.711552, 6.3e-05], [-0.002342, 0.025368, 0.023537], [0.198827, -1.053677, 0.064397], [-0.130241, -1.133236, -0.064298], [0.001077, 0.073752, 0.060456], [0.231867, -1.099893, 0.191331], [-0.162486, -1.167233, 0.068235], [-0.009592, 0.295969, 0.050764], [0.079249, 0.2063, 0.036038], [-0.091582, 0.198906, 0.05563], [-0.001825, 0.342928, 0.111166], [0.170646, 0.198823, -0.007942], [-0.19278, 0.196823, 0.088568], [0.261075, -0.043717, -0.091707], [-0.290494, -0.04848, 0.130317], [0.318212, -0.298781, -0.065813], [-0.341094, -0.277027, 0.258621], [0.36735, -0.372023, -0.050453], [-0.36707, -0.332348, 0.322788]], "im2d": [[0.016231, -0.099905], [-0.001878, 0.026121], [0.027956, -0.017221], [0.06075, -0.220395], [-0.234891, 0.393565], [0.062673, 0.393291], [0.046981, -0.361441], [-0.099223, 0.84861], [0.103308, 0.86158], [0.008678, -0.416474], [-0.247221, 0.893813], [-0.036949, 0.875973], [0.033977, -0.657493], [0.027083, -0.536192], [0.039714, -0.574944], [-0.030947, -0.712296], [0.056288, -0.49967], [0.024014, -0.60259], [0.115887, -0.206199], [-0.015761, -0.368393], [0.06165, 0.080651], [-0.158688, -0.14891], [0.030813, 0.170757], [-0.2267, -0.102814]], "theta": [1.112762, 0.015446, 0.128894, 2.082046, 0.366684, -2.485295, -0.495614, -0.218528, 0.085436, 0.04816, -0.057554, -0.102633, 0.187269, 0.075388, 0.025735, 0.761801, -0.156354, -0.083847, -0.036649, 0.276393, 0.159274, -0.088971, 0.02049, 0.000248, -0.265925, 0.30257, 0.175635, -0.191633, -0.248011, 0.023984, 0.075498, 0.057121, -0.010016, -0.004895, 0.004386, 0.003336, -0.000332, 0.004938, -0.006745, 0.041809, -0.045336, 0.00595, 0.04363, 0.166737, -0.534313, 0.02366, 0.271644, 0.314674, 0.005737, 0.111742, 0.085171, 0.119691, -0.218012, -0.624591, 0.206918, 0.332341, 0.698885, 0.210696, -0.293332, -0.21132, -0.055246, 0.257348, -0.035206, 0.532008, -0.10042, 0.475353, 0.336839, 0.195781, -0.442288, 0.105445, 0.043194, -0.406627, 0.108021, -0.041878, 0.414508, 0.686325, -0.758771, 0.006633, -2.299631, 0.334991, 0.087855, 1.23949, -2.044885, 0.081108, 0.870239]}