{"hc3d": [[-0.00086, -0.218675, 0.038783], [0.081167, -0.315464, 0.035209], [-0.081085, -0.314878, 0.037888], [-0.003148, -0.103993, 0.004399], [0.103813, -0.672649, 0.2088], [-0.159595, -0.702314, -0.055068], [-0.00214, 0.025041, 0.025622], [0.129053, -1.097519, 0.239514], [-0.153091, -1.093988, -0.226408], [-8.2e-05, 0.073493, 0.062553], [0.140783, -1.09723, 0.378085], [-0.182527, -1.149324, -0.100583], [-0.010011, 0.295877, 0.056678], [0.078986, 0.206258, 0.042612], [-0.092311, 0.19896, 0.057631], [4.8e-05, 0.345797, 0.114304], [0.172261, 0.20161, 0.002339], [-0.192566, 0.199344, 0.093398], [0.241666, -0.035088, -0.112451], [-0.302438, -0.038978, 0.144337], [0.311749, -0.287583, -0.130558], [-0.293103, -0.228257, 0.332334], [0.358734, -0.363604, -0.135838], [-0.294789, -0.255657, 0.416589]], "im2d": [[0.018931, -0.100616], [0.001411, 0.027438], [0.031569, -0.017121], [0.063146, -0.223031], [-0.213185, 0.406377], [0.131626, 0.39369], [0.045743, -0.365661], [-0.273235, 0.873861], [0.301032, 0.839668], [0.006758, -0.421599], [-0.429238, 0.863147], [0.164828, 0.879833], [0.02621, -0.666404], [0.019251, -0.543272], [0.037186, -0.582867], [-0.037279, -0.723816], [0.044642, -0.509163], [0.018005, -0.613761], [0.146128, -0.22093], [-0.027749, -0.388205], [0.139514, 0.075267], [-0.24736, -0.197508], [0.132052, 0.171395], [-0.341769, -0.1763]], "theta": [1.128312, 0.017638, 0.129501, 2.086497, 0.362719, -2.491422, -0.462042, -0.239139, 0.025115, 0.184693, -0.074883, -0.110458, 0.203098, 0.051964, 0.023367, 0.27071, -0.252672, -0.040481, 0.089783, 0.336979, 0.121416, -0.107389, 0.01279, 0.008817, -0.180181, 0.310987, 0.203813, -0.277697, -0.244948, 0.020243, 0.09617, 0.062195, -0.014474, -0.000666, 0.000204, 0.001928, 0.002726, 0.002548, -0.007811, -0.024013, 0.025482, -0.007526, 0.037103, 0.155275, -0.507005, 0.002401, 0.326341, 0.279963, 0.088002, 0.103053, 0.066687, 0.149703, -0.086543, -0.717005, 0.202365, 0.311251, 0.665389, 0.15208, -0.236146, -0.104134, 0.075675, 0.595379, -0.102917, 0.423954, -0.099448, 0.387537, 0.380275, 0.238019, -0.557887, 0.111599, 0.043997, -0.413576, 0.112248, -0.036804, 0.42031, 0.686325, -0.758771, 0.006633, -2.299631, 0.334991, 0.087855, 1.23949, -2.044885, 0.081108, 0.870239]}