{"hc3d": [[-0.00087, -0.218169, 0.038517], [0.080981, -0.314867, 0.034796], [-0.080914, -0.314273, 0.037482], [-0.003165, -0.103651, 0.004392], [0.05583, -0.702758, -0.052212], [-0.13241, -0.605242, 0.3168], [0.004349, 0.024642, 0.02827], [0.017286, -1.044417, -0.30581], [-0.09484, -1.021039, 0.41119], [0.00675, 0.070221, 0.068469], [0.035593, -1.1229, -0.192424], [-0.171777, -1.063395, 0.52096], [0.01134, 0.292019, 0.083629], [0.095385, 0.198007, 0.069649], [-0.07623, 0.201719, 0.066705], [0.011982, 0.345806, 0.138682], [0.195716, 0.184662, 0.06167], [-0.180927, 0.194112, 0.083162], [0.294065, -0.062291, 0.002296], [-0.255742, -0.061156, 0.054202], [0.238531, -0.225975, 0.200452], [-0.361031, -0.282661, 0.160375], [0.257463, -0.256187, 0.282562], [-0.403623, -0.353753, 0.19172]], "im2d": [[0.001088, -0.084394], [-0.080799, 0.025019], [0.073457, 0.019271], [0.028478, -0.205192], [-0.029171, 0.46502], [-0.048174, 0.294321], [0.014903, -0.349975], [0.130538, 0.87987], [-0.159321, 0.738395], [-0.007309, -0.406396], [0.045591, 0.94902], [-0.148691, 0.765587], [-0.008165, -0.652846], [-0.086308, -0.544718], [0.080597, -0.553296], [-0.036507, -0.720686], [-0.179092, -0.525877], [0.17173, -0.550525], [-0.254006, -0.241822], [0.245999, -0.267084], [-0.319707, -0.094298], [0.276212, -0.042901], [-0.38524, -0.07337], [0.295891, 0.029225]], "theta": [1.112517, 0.001848, 0.142311, 0.814271, 0.224238, -3.013711, 0.19291, -0.060818, -0.154944, -0.800264, 0.003204, -0.035687, 0.222983, 0.004931, -0.029579, 0.315092, -0.220556, -0.020477, 0.473461, -0.232106, 0.009435, -0.056843, 0.011266, 0.024898, -0.376694, 0.285056, 0.022621, 0.148321, -0.278452, 0.107905, 0.121667, 0.000183, -0.025426, 0.001482, -0.001526, -0.000535, 0.001428, -0.000104, -0.003232, -0.191888, -0.08654, 0.015626, 0.036787, -0.084048, -0.484104, -0.012576, 0.274839, 0.413437, 0.052882, 0.0211, 0.037131, 0.213161, -0.252444, -0.630352, 0.085613, 0.194406, 0.818918, 0.059654, -1.108899, -0.050413, -0.607151, 0.392832, -0.184638, 0.251172, -0.187582, 0.677053, -0.368614, 0.098978, -0.241918, 0.114339, 0.044981, -0.417086, 0.113425, -0.039172, 0.422506, 0.68655, -0.715399, -0.017396, -2.319265, 0.316632, 0.081814, 1.235636, -2.052331, 0.107293, 0.859001]}