{"hc3d": [[-0.00087, -0.218169, 0.038517], [0.080981, -0.314867, 0.034796], [-0.080914, -0.314273, 0.037482], [-0.003165, -0.103651, 0.004392], [0.082621, -0.712968, 0.048031], [-0.129008, -0.662942, 0.241074], [0.001005, 0.025393, 0.024787], [0.078511, -0.940469, -0.31357], [-0.089862, -1.073834, 0.127744], [0.001204, 0.069529, 0.066633], [0.110499, -1.039407, -0.221162], [-0.151495, -1.135672, 0.237927], [-0.002467, 0.291796, 0.072055], [0.085226, 0.200388, 0.064865], [-0.086228, 0.19772, 0.05647], [-0.002226, 0.346485, 0.126216], [0.185219, 0.183003, 0.067568], [-0.188389, 0.182381, 0.081326], [0.255959, -0.062972, -0.025576], [-0.25261, -0.076512, 0.102493], [0.20415, -0.278334, 0.116118], [-0.31336, -0.312458, 0.212319], [0.211387, -0.342642, 0.177968], [-0.343641, -0.385574, 0.252166]], "im2d": [[0.002145, -0.084698], [-0.079945, 0.025631], [0.075238, 0.019448], [0.029396, -0.206362], [-0.109431, 0.464819], [-0.010351, 0.372581], [0.020559, -0.352428], [0.085665, 0.773245], [-0.005798, 0.846876], [-0.000835, -0.407866], [-0.002208, 0.869485], [-0.011139, 0.896272], [0.011108, -0.655158], [-0.074417, -0.549967], [0.096062, -0.551107], [-0.016691, -0.724212], [-0.173586, -0.527967], [0.180189, -0.541208], [-0.202444, -0.238596], [0.217143, -0.259614], [-0.242863, -0.023661], [0.202192, -0.017176], [-0.287864, 0.038186], [0.205384, 0.056682]], "theta": [1.119641, 0.002785, 0.142521, 0.815946, 0.222789, -3.01601, -0.056327, -0.112687, -0.078388, -0.56419, 0.006847, -0.025671, 0.195076, -0.017744, -0.005246, 0.931147, -0.095971, -0.109973, 0.718328, -0.079987, 0.052558, 0.007131, 0.002563, 0.023188, -0.510191, 0.287815, 0.07669, -0.098748, -0.21865, 0.05034, 0.041999, 0.005577, -0.009112, -0.001478, 0.001197, 0.00065, 0.001659, 0.00232, -0.006221, -0.166403, -0.075102, -0.029536, 0.021608, -0.172301, -0.535948, 0.019095, 0.388546, 0.431407, 0.073755, 0.05245, 0.007972, 0.302228, -0.076526, -0.786195, -0.001349, 0.273264, 0.724688, 0.097708, -0.907015, -0.008209, -0.340254, 0.22506, -0.047482, 0.023976, -0.178357, 0.486132, -0.342835, 0.159426, -0.265222, 0.109944, 0.044044, -0.411348, 0.109909, -0.037033, 0.417614, 0.68655, -0.715399, -0.017396, -2.319265, 0.316632, 0.081814, 1.235636, -2.052331, 0.107293, 0.859001]}