{"hc3d": [[-0.00087, -0.218169, 0.038517], [0.080981, -0.314867, 0.034796], [-0.080914, -0.314273, 0.037482], [-0.003165, -0.103651, 0.004392], [0.10802, -0.692644, 0.158148], [-0.129952, -0.717268, 0.060359], [0.000337, 0.025215, 0.025999], [0.070978, -1.06088, -0.055298], [-0.069697, -1.134465, -0.013966], [-0.00081, 0.066831, 0.070338], [0.119733, -1.139452, 0.048628], [-0.129393, -1.190712, 0.100207], [-0.010185, 0.288977, 0.073297], [0.079758, 0.199788, 0.066055], [-0.091657, 0.192595, 0.05981], [-0.008237, 0.339039, 0.131729], [0.180245, 0.185393, 0.067896], [-0.189768, 0.166846, 0.091453], [0.242903, -0.066623, -0.014237], [-0.240261, -0.087736, 0.156542], [0.240638, -0.326125, 0.028142], [-0.282821, -0.342548, 0.224971], [0.254167, -0.411967, 0.049622], [-0.290447, -0.428258, 0.246096]], "im2d": [[0.002185, -0.084714], [-0.079918, 0.025651], [0.075304, 0.019455], [0.029435, -0.206413], [-0.194702, 0.426051], [0.089232, 0.461083], [0.020542, -0.352531], [-0.058006, 0.866398], [0.051184, 0.937076], [-0.001088, -0.40562], [-0.167542, 0.938827], [0.042015, 0.979728], [0.017737, -0.652642], [-0.069838, -0.549796], [0.09921, -0.546267], [-0.014362, -0.717195], [-0.168871, -0.530948], [0.175096, -0.525762], [-0.196381, -0.236774], [0.174372, -0.255293], [-0.231295, 0.044217], [0.164084, 0.015161], [-0.260851, 0.136455], [0.15521, 0.106639]], "theta": [1.119942, 0.002821, 0.142527, 0.815992, 0.222751, -3.016073, -0.332343, -0.143747, 0.005675, -0.100811, -0.065221, -0.024627, 0.205442, 0.016495, 0.001983, 0.728879, 0.144543, -0.099297, 0.166483, -0.003617, 0.116947, 0.054562, -0.021126, 0.053705, -0.250418, 0.213663, -0.023494, -0.108843, -0.249673, 0.12217, -0.027382, 0.012963, -0.020193, -0.001346, 0.001348, 0.000152, 0.001757, 0.003141, -0.007363, -0.074838, -0.080235, -0.076048, 0.007552, -0.17453, -0.531567, -0.000833, 0.462007, 0.500201, 0.154027, -0.06431, -0.020062, 0.264642, -0.10389, -0.829325, -0.041999, 0.334179, 0.601672, 0.123785, -0.399603, -0.089051, -0.237659, -0.073847, 0.102597, 0.045976, -0.154026, 0.328692, -0.256901, 0.109851, -0.057224, 0.109798, 0.043919, -0.41137, 0.109444, -0.037999, 0.417089, 0.68655, -0.715399, -0.017396, -2.319265, 0.316632, 0.081814, 1.235636, -2.052331, 0.107293, 0.859001]}