{"hc3d": [[-0.000894, -0.21911, 0.038804], [0.081097, -0.316011, 0.035242], [-0.081098, -0.315414, 0.037908], [-0.003188, -0.104191, 0.004279], [0.127979, -0.69197, 0.158695], [-0.14202, -0.716557, 0.06787], [-0.003917, 0.026256, 0.0175], [0.08199, -1.066829, -0.041857], [-0.096958, -1.13282, -0.023058], [-0.001651, 0.074477, 0.054863], [0.150422, -1.129434, 0.062105], [-0.153807, -1.186918, 0.093903], [-0.006682, 0.297117, 0.045337], [0.081144, 0.205432, 0.036779], [-0.091051, 0.20178, 0.043697], [-0.001951, 0.343055, 0.107005], [0.18018, 0.195432, 0.015125], [-0.192104, 0.191504, 0.076167], [0.249737, -0.056444, -0.062323], [-0.269436, -0.059217, 0.129635], [0.266573, -0.317066, -0.029455], [-0.315166, -0.281717, 0.27081], [0.291431, -0.401042, -0.010062], [-0.335313, -0.354219, 0.3179]], "im2d": [[0.011817, -0.122565], [-0.045926, -0.002268], [0.065033, -0.031379], [0.04778, -0.241714], [-0.200238, 0.39238], [0.066576, 0.38934], [0.0416, -0.386303], [-0.007171, 0.829568], [0.098952, 0.867091], [0.00923, -0.445304], [-0.147919, 0.890359], [0.034669, 0.894619], [0.029304, -0.686818], [-0.027963, -0.570271], [0.086114, -0.597264], [-0.026062, -0.74739], [-0.078611, -0.538312], [0.127988, -0.60949], [-0.068998, -0.237802], [0.126075, -0.35971], [-0.119075, 0.042796], [0.026671, -0.151381], [-0.156456, 0.134936], [-0.003005, -0.084602]], "theta": [1.117655, 0.011467, 0.109447, 1.386596, 0.34852, -2.873218, -0.335939, -0.086691, 0.048204, -0.117657, -0.048059, -0.053929, 0.140052, 0.037699, 0.034932, 0.702904, 0.117585, -0.1328, 0.212809, 0.064863, 0.127097, -0.03511, -0.006565, -0.024137, -0.302949, 0.291094, 0.122602, -0.135813, -0.276584, 0.083664, 0.070807, 0.044556, -0.00734, -0.003618, 0.002286, 0.004076, 0.002648, 0.004229, -0.010525, 0.05488, -0.073399, -0.024701, 0.044832, 0.007264, -0.501616, -0.031654, 0.366534, 0.403114, 0.123933, -0.008707, -0.001374, 0.261364, -0.195934, -0.763382, 0.09892, 0.287005, 0.690793, 0.222573, -0.33085, -0.141524, -0.128001, 0.248805, -0.031683, 0.311552, -0.126785, 0.358643, 0.008448, 0.093295, -0.168165, 0.108787, 0.042081, -0.41053, 0.109062, -0.034551, 0.417266, 0.716989, -0.749229, 0.009513, -2.296788, 0.322716, 0.089299, 1.244023, -2.057307, 0.090199, 0.878561]}