{"hc3d": [[-0.000894, -0.21911, 0.038804], [0.081097, -0.316011, 0.035242], [-0.081098, -0.315414, 0.037908], [-0.003188, -0.104191, 0.004279], [0.066217, -0.7142, 0.032592], [-0.177296, -0.655196, 0.239944], [-0.000892, 0.025479, 0.023567], [-0.004848, -1.128617, -0.045279], [-0.102988, -0.981829, -0.027194], [0.000618, 0.073258, 0.061531], [0.024447, -1.157505, 0.087829], [-0.182634, -1.073725, 0.043869], [0.007762, 0.296032, 0.063918], [0.091255, 0.200167, 0.058309], [-0.080794, 0.205723, 0.049355], [0.007908, 0.342382, 0.125459], [0.192522, 0.189342, 0.056054], [-0.185595, 0.207426, 0.068988], [0.266465, -0.068194, 0.0062], [-0.26984, -0.044877, 0.038231], [0.245337, -0.31689, 0.089815], [-0.374569, -0.283197, 0.099579], [0.26122, -0.39193, 0.13632], [-0.403487, -0.365176, 0.117552]], "im2d": [[0.012236, -0.122796], [-0.045538, -0.002141], [0.065671, -0.031437], [0.048178, -0.242272], [-0.047203, 0.430389], [-0.05591, 0.285544], [0.034397, -0.38696], [0.055629, 0.884726], [0.113811, 0.704142], [0.001879, -0.445838], [-0.082284, 0.896837], [0.104107, 0.77754], [0.002846, -0.688195], [-0.054152, -0.568033], [0.074292, -0.602313], [-0.049381, -0.750091], [-0.123446, -0.538225], [0.130538, -0.625978], [-0.140925, -0.235111], [0.207266, -0.359549], [-0.208227, 0.017279], [0.218317, -0.128895], [-0.262711, 0.093382], [0.21988, -0.047743]], "theta": [1.120446, 0.011815, 0.109515, 1.387146, 0.348054, -2.873973, -0.018661, -0.124111, -0.122225, -0.581782, -0.089053, -0.127148, 0.186036, -0.012082, 0.010015, 0.058778, -0.124271, -0.05927, 1.177964, -0.122798, 0.082588, -0.070824, -0.00438, -0.01622, -0.324886, 0.288775, 0.059263, -0.196839, -0.23404, 0.054349, 0.113977, -0.005609, -0.031507, -0.001273, 0.001076, 0.000536, 0.001775, 0.002719, -0.006773, -0.006785, -0.135263, -0.051718, 0.030295, -0.090945, -0.437517, -0.053676, 0.327597, 0.335603, 0.150822, -0.053713, 0.024309, 0.222742, -0.256667, -0.771399, 0.069684, 0.063973, 0.894276, 0.203126, -0.492626, -0.131637, -0.331074, 0.218185, -0.095486, 0.12007, -0.172906, 0.48902, -0.36852, 0.073755, -0.070237, 0.110835, 0.043577, -0.413285, 0.110187, -0.037742, 0.41727, 0.716989, -0.749229, 0.009513, -2.296788, 0.322716, 0.089299, 1.244023, -2.057307, 0.090199, 0.878561]}