{"hc3d": [[-0.000973, -0.218175, 0.037196], [0.080021, -0.31479, 0.032981], [-0.080158, -0.314151, 0.035537], [-0.003304, -0.103587, 0.003714], [0.085289, -0.696232, -0.094651], [-0.061586, -0.683316, 0.21393], [0.006984, 0.02651, 0.020714], [0.003744, -1.006877, -0.382116], [-0.043907, -1.114076, 0.237005], [0.010405, 0.074946, 0.057032], [0.072634, -1.068896, -0.277273], [-0.052399, -1.129938, 0.377264], [0.021807, 0.296369, 0.041791], [0.10313, 0.199052, 0.047362], [-0.0672, 0.206583, 0.030069], [0.023459, 0.353726, 0.094489], [0.203657, 0.184758, 0.046058], [-0.173103, 0.19894, 0.036812], [0.212344, -0.088661, 0.023347], [-0.192304, -0.046801, -0.071882], [0.214989, -0.263183, 0.222636], [-0.205236, -0.306844, -0.002927], [0.237914, -0.321368, 0.287189], [-0.203056, -0.393122, 0.018464]], "im2d": [[0.006071, -0.128916], [0.090832, -0.022483], [-0.074988, -0.027904], [0.015088, -0.25578], [0.139152, 0.377768], [-0.116511, 0.387632], [0.02003, -0.394356], [0.152211, 0.684201], [-0.106444, 0.855366], [0.011301, -0.443205], [0.18763, 0.762932], [-0.162663, 0.885119], [0.028371, -0.683309], [0.110158, -0.575208], [-0.059393, -0.590209], [0.012283, -0.740339], [0.214113, -0.556779], [-0.170742, -0.584622], [0.230534, -0.263404], [-0.153923, -0.329896], [0.165687, -0.056584], [-0.190774, -0.043207], [0.167408, 0.012879], [-0.195834, 0.051975]], "theta": [1.083986, 0.006573, 0.099247, 3.18927, 0.024019, -0.510496, 0.290633, 0.132129, -0.049773, -0.479497, 0.188713, 0.106947, 0.159471, -0.04731, -0.051482, 0.340083, -0.096757, -0.075535, 0.309647, 0.01823, -0.061708, -0.063048, -0.008171, -0.016988, -0.61181, 0.303081, 0.073663, -0.081518, -0.023104, -0.044327, 0.045805, -0.014158, 0.019344, -0.005549, 0.003333, 0.006784, 0.003429, 0.005922, -0.013456, -0.097388, -0.028842, -0.001893, 0.050745, -0.040764, -0.465735, 0.036951, 0.251107, 0.465997, -0.002435, -0.038642, 0.040208, 0.180301, -0.363214, -0.951738, 0.31912, -0.028147, 1.105779, -0.128519, -0.742652, 0.240364, 0.045539, 0.525318, -0.172714, 0.104005, -0.077627, 0.370123, -0.292797, 0.11918, -0.060565, 0.107503, 0.041287, -0.407758, 0.107856, -0.034035, 0.417988, 0.773542, -0.517382, -0.057417, -2.311225, 0.323148, 0.068388, 1.237771, -1.988765, 0.071482, 0.890168]}