{"hc3d": [[-0.000973, -0.218175, 0.037196], [0.080021, -0.31479, 0.032981], [-0.080158, -0.314151, 0.035537], [-0.003304, -0.103587, 0.003714], [0.100054, -0.703561, -0.068365], [-0.065475, -0.690157, 0.199414], [0.006748, 0.026542, 0.020613], [0.014557, -0.982339, -0.385791], [-0.044536, -1.121339, 0.19284], [0.009964, 0.074691, 0.057329], [0.085888, -1.05626, -0.290755], [-0.056699, -1.147583, 0.331258], [0.020701, 0.295914, 0.039013], [0.102301, 0.198862, 0.045116], [-0.068201, 0.205781, 0.029341], [0.021353, 0.353695, 0.091269], [0.2025, 0.182537, 0.042776], [-0.173836, 0.196965, 0.038458], [0.211996, -0.09042, 0.015321], [-0.195678, -0.052893, -0.059857], [0.223745, -0.279167, 0.200842], [-0.210398, -0.313794, 0.005396], [0.24563, -0.343341, 0.259841], [-0.208083, -0.400306, 0.025806]], "im2d": [[0.006337, -0.129071], [0.091264, -0.022481], [-0.074813, -0.027886], [0.015339, -0.256157], [0.146145, 0.389155], [-0.115423, 0.394351], [0.020028, -0.394998], [0.165533, 0.658567], [-0.091776, 0.860657], [0.01091, -0.443565], [0.206832, 0.749512], [-0.151291, 0.901484], [0.028291, -0.684154], [0.110343, -0.576117], [-0.060161, -0.59033], [0.011259, -0.741774], [0.214476, -0.555582], [-0.17221, -0.583218], [0.233471, -0.262665], [-0.16149, -0.322813], [0.182571, -0.041009], [-0.198918, -0.035091], [0.1851, 0.03453], [-0.203492, 0.060422]], "theta": [1.085772, 0.006809, 0.099301, 3.189696, 0.02365, -0.51108, 0.219599, 0.140186, -0.0156, -0.440798, 0.162193, 0.105399, 0.158964, -0.04295, -0.049447, 0.518017, -0.059964, -0.092526, 0.337486, 0.019548, -0.047953, -0.053975, -0.009758, -0.014018, -0.60294, 0.29088, 0.05041, -0.081443, -0.038163, -0.029307, 0.023451, -0.008009, 0.016593, -0.00542, 0.003506, 0.006103, 0.0032, 0.00572, -0.012773, -0.090248, -0.044772, 0.007246, 0.047212, -0.042085, -0.487971, 0.039696, 0.264152, 0.473928, -0.003403, -0.054136, 0.054536, 0.178196, -0.316585, -0.939333, 0.301001, -0.011927, 1.085304, -0.120559, -0.6856, 0.225852, 0.054206, 0.470841, -0.157733, 0.062616, -0.080971, 0.326378, -0.317434, 0.125171, -0.055482, 0.107287, 0.041374, -0.40808, 0.107668, -0.034556, 0.416998, 0.773542, -0.517382, -0.057417, -2.311225, 0.323148, 0.068388, 1.237771, -1.988765, 0.071482, 0.890168]}