{"hc3d": [[-0.000973, -0.218175, 0.037196], [0.080021, -0.31479, 0.032981], [-0.080158, -0.314151, 0.035537], [-0.003304, -0.103587, 0.003714], [0.135128, -0.709206, 0.089674], [-0.085465, -0.712731, 0.133298], [0.005715, 0.026, 0.024831], [0.047419, -0.897669, -0.287917], [-0.063611, -1.137833, 0.061112], [0.01043, 0.074031, 0.06154], [0.118301, -0.997208, -0.219713], [-0.078499, -1.187556, 0.192651], [0.021405, 0.294118, 0.032702], [0.102551, 0.196609, 0.037408], [-0.068586, 0.204549, 0.033272], [0.017527, 0.353198, 0.083341], [0.200809, 0.173922, 0.025479], [-0.17245, 0.191461, 0.052254], [0.20768, -0.098482, -0.007661], [-0.196725, -0.069312, -0.010836], [0.22952, -0.329524, 0.120104], [-0.223644, -0.333961, 0.031354], [0.25057, -0.407557, 0.15942], [-0.221771, -0.422319, 0.04113]], "im2d": [[0.006592, -0.12923], [0.09168, -0.022484], [-0.074653, -0.027876], [0.015582, -0.256534], [0.12928, 0.41169], [-0.113426, 0.412776], [0.017732, -0.394639], [0.167065, 0.577874], [-0.066352, 0.867134], [0.010125, -0.44309], [0.217079, 0.694233], [-0.12647, 0.932802], [0.031294, -0.683814], [0.113505, -0.575262], [-0.061869, -0.589526], [0.010074, -0.743197], [0.21906, -0.548773], [-0.175618, -0.576782], [0.237396, -0.256618], [-0.179267, -0.300979], [0.21648, 0.006213], [-0.221453, -0.011236], [0.224846, 0.095048], [-0.222852, 0.085433]], "theta": [1.08753, 0.007034, 0.099347, 3.190072, 0.02333, -0.511595, -0.174164, 0.053623, 0.04956, -0.271575, 0.082448, 0.076425, 0.194754, 0.022476, -0.038088, 1.170479, 0.080089, -0.130271, 0.319387, 0.062273, -0.01673, -0.086028, -0.013261, -0.014548, -0.554463, 0.253464, 0.048858, -0.07931, -0.052468, 0.038296, -0.026556, -0.00492, -0.007304, -0.002181, 0.001857, 0.001787, 0.001957, 0.002586, -0.006965, -0.063696, -0.165742, 0.051504, 0.06164, -0.01287, -0.546608, 0.048784, 0.289415, 0.52589, 0.017892, -0.149577, 0.0846, 0.169472, -0.251925, -0.885782, 0.279716, 0.073905, 1.033009, -0.094946, -0.462808, 0.109802, -0.004301, 0.234628, -0.122236, 0.042285, -0.106357, 0.28967, -0.360841, 0.110916, -0.007749, 0.109556, 0.04317, -0.411764, 0.11007, -0.037125, 0.41696, 0.773542, -0.517382, -0.057417, -2.311225, 0.323148, 0.068388, 1.237771, -1.988765, 0.071482, 0.890168]}