{"hc3d": [[-0.000973, -0.218175, 0.037196], [0.080021, -0.31479, 0.032981], [-0.080158, -0.314151, 0.035537], [-0.003304, -0.103587, 0.003714], [0.081813, -0.712418, 0.09384], [-0.084512, -0.723521, 0.064679], [0.006325, 0.02536, 0.028209], [0.046563, -1.055859, -0.164215], [-0.046733, -1.146325, -0.014116], [0.009927, 0.07289, 0.065688], [0.099756, -1.142651, -0.068184], [-0.078588, -1.21067, 0.10771], [0.011966, 0.293316, 0.037431], [0.096784, 0.198896, 0.039762], [-0.074579, 0.200444, 0.039875], [0.010445, 0.350242, 0.0906], [0.195288, 0.181687, 0.022081], [-0.176749, 0.183451, 0.064205], [0.213025, -0.084569, -0.042279], [-0.211026, -0.083478, 0.052113], [0.256546, -0.334541, 0.033886], [-0.251713, -0.343632, 0.108758], [0.280851, -0.416512, 0.0616], [-0.249654, -0.430862, 0.12587]], "im2d": [[0.006703, -0.129307], [0.091863, -0.022487], [-0.074588, -0.027876], [0.015691, -0.25671], [0.072998, 0.41424], [-0.089009, 0.418419], [0.017306, -0.393884], [0.124409, 0.761252], [-0.023131, 0.870476], [0.00827, -0.441782], [0.146704, 0.865948], [-0.097533, 0.950635], [0.019997, -0.683276], [0.106883, -0.578104], [-0.070298, -0.585053], [0.000325, -0.740048], [0.214728, -0.558072], [-0.184197, -0.567506], [0.254973, -0.274961], [-0.215512, -0.280378], [0.274033, 0.004445], [-0.276855, 0.005642], [0.289723, 0.096633], [-0.280552, 0.101853]], "theta": [1.088338, 0.007132, 0.099364, 3.190216, 0.02321, -0.511792, -0.177526, -0.007036, -0.080237, -0.106508, -0.00011, 0.086622, 0.221533, 0.034471, -0.041584, 0.699746, 0.020726, 0.014335, 0.172546, 0.031305, -0.026207, -0.096537, 0.004841, 0.026793, -0.286695, 0.24657, -0.019521, -0.006099, -0.103417, 0.089886, -0.041276, -0.004437, -0.01174, -0.003553, 0.002901, 0.0028, 0.002134, 0.004396, -0.009493, -0.028837, -0.108775, 0.04136, 0.018287, 0.017269, -0.528863, 0.003086, 0.321541, 0.525605, 0.030578, -0.130712, 0.009478, 0.206391, -0.108231, -0.908495, 0.203435, 0.141685, 0.900629, -0.100172, -0.379953, 0.076362, -0.038352, 0.110207, -0.064584, 0.049324, -0.191486, 0.259289, -0.340404, 0.157809, 0.032695, 0.10771, 0.042637, -0.408499, 0.108765, -0.037342, 0.415563, 0.773542, -0.517382, -0.057417, -2.311225, 0.323148, 0.068388, 1.237771, -1.988765, 0.071482, 0.890168]}