{"hc3d": [[-0.000973, -0.218175, 0.037196], [0.080021, -0.31479, 0.032981], [-0.080158, -0.314151, 0.035537], [-0.003304, -0.103587, 0.003714], [0.061809, -0.716403, 0.019184], [-0.129268, -0.687373, 0.199076], [0.002894, 0.025009, 0.031006], [0.005479, -1.140579, -0.032666], [-0.106699, -0.991334, -0.106698], [0.006923, 0.07231, 0.06873], [0.04893, -1.181654, 0.09386], [-0.137184, -1.11048, -0.036902], [0.017142, 0.293449, 0.049147], [0.098402, 0.195933, 0.047689], [-0.072786, 0.203822, 0.048025], [0.017654, 0.34855, 0.104222], [0.197665, 0.17652, 0.038643], [-0.175502, 0.196675, 0.07482], [0.217965, -0.095042, 0.004129], [-0.209223, -0.067196, 0.032313], [0.228723, -0.336049, 0.113588], [-0.246091, -0.331191, 0.070936], [0.250574, -0.413553, 0.153509], [-0.235212, -0.419109, 0.078566]], "im2d": [[0.006734, -0.12933], [0.091914, -0.022489], [-0.074572, -0.027877], [0.015722, -0.256763], [0.077793, 0.411048], [-0.18103, 0.390534], [0.012833, -0.393428], [0.037218, 0.864308], [-0.053561, 0.692123], [0.004152, -0.44105], [0.039059, 0.922024], [-0.108845, 0.826885], [0.02138, -0.682307], [0.105898, -0.574221], [-0.071216, -0.588017], [0.003154, -0.736869], [0.211611, -0.550965], [-0.186542, -0.580925], [0.24436, -0.25917], [-0.206926, -0.299881], [0.218215, 0.012687], [-0.258191, -0.011203], [0.227215, 0.101121], [-0.249538, 0.085159]], "theta": [1.088576, 0.007159, 0.099368, 3.190247, 0.023184, -0.511836, 0.008268, 0.015375, -0.129757, -0.447224, 0.006151, -0.024552, 0.242418, 0.028858, -0.015484, -0.007909, -0.103898, 0.017885, 1.122816, -0.077714, -0.015111, -0.111602, 0.003404, -0.010583, -0.196981, 0.258592, -0.025317, -0.037564, 0.058035, 0.086323, -0.006086, -0.002821, -0.036285, -0.00211, 0.002034, 0.001345, 0.001541, 0.002973, -0.006612, -0.033194, -0.17139, -0.008213, 0.040347, -0.073197, -0.507826, -0.017392, 0.345581, 0.457647, 0.061526, -0.176514, 0.05614, 0.142205, -0.231491, -0.873048, 0.226909, 0.086615, 1.041375, 0.028075, -0.40718, 0.02974, 0.007252, 0.150121, -0.083415, 0.118304, -0.146944, 0.350218, -0.361441, 0.167011, 0.123059, 0.109437, 0.043451, -0.411175, 0.109917, -0.038227, 0.416133, 0.773542, -0.517382, -0.057417, -2.311225, 0.323148, 0.068388, 1.237771, -1.988765, 0.071482, 0.890168]}