{"hc3d": [[-0.000592, -0.218883, 0.041151], [0.083384, -0.316081, 0.03847], [-0.082737, -0.315595, 0.041309], [-0.00281, -0.104032, 0.005518], [0.181806, -0.696016, 0.056496], [-0.122131, -0.684054, 0.195351], [-0.0, 0.021155, 0.037137], [0.003111, -0.911508, -0.259538], [-0.100404, -1.082766, 0.055084], [-0.006102, 0.063969, 0.080823], [0.111767, -0.979405, -0.207987], [-0.107872, -1.120491, 0.189398], [-0.018661, 0.286997, 0.065567], [0.073384, 0.199295, 0.076466], [-0.097879, 0.187864, 0.05093], [-0.011042, 0.345114, 0.1131], [0.175335, 0.196462, 0.081029], [-0.198444, 0.160347, 0.073456], [0.293045, -0.046007, 0.075673], [-0.284073, -0.089885, 0.05096], [0.264649, -0.210462, 0.275246], [-0.315863, -0.329168, 0.158713], [0.275277, -0.267518, 0.342966], [-0.331913, -0.41096, 0.188073]], "im2d": [[0.021125, -0.101644], [0.039361, 0.01939], [-0.004703, -0.00891], [0.065594, -0.22776], [0.022996, 0.453629], [-0.201918, 0.387199], [0.038965, -0.365654], [0.309535, 0.666815], [-0.066646, 0.832228], [-0.007524, -0.414598], [0.276696, 0.758717], [-0.216205, 0.870026], [0.018314, -0.661874], [0.024346, -0.550197], [0.009115, -0.565716], [-0.028108, -0.725444], [0.044413, -0.530156], [-0.041665, -0.552623], [0.065801, -0.243561], [-0.052326, -0.29109], [-0.166722, -0.070982], [-0.190298, -0.035028], [-0.24069, -0.007662], [-0.230639, 0.051772]], "theta": [1.113313, 0.019566, 0.127585, 2.517067, 0.206335, -2.000969, -0.115271, 0.211098, 0.172066, -0.43072, 0.063055, -0.016865, 0.294632, -0.097046, -0.006341, 1.068426, 0.248081, -0.207962, 0.626008, 0.171745, 0.153449, -0.075144, -0.028536, 0.070226, -0.632259, 0.270988, 0.26781, -0.346008, -0.101835, 0.070424, -0.045813, 0.032274, 0.011213, -0.002097, 0.00179, 0.001028, 0.001895, 0.002789, -0.007018, -0.197956, 0.114839, -0.146661, 0.019047, -0.066743, -0.460009, 0.078571, 0.468166, 0.50145, -0.084467, 0.028375, 0.026768, 0.15258, -0.276176, -0.660408, 0.219633, 0.077359, 0.630803, 0.093975, -0.900692, -0.023976, 0.146901, 0.411643, -0.070252, 0.241545, -0.004089, 0.279141, 0.166992, 0.030491, -0.085222, 0.10946, 0.043573, -0.410734, 0.109369, -0.037167, 0.416671, 0.599928, -1.099472, 0.074716, -2.390788, 0.445018, 0.112832, 1.242629, -2.115722, 0.067722, 0.859025]}