{"hc3d": [[-0.000592, -0.218883, 0.041151], [0.083384, -0.316081, 0.03847], [-0.082737, -0.315595, 0.041309], [-0.00281, -0.104032, 0.005518], [0.189338, -0.69152, 0.085185], [-0.124763, -0.698944, 0.152303], [0.00114, 0.020116, 0.04089], [-0.023069, -0.943781, -0.178432], [-0.094665, -1.085585, -0.017171], [-0.005451, 0.061975, 0.085421], [0.094986, -0.996819, -0.130228], [-0.098666, -1.119218, 0.118372], [-0.023828, 0.284446, 0.068078], [0.070515, 0.199227, 0.079009], [-0.100618, 0.183189, 0.055138], [-0.015136, 0.340689, 0.117639], [0.172501, 0.202119, 0.082679], [-0.200919, 0.158417, 0.081672], [0.303196, -0.029435, 0.038213], [-0.294732, -0.088868, 0.059217], [0.251676, -0.148888, 0.263508], [-0.315461, -0.328352, 0.169195], [0.253446, -0.196572, 0.338858], [-0.327408, -0.411326, 0.197162]], "im2d": [[0.021133, -0.101648], [0.039371, 0.019392], [-0.004695, -0.00891], [0.065603, -0.227771], [-0.005986, 0.449432], [-0.156719, 0.403964], [0.035127, -0.364407], [0.213372, 0.696504], [0.012971, 0.837663], [-0.012456, -0.4124], [0.187308, 0.773687], [-0.136846, 0.871516], [0.014175, -0.660008], [0.020881, -0.550674], [0.003619, -0.561133], [-0.034287, -0.721374], [0.042242, -0.536909], [-0.051291, -0.551089], [0.109851, -0.259427], [-0.063851, -0.294155], [-0.153779, -0.140698], [-0.20152, -0.036053], [-0.237688, -0.089309], [-0.239403, 0.052763]], "theta": [1.11337, 0.019573, 0.127586, 2.517075, 0.206328, -2.000979, -0.200293, 0.259763, 0.18167, -0.319455, 0.032867, -0.016136, 0.324869, -0.079841, -0.014768, 1.047173, 0.338812, -0.24449, 0.586725, 0.213341, 0.17228, -0.084067, -0.040834, 0.091582, -0.679672, 0.265565, 0.317805, -0.452509, -0.08208, 0.07032, -0.073279, 0.045687, 0.026011, 0.000119, 0.000382, -0.001634, 0.001371, 0.001046, -0.003928, -0.154139, 0.102965, -0.191823, 0.010282, -0.062862, -0.42941, 0.085417, 0.486079, 0.448059, -0.116502, -0.004538, 0.02831, 0.212409, -0.130243, -0.708873, 0.231526, 0.051376, 0.638068, 0.077499, -1.2714, 0.030332, 0.206716, 0.459135, -0.051918, 0.182702, 0.026966, 0.24192, 0.201153, 0.02448, -0.046294, 0.111432, 0.045442, -0.413178, 0.110852, -0.039017, 0.417921, 0.599928, -1.099472, 0.074716, -2.390788, 0.445018, 0.112832, 1.242629, -2.115722, 0.067722, 0.859025]}