{"hc3d": [[-0.000592, -0.218883, 0.041151], [0.083384, -0.316081, 0.03847], [-0.082737, -0.315595, 0.041309], [-0.00281, -0.104032, 0.005518], [0.191994, -0.692145, 0.004668], [-0.065481, -0.676896, 0.215108], [-0.000679, 0.018698, 0.045669], [-0.081524, -0.942716, -0.196946], [-0.199544, -1.062663, 0.10407], [-0.006212, 0.060503, 0.090395], [0.052821, -0.971474, -0.182874], [-0.090725, -1.078238, 0.190296], [-0.030706, 0.282808, 0.079789], [0.066061, 0.199713, 0.083516], [-0.105681, 0.180025, 0.068321], [-0.023588, 0.34021, 0.12826], [0.16534, 0.207454, 0.061005], [-0.204836, 0.152504, 0.096409], [0.241187, -0.022656, -0.0572], [-0.292179, -0.097527, 0.11401], [0.324328, -0.110249, 0.173227], [-0.219763, -0.258188, 0.311042], [0.383777, -0.138769, 0.233283], [-0.202886, -0.30675, 0.38292]], "im2d": [[0.021145, -0.101654], [0.039386, 0.019396], [-0.004683, -0.00891], [0.065617, -0.227788], [0.081958, 0.452085], [-0.208951, 0.388465], [0.029427, -0.363265], [0.219112, 0.685971], [-0.143089, 0.792765], [-0.018114, -0.411028], [0.235427, 0.739783], [-0.210582, 0.826478], [-0.000308, -0.659617], [0.014926, -0.552075], [-0.012097, -0.55878], [-0.047919, -0.722506], [0.064278, -0.543616], [-0.068565, -0.545548], [0.19839, -0.275495], [-0.12311, -0.285229], [-0.035803, -0.169449], [-0.327801, -0.09993], [-0.087829, -0.129243], [-0.404271, -0.044984]], "theta": [1.113457, 0.019582, 0.127588, 2.517085, 0.20632, -2.000993, -0.036008, 0.488632, 0.227005, -0.47278, 0.411577, 0.053341, 0.363322, -0.107829, -0.005825, 0.936834, 0.347162, -0.320801, 0.738241, 0.480765, 0.048126, -0.120658, 0.001998, 0.070052, -0.805996, 0.348673, 0.432823, -0.569052, 0.259208, -0.001491, -0.044704, 0.084643, 0.046556, -0.006425, 0.004536, 0.006068, 0.002675, 0.005184, -0.011881, -0.196284, 0.068479, -0.16991, -0.018246, 0.14403, -0.443613, 0.134977, 0.448467, 0.443013, -0.06646, 0.013069, -0.010706, 0.284652, -0.020719, -0.900111, 0.230725, 0.259136, 0.542746, -0.295379, -1.416761, 0.250652, 0.134637, 0.874925, -0.16266, 0.192736, 0.030529, 0.492778, 0.299711, 0.094068, -0.217393, 0.106004, 0.041398, -0.406012, 0.106906, -0.033374, 0.416025, 0.599928, -1.099472, 0.074716, -2.390788, 0.445018, 0.112832, 1.242629, -2.115722, 0.067722, 0.859025]}