{"hc3d": [[-0.000884, -0.218194, 0.038219], [0.080826, -0.314932, 0.034368], [-0.080779, -0.314337, 0.037023], [-0.003187, -0.103602, 0.004253], [0.165441, -0.661856, 0.214262], [-0.153398, -0.706307, -0.05035], [-0.001874, 0.022709, 0.038621], [0.075696, -1.069756, 0.116989], [-0.155777, -1.112842, -0.189271], [-0.005713, 0.065929, 0.081217], [0.183526, -1.073872, 0.205308], [-0.09841, -1.124648, -0.061096], [-0.028066, 0.287427, 0.082905], [0.067141, 0.20341, 0.077993], [-0.103497, 0.186233, 0.06796], [-0.027906, 0.34699, 0.132133], [0.167562, 0.210477, 0.064106], [-0.203485, 0.178881, 0.103481], [0.275051, -0.003058, -0.068301], [-0.335937, -0.052053, 0.137509], [0.277084, -0.191372, 0.116289], [-0.18141, -0.145502, 0.335604], [0.302547, -0.248874, 0.180198], [-0.134155, -0.144082, 0.410697]], "im2d": [[0.013006, -0.098631], [0.000942, 0.022203], [0.018672, -0.008279], [0.057635, -0.22131], [-0.228869, 0.401559], [0.100255, 0.413192], [0.027327, -0.361681], [-0.135175, 0.838078], [0.228711, 0.867626], [-0.016425, -0.413011], [-0.246358, 0.855132], [0.079645, 0.880575], [-0.001972, -0.65891], [-0.013817, -0.549395], [0.017945, -0.561108], [-0.052538, -0.727879], [-0.010919, -0.53757], [-0.008829, -0.574306], [0.108081, -0.274104], [-0.043406, -0.349394], [-0.106724, -0.083316], [-0.286759, -0.235262], [-0.183785, -0.02112], [-0.375325, -0.234271]], "theta": [1.109329, 0.012608, 0.129284, 2.137453, 0.266474, -2.388107, -0.505594, 0.031272, 0.127486, 0.193998, 0.094184, -0.071433, 0.302529, -0.01438, 0.016525, 0.65957, 0.239896, -0.197849, -0.019381, 0.534475, 0.116638, -0.077823, -0.037458, 0.05864, -0.464444, 0.371699, 0.441807, -0.477347, 0.035062, -0.022551, 0.004174, 0.05231, 0.020373, -0.001732, 0.001071, 0.001965, 0.002376, 0.002172, -0.007645, -0.241901, -0.093806, -0.121138, -0.020928, 0.034004, -0.421059, 0.057309, 0.457568, 0.257403, -0.083823, 0.018381, 0.080186, 0.2197, 0.098566, -0.778146, 0.303532, 0.245301, 0.549723, 0.298963, -1.22151, -0.007526, 0.196063, 1.335189, -0.219871, 0.395582, -0.012321, 0.349812, 0.440866, 0.22602, -0.460991, 0.110667, 0.04381, -0.413004, 0.111415, -0.034956, 0.41959, 0.725533, -0.661279, -0.026257, -2.338187, 0.33345, 0.085643, 1.224258, -2.01371, 0.093968, 0.891296]}