{"hc3d": [[-0.000884, -0.218194, 0.038219], [0.080826, -0.314932, 0.034368], [-0.080779, -0.314337, 0.037023], [-0.003187, -0.103602, 0.004253], [0.097209, -0.714291, 0.045411], [-0.145848, -0.702965, 0.143242], [-0.000762, 0.024643, 0.030419], [0.064558, -1.124469, -0.075361], [-0.094325, -1.08392, -0.048577], [-0.002184, 0.069059, 0.07192], [0.126326, -1.178632, 0.037314], [-0.149227, -1.168823, 0.049588], [-0.011047, 0.291442, 0.066304], [0.078702, 0.201608, 0.061563], [-0.092896, 0.194628, 0.057284], [-0.006243, 0.343902, 0.122837], [0.179527, 0.196495, 0.049935], [-0.192068, 0.174086, 0.089786], [0.273397, -0.058831, 0.023857], [-0.243328, -0.088639, 0.109271], [0.308715, -0.301234, 0.121496], [-0.294718, -0.342569, 0.178057], [0.336681, -0.378098, 0.158225], [-0.313024, -0.42697, 0.198435]], "im2d": [[0.01342, -0.098801], [0.001421, 0.022367], [0.019194, -0.008265], [0.05805, -0.221815], [-0.036791, 0.461287], [-0.112945, 0.396228], [0.036562, -0.363748], [0.076023, 0.913657], [0.069225, 0.837878], [-0.006372, -0.415942], [-0.059412, 0.975172], [-0.037126, 0.912697], [0.014284, -0.66035], [0.002653, -0.545182], [0.028899, -0.568809], [-0.045546, -0.72141], [0.00228, -0.520078], [0.004497, -0.567233], [0.003739, -0.221421], [-0.026187, -0.290896], [-0.123009, 0.042322], [-0.110711, -0.028185], [-0.171706, 0.128576], [-0.135906, 0.05911]], "theta": [1.112078, 0.012952, 0.129351, 2.137999, 0.266013, -2.388855, -0.056494, 0.019454, -0.042396, -0.310449, -0.062128, -0.057515, 0.238051, -0.01481, 0.008332, 0.221603, -0.016037, -0.003582, 0.665829, -0.00883, 0.10349, -0.03983, -0.001126, 0.041103, -0.198463, 0.27373, 0.061681, -0.111784, -0.193026, 0.100515, -0.005175, 0.033777, -0.021656, -0.001877, 0.001554, 0.00125, 0.002045, 0.003081, -0.007508, -0.069969, -0.021871, -0.064893, 0.030312, -0.024066, -0.468641, -0.006384, 0.443471, 0.468375, 0.073733, -0.090314, 0.031324, 0.121411, -0.307261, -0.713415, 0.152422, 0.229925, 0.748328, 0.200608, -0.388395, -0.10352, 0.03047, 0.045857, -0.025665, 0.316759, -0.101831, 0.301011, 0.087657, 0.090912, -0.102401, 0.109544, 0.04384, -0.410495, 0.110132, -0.037278, 0.416732, 0.725533, -0.661279, -0.026257, -2.338187, 0.33345, 0.085643, 1.224258, -2.01371, 0.093968, 0.891296]}