{"hc3d": [[-0.000884, -0.218194, 0.038219], [0.080826, -0.314932, 0.034368], [-0.080779, -0.314337, 0.037023], [-0.003187, -0.103602, 0.004253], [0.125289, -0.707856, 0.093631], [-0.113558, -0.718319, 0.084693], [-0.000581, 0.02302, 0.03738], [0.080084, -1.062356, -0.143402], [-0.069855, -1.122273, -0.054902], [-0.003979, 0.065466, 0.080785], [0.160354, -1.139265, -0.059222], [-0.09931, -1.190801, 0.064662], [-0.01496, 0.287792, 0.076978], [0.075852, 0.198929, 0.074966], [-0.095355, 0.190248, 0.063744], [-0.015126, 0.34225, 0.1318], [0.176912, 0.192254, 0.066645], [-0.19553, 0.17177, 0.094353], [0.255722, -0.064462, 0.015961], [-0.251135, -0.090508, 0.106601], [0.310905, -0.31805, 0.062735], [-0.317183, -0.346657, 0.149939], [0.34165, -0.401674, 0.072779], [-0.343964, -0.430525, 0.161024]], "im2d": [[0.013428, -0.098805], [0.001429, 0.022369], [0.019203, -0.008265], [0.058058, -0.221826], [-0.093178, 0.45555], [-0.053401, 0.423719], [0.028769, -0.362519], [0.152836, 0.854119], [0.070793, 0.884887], [-0.016134, -0.413077], [0.045101, 0.946228], [-0.061441, 0.944759], [0.002793, -0.657972], [-0.011926, -0.543883], [0.021828, -0.565019], [-0.054398, -0.721996], [-0.016072, -0.517294], [-0.000235, -0.565734], [0.014377, -0.217889], [-0.022351, -0.290088], [-0.059474, 0.06587], [-0.077063, -0.025581], [-0.079498, 0.16219], [-0.090892, 0.060325]], "theta": [1.112132, 0.012957, 0.129351, 2.138005, 0.266008, -2.388863, -0.182027, 0.050098, 0.025079, -0.155173, -0.010268, 0.016138, 0.291758, -0.050047, 0.002691, 0.66119, 0.118395, -0.01454, 0.359889, 0.13605, 0.092887, -0.04721, 0.005095, 0.062736, -0.241007, 0.257358, 0.086564, -0.133419, -0.19749, 0.114089, -0.04124, 0.028501, -0.022131, -0.002431, 0.001975, 0.001623, 0.00217, 0.003782, -0.008499, -0.115861, -0.069151, -0.064546, 0.015411, -0.024905, -0.494856, -0.001066, 0.459323, 0.432187, 0.050079, -0.098069, 0.059117, 0.085647, -0.184546, -0.777273, 0.10937, 0.194195, 0.764008, 0.152027, -0.242637, -0.072077, 0.014682, -0.023411, -0.005252, 0.247436, -0.057918, 0.217708, 0.13391, 0.057473, -0.129118, 0.108678, 0.043765, -0.409152, 0.109269, -0.037909, 0.41621, 0.725533, -0.661279, -0.026257, -2.338187, 0.33345, 0.085643, 1.224258, -2.01371, 0.093968, 0.891296]}