{"hc3d": [[-0.000914, -0.218966, 0.038571], [0.080925, -0.315807, 0.034837], [-0.08096, -0.315209, 0.037537], [-0.003211, -0.104195, 0.004328], [0.08707, -0.705533, -0.045936], [-0.145904, -0.625522, 0.29188], [0.00551, 0.024561, 0.028008], [0.05704, -0.999331, -0.354409], [-0.11045, -1.040739, 0.388865], [0.002967, 0.067972, 0.070781], [0.091179, -1.100233, -0.264927], [-0.186225, -1.08684, 0.497973], [-0.000303, 0.289529, 0.092048], [0.087491, 0.198003, 0.084557], [-0.083187, 0.197431, 0.063828], [-0.004561, 0.344939, 0.145342], [0.18879, 0.200037, 0.092601], [-0.189376, 0.194649, 0.069405], [0.326374, -0.034143, 0.074141], [-0.276185, -0.045309, -0.01052], [0.208077, -0.112907, 0.295252], [-0.428409, -0.246509, 0.077095], [0.186512, -0.114675, 0.38212], [-0.487952, -0.308545, 0.098405]], "im2d": [[0.007457, -0.094975], [-0.063256, 0.024216], [0.072597, -0.001851], [0.039198, -0.212673], [-0.024111, 0.469826], [-0.072098, 0.267562], [0.019331, -0.357542], [0.217743, 0.85849], [-0.190175, 0.703831], [-0.008389, -0.415381], [0.118642, 0.952962], [-0.208043, 0.717011], [-0.012628, -0.662894], [-0.085428, -0.547717], [0.075168, -0.568358], [-0.046188, -0.736569], [-0.177531, -0.536318], [0.161346, -0.582882], [-0.29021, -0.255113], [0.284871, -0.315305], [-0.355868, -0.239019], [0.341884, -0.139358], [-0.401728, -0.260754], [0.374409, -0.085701]], "theta": [1.127702, 0.007527, 0.134746, 1.115717, 0.390491, -2.969327, 0.177927, -0.026888, -0.07103, -0.728539, -0.060297, -0.04979, 0.218717, -0.029897, -0.040826, 0.501285, -0.127077, -0.054878, 0.39604, -0.141623, 0.047061, 0.005463, -0.040972, 0.072654, -0.32378, 0.274862, -0.021, 0.175454, -0.322483, 0.134159, 0.093257, -0.007206, -0.017908, -0.000794, 0.000587, 5.4e-05, 0.001816, 0.002047, -0.006312, -0.251521, -0.12773, -0.040616, 0.020591, -0.101936, -0.344941, -0.005193, 0.254296, 0.33942, 0.028492, 0.017717, 0.068959, 0.135249, -0.311125, -0.619476, 0.110433, 0.050655, 0.838012, 0.198924, -1.458862, 0.08629, -0.59776, 0.530101, -0.280815, 0.234792, -0.204196, 0.508849, -0.49085, 0.086367, -0.293082, 0.111596, 0.044811, -0.413339, 0.111153, -0.038037, 0.419073, 0.693872, -0.722784, 0.028527, -2.281036, 0.321458, 0.122098, 1.245835, -2.062052, 0.124875, 0.878972]}