{"hc3d": [[-0.000914, -0.218966, 0.038571], [0.080925, -0.315807, 0.034837], [-0.08096, -0.315209, 0.037537], [-0.003211, -0.104195, 0.004328], [0.118507, -0.71153, 0.055786], [-0.151779, -0.65553, 0.248176], [0.001341, 0.025611, 0.022893], [0.084095, -0.931958, -0.30836], [-0.109188, -1.073565, 0.167549], [0.000722, 0.070504, 0.064181], [0.131666, -1.031714, -0.223863], [-0.17769, -1.127592, 0.277822], [-0.000598, 0.292943, 0.072509], [0.086381, 0.200485, 0.0673], [-0.084931, 0.199973, 0.052695], [-0.003893, 0.347805, 0.126435], [0.187321, 0.189769, 0.072443], [-0.189565, 0.189019, 0.068402], [0.281092, -0.063169, 0.035835], [-0.26434, -0.067318, 0.054137], [0.211854, -0.219167, 0.235732], [-0.354061, -0.29488, 0.161356], [0.211334, -0.256804, 0.316957], [-0.394131, -0.365943, 0.195886]], "im2d": [[0.007573, -0.095023], [-0.063161, 0.02427], [0.072782, -0.001847], [0.039309, -0.212813], [-0.126078, 0.457722], [-0.03582, 0.309945], [0.026767, -0.35837], [0.163782, 0.778777], [-0.028801, 0.792368], [-0.001471, -0.41722], [0.05692, 0.875317], [-0.054047, 0.815072], [0.002163, -0.662542], [-0.071689, -0.546906], [0.085031, -0.569199], [-0.032748, -0.735663], [-0.161902, -0.520915], [0.162137, -0.576955], [-0.224586, -0.221442], [0.226397, -0.304856], [-0.319415, -0.108389], [0.214726, -0.094986], [-0.380469, -0.086365], [0.220575, -0.031541]], "theta": [1.12851, 0.007625, 0.134764, 1.115861, 0.390371, -2.969525, -0.074869, -0.067954, 0.012608, -0.592931, -0.034487, -0.074471, 0.180069, -0.012716, -0.007368, 0.965284, -0.024706, -0.164304, 0.674673, -0.07555, 0.091456, 0.007405, -0.034773, 0.021257, -0.508889, 0.273661, 0.040599, -0.089519, -0.235488, 0.035832, 0.069941, 9.9e-05, -0.009888, -0.001243, 0.001023, 0.000404, 0.001516, 0.002032, -0.005776, -0.181461, -0.119268, -0.023574, 0.02233, -0.142348, -0.461205, 0.005927, 0.332349, 0.410313, 0.065966, 0.015833, 0.05747, 0.197494, -0.256651, -0.699771, 0.078383, 0.210741, 0.773982, 0.147967, -1.065661, 0.038484, -0.39585, 0.330975, -0.1389, 0.150517, -0.166029, 0.486174, -0.423193, 0.120515, -0.271667, 0.110577, 0.044962, -0.411662, 0.110543, -0.037707, 0.418172, 0.693872, -0.722784, 0.028527, -2.281036, 0.321458, 0.122098, 1.245835, -2.062052, 0.124875, 0.878972]}