{"hc3d": [[-0.000914, -0.218966, 0.038571], [0.080925, -0.315807, 0.034837], [-0.08096, -0.315209, 0.037537], [-0.003211, -0.104195, 0.004328], [0.048178, -0.653676, 0.242733], [-0.179646, -0.709336, 0.026245], [-0.003601, 0.025233, 0.025851], [0.074657, -1.05069, 0.087642], [-0.148651, -0.969837, -0.31176], [-0.000128, 0.069674, 0.067485], [0.095904, -1.076916, 0.222603], [-0.223287, -1.069404, -0.246282], [0.009111, 0.291021, 0.089168], [0.090862, 0.196016, 0.068392], [-0.080861, 0.202614, 0.073765], [-0.001598, 0.347252, 0.140668], [0.190214, 0.174903, 0.064691], [-0.177584, 0.214639, 0.116369], [0.247089, -0.063207, -0.054386], [-0.318765, 0.015035, 0.224671], [0.24819, -0.325606, -0.039087], [-0.263125, 0.068299, 0.4804], [0.258734, -0.413259, -0.024254], [-0.266733, 0.114097, 0.556146]], "im2d": [[0.007605, -0.095038], [-0.063138, 0.024283], [0.072832, -0.001846], [0.039342, -0.212855], [-0.202065, 0.339951], [0.149935, 0.416602], [0.028799, -0.35948], [-0.125425, 0.814475], [0.363256, 0.785434], [-0.00321, -0.4173], [-0.244319, 0.814772], [0.374576, 0.8675], [-0.018499, -0.662991], [-0.076497, -0.541694], [0.066114, -0.57652], [-0.045256, -0.738191], [-0.15924, -0.502495], [0.117504, -0.614499], [-0.128942, -0.205497], [0.149978, -0.443304], [-0.151398, 0.077996], [-0.084406, -0.552957], [-0.174758, 0.171978], [-0.135545, -0.621345]], "theta": [1.128747, 0.007652, 0.134768, 1.115893, 0.390346, -2.969568, -0.572088, -0.39136, -0.066684, -0.034384, -0.145855, -0.154343, 0.203657, 0.037298, 0.033456, 0.816457, 0.02064, -0.09905, 0.835457, 0.114678, 0.081842, -0.005692, -0.014847, -0.04764, -0.410868, 0.294078, 0.285614, -0.244096, -0.271034, -0.001746, 0.121281, 0.031319, -0.039285, 0.00025, -1.2e-05, -0.0012, 0.000859, 0.001059, -0.003721, -0.252076, -0.379242, 0.061552, 0.001224, -0.198643, -0.510709, -0.134666, 0.463096, 0.193197, 0.120107, 0.003575, 0.087874, 0.190095, 0.026857, -0.774541, -0.007006, 0.31557, 0.51175, 0.179956, -0.428051, -0.109979, -0.316629, 1.268757, -0.407434, 0.233279, -0.207511, 0.289309, 0.140406, 0.185722, -0.522936, 0.111488, 0.046075, -0.413483, 0.111969, -0.04084, 0.419451, 0.693872, -0.722784, 0.028527, -2.281036, 0.321458, 0.122098, 1.245835, -2.062052, 0.124875, 0.878972]}