{"hc3d": [[-0.000914, -0.218966, 0.038571], [0.080925, -0.315807, 0.034837], [-0.08096, -0.315209, 0.037537], [-0.003211, -0.104195, 0.004328], [0.072258, -0.705555, 0.115272], [-0.167445, -0.709481, 0.085202], [-0.002373, 0.026482, 0.01607], [0.044955, -1.120918, 0.019864], [-0.113087, -0.967073, -0.252082], [-0.000771, 0.071777, 0.05689], [0.076241, -1.165095, 0.148018], [-0.188808, -1.079368, -0.214297], [0.00371, 0.294284, 0.061434], [0.087774, 0.199677, 0.050311], [-0.084125, 0.203091, 0.050627], [-0.000543, 0.348573, 0.115871], [0.187515, 0.180731, 0.045491], [-0.185147, 0.201323, 0.083888], [0.252407, -0.074886, -0.022033], [-0.275081, -0.039741, 0.156716], [0.261649, -0.332968, 0.026922], [-0.309599, -0.187955, 0.376196], [0.273047, -0.418999, 0.048897], [-0.335456, -0.217636, 0.455558]], "im2d": [[0.007605, -0.095038], [-0.063138, 0.024283], [0.072832, -0.001846], [0.039342, -0.212855], [-0.130378, 0.430254], [0.09595, 0.404812], [0.035032, -0.358364], [-0.052744, 0.902596], [0.288944, 0.77388], [0.005253, -0.417214], [-0.175858, 0.925657], [0.321164, 0.876187], [0.006732, -0.660886], [-0.060357, -0.541933], [0.086018, -0.572118], [-0.027773, -0.733661], [-0.14252, -0.504781], [0.147442, -0.593485], [-0.157844, -0.199496], [0.160858, -0.360777], [-0.21195, 0.072636], [0.022256, -0.255468], [-0.241254, 0.163302], [-0.015534, -0.245587]], "theta": [1.128747, 0.007652, 0.134768, 1.115893, 0.390346, -2.969568, -0.224812, -0.200574, -0.087227, -0.178048, -0.139795, -0.11318, 0.128333, 0.017011, 0.022081, 0.314678, -0.066055, -0.036573, 0.993438, 0.001457, 0.043023, 0.048878, -0.024525, -0.021849, -0.212421, 0.311701, 0.08692, -0.081636, -0.273392, 0.072776, 0.06292, 0.038254, -0.033454, -0.002119, 0.001569, 0.001627, 0.0017, 0.003121, -0.007358, -0.148253, -0.230363, 0.005488, 0.033742, -0.142018, -0.521882, -0.12407, 0.42358, 0.343518, 0.166938, -0.044464, 0.044053, 0.188698, -0.16418, -0.733934, 0.073757, 0.309932, 0.687267, 0.225223, -0.356634, -0.08834, -0.169375, 0.543912, -0.187361, 0.213935, -0.167052, 0.245288, -0.020591, 0.189561, -0.394126, 0.109255, 0.043982, -0.410373, 0.109472, -0.038409, 0.417019, 0.693872, -0.722784, 0.028527, -2.281036, 0.321458, 0.122098, 1.245835, -2.062052, 0.124875, 0.878972]}