{"hc3d": [[-0.000821, -0.219023, 0.039805], [0.081854, -0.316038, 0.036619], [-0.081713, -0.315473, 0.039371], [-0.00309, -0.104078, 0.00474], [0.04804, -0.69582, -0.071521], [-0.1108, -0.554333, 0.36486], [0.00556, 0.022217, 0.036084], [0.013449, -0.990132, -0.377187], [-0.089438, -0.979521, 0.392642], [0.003632, 0.06319, 0.081512], [0.040329, -1.081062, -0.275646], [-0.151242, -1.027224, 0.50943], [0.005652, 0.283741, 0.115217], [0.091595, 0.190639, 0.102913], [-0.079839, 0.19536, 0.081896], [0.001408, 0.324546, 0.179796], [0.192349, 0.176027, 0.108761], [-0.184166, 0.176634, 0.09378], [0.296269, -0.070961, 0.064618], [-0.254861, -0.075209, 0.040178], [0.191155, -0.095121, 0.303791], [-0.288702, -0.274314, 0.214057], [0.196444, -0.086481, 0.392824], [-0.311197, -0.335577, 0.274135]], "im2d": [[0.002337, -0.057633], [-0.096293, 0.058812], [0.091446, 0.056131], [0.021824, -0.187329], [-0.038191, 0.529638], [0.005518, 0.277201], [0.007038, -0.343044], [0.090643, 0.936704], [-0.047465, 0.776493], [-0.004081, -0.400324], [0.021637, 1.025468], [-0.017353, 0.810267], [-0.007784, -0.668362], [-0.106961, -0.554791], [0.097979, -0.557946], [-0.02264, -0.729112], [-0.225765, -0.537656], [0.213483, -0.538943], [-0.341935, -0.235304], [0.301631, -0.230616], [-0.301715, -0.253172], [0.273629, -0.027863], [-0.337177, -0.280338], [0.27675, 0.033161]], "theta": [1.201519, 0.002766, 0.171056, 0.442507, 0.247875, -3.085101, 0.246719, -0.024865, -0.1731, -0.969327, 0.083159, -0.014115, 0.283799, -0.058774, -0.045422, 0.430712, -0.172132, 0.011486, 0.790039, -0.221897, -0.053868, -0.010106, -0.005381, 0.064064, -0.41788, 0.280277, 0.030618, 0.121741, -0.135582, 0.049209, 0.102342, -0.020644, -0.031164, -0.000604, 0.000552, -9.9e-05, 0.001589, 0.001324, -0.004893, -0.073415, -0.146469, -0.071696, 0.016119, -0.134272, -0.478974, 0.012686, 0.374509, 0.475685, 0.203414, -0.130659, 0.024776, 0.140788, -0.276478, -0.610782, 0.202342, 0.220539, 0.747941, -0.062746, -1.645692, 0.094871, -0.45609, 0.793581, -0.175816, 0.113851, -0.170493, 0.655039, -0.504615, 0.164472, -0.279947, 0.110385, 0.045075, -0.410584, 0.11129, -0.03783, 0.418601, 0.678649, -0.891279, 0.009888, -2.327242, 0.327533, 0.056396, 1.254961, -2.095279, 0.144211, 0.852084]}