{"hc3d": [[-0.000821, -0.219023, 0.039805], [0.081854, -0.316038, 0.036619], [-0.081713, -0.315473, 0.039371], [-0.00309, -0.104078, 0.00474], [0.083233, -0.618293, 0.292963], [-0.151519, -0.707933, 0.109694], [0.00018, 0.024609, 0.025635], [0.096067, -0.926862, -7.1e-05], [-0.093409, -1.119613, 0.014007], [0.002452, 0.068892, 0.067826], [0.143191, -1.00472, 0.1049], [-0.165405, -1.174105, 0.121625], [0.008438, 0.291348, 0.083958], [0.092241, 0.196864, 0.067973], [-0.08048, 0.201398, 0.068709], [0.00588, 0.331658, 0.148935], [0.192066, 0.176694, 0.062758], [-0.181558, 0.194454, 0.102044], [0.260787, -0.075653, -0.010381], [-0.292872, -0.037023, 0.175004], [0.244291, -0.304683, 0.116543], [-0.276458, -0.117441, 0.428549], [0.267258, -0.371046, 0.172203], [-0.277104, -0.140286, 0.51426]], "im2d": [[0.002487, -0.057657], [-0.096195, 0.058914], [0.091701, 0.056184], [0.021961, -0.187473], [-0.197024, 0.368958], [0.131251, 0.508107], [0.016931, -0.344218], [-0.127551, 0.791285], [0.077844, 1.015683], [0.002167, -0.404814], [-0.220531, 0.864168], [0.122509, 1.059201], [-0.000224, -0.671959], [-0.095813, -0.555943], [0.1035, -0.563088], [-0.017214, -0.732225], [-0.210187, -0.530066], [0.208702, -0.562143], [-0.276284, -0.215866], [0.302455, -0.302251], [-0.309917, 0.031728], [0.195098, -0.254927], [-0.358006, 0.100132], [0.166149, -0.244139]], "theta": [1.202553, 0.00289, 0.171078, 0.442681, 0.24773, -3.08534, -0.710493, -0.363278, 0.043643, -0.226081, -0.082167, -0.073487, 0.205686, 0.044014, 0.004668, 1.33963, 0.263698, -0.159535, 0.352835, -0.06784, 0.129099, -0.009186, -0.020674, 0.004182, -0.413459, 0.197468, 0.076942, -0.136979, -0.225508, 0.035188, 0.100511, 0.00949, -0.04362, 0.000304, 0.000285, -0.001764, 0.001192, 0.000952, -0.004186, 0.018437, -0.196202, -0.010897, -0.023895, -0.160534, -0.524678, -0.013959, 0.416041, 0.369364, 0.252221, -0.089062, 0.016199, 0.192791, -0.132044, -0.713899, 0.054195, 0.383137, 0.517557, -0.011161, -0.708994, -0.104942, -0.45018, 0.938053, -0.152301, 0.173641, -0.203279, 0.51402, -0.273326, 0.133941, -0.216703, 0.111487, 0.045051, -0.413159, 0.11187, -0.038339, 0.418861, 0.678649, -0.891279, 0.009888, -2.327242, 0.327533, 0.056396, 1.254961, -2.095279, 0.144211, 0.852084]}