{"hc3d": [[-0.000821, -0.219023, 0.039805], [0.081854, -0.316038, 0.036619], [-0.081713, -0.315473, 0.039371], [-0.00309, -0.104078, 0.00474], [0.072252, -0.584909, 0.327632], [-0.159958, -0.70749, 0.102958], [0.000218, 0.023878, 0.029718], [0.115246, -0.903915, 0.049001], [-0.101785, -1.111288, -0.021845], [0.003408, 0.067826, 0.072199], [0.156811, -0.975731, 0.16043], [-0.174533, -1.166548, 0.084872], [0.012321, 0.289629, 0.094713], [0.094679, 0.194726, 0.074307], [-0.077929, 0.201166, 0.078608], [0.008433, 0.328889, 0.160265], [0.194302, 0.174375, 0.066555], [-0.178275, 0.198585, 0.114665], [0.263416, -0.074675, -0.016804], [-0.29777, -0.025747, 0.196468], [0.245485, -0.304999, 0.107556], [-0.2666, -0.060945, 0.458787], [0.269404, -0.371553, 0.162584], [-0.265816, -0.068208, 0.547191]], "im2d": [[0.002488, -0.057657], [-0.096195, 0.058914], [0.091702, 0.056184], [0.021962, -0.187474], [-0.19446, 0.322612], [0.143267, 0.508787], [0.01549, -0.344129], [-0.165082, 0.754872], [0.09988, 1.012555], [-0.000446, -0.404374], [-0.253538, 0.819299], [0.14568, 1.05715], [-0.00838, -0.671933], [-0.100842, -0.554592], [0.097234, -0.564677], [-0.024075, -0.731074], [-0.214143, -0.528016], [0.200876, -0.569424], [-0.277126, -0.21578], [0.301432, -0.319776], [-0.308303, 0.033827], [0.176122, -0.327676], [-0.357288, 0.102588], [0.145316, -0.33589]], "theta": [1.202558, 0.00289, 0.171078, 0.442682, 0.24773, -3.08534, -0.830176, -0.429551, 0.063959, -0.211683, -0.092054, -0.094763, 0.237891, 0.059858, 0.006271, 1.424017, 0.257334, -0.159879, 0.410228, -0.045692, 0.145411, -0.033289, -0.015244, -0.000534, -0.407713, 0.174552, 0.10515, -0.184492, -0.223493, 0.008357, 0.122456, 0.005126, -0.053441, 3.4e-05, 0.000475, -0.00141, 0.001407, 0.001202, -0.004806, 0.009125, -0.24226, 0.003885, -0.018364, -0.158001, -0.517453, -0.013298, 0.412664, 0.32849, 0.278689, -0.101691, 0.037969, 0.1801, -0.122672, -0.702281, 0.026947, 0.408664, 0.494094, 0.007759, -0.739117, -0.118831, -0.503721, 1.085682, -0.208722, 0.200984, -0.198386, 0.528361, -0.216243, 0.124149, -0.252069, 0.11148, 0.044892, -0.413181, 0.111937, -0.037657, 0.419047, 0.678649, -0.891279, 0.009888, -2.327242, 0.327533, 0.056396, 1.254961, -2.095279, 0.144211, 0.852084]}