{"hc3d": [[-0.000821, -0.219023, 0.039805], [0.081854, -0.316038, 0.036619], [-0.081713, -0.315473, 0.039371], [-0.00309, -0.104078, 0.00474], [0.049775, -0.595252, 0.316052], [-0.179814, -0.705077, 0.088648], [-0.00205, 0.024388, 0.02717], [0.055231, -0.921015, 0.042013], [-0.126897, -0.991827, -0.22278], [0.002115, 0.067013, 0.070896], [0.09863, -0.974125, 0.162833], [-0.193812, -1.078191, -0.134473], [0.010123, 0.288482, 0.096782], [0.092756, 0.194342, 0.074085], [-0.079832, 0.199809, 0.080188], [0.004758, 0.32519, 0.163694], [0.19269, 0.176653, 0.064122], [-0.179955, 0.194924, 0.116624], [0.26695, -0.068263, -0.026723], [-0.285865, -0.033037, 0.206694], [0.248263, -0.29035, 0.111713], [-0.270725, -0.126542, 0.455791], [0.266787, -0.35583, 0.170012], [-0.279771, -0.150414, 0.540743]], "im2d": [[0.002489, -0.057657], [-0.096194, 0.058915], [0.091703, 0.056185], [0.021962, -0.187475], [-0.165103, 0.33689], [0.171083, 0.508465], [0.018984, -0.344271], [-0.094234, 0.775948], [0.201419, 0.908771], [0.001447, -0.403175], [-0.187116, 0.816393], [0.245259, 0.993861], [-0.006587, -0.67099], [-0.098565, -0.554114], [0.098841, -0.563388], [-0.021145, -0.727374], [-0.211368, -0.530275], [0.201998, -0.565469], [-0.277601, -0.221471], [0.283947, -0.312959], [-0.312248, 0.015668], [0.178964, -0.24926], [-0.356053, 0.08248], [0.159918, -0.237188]], "theta": [1.202565, 0.002891, 0.171078, 0.442682, 0.247729, -3.085341, -0.805213, -0.39766, -0.019966, -0.182496, -0.114569, -0.145553, 0.217913, 0.090548, 0.025108, 1.355793, 0.249451, -0.197233, 0.903533, 0.033859, 0.126432, 0.017995, -0.026967, -0.019053, -0.543905, 0.269355, 0.211189, -0.365409, -0.168782, -0.023683, 0.107282, -0.004919, -0.045126, -0.000601, 0.000594, -0.00034, 0.001444, 0.00186, -0.00602, 0.039206, -0.338058, -0.049528, -0.012677, -0.142407, -0.501654, -0.047312, 0.417126, 0.343958, 0.358698, -0.185065, 0.035907, 0.167528, -0.116819, -0.698842, 0.025894, 0.441424, 0.502291, 0.014442, -0.833092, -0.126476, -0.51074, 0.831447, -0.10714, 0.080263, -0.224137, 0.471423, -0.269387, 0.144534, -0.313959, 0.111137, 0.044669, -0.412699, 0.111162, -0.037832, 0.418773, 0.678649, -0.891279, 0.009888, -2.327242, 0.327533, 0.056396, 1.254961, -2.095279, 0.144211, 0.852084]}