{"hc3d": [[-0.000757, -0.218444, 0.039721], [0.082062, -0.315331, 0.036457], [-0.081764, -0.314789, 0.039231], [-0.003016, -0.103857, 0.004945], [0.154589, -0.644799, 0.242383], [-0.158684, -0.706305, -0.021511], [-0.000648, 0.022438, 0.03545], [0.08117, -1.060704, 0.282513], [-0.145666, -1.073229, -0.235839], [0.000714, 0.071003, 0.072532], [0.17226, -1.055699, 0.38669], [-0.162385, -1.133551, -0.110621], [-0.00982, 0.292506, 0.050155], [0.08037, 0.202962, 0.048023], [-0.091763, 0.195301, 0.053528], [-0.002348, 0.357134, 0.089975], [0.17606, 0.191135, 0.015661], [-0.192366, 0.179188, 0.083935], [0.268889, -0.051179, -0.061523], [-0.290514, -0.059784, 0.148124], [0.347909, -0.277665, 0.042073], [-0.219396, -0.192452, 0.36684], [0.412875, -0.330688, 0.072653], [-0.200066, -0.218052, 0.449191]], "im2d": [[0.009183, -0.085625], [0.015089, 0.042344], [-0.015455, 0.001739], [0.061565, -0.210542], [-0.243182, 0.408772], [-0.007374, 0.42287], [0.042962, -0.352743], [-0.350513, 0.849483], [0.190911, 0.851246], [0.007468, -0.409414], [-0.45139, 0.857414], [0.040495, 0.903805], [0.057424, -0.656096], [0.064182, -0.534585], [0.028197, -0.568324], [0.021819, -0.729349], [0.115095, -0.495539], [-0.02471, -0.577373], [0.188045, -0.197522], [-0.141877, -0.34114], [0.057948, 0.064595], [-0.391049, -0.19466], [0.0282, 0.136717], [-0.483189, -0.168357]], "theta": [1.139735, 0.008814, 0.143316, 2.441005, 0.339914, -2.080059, -0.583782, -0.007565, 0.110895, 0.106775, -0.046291, -0.102488, 0.28236, 0.050163, 0.013093, 0.389152, 0.221316, -0.196128, 0.28766, 0.231166, 0.132955, -0.19894, -0.017402, 0.013215, -0.328554, 0.302479, 0.245295, -0.357165, -0.074037, 0.052662, 0.040515, 0.040533, -0.000262, -0.003439, 0.002033, 0.004717, 0.002349, 0.003463, -0.009555, -0.263843, 0.101986, -0.002602, -0.011748, 0.120142, -0.548388, 0.007847, 0.354402, 0.44855, -0.136911, 0.028096, 0.022324, 0.193699, -0.114385, -0.631298, 0.354788, 0.341868, 0.537245, -0.012448, -0.561786, -0.070054, -0.018142, 0.853311, -0.177581, 0.369259, -0.052862, 0.624308, 0.278683, 0.199108, -0.331476, 0.109195, 0.041939, -0.409835, 0.110235, -0.035226, 0.419341, 0.627528, -0.899062, 0.036514, -2.334789, 0.376218, 0.072939, 1.255542, -2.081178, 0.119476, 0.866692]}