{"hc3d": [[-0.000757, -0.218444, 0.039721], [0.082062, -0.315331, 0.036457], [-0.081764, -0.314789, 0.039231], [-0.003016, -0.103857, 0.004945], [0.12715, -0.691283, 0.149778], [-0.151152, -0.704641, 0.117279], [0.00177, 0.022158, 0.036313], [0.022317, -1.102364, 0.149971], [-0.121246, -0.9007, -0.258762], [0.003247, 0.070356, 0.073865], [0.123381, -1.114087, 0.243905], [-0.149945, -1.021372, -0.193857], [0.001336, 0.291286, 0.044517], [0.088286, 0.198632, 0.047931], [-0.084098, 0.197148, 0.048219], [0.007448, 0.356291, 0.083955], [0.184749, 0.178199, 0.023008], [-0.185415, 0.187477, 0.078986], [0.256451, -0.076949, -0.032207], [-0.262121, -0.066423, 0.101603], [0.316831, -0.321695, 0.036543], [-0.291445, -0.296186, 0.231389], [0.373079, -0.388515, 0.05494], [-0.303314, -0.369243, 0.279685]], "im2d": [[0.010279, -0.085906], [0.016478, 0.042905], [-0.014219, 0.001908], [0.062665, -0.21168], [-0.148169, 0.464863], [-0.16003, 0.414164], [0.042984, -0.353813], [-0.21465, 0.898404], [0.246003, 0.670763], [0.006571, -0.410317], [-0.304943, 0.928729], [0.153692, 0.793324], [0.065462, -0.655249], [0.065327, -0.530691], [0.035751, -0.571323], [0.02969, -0.729544], [0.107295, -0.482208], [-0.017185, -0.587833], [0.151515, -0.175137], [-0.08564, -0.324801], [0.055228, 0.10757], [-0.264134, -0.085734], [0.036066, 0.194534], [-0.329245, -0.010907]], "theta": [1.14661, 0.009722, 0.143522, 2.442637, 0.3385, -2.082299, -0.334339, 0.120745, 0.017865, -0.241756, -0.046054, -0.075327, 0.288522, 0.009768, -0.009541, 0.258328, 0.178481, -0.178002, 1.209278, 0.089254, 0.106539, -0.195801, -0.007126, 0.016305, -0.355641, 0.323686, 0.232879, -0.31251, -0.04973, 0.116236, 0.001319, 0.035877, -0.013267, -0.000505, 0.000878, -0.000255, 0.001252, 0.000962, -0.003686, -0.248555, 0.062595, 0.011871, -0.000488, 0.075975, -0.587533, 0.004065, 0.38383, 0.42803, -0.074457, -0.048417, 0.027222, 0.141429, -0.124035, -0.654214, 0.340119, 0.249222, 0.776425, -0.005058, -0.337533, -0.087274, 0.02742, 0.30499, -0.11132, 0.277985, -0.051307, 0.562946, 0.202525, 0.140318, -0.177156, 0.110123, 0.044184, -0.411914, 0.111433, -0.037901, 0.416714, 0.627528, -0.899062, 0.036514, -2.334789, 0.376218, 0.072939, 1.255542, -2.081178, 0.119476, 0.866692]}