{"hc3d": [[-0.000757, -0.218444, 0.039721], [0.082062, -0.315331, 0.036457], [-0.081764, -0.314789, 0.039231], [-0.003016, -0.103857, 0.004945], [0.172333, -0.695784, 0.094087], [-0.125863, -0.694872, 0.167618], [-0.000601, 0.022421, 0.035518], [0.036889, -0.93629, -0.228077], [-0.085363, -1.112285, 0.097864], [-0.003162, 0.06749, 0.076721], [0.133938, -1.019208, -0.174399], [-0.104257, -1.160674, 0.227862], [-0.011119, 0.289244, 0.055821], [0.078732, 0.199577, 0.062402], [-0.092997, 0.192147, 0.04927], [-0.007981, 0.348604, 0.10362], [0.179053, 0.189159, 0.049322], [-0.193109, 0.163979, 0.071389], [0.266683, -0.066478, 0.033159], [-0.245538, -0.097003, 0.072382], [0.311869, -0.301814, 0.13731], [-0.29787, -0.353301, 0.117852], [0.348653, -0.375599, 0.171514], [-0.310339, -0.440756, 0.12047]], "im2d": [[0.01037, -0.08594], [0.016589, 0.042947], [-0.014124, 0.001918], [0.062767, -0.21179], [-0.078142, 0.485751], [-0.211343, 0.405657], [0.04358, -0.354808], [0.2342, 0.747215], [-0.175071, 0.887788], [0.001968, -0.409122], [0.180205, 0.859408], [-0.33069, 0.926807], [0.050397, -0.657278], [0.047544, -0.535527], [0.032508, -0.568307], [0.003989, -0.726699], [0.078005, -0.498214], [-0.012675, -0.563161], [0.08085, -0.189658], [-0.053459, -0.284376], [-0.056859, 0.076135], [-0.143871, -0.014371], [-0.097967, 0.164894], [-0.159256, 0.080119]], "theta": [1.147248, 0.009796, 0.143534, 2.442736, 0.338419, -2.082435, -0.197957, 0.121177, 0.142569, -0.360996, 0.033652, -0.020359, 0.280698, -0.048283, 0.003203, 1.068055, 0.226507, -0.169232, 0.391659, 0.097857, 0.129088, -0.108217, -0.006675, 0.043256, -0.472297, 0.274514, 0.154207, -0.120472, -0.133975, 0.153689, -0.037952, 0.023727, -0.008032, -0.003614, 0.002866, 0.002979, 0.002176, 0.003946, -0.009073, -0.160939, 0.031672, -0.048773, 0.034054, 0.036887, -0.52758, 0.066683, 0.392899, 0.555506, 0.00195, -0.041316, 0.022037, 0.136364, -0.312038, -0.688127, 0.209427, 0.207745, 0.700313, 0.0524, -0.353995, -0.077726, -0.019592, 0.03617, -0.00677, 0.252632, -0.059198, 0.353544, 0.0106, 0.03978, 0.012777, 0.107683, 0.042648, -0.408101, 0.108582, -0.03665, 0.415242, 0.627528, -0.899062, 0.036514, -2.334789, 0.376218, 0.072939, 1.255542, -2.081178, 0.119476, 0.866692]}