{"hc3d": [[-0.000757, -0.218444, 0.039721], [0.082062, -0.315331, 0.036457], [-0.081764, -0.314789, 0.039231], [-0.003016, -0.103857, 0.004945], [0.131561, -0.701851, 0.102535], [-0.137591, -0.71145, 0.088565], [0.000274, 0.02314, 0.032286], [0.050806, -1.097653, -0.027069], [-0.081411, -1.103492, -0.065992], [-0.001024, 0.069245, 0.072387], [0.140157, -1.143845, 0.068103], [-0.124611, -1.1746, 0.046592], [-0.007591, 0.290813, 0.049161], [0.081621, 0.200429, 0.054513], [-0.090442, 0.194382, 0.045774], [-0.00252, 0.34837, 0.098959], [0.181448, 0.189591, 0.03836], [-0.19194, 0.176721, 0.072066], [0.255766, -0.06836, 0.003307], [-0.250346, -0.082961, 0.075936], [0.319553, -0.313855, 0.066044], [-0.318386, -0.33669, 0.114504], [0.361834, -0.390194, 0.084802], [-0.335083, -0.423428, 0.117411]], "im2d": [[0.01037, -0.08594], [0.016589, 0.042947], [-0.014124, 0.001918], [0.062767, -0.21179], [-0.095273, 0.481851], [-0.126059, 0.427657], [0.047461, -0.355138], [-0.009363, 0.914873], [0.011564, 0.892079], [0.007427, -0.410212], [-0.107152, 0.980794], [-0.131186, 0.95193], [0.058695, -0.657633], [0.057036, -0.535138], [0.03715, -0.569899], [0.010144, -0.724723], [0.090833, -0.49723], [-0.011737, -0.577173], [0.112477, -0.187837], [-0.056623, -0.301537], [0.023447, 0.097199], [-0.141593, -0.037705], [0.000398, 0.191402], [-0.157933, 0.054922]], "theta": [1.147249, 0.009796, 0.143535, 2.442736, 0.338419, -2.082435, -0.207942, 0.082468, 0.039054, -0.170587, -0.070006, -0.04165, 0.255651, -0.026187, -0.001114, 0.431567, 0.174487, -0.113141, 0.427173, 0.060442, 0.131774, -0.108562, -0.005193, 0.039032, -0.31708, 0.274651, 0.11656, -0.167896, -0.181474, 0.158975, -0.024179, 0.023091, -0.011679, -0.002941, 0.002404, 0.002207, 0.002078, 0.003929, -0.008679, -0.112238, 0.04957, -0.038626, 0.009801, 0.042028, -0.5194, 0.018781, 0.398072, 0.468056, 0.018653, -0.067662, 0.000125, 0.140933, -0.221314, -0.749574, 0.230746, 0.188415, 0.788484, 0.001749, -0.23359, -0.044103, 0.004322, -0.019446, -0.017475, 0.269311, -0.075959, 0.355701, 0.054627, 0.080258, 0.011745, 0.108078, 0.043141, -0.408509, 0.109055, -0.037574, 0.415475, 0.627528, -0.899062, 0.036514, -2.334789, 0.376218, 0.072939, 1.255542, -2.081178, 0.119476, 0.866692]}