{"hc3d": [[-0.000757, -0.218444, 0.039721], [0.082062, -0.315331, 0.036457], [-0.081764, -0.314789, 0.039231], [-0.003016, -0.103857, 0.004945], [0.14152, -0.662372, 0.216017], [-0.14885, -0.707948, -0.02254], [-0.002125, 0.024433, 0.025623], [0.128453, -1.070063, 0.099418], [-0.110836, -1.118706, -0.125365], [-0.002594, 0.072651, 0.063177], [0.193764, -1.110031, 0.214796], [-0.144156, -1.158006, 0.0048], [-0.012731, 0.294421, 0.043415], [0.077854, 0.205291, 0.046047], [-0.094216, 0.19684, 0.039819], [-0.005664, 0.350183, 0.09498], [0.177498, 0.199618, 0.026479], [-0.196126, 0.18113, 0.065756], [0.261401, -0.05304, -0.022658], [-0.267942, -0.074939, 0.077255], [0.327191, -0.297507, 0.041997], [-0.328994, -0.323288, 0.148602], [0.367742, -0.374241, 0.062844], [-0.350583, -0.405013, 0.174404]], "im2d": [[0.01037, -0.08594], [0.016589, 0.042947], [-0.014124, 0.001918], [0.062767, -0.21179], [-0.217008, 0.431056], [-0.002151, 0.429897], [0.054728, -0.356637], [-0.135757, 0.892934], [0.071812, 0.906632], [0.017959, -0.413665], [-0.259673, 0.944377], [-0.085358, 0.931938], [0.064738, -0.662466], [0.06653, -0.540818], [0.043524, -0.573094], [0.014318, -0.727202], [0.104759, -0.508455], [-0.004801, -0.582622], [0.144541, -0.201495], [-0.060133, -0.314928], [0.053806, 0.082729], [-0.180284, -0.058025], [0.028061, 0.176783], [-0.222697, 0.02596]], "theta": [1.147249, 0.009797, 0.143535, 2.442736, 0.338419, -2.082435, -0.48864, -0.137563, 0.103686, 0.105771, -0.076151, -0.080549, 0.204363, 0.015466, 0.020507, 0.641749, 0.115835, -0.122747, 0.005271, 0.239356, 0.151856, -0.11209, -0.018577, 0.02095, -0.251304, 0.283441, 0.134665, -0.258872, -0.206676, 0.063526, 0.045048, 0.008574, -0.002089, -0.003817, 0.003176, 0.003108, 0.002271, 0.004918, -0.010129, -0.090842, 0.076341, -0.051456, 0.023714, 0.066231, -0.4905, 0.017956, 0.377053, 0.433144, 0.055778, 0.020284, 0.003322, 0.169107, -0.222591, -0.754119, 0.241899, 0.217484, 0.742163, 0.095885, -0.297351, -0.043363, 0.012402, 0.098891, -0.024189, 0.389285, -0.07121, 0.307382, 0.149715, 0.13076, -0.137397, 0.107171, 0.042449, -0.407188, 0.108344, -0.037213, 0.415036, 0.627528, -0.899062, 0.036514, -2.334789, 0.376218, 0.072939, 1.255542, -2.081178, 0.119476, 0.866692]}