{"hc3d": [[-0.000868, -0.218471, 0.038626], [0.081087, -0.31526, 0.034955], [-0.081015, -0.314667, 0.037625], [-0.003163, -0.103793, 0.004367], [0.118072, -0.703722, 0.117242], [-0.131012, -0.70759, 0.131691], [0.00015, 0.025507, 0.024047], [0.068112, -1.028398, -0.156889], [-0.077536, -1.119185, 0.024528], [-0.000613, 0.069721, 0.065918], [0.126037, -1.115159, -0.06459], [-0.132943, -1.183161, 0.137037], [-0.009849, 0.292148, 0.058792], [0.080225, 0.202499, 0.055733], [-0.091543, 0.195127, 0.049595], [-0.006884, 0.344182, 0.115522], [0.180474, 0.185866, 0.051083], [-0.191543, 0.170192, 0.076294], [0.260825, -0.062913, -0.026601], [-0.251935, -0.088283, 0.112899], [0.246841, -0.318132, 0.036633], [-0.307824, -0.345307, 0.162067], [0.259, -0.400803, 0.069092], [-0.320454, -0.431954, 0.176356]], "im2d": [[0.004277, -0.099677], [-0.065452, 0.012298], [0.064234, 0.001152], [0.039065, -0.220431], [-0.181502, 0.428425], [0.009661, 0.414935], [0.029433, -0.36531], [0.046313, 0.82468], [0.021958, 0.887045], [0.001124, -0.420451], [-0.075805, 0.909178], [-0.02198, 0.936319], [0.027654, -0.664214], [-0.048696, -0.559672], [0.095009, -0.561296], [-0.014431, -0.730029], [-0.12763, -0.534446], [0.15453, -0.54429], [-0.149451, -0.244091], [0.160068, -0.26986], [-0.201531, 0.025494], [0.152544, 0.001296], [-0.241006, 0.111988], [0.14669, 0.09345]], "theta": [1.111099, 0.004717, 0.12876, 1.152228, 0.238087, -2.913386, -0.230086, -0.074809, 0.016787, -0.275354, -0.032233, -0.024459, 0.190005, 0.008418, 0.002972, 0.804113, 0.093603, -0.127135, 0.412668, 0.005225, 0.108226, 0.011894, -0.015304, 0.041736, -0.322524, 0.256625, 0.038018, -0.110141, -0.25715, 0.117385, -0.014628, 0.014252, -0.010832, -0.002034, 0.001599, 0.001354, 0.002041, 0.003181, -0.007989, -0.061389, -0.03992, -0.061754, 0.022097, -0.106411, -0.568227, 0.022047, 0.4013, 0.512331, 0.10076, -0.023055, -0.012604, 0.296973, -0.10491, -0.723112, 0.030682, 0.255454, 0.636512, 0.209542, -0.51437, -0.143104, -0.230322, -0.04822, 0.076767, 0.087561, -0.157316, 0.375393, -0.240612, 0.103347, -0.061157, 0.109591, 0.043111, -0.411605, 0.109412, -0.036658, 0.416914, 0.710316, -0.72226, -0.017436, -2.327554, 0.331391, 0.086308, 1.220995, -2.052407, 0.091642, 0.87979]}