{"hc3d": [[-0.000868, -0.218471, 0.038626], [0.081087, -0.31526, 0.034955], [-0.081015, -0.314667, 0.037625], [-0.003163, -0.103793, 0.004367], [0.032273, -0.628282, 0.277187], [-0.174328, -0.707027, -0.017902], [-0.004307, 0.02514, 0.026539], [0.147597, -1.009585, 0.121091], [-0.158392, -1.052164, -0.271635], [-0.000772, 0.070005, 0.067568], [0.135627, -1.048798, 0.254211], [-0.214344, -1.116437, -0.159566], [-0.000695, 0.292054, 0.084999], [0.084592, 0.200257, 0.063574], [-0.087144, 0.199479, 0.073689], [-0.002839, 0.347049, 0.138903], [0.185588, 0.189249, 0.05839], [-0.183479, 0.198467, 0.119], [0.254589, -0.045031, -0.062992], [-0.272014, -0.031149, 0.224994], [0.222279, -0.289657, 0.028907], [-0.302335, -0.184818, 0.441948], [0.218838, -0.3706, 0.067276], [-0.330723, -0.213136, 0.521091]], "im2d": [[0.004418, -0.099746], [-0.065342, 0.012354], [0.064458, 0.001159], [0.039203, -0.220621], [-0.228006, 0.315668], [0.158357, 0.435336], [0.031235, -0.365895], [-0.226973, 0.7664], [0.316254, 0.855321], [6.5e-05, -0.421393], [-0.320332, 0.78801], [0.273043, 0.905015], [0.000379, -0.668221], [-0.058356, -0.558633], [0.073561, -0.570083], [-0.035293, -0.737217], [-0.137213, -0.539415], [0.117541, -0.582052], [-0.1158, -0.258621], [0.095317, -0.351673], [-0.173988, -0.006032], [-0.053528, -0.218451], [-0.205157, 0.076759], [-0.092046, -0.20143]], "theta": [1.112125, 0.00484, 0.128781, 1.152402, 0.237942, -2.913624, -0.680909, -0.516732, -0.048115, 0.078081, -0.138884, -0.148259, 0.209708, 0.084723, 0.042263, 1.003186, -0.101647, -0.094225, 0.431808, 0.219539, 0.127421, -0.021107, -0.003881, -0.018118, -0.378878, 0.231455, 0.240203, -0.382822, -0.229373, -0.035219, 0.110743, 0.008501, -0.035771, 0.001468, -0.000483, -0.002865, 0.000784, 0.00055, -0.00245, -0.219443, -0.247614, -0.005844, 0.02126, -0.188631, -0.453794, -0.052445, 0.464971, 0.276231, 0.156311, 0.001826, 0.053148, 0.249084, -0.00888, -0.821276, -0.114022, 0.39267, 0.579709, 0.311607, -0.786229, -0.057653, -0.244744, 0.431463, -0.087274, 0.291182, -0.181558, 0.247092, 0.10813, 0.183676, -0.44473, 0.111923, 0.047218, -0.41308, 0.111961, -0.042229, 0.419083, 0.710316, -0.72226, -0.017436, -2.327554, 0.331391, 0.086308, 1.220995, -2.052407, 0.091642, 0.87979]}