{"hc3d": [[-0.000868, -0.218471, 0.038626], [0.081087, -0.31526, 0.034955], [-0.081015, -0.314667, 0.037625], [-0.003163, -0.103793, 0.004367], [0.038638, -0.673791, 0.204352], [-0.159106, -0.714214, 0.038309], [-0.003031, 0.025965, 0.021089], [0.077613, -1.072891, 0.05516], [-0.131064, -0.963241, -0.309475], [-0.000669, 0.071223, 0.061768], [0.081616, -1.115777, 0.187623], [-0.187011, -1.066088, -0.231285], [-0.006076, 0.293866, 0.06506], [0.081714, 0.203005, 0.051036], [-0.090121, 0.198684, 0.058108], [-0.002654, 0.349473, 0.118265], [0.182801, 0.193003, 0.045583], [-0.187176, 0.19006, 0.101011], [0.257247, -0.049488, -0.054606], [-0.251096, -0.05448, 0.189954], [0.229125, -0.295929, 0.033751], [-0.289338, -0.269887, 0.344031], [0.226595, -0.377841, 0.070081], [-0.314909, -0.325988, 0.407829]], "im2d": [[0.004419, -0.099747], [-0.065341, 0.012354], [0.06446, 0.001159], [0.039204, -0.220624], [-0.180866, 0.377457], [0.103027, 0.43543], [0.034373, -0.365876], [-0.12407, 0.841914], [0.328098, 0.765176], [0.004445, -0.421827], [-0.230144, 0.868661], [0.308155, 0.86256], [0.019948, -0.667448], [-0.046365, -0.559886], [0.08772, -0.566972], [-0.019684, -0.736662], [-0.125031, -0.541725], [0.133643, -0.570243], [-0.124576, -0.254865], [0.103393, -0.319259], [-0.1836, 0.000537], [0.004778, -0.108853], [-0.214028, 0.084768], [-0.026118, -0.058719]], "theta": [1.112138, 0.004841, 0.128782, 1.152403, 0.237942, -2.913625, -0.46757, -0.376804, -0.114595, -0.05458, -0.106764, -0.099153, 0.167773, 0.064425, 0.029738, 0.717738, -0.104864, -0.051894, 0.885596, 0.130702, 0.078975, 0.010163, -0.005221, 0.002103, -0.320437, 0.287534, 0.170993, -0.320603, -0.191735, -0.002107, 0.055526, 0.017869, -0.022514, 0.001166, -0.000388, -0.00236, 0.000966, 0.000591, -0.002815, -0.171083, -0.140863, -0.058194, 0.021686, -0.164067, -0.471503, -0.053273, 0.472905, 0.353776, 0.147997, 0.001807, 0.017253, 0.262561, -0.049145, -0.807909, -0.028111, 0.355989, 0.656813, 0.324842, -0.698644, -0.089552, -0.158945, 0.17062, -0.008591, 0.215625, -0.1769, 0.242232, 0.023724, 0.204837, -0.370316, 0.111803, 0.046305, -0.413539, 0.11189, -0.040894, 0.418467, 0.710316, -0.72226, -0.017436, -2.327554, 0.331391, 0.086308, 1.220995, -2.052407, 0.091642, 0.87979]}