{"hc3d": [[-0.000889, -0.219436, 0.038988], [0.081234, -0.316432, 0.0355], [-0.081229, -0.315831, 0.038169], [-0.003182, -0.104373, 0.004283], [0.077893, -0.711879, 0.083452], [-0.163745, -0.646183, 0.260689], [0.006568, 0.022218, 0.037288], [0.001306, -1.080854, -0.118718], [-0.103091, -1.047333, 0.122812], [0.008455, 0.063353, 0.082496], [0.050492, -1.137594, -0.001264], [-0.171899, -1.119932, 0.222132], [0.014642, 0.284948, 0.107952], [0.098555, 0.190653, 0.09089], [-0.073888, 0.195999, 0.085585], [0.011783, 0.331368, 0.169439], [0.198786, 0.171834, 0.092135], [-0.176641, 0.176339, 0.106947], [0.263788, -0.090753, 0.05803], [-0.221121, -0.087874, 0.107253], [0.217388, -0.274996, 0.240453], [-0.253027, -0.339055, 0.19385], [0.255235, -0.324167, 0.305393], [-0.271286, -0.421683, 0.221078]], "im2d": [[-0.014764, -0.075615], [-0.11233, 0.033193], [0.073917, 0.036463], [-0.005442, -0.201106], [-0.126473, 0.47607], [0.140733, 0.379708], [-0.014278, -0.350767], [-0.037989, 0.930358], [0.066032, 0.856766], [-0.018107, -0.404823], [-0.104788, 0.975065], [0.135311, 0.925584], [-0.018815, -0.661393], [-0.117379, -0.55356], [0.081055, -0.554164], [-0.018149, -0.723915], [-0.233168, -0.535025], [0.196725, -0.532385], [-0.315046, -0.232318], [0.237984, -0.230323], [-0.281453, -0.050103], [0.259224, 0.042903], [-0.331266, -0.0054], [0.275206, 0.13319]], "theta": [1.150163, -0.011947, 0.153693, 0.098564, 0.213511, -3.104853, -0.146671, -0.066908, -0.08813, -0.632701, -0.049713, -0.101014, 0.295282, 0.02774, -0.043625, 0.510994, 0.065869, -0.094978, 0.874066, -0.202342, 0.06431, -0.019176, -0.014858, 0.047128, -0.45813, 0.243973, -0.031421, -0.079657, -0.104524, 0.050673, 0.057271, -0.010364, -0.035304, -0.000665, -1e-06, 0.001278, 0.001215, 0.001781, -0.005809, -0.106589, -0.215603, -0.036966, -0.011194, -0.186529, -0.497311, -0.007623, 0.373942, 0.501173, 0.195943, -0.221052, 0.048515, 0.126274, -0.296634, -0.707217, 0.15829, 0.381802, 0.761156, -0.136468, -0.862162, -0.108632, -0.587339, 0.222732, -0.033499, -0.032698, -0.13126, 0.78341, -0.503523, 0.101997, -0.23757, 0.111754, 0.045209, -0.411936, 0.111148, -0.039027, 0.422485, 0.728324, -0.774778, 0.006006, -2.291115, 0.338079, 0.062935, 1.245194, -2.062361, 0.112925, 0.853508]}