{"hc3d": [[-0.000889, -0.219436, 0.038988], [0.081234, -0.316432, 0.0355], [-0.081229, -0.315831, 0.038169], [-0.003182, -0.104373, 0.004283], [0.07391, -0.714386, 0.019134], [-0.146348, -0.622376, 0.297488], [0.006306, 0.022537, 0.036118], [0.021252, -1.06444, -0.220805], [-0.128332, -1.050026, 0.317506], [0.007211, 0.065074, 0.080042], [0.059315, -1.130448, -0.104065], [-0.185922, -1.087714, 0.440521], [0.010741, 0.28657, 0.10683], [0.095974, 0.192921, 0.093073], [-0.076093, 0.197155, 0.080098], [0.009992, 0.336801, 0.16531], [0.197089, 0.182005, 0.100726], [-0.179205, 0.175769, 0.097745], [0.259598, -0.078511, 0.050087], [-0.21463, -0.085395, 0.049522], [0.169877, -0.16894, 0.28063], [-0.230666, -0.327551, 0.162272], [0.188537, -0.192356, 0.36531], [-0.241224, -0.407158, 0.200393]], "im2d": [[-0.01363, -0.075803], [-0.111534, 0.034028], [0.075954, 0.036789], [-0.004551, -0.202231], [-0.115412, 0.493171], [0.121927, 0.348991], [-0.013508, -0.353024], [-0.049066, 0.933728], [0.085128, 0.835846], [-0.016297, -0.408757], [-0.103751, 0.990105], [0.141439, 0.861036], [-0.01479, -0.667085], [-0.115427, -0.559547], [0.084413, -0.558255], [-0.016463, -0.733899], [-0.233151, -0.550645], [0.20151, -0.534056], [-0.310533, -0.245379], [0.237053, -0.226094], [-0.226707, -0.175901], [0.23916, 0.034215], [-0.255205, -0.16285], [0.245882, 0.119749]], "theta": [1.157875, -0.010882, 0.153969, 0.100652, 0.211667, -3.107724, 0.014893, -0.067606, -0.103439, -0.734241, 0.016562, -0.076511, 0.284548, -0.001763, -0.044762, 0.450417, -0.023845, -0.056455, 0.58005, -0.182695, 0.013221, -0.039402, -0.01063, 0.048466, -0.455247, 0.232393, -0.006144, 0.034729, -0.057052, 0.044047, 0.094236, -0.026375, -0.020926, -0.001873, 0.000993, 0.002298, 0.002212, 0.002785, -0.008266, -0.18169, -0.13678, -0.051211, 0.008328, -0.178993, -0.423604, 0.033134, 0.38188, 0.503734, 0.211654, -0.153975, 0.00091, 0.205852, -0.314021, -0.819218, 0.211782, 0.286981, 0.851957, -0.116418, -1.342442, 0.067872, -0.467822, 0.493461, -0.132226, 0.024599, -0.112471, 0.714837, -0.499393, 0.118739, -0.207297, 0.110879, 0.043887, -0.411787, 0.110325, -0.037074, 0.420455, 0.728324, -0.774778, 0.006006, -2.291115, 0.338079, 0.062935, 1.245194, -2.062361, 0.112925, 0.853508]}