{"hc3d": [[-0.000889, -0.219436, 0.038988], [0.081234, -0.316432, 0.0355], [-0.081229, -0.315831, 0.038169], [-0.003182, -0.104373, 0.004283], [0.066646, -0.638044, 0.270111], [-0.118404, -0.714358, 0.110628], [0.002855, 0.023812, 0.031517], [0.036389, -0.968928, 0.000886], [-0.06303, -1.129617, 0.020607], [0.004275, 0.06826, 0.073492], [0.089656, -1.041649, 0.107228], [-0.11728, -1.177194, 0.141698], [0.007842, 0.290644, 0.091456], [0.092798, 0.196895, 0.076702], [-0.079744, 0.199886, 0.072983], [0.006712, 0.339464, 0.151114], [0.193597, 0.181359, 0.077103], [-0.180896, 0.194211, 0.1067], [0.242012, -0.072656, -0.009341], [-0.274745, -0.0503, 0.163213], [0.240044, -0.307112, 0.110673], [-0.274611, -0.162639, 0.40609], [0.275262, -0.375606, 0.156887], [-0.277439, -0.198088, 0.48756]], "im2d": [[-0.013007, -0.075961], [-0.111149, 0.034438], [0.077073, 0.036962], [-0.004036, -0.202931], [-0.122015, 0.368108], [0.101836, 0.485266], [-0.00886, -0.354962], [-0.077887, 0.792232], [0.030705, 0.976378], [-0.012149, -0.412791], [-0.149867, 0.858012], [0.08314, 1.013286], [-0.010353, -0.671773], [-0.110842, -0.563399], [0.089615, -0.562394], [-0.011845, -0.737367], [-0.228269, -0.54783], [0.204245, -0.55891], [-0.286332, -0.242794], [0.300932, -0.28417], [-0.300545, 0.008301], [0.279213, -0.193106], [-0.347026, 0.079096], [0.275332, -0.165067]], "theta": [1.162432, -0.0103, 0.154089, 0.101626, 0.210835, -3.10906, -0.647145, -0.307499, -0.030902, -0.218169, -0.007491, 0.004375, 0.248945, 0.014385, -0.016718, 1.193455, 0.322181, -0.11081, 0.316243, -0.064501, 0.073448, -0.048332, -0.003167, 0.028771, -0.419838, 0.212807, 0.062265, -0.164896, -0.14382, 0.013615, 0.099139, 0.000226, -0.036056, -0.001939, 0.001685, 0.000638, 0.001574, 0.002837, -0.007363, -0.115606, -0.131436, -0.000729, -0.048583, -0.181143, -0.478657, -0.021278, 0.438212, 0.342485, 0.162994, -0.078174, -0.002316, 0.213056, -0.086128, -0.866153, 0.069846, 0.374571, 0.63337, -0.169578, -0.683103, -0.023308, -0.509037, 0.845227, -0.158186, 0.057814, -0.182613, 0.575561, -0.345548, 0.126039, -0.175367, 0.109935, 0.043512, -0.411162, 0.110249, -0.036672, 0.417778, 0.728324, -0.774778, 0.006006, -2.291115, 0.338079, 0.062935, 1.245194, -2.062361, 0.112925, 0.853508]}