{"hc3d": [[-0.000889, -0.219436, 0.038988], [0.081234, -0.316432, 0.0355], [-0.081229, -0.315831, 0.038169], [-0.003182, -0.104373, 0.004283], [0.055007, -0.629134, 0.280895], [-0.111621, -0.717216, 0.09667], [0.003336, 0.023343, 0.033536], [0.018761, -0.975535, 0.032755], [-0.052207, -1.1298, -0.002602], [0.004528, 0.067231, 0.076103], [0.072454, -1.04362, 0.141913], [-0.108705, -1.17841, 0.117042], [0.009532, 0.289051, 0.099796], [0.093958, 0.195055, 0.083635], [-0.0785, 0.199472, 0.077988], [0.006368, 0.338165, 0.159138], [0.194683, 0.179551, 0.08767], [-0.178863, 0.198535, 0.114421], [0.2373, -0.070019, -0.013516], [-0.283391, -0.040722, 0.174559], [0.236882, -0.301421, 0.112302], [-0.257658, -0.073931, 0.438839], [0.271735, -0.3698, 0.158959], [-0.253394, -0.083874, 0.527072]], "im2d": [[-0.013006, -0.075962], [-0.111148, 0.034439], [0.077075, 0.036963], [-0.004035, -0.202933], [-0.109022, 0.356413], [0.09491, 0.490611], [-0.009581, -0.354754], [-0.060007, 0.795219], [0.019863, 0.980016], [-0.012668, -0.412028], [-0.132537, 0.855209], [0.074977, 1.018393], [-0.012979, -0.671298], [-0.11276, -0.562405], [0.087792, -0.56274], [-0.01208, -0.737137], [-0.230368, -0.547444], [0.201462, -0.565159], [-0.280476, -0.245069], [0.310438, -0.296798], [-0.296814, 0.001562], [0.260038, -0.300796], [-0.342901, 0.072164], [0.248268, -0.303353]], "theta": [1.162445, -0.010299, 0.154089, 0.101628, 0.210834, -3.109062, -0.685184, -0.328291, -0.050218, -0.183362, -0.011226, 0.021217, 0.264236, 0.00066, -0.021599, 1.168437, 0.366333, -0.09003, 0.3053, -0.082902, 0.060636, -0.050428, -0.001195, 0.029323, -0.400311, 0.19945, 0.080901, -0.17389, -0.13204, -0.014295, 0.111662, -0.000571, -0.037763, -0.003057, 0.002352, 0.001892, 0.001755, 0.00374, -0.008916, -0.144395, -0.165824, 0.004134, -0.059928, -0.207561, -0.462329, -0.037244, 0.467311, 0.289164, 0.154853, -0.081672, -0.009443, 0.219982, -0.036555, -0.912164, 0.067449, 0.369343, 0.630172, -0.210622, -0.75485, 0.02281, -0.51148, 1.143546, -0.276192, 0.075367, -0.177665, 0.559238, -0.266802, 0.111798, -0.184102, 0.109022, 0.042919, -0.409663, 0.109641, -0.036088, 0.417543, 0.728324, -0.774778, 0.006006, -2.291115, 0.338079, 0.062935, 1.245194, -2.062361, 0.112925, 0.853508]}