{"hc3d": [[-0.000889, -0.219436, 0.038988], [0.081234, -0.316432, 0.0355], [-0.081229, -0.315831, 0.038169], [-0.003182, -0.104373, 0.004283], [0.073723, -0.687191, 0.181], [-0.167879, -0.68018, 0.196907], [0.004114, 0.023979, 0.030402], [-0.012207, -1.062727, -0.004663], [-0.071611, -0.965309, -0.108124], [0.00708, 0.068196, 0.072539], [0.040682, -1.119085, 0.111357], [-0.135204, -1.070612, -0.039299], [0.013479, 0.291064, 0.081453], [0.097082, 0.19579, 0.068901], [-0.075456, 0.200691, 0.068299], [0.015898, 0.340577, 0.140497], [0.197433, 0.177582, 0.069276], [-0.17622, 0.187442, 0.101039], [0.252154, -0.083815, 0.01435], [-0.242646, -0.069978, 0.134343], [0.238959, -0.305265, 0.156347], [-0.292641, -0.301871, 0.25818], [0.271195, -0.369413, 0.210322], [-0.306108, -0.379538, 0.299271]], "im2d": [[-0.013004, -0.075963], [-0.111148, 0.03444], [0.077079, 0.036963], [-0.004033, -0.202936], [-0.125257, 0.438603], [0.153978, 0.43343], [-0.01023, -0.355015], [-0.024178, 0.902227], [0.055513, 0.80769], [-0.015332, -0.412641], [-0.095901, 0.94765], [0.120752, 0.91952], [-0.016138, -0.670823], [-0.115273, -0.561007], [0.085017, -0.562694], [-0.021679, -0.737201], [-0.232268, -0.542346], [0.199025, -0.550344], [-0.300209, -0.233911], [0.265203, -0.257686], [-0.302597, -0.001], [0.306489, -0.009064], [-0.34605, 0.063636], [0.316544, 0.074194]], "theta": [1.162464, -0.010297, 0.15409, 0.101629, 0.210833, -3.109064, -0.397089, -0.153623, -0.076784, -0.458742, -0.092099, -0.105064, 0.241862, 0.050723, -0.023488, 0.709682, 0.195058, -0.132, 1.192006, -0.15734, 0.091513, -0.036382, -0.016274, 0.023134, -0.418217, 0.250655, 0.005553, -0.220394, -0.08422, 0.040299, 0.054121, -0.00677, -0.036069, 0.0003, 0.000337, -0.001697, 0.001001, 0.001007, -0.003947, -0.089052, -0.135614, -0.036449, -0.018601, -0.193106, -0.491092, -0.025562, 0.431923, 0.4432, 0.178497, -0.137558, 0.006913, 0.171638, -0.167303, -0.791241, 0.06348, 0.297851, 0.723498, -0.122343, -0.679747, -0.062274, -0.487789, 0.246968, -0.039131, -0.044127, -0.184231, 0.593116, -0.491668, 0.102717, -0.111053, 0.111022, 0.045676, -0.411807, 0.110912, -0.03969, 0.418701, 0.728324, -0.774778, 0.006006, -2.291115, 0.338079, 0.062935, 1.245194, -2.062361, 0.112925, 0.853508]}