{"hc3d": [[-0.000858, -0.219413, 0.039205], [0.081408, -0.316398, 0.03583], [-0.081335, -0.315809, 0.038511], [-0.003143, -0.104395, 0.004397], [0.088474, -0.642897, 0.262695], [-0.159685, -0.713775, 0.019735], [-0.003681, 0.025494, 0.021354], [0.139974, -1.050064, 0.145328], [-0.117138, -1.12121, -0.103343], [0.000285, 0.073069, 0.059584], [0.157611, -1.093747, 0.276336], [-0.188808, -1.17638, 0.004525], [0.000515, 0.296259, 0.060387], [0.085675, 0.202967, 0.044046], [-0.086383, 0.203026, 0.058036], [0.003653, 0.343121, 0.121303], [0.183879, 0.185921, 0.022652], [-0.187521, 0.200239, 0.091967], [0.253211, -0.060139, -0.070579], [-0.273929, -0.041992, 0.165375], [0.235494, -0.321509, -0.049045], [-0.319363, -0.23741, 0.341641], [0.257957, -0.404383, -0.023125], [-0.347703, -0.291386, 0.406179]], "im2d": [[0.009362, -0.089804], [-0.06148, 0.029922], [0.074757, 0.006539], [0.041842, -0.210815], [-0.251191, 0.347138], [0.141118, 0.442161], [0.034159, -0.358782], [-0.220776, 0.830986], [0.183456, 0.926264], [0.00355, -0.419005], [-0.336596, 0.854971], [0.160617, 0.955615], [0.010834, -0.667266], [-0.052508, -0.548582], [0.083055, -0.574972], [-0.036284, -0.731482], [-0.120341, -0.511844], [0.143164, -0.592643], [-0.117522, -0.209644], [0.152173, -0.350241], [-0.128257, 0.074079], [0.050146, -0.175483], [-0.16998, 0.163935], [0.023368, -0.13263]], "theta": [1.138824, 0.009079, 0.140556, 1.134392, 0.339642, -2.960896, -0.61132, -0.364388, 0.040662, -0.007784, -0.112721, -0.10382, 0.170894, 0.093775, 0.036296, 0.773746, 0.001093, -0.097212, 0.190124, 0.065282, 0.147448, -0.047935, -0.009885, -0.022996, -0.241996, 0.223383, 0.092078, -0.176266, -0.298773, 0.035351, 0.103154, 0.029095, -0.033352, 0.000234, -0.000421, 0.000589, 0.001287, 0.001387, -0.005019, -0.009938, -0.148057, -0.000914, 0.048103, -0.054761, -0.54384, -0.03359, 0.332102, 0.34468, 0.102386, 0.010671, 0.058002, 0.26114, -0.145123, -0.695101, 0.029839, 0.378626, 0.664989, 0.301186, -0.406981, -0.24014, -0.313575, 0.338083, -0.050529, 0.362273, -0.124407, 0.507914, 0.054252, 0.153885, -0.316255, 0.112725, 0.044525, -0.414626, 0.112237, -0.039715, 0.421986, 0.707292, -0.806464, 0.030111, -2.290791, 0.328094, 0.071958, 1.238478, -2.063084, 0.083459, 0.857548]}