{"hc3d": [[-0.000858, -0.219413, 0.039205], [0.081408, -0.316398, 0.03583], [-0.081335, -0.315809, 0.038511], [-0.003143, -0.104395, 0.004397], [0.06288, -0.639841, 0.266396], [-0.170365, -0.710508, 0.004535], [-0.003953, 0.025055, 0.02442], [0.132665, -1.060664, 0.250563], [-0.139219, -1.117464, -0.123444], [0.000813, 0.072946, 0.062161], [0.111761, -1.085304, 0.385982], [-0.22026, -1.165001, -0.018619], [0.005238, 0.295997, 0.068741], [0.088445, 0.201608, 0.049003], [-0.083414, 0.204477, 0.064985], [0.008249, 0.344442, 0.128413], [0.186828, 0.183549, 0.029326], [-0.183518, 0.204454, 0.101963], [0.246589, -0.059953, -0.07641], [-0.277857, -0.033465, 0.179589], [0.228466, -0.321916, -0.064626], [-0.32668, -0.210406, 0.373574], [0.246854, -0.406912, -0.04267], [-0.357422, -0.255897, 0.44334]], "im2d": [[0.010165, -0.089977], [-0.060697, 0.030409], [0.076044, 0.00663], [0.042514, -0.211575], [-0.23141, 0.341691], [0.164445, 0.441931], [0.032348, -0.360325], [-0.293123, 0.824466], [0.221532, 0.926857], [0.001172, -0.420872], [-0.379238, 0.821313], [0.20921, 0.9472], [-4.9e-05, -0.670644], [-0.059167, -0.549671], [0.075298, -0.579987], [-0.046407, -0.73655], [-0.128685, -0.51183], [0.132496, -0.601425], [-0.10739, -0.209992], [0.145768, -0.364787], [-0.109789, 0.07756], [0.033704, -0.213776], [-0.145065, 0.170508], [0.005256, -0.181553]], "theta": [1.143612, 0.009747, 0.140735, 1.135727, 0.338458, -2.962732, -0.627806, -0.479731, 0.011142, 0.023445, -0.145011, -0.134905, 0.194494, 0.102677, 0.040021, 0.582446, -0.135334, -0.049616, 0.173057, 0.065677, 0.14033, -0.07904, 0.000923, -0.031918, -0.184665, 0.184167, 0.077069, -0.222234, -0.3237, 0.020628, 0.139298, 0.018066, -0.045539, -0.000491, 4.3e-05, 0.001491, 0.002432, 0.002525, -0.008045, -0.062889, -0.151157, 0.024417, 0.047817, -0.086414, -0.53182, -0.041731, 0.349408, 0.324479, 0.16089, 0.013737, 0.06449, 0.270704, -0.112794, -0.729008, -0.040006, 0.357216, 0.651228, 0.30846, -0.404396, -0.197161, -0.321693, 0.407809, -0.072801, 0.385519, -0.139126, 0.463391, 0.07021, 0.160604, -0.339434, 0.112055, 0.044035, -0.413348, 0.111513, -0.03792, 0.421605, 0.707292, -0.806464, 0.030111, -2.290791, 0.328094, 0.071958, 1.238478, -2.063084, 0.083459, 0.857548]}