{"hc3d": [[-0.000858, -0.219413, 0.039205], [0.081408, -0.316398, 0.03583], [-0.081335, -0.315809, 0.038511], [-0.003143, -0.104395, 0.004397], [0.088325, -0.702386, -0.059482], [-0.132119, -0.640737, 0.276652], [0.00158, 0.0255, 0.020642], [0.044831, -0.966411, -0.392065], [-0.091978, -1.065114, 0.312077], [-0.000219, 0.070054, 0.062503], [0.088447, -1.069562, -0.30936], [-0.163108, -1.117058, 0.421886], [-0.00115, 0.292944, 0.074068], [0.085979, 0.200209, 0.068489], [-0.085856, 0.200279, 0.051992], [-0.004188, 0.339932, 0.134893], [0.187685, 0.193298, 0.067686], [-0.191641, 0.190506, 0.062091], [0.297557, -0.054328, 0.042114], [-0.272965, -0.062633, 0.033134], [0.272101, -0.238459, 0.227962], [-0.372878, -0.295727, 0.116835], [0.280149, -0.286542, 0.303247], [-0.414142, -0.370313, 0.141658]], "im2d": [[0.011362, -0.090317], [-0.059605, 0.031063], [0.077944, 0.006738], [0.043575, -0.212814], [-0.004341, 0.485327], [-0.071211, 0.316134], [0.031073, -0.361454], [0.279939, 0.843768], [-0.14592, 0.791586], [0.00188, -0.420328], [0.1759, 0.949023], [-0.17075, 0.817458], [0.000689, -0.673338], [-0.072626, -0.555594], [0.087416, -0.576713], [-0.041914, -0.738993], [-0.159459, -0.533217], [0.170101, -0.582815], [-0.241727, -0.234072], [0.25425, -0.303942], [-0.368145, -0.068657], [0.268542, -0.073226], [-0.434284, -0.028834], [0.282589, -0.000322]], "theta": [1.151123, 0.010729, 0.140953, 1.137457, 0.336964, -2.965108, 0.212492, 0.021695, -0.062746, -0.670699, -0.012726, -0.028365, 0.162898, -0.048833, -0.010204, 0.556453, -0.132861, -0.070483, 0.476382, -0.115275, 0.046282, 0.033736, -0.019032, 0.029043, -0.376852, 0.309062, 6e-05, 0.104605, -0.321123, 0.116224, 0.076316, 0.009007, -0.019929, -0.002922, 0.001974, 0.002602, 0.002075, 0.003644, -0.008259, -0.063097, -0.113831, -0.047415, 0.043413, -0.06328, -0.442493, -0.024638, 0.293817, 0.409051, 0.144583, -0.017139, 0.03462, 0.155776, -0.338076, -0.633171, 0.078621, 0.155839, 0.772682, 0.06247, -0.873816, -0.016043, -0.401742, 0.304521, -0.103653, 0.158978, -0.207345, 0.421539, -0.474728, 0.099455, -0.249844, 0.109574, 0.043244, -0.411112, 0.109177, -0.036001, 0.417056, 0.707292, -0.806464, 0.030111, -2.290791, 0.328094, 0.071958, 1.238478, -2.063084, 0.083459, 0.857548]}