{"hc3d": [[-0.000858, -0.219413, 0.039205], [0.081408, -0.316398, 0.03583], [-0.081335, -0.315809, 0.038511], [-0.003143, -0.104395, 0.004397], [0.128361, -0.698886, 0.133899], [-0.146919, -0.706577, 0.12721], [-0.000523, 0.025816, 0.018445], [0.052395, -1.002783, -0.15608], [-0.099618, -1.116641, 0.015084], [-0.001862, 0.070736, 0.059929], [0.118997, -1.086186, -0.066689], [-0.160564, -1.180292, 0.124856], [-0.002917, 0.293918, 0.058127], [0.08425, 0.201056, 0.057115], [-0.087763, 0.200058, 0.042617], [-0.005696, 0.34108, 0.118829], [0.184541, 0.182779, 0.057332], [-0.191787, 0.185221, 0.061239], [0.263571, -0.072847, 0.00779], [-0.275642, -0.068241, 0.077255], [0.254971, -0.32357, 0.08625], [-0.348854, -0.313601, 0.153152], [0.266948, -0.403635, 0.124858], [-0.370904, -0.395963, 0.177893]], "im2d": [[0.011363, -0.090317], [-0.059604, 0.031064], [0.077944, 0.006738], [0.043575, -0.212814], [-0.186917, 0.44762], [0.054089, 0.418529], [0.034572, -0.361659], [0.091303, 0.837569], [0.08687, 0.909021], [0.005284, -0.420804], [-0.03697, 0.922529], [0.052971, 0.949505], [0.014463, -0.671432], [-0.062392, -0.554471], [0.096237, -0.574824], [-0.028262, -0.737221], [-0.149145, -0.519728], [0.170717, -0.576723], [-0.186818, -0.211081], [0.222528, -0.307022], [-0.247371, 0.053488], [0.219526, -0.057136], [-0.289733, 0.137301], [0.216916, 0.027255]], "theta": [1.151126, 0.010729, 0.140953, 1.137457, 0.336963, -2.965108, -0.270309, -0.08828, 0.046133, -0.268841, -0.067636, -0.061289, 0.14718, -0.015991, 0.007407, 0.907661, 0.176189, -0.1895, 0.420979, 0.027975, 0.121727, 0.03997, -0.035418, 0.017354, -0.412076, 0.262065, 0.067387, -0.121632, -0.279567, 0.128119, 0.025138, 0.003133, -0.020718, -0.002453, 0.001889, 0.001548, 0.001883, 0.003632, -0.008122, -0.006139, -0.122153, -0.054683, 0.005773, -0.110752, -0.545347, -0.004555, 0.36534, 0.449033, 0.187193, -0.06668, -0.006812, 0.229195, -0.183663, -0.699804, 0.087702, 0.232965, 0.678833, 0.161256, -0.456797, -0.130856, -0.272777, 0.125143, 0.025219, 0.064539, -0.185573, 0.368804, -0.359405, 0.106073, -0.112115, 0.109167, 0.043326, -0.410699, 0.108814, -0.037638, 0.416269, 0.707292, -0.806464, 0.030111, -2.290791, 0.328094, 0.071958, 1.238478, -2.063084, 0.083459, 0.857548]}