{"hc3d": [[-0.000762, -0.218439, 0.039668], [0.082025, -0.315336, 0.036369], [-0.081735, -0.31479, 0.039137], [-0.003024, -0.103828, 0.004928], [0.141738, -0.683419, 0.168658], [-0.150936, -0.70731, 0.105312], [0.001363, 0.02322, 0.032199], [0.036431, -1.09488, 0.169229], [-0.141373, -0.894944, -0.276592], [0.00289, 0.071225, 0.069975], [0.143663, -1.104111, 0.256522], [-0.164769, -1.013907, -0.206392], [-0.004267, 0.292569, 0.044252], [0.084665, 0.201681, 0.044254], [-0.087628, 0.196552, 0.048308], [0.00173, 0.355145, 0.087518], [0.182409, 0.188312, 0.019356], [-0.188654, 0.18662, 0.080089], [0.293461, -0.055746, -0.019999], [-0.276784, -0.063527, 0.105878], [0.309642, -0.259673, 0.143012], [-0.249409, -0.262335, 0.280145], [0.355934, -0.303662, 0.205457], [-0.246297, -0.312151, 0.353143]], "im2d": [[0.013231, -0.089266], [0.014214, 0.037072], [-0.005754, -0.00127], [0.0653, -0.213192], [-0.170828, 0.445136], [-0.132804, 0.41048], [0.049945, -0.355142], [-0.230226, 0.875691], [0.274729, 0.655748], [0.013316, -0.411376], [-0.318133, 0.90227], [0.179728, 0.775293], [0.067183, -0.655218], [0.065798, -0.534423], [0.042845, -0.568567], [0.026552, -0.727046], [0.102273, -0.494949], [-0.004401, -0.583686], [0.129499, -0.196139], [-0.071542, -0.329829], [-0.075403, 0.017678], [-0.287317, -0.120159], [-0.14578, 0.071044], [-0.374672, -0.071224]], "theta": [1.132432, 0.012446, 0.139613, 2.374336, 0.332487, -2.143804, -0.388567, 0.128313, 0.051291, -0.208551, -0.026017, -0.076395, 0.256684, 0.043245, -0.003717, 0.324413, 0.22845, -0.189641, 1.197078, 0.130357, 0.100131, -0.158354, -0.034679, 0.014582, -0.378632, 0.32941, 0.253054, -0.345593, -0.021749, 0.033135, 0.010802, 0.053892, 0.002784, -0.000361, -6.5e-05, 0.001351, 0.001115, 0.000435, -0.003552, -0.205286, 0.00096, -0.030844, 0.009588, 0.056544, -0.538877, -0.004468, 0.371814, 0.407449, -0.156448, -0.043827, 0.063381, 0.162337, -0.21512, -0.569467, 0.412928, 0.262977, 0.730161, 0.206449, -0.748095, -0.166515, 0.022538, 0.605251, -0.163674, 0.421365, -0.033606, 0.654285, 0.313674, 0.1704, -0.355457, 0.111859, 0.044455, -0.412872, 0.112793, -0.03826, 0.421297, 0.639572, -0.885449, 0.027174, -2.343983, 0.375852, 0.085346, 1.241847, -2.086161, 0.116623, 0.874853]}